draw_id,draw_date,n1,n2,n3,n4,n5,n6,sum,min,max,range,odd_count,even_count,low_count,high_count,gap_1,gap_2,gap_3,gap_4,gap_5,consecutive_pairs,max_gap,min_gap,source_dataset_version,analysis_version,through_draw,override_ref
00001,2017-08-01,5,10,14,23,24,38,114,5,38,33,2,4,5,1,5,4,9,1,14,1,14,1,ds_cbdf3834368e,ds_16b6be697acb,01190,
00002,2017-08-03,4,9,24,25,27,45,134,4,45,41,4,2,5,1,5,15,1,2,18,1,18,1,ds_cbdf3834368e,ds_16b6be697acb,01190,
00003,2017-08-05,1,5,11,32,40,45,134,1,45,44,4,2,3,3,4,6,21,8,5,0,21,4,ds_cbdf3834368e,ds_16b6be697acb,01190,
00004,2017-08-08,19,36,39,41,46,51,232,19,51,32,4,2,1,5,17,3,2,5,5,0,17,2,ds_cbdf3834368e,ds_16b6be697acb,01190,
00005,2017-08-10,10,11,19,41,50,54,185,10,54,44,3,3,3,3,1,8,22,9,4,1,22,1,ds_cbdf3834368e,ds_16b6be697acb,01190,
00006,2017-08-12,6,16,20,32,38,51,163,6,51,45,1,5,3,3,10,4,12,6,13,0,13,4,ds_cbdf3834368e,ds_16b6be697acb,01190,
00007,2017-08-15,7,11,19,32,33,51,153,7,51,44,5,1,3,3,4,8,13,1,18,1,18,1,ds_cbdf3834368e,ds_16b6be697acb,01190,
00008,2017-08-17,11,12,20,30,32,34,139,11,34,23,1,5,3,3,1,8,10,2,2,1,10,1,ds_cbdf3834368e,ds_16b6be697acb,01190,
00009,2017-08-19,7,11,13,15,26,51,123,7,51,44,5,1,5,1,4,2,2,11,25,0,25,2,ds_cbdf3834368e,ds_16b6be697acb,01190,
00010,2017-08-22,10,24,31,32,38,44,179,10,44,34,1,5,2,4,14,7,1,6,6,1,14,1,ds_cbdf3834368e,ds_16b6be697acb,01190,
00011,2017-08-24,5,16,18,37,42,46,164,5,46,41,2,4,3,3,11,2,19,5,4,0,19,2,ds_cbdf3834368e,ds_16b6be697acb,01190,
00012,2017-08-26,17,25,30,31,36,41,180,17,41,24,4,2,2,4,8,5,1,5,5,1,8,1,ds_cbdf3834368e,ds_16b6be697acb,01190,
00013,2017-08-29,4,12,15,23,24,41,119,4,41,37,3,3,5,1,8,3,8,1,17,1,17,1,ds_cbdf3834368e,ds_16b6be697acb,01190,
00014,2017-08-31,8,20,27,35,36,47,173,8,47,39,3,3,3,3,12,7,8,1,11,1,12,1,ds_cbdf3834368e,ds_16b6be697acb,01190,
00015,2017-09-02,5,9,11,18,19,37,99,5,37,32,5,1,5,1,4,2,7,1,18,1,18,1,ds_cbdf3834368e,ds_16b6be697acb,01190,
00016,2017-09-05,1,2,8,13,23,39,86,1,39,38,4,2,5,1,1,6,5,10,16,1,16,1,ds_cbdf3834368e,ds_16b6be697acb,01190,
00017,2017-09-07,4,18,22,31,32,40,147,4,40,36,1,5,3,3,14,4,9,1,8,1,14,1,ds_cbdf3834368e,ds_16b6be697acb,01190,
00018,2017-09-09,1,15,23,36,43,54,172,1,54,53,4,2,3,3,14,8,13,7,11,0,14,7,ds_cbdf3834368e,ds_16b6be697acb,01190,
00019,2017-09-12,6,10,12,47,48,51,174,6,51,45,2,4,3,3,4,2,35,1,3,1,35,1,ds_cbdf3834368e,ds_16b6be697acb,01190,
00020,2017-09-14,22,23,32,43,44,51,215,22,51,29,3,3,2,4,1,9,11,1,7,2,11,1,ds_cbdf3834368e,ds_16b6be697acb,01190,
00021,2017-09-16,9,12,21,26,29,52,149,9,52,43,3,3,4,2,3,9,5,3,23,0,23,3,ds_cbdf3834368e,ds_16b6be697acb,01190,
00022,2017-09-19,3,32,36,41,44,53,209,3,53,50,3,3,1,5,29,4,5,3,9,0,29,3,ds_cbdf3834368e,ds_16b6be697acb,01190,
00023,2017-09-21,9,12,16,24,43,51,155,9,51,42,3,3,4,2,3,4,8,19,8,0,19,3,ds_cbdf3834368e,ds_16b6be697acb,01190,
00024,2017-09-23,7,8,27,36,44,53,175,7,53,46,3,3,3,3,1,19,9,8,9,1,19,1,ds_cbdf3834368e,ds_16b6be697acb,01190,
00025,2017-09-26,14,15,18,30,36,49,162,14,49,35,2,4,3,3,1,3,12,6,13,1,13,1,ds_cbdf3834368e,ds_16b6be697acb,01190,
00026,2017-09-28,20,27,28,31,39,47,192,20,47,27,4,2,2,4,7,1,3,8,8,1,8,1,ds_cbdf3834368e,ds_16b6be697acb,01190,
00027,2017-09-30,4,17,23,25,34,46,149,4,46,42,3,3,4,2,13,6,2,9,12,0,13,2,ds_cbdf3834368e,ds_16b6be697acb,01190,
00028,2017-10-03,21,31,35,41,46,50,224,21,50,29,4,2,1,5,10,4,6,5,4,0,10,4,ds_cbdf3834368e,ds_16b6be697acb,01190,
00029,2017-10-05,1,3,14,19,35,41,113,1,41,40,5,1,4,2,2,11,5,16,6,0,16,2,ds_cbdf3834368e,ds_16b6be697acb,01190,
00030,2017-10-07,31,34,40,42,43,49,239,31,49,18,3,3,0,6,3,6,2,1,6,1,6,1,ds_cbdf3834368e,ds_16b6be697acb,01190,
00031,2017-10-10,29,33,43,44,45,50,244,29,50,21,4,2,0,6,4,10,1,1,5,2,10,1,ds_cbdf3834368e,ds_16b6be697acb,01190,
00032,2017-10-12,5,8,11,31,37,42,134,5,42,37,4,2,3,3,3,3,20,6,5,0,20,3,ds_cbdf3834368e,ds_16b6be697acb,01190,
00033,2017-10-14,14,18,29,35,44,49,189,14,49,35,3,3,2,4,4,11,6,9,5,0,11,4,ds_cbdf3834368e,ds_16b6be697acb,01190,
00034,2017-10-17,1,26,36,40,50,54,207,1,54,53,1,5,2,4,25,10,4,10,4,0,25,4,ds_cbdf3834368e,ds_16b6be697acb,01190,
00035,2017-10-19,6,15,17,24,40,45,147,6,45,39,3,3,4,2,9,2,7,16,5,0,16,2,ds_cbdf3834368e,ds_16b6be697acb,01190,
00036,2017-10-21,4,9,13,16,18,49,109,4,49,45,3,3,5,1,5,4,3,2,31,0,31,2,ds_cbdf3834368e,ds_16b6be697acb,01190,
00037,2017-10-24,1,2,9,13,32,35,92,1,35,34,4,2,4,2,1,7,4,19,3,1,19,1,ds_cbdf3834368e,ds_16b6be697acb,01190,
00038,2017-10-26,2,10,15,30,34,50,141,2,50,48,1,5,3,3,8,5,15,4,16,0,16,4,ds_cbdf3834368e,ds_16b6be697acb,01190,
00039,2017-10-28,13,18,35,36,41,48,191,13,48,35,3,3,2,4,5,17,1,5,7,1,17,1,ds_cbdf3834368e,ds_16b6be697acb,01190,
00040,2017-10-31,7,13,24,45,47,52,188,7,52,45,4,2,3,3,6,11,21,2,5,0,21,2,ds_cbdf3834368e,ds_16b6be697acb,01190,
00041,2017-11-02,3,9,12,21,51,52,148,3,52,49,4,2,4,2,6,3,9,30,1,1,30,1,ds_cbdf3834368e,ds_16b6be697acb,01190,
00042,2017-11-04,2,8,12,44,46,52,164,2,52,50,0,6,3,3,6,4,32,2,6,0,32,2,ds_cbdf3834368e,ds_16b6be697acb,01190,
00043,2017-11-07,19,32,36,37,42,54,220,19,54,35,2,4,1,5,13,4,1,5,12,1,13,1,ds_cbdf3834368e,ds_16b6be697acb,01190,
00044,2017-11-09,2,3,6,23,34,36,104,2,36,34,2,4,4,2,1,3,17,11,2,1,17,1,ds_cbdf3834368e,ds_16b6be697acb,01190,
00045,2017-11-11,12,26,33,35,36,44,186,12,44,32,2,4,2,4,14,7,2,1,8,1,14,1,ds_cbdf3834368e,ds_16b6be697acb,01190,
00046,2017-11-14,20,24,29,41,47,49,210,20,49,29,4,2,2,4,4,5,12,6,2,0,12,2,ds_cbdf3834368e,ds_16b6be697acb,01190,
00047,2017-11-16,1,16,22,25,47,48,159,1,48,47,3,3,4,2,15,6,3,22,1,1,22,1,ds_cbdf3834368e,ds_16b6be697acb,01190,
00048,2017-11-18,11,12,26,42,50,54,195,11,54,43,1,5,3,3,1,14,16,8,4,1,16,1,ds_cbdf3834368e,ds_16b6be697acb,01190,
00049,2017-11-21,5,8,23,37,38,54,165,5,54,49,3,3,3,3,3,15,14,1,16,1,16,1,ds_cbdf3834368e,ds_16b6be697acb,01190,
00050,2017-11-23,1,2,3,18,25,50,99,1,50,49,3,3,5,1,1,1,15,7,25,2,25,1,ds_cbdf3834368e,ds_16b6be697acb,01190,
00051,2017-11-25,2,9,16,46,52,55,180,2,55,53,2,4,3,3,7,7,30,6,3,0,30,3,ds_cbdf3834368e,ds_16b6be697acb,01190,
00052,2017-11-28,2,19,39,49,51,53,213,2,53,51,5,1,2,4,17,20,10,2,2,0,20,2,ds_cbdf3834368e,ds_16b6be697acb,01190,
00053,2017-11-30,5,13,26,37,53,55,189,5,55,50,5,1,3,3,8,13,11,16,2,0,16,2,ds_cbdf3834368e,ds_16b6be697acb,01190,
00054,2017-12-02,9,37,45,50,53,54,248,9,54,45,4,2,1,5,28,8,5,3,1,1,28,1,ds_cbdf3834368e,ds_16b6be697acb,01190,
00055,2017-12-05,27,38,40,42,46,55,248,27,55,28,2,4,1,5,11,2,2,4,9,0,11,2,ds_cbdf3834368e,ds_16b6be697acb,01190,
00056,2017-12-07,3,14,26,35,44,54,176,3,54,51,2,4,3,3,11,12,9,9,10,0,12,9,ds_cbdf3834368e,ds_16b6be697acb,01190,
00057,2017-12-09,5,34,35,42,49,52,217,5,52,47,3,3,1,5,29,1,7,7,3,1,29,1,ds_cbdf3834368e,ds_16b6be697acb,01190,
00058,2017-12-12,6,7,8,21,32,39,113,6,39,33,3,3,4,2,1,1,13,11,7,2,13,1,ds_cbdf3834368e,ds_16b6be697acb,01190,
00059,2017-12-14,11,12,22,28,46,50,169,11,50,39,1,5,3,3,1,10,6,18,4,1,18,1,ds_cbdf3834368e,ds_16b6be697acb,01190,
00060,2017-12-16,5,23,37,41,43,53,202,5,53,48,6,0,2,4,18,14,4,2,10,0,18,2,ds_cbdf3834368e,ds_16b6be697acb,01190,
00061,2017-12-19,2,3,20,25,38,44,132,2,44,42,2,4,4,2,1,17,5,13,6,1,17,1,ds_cbdf3834368e,ds_16b6be697acb,01190,
00062,2017-12-21,22,23,27,35,37,46,190,22,46,24,4,2,3,3,1,4,8,2,9,1,9,1,ds_cbdf3834368e,ds_16b6be697acb,01190,
00063,2017-12-23,7,8,9,13,28,44,109,7,44,37,3,3,4,2,1,1,4,15,16,2,16,1,ds_cbdf3834368e,ds_16b6be697acb,01190,
00064,2017-12-26,7,11,13,18,26,42,117,7,42,35,3,3,5,1,4,2,5,8,16,0,16,2,ds_cbdf3834368e,ds_16b6be697acb,01190,
00065,2017-12-28,7,18,26,29,31,35,146,7,35,28,4,2,3,3,11,8,3,2,4,0,11,2,ds_cbdf3834368e,ds_16b6be697acb,01190,
00066,2017-12-30,8,9,36,37,39,50,179,8,50,42,3,3,2,4,1,27,1,2,11,2,27,1,ds_cbdf3834368e,ds_16b6be697acb,01190,
00067,2018-01-02,4,7,8,34,37,47,137,4,47,43,3,3,3,3,3,1,26,3,10,1,26,1,ds_cbdf3834368e,ds_16b6be697acb,01190,
00068,2018-01-04,1,7,31,35,46,55,175,1,55,54,5,1,2,4,6,24,4,11,9,0,24,4,ds_cbdf3834368e,ds_16b6be697acb,01190,
00069,2018-01-06,4,11,24,35,41,45,160,4,45,41,4,2,3,3,7,13,11,6,4,0,13,4,ds_cbdf3834368e,ds_16b6be697acb,01190,
00070,2018-01-09,18,25,28,46,50,51,218,18,51,33,2,4,2,4,7,3,18,4,1,1,18,1,ds_cbdf3834368e,ds_16b6be697acb,01190,
00071,2018-01-11,4,7,30,35,37,45,158,4,45,41,4,2,2,4,3,23,5,2,8,0,23,2,ds_cbdf3834368e,ds_16b6be697acb,01190,
00072,2018-01-13,3,21,25,26,51,55,181,3,55,52,5,1,4,2,18,4,1,25,4,1,25,1,ds_cbdf3834368e,ds_16b6be697acb,01190,
00073,2018-01-16,6,27,33,41,42,49,198,6,49,43,4,2,2,4,21,6,8,1,7,1,21,1,ds_cbdf3834368e,ds_16b6be697acb,01190,
00074,2018-01-18,12,24,28,30,36,39,169,12,39,27,1,5,2,4,12,4,2,6,3,0,12,2,ds_cbdf3834368e,ds_16b6be697acb,01190,
00075,2018-01-20,2,7,15,16,41,45,126,2,45,43,4,2,4,2,5,8,1,25,4,1,25,1,ds_cbdf3834368e,ds_16b6be697acb,01190,
00076,2018-01-23,3,10,15,23,41,53,145,3,53,50,5,1,4,2,7,5,8,18,12,0,18,5,ds_cbdf3834368e,ds_16b6be697acb,01190,
00077,2018-01-25,1,10,30,44,45,50,180,1,50,49,2,4,2,4,9,20,14,1,5,1,20,1,ds_cbdf3834368e,ds_16b6be697acb,01190,
00078,2018-01-27,21,26,36,38,40,50,211,21,50,29,1,5,2,4,5,10,2,2,10,0,10,2,ds_cbdf3834368e,ds_16b6be697acb,01190,
00079,2018-01-30,15,19,24,51,53,55,217,15,55,40,5,1,3,3,4,5,27,2,2,0,27,2,ds_cbdf3834368e,ds_16b6be697acb,01190,
00080,2018-02-01,1,7,8,9,39,43,107,1,43,42,5,1,4,2,6,1,1,30,4,2,30,1,ds_cbdf3834368e,ds_16b6be697acb,01190,
00081,2018-02-03,12,29,42,48,54,55,240,12,55,43,2,4,1,5,17,13,6,6,1,1,17,1,ds_cbdf3834368e,ds_16b6be697acb,01190,
00082,2018-02-06,1,20,29,31,43,53,177,1,53,52,5,1,2,4,19,9,2,12,10,0,19,2,ds_cbdf3834368e,ds_16b6be697acb,01190,
00083,2018-02-08,21,22,29,37,41,50,200,21,50,29,4,2,2,4,1,7,8,4,9,1,9,1,ds_cbdf3834368e,ds_16b6be697acb,01190,
00084,2018-02-10,8,10,19,25,36,46,144,8,46,38,2,4,4,2,2,9,6,11,10,0,11,2,ds_cbdf3834368e,ds_16b6be697acb,01190,
00085,2018-02-13,9,25,26,30,42,54,186,9,54,45,2,4,3,3,16,1,4,12,12,1,16,1,ds_cbdf3834368e,ds_16b6be697acb,01190,
00086,2018-02-17,16,22,28,29,35,43,173,16,43,27,3,3,2,4,6,6,1,6,8,1,8,1,ds_cbdf3834368e,ds_16b6be697acb,01190,
00087,2018-02-20,1,2,21,24,50,52,150,1,52,51,2,4,4,2,1,19,3,26,2,1,26,1,ds_cbdf3834368e,ds_16b6be697acb,01190,
00088,2018-02-22,11,14,32,36,42,48,183,11,48,37,1,5,2,4,3,18,4,6,6,0,18,3,ds_cbdf3834368e,ds_16b6be697acb,01190,
00089,2018-02-24,5,7,24,32,45,49,162,5,49,44,4,2,3,3,2,17,8,13,4,0,17,2,ds_cbdf3834368e,ds_16b6be697acb,01190,
00090,2018-02-27,8,16,23,28,44,49,168,8,49,41,2,4,3,3,8,7,5,16,5,0,16,5,ds_cbdf3834368e,ds_16b6be697acb,01190,
00091,2018-03-01,4,5,7,17,20,38,91,4,38,34,3,3,5,1,1,2,10,3,18,1,18,1,ds_cbdf3834368e,ds_16b6be697acb,01190,
00092,2018-03-03,4,10,32,37,47,52,182,4,52,48,2,4,2,4,6,22,5,10,5,0,22,5,ds_cbdf3834368e,ds_16b6be697acb,01190,
00093,2018-03-06,2,6,13,22,40,48,131,2,48,46,1,5,4,2,4,7,9,18,8,0,18,4,ds_cbdf3834368e,ds_16b6be697acb,01190,
00094,2018-03-08,14,17,18,23,41,52,165,14,52,38,3,3,4,2,3,1,5,18,11,1,18,1,ds_cbdf3834368e,ds_16b6be697acb,01190,
00095,2018-03-10,9,20,27,31,48,49,184,9,49,40,4,2,3,3,11,7,4,17,1,1,17,1,ds_cbdf3834368e,ds_16b6be697acb,01190,
00096,2018-03-13,1,2,17,46,47,49,162,1,49,48,4,2,3,3,1,15,29,1,2,2,29,1,ds_cbdf3834368e,ds_16b6be697acb,01190,
00097,2018-03-15,15,20,23,28,39,49,174,15,49,34,4,2,3,3,5,3,5,11,10,0,11,3,ds_cbdf3834368e,ds_16b6be697acb,01190,
00098,2018-03-17,3,14,28,35,50,52,182,3,52,49,2,4,2,4,11,14,7,15,2,0,15,2,ds_cbdf3834368e,ds_16b6be697acb,01190,
00099,2018-03-20,11,40,43,46,49,55,244,11,55,44,4,2,1,5,29,3,3,3,6,0,29,3,ds_cbdf3834368e,ds_16b6be697acb,01190,
00100,2018-03-22,1,8,24,33,34,41,141,1,41,40,3,3,3,3,7,16,9,1,7,1,16,1,ds_cbdf3834368e,ds_16b6be697acb,01190,
00101,2018-03-24,1,30,38,45,48,50,212,1,50,49,2,4,1,5,29,8,7,3,2,0,29,2,ds_cbdf3834368e,ds_16b6be697acb,01190,
00102,2018-03-27,9,13,14,15,54,55,160,9,55,46,4,2,4,2,4,1,1,39,1,3,39,1,ds_cbdf3834368e,ds_16b6be697acb,01190,
00103,2018-03-29,5,27,35,39,46,52,204,5,52,47,4,2,2,4,22,8,4,7,6,0,22,4,ds_cbdf3834368e,ds_16b6be697acb,01190,
00104,2018-03-31,3,7,31,43,51,53,188,3,53,50,6,0,2,4,4,24,12,8,2,0,24,2,ds_cbdf3834368e,ds_16b6be697acb,01190,
00105,2018-04-03,20,21,39,42,51,53,226,20,53,33,4,2,2,4,1,18,3,9,2,1,18,1,ds_cbdf3834368e,ds_16b6be697acb,01190,
00106,2018-04-05,7,9,17,25,31,32,121,7,32,25,5,1,4,2,2,8,8,6,1,1,8,1,ds_cbdf3834368e,ds_16b6be697acb,01190,
00107,2018-04-07,12,24,33,34,36,53,192,12,53,41,2,4,2,4,12,9,1,2,17,1,17,1,ds_cbdf3834368e,ds_16b6be697acb,01190,
00108,2018-04-10,1,22,25,31,36,48,163,1,48,47,3,3,3,3,21,3,6,5,12,0,21,3,ds_cbdf3834368e,ds_16b6be697acb,01190,
00109,2018-04-12,4,29,35,37,42,54,201,4,54,50,3,3,1,5,25,6,2,5,12,0,25,2,ds_cbdf3834368e,ds_16b6be697acb,01190,
00110,2018-04-14,2,10,14,26,45,54,151,2,54,52,1,5,4,2,8,4,12,19,9,0,19,4,ds_cbdf3834368e,ds_16b6be697acb,01190,
00111,2018-04-17,2,10,26,27,31,38,134,2,38,36,2,4,4,2,8,16,1,4,7,1,16,1,ds_cbdf3834368e,ds_16b6be697acb,01190,
00112,2018-04-19,4,17,19,35,49,55,179,4,55,51,5,1,3,3,13,2,16,14,6,0,16,2,ds_cbdf3834368e,ds_16b6be697acb,01190,
00113,2018-04-21,16,18,41,43,46,55,219,16,55,39,3,3,2,4,2,23,2,3,9,0,23,2,ds_cbdf3834368e,ds_16b6be697acb,01190,
00114,2018-04-24,17,18,24,40,41,46,186,17,46,29,2,4,3,3,1,6,16,1,5,2,16,1,ds_cbdf3834368e,ds_16b6be697acb,01190,
00115,2018-04-26,23,26,29,31,36,54,199,23,54,31,3,3,2,4,3,3,2,5,18,0,18,2,ds_cbdf3834368e,ds_16b6be697acb,01190,
00116,2018-04-28,12,19,22,29,32,46,160,12,46,34,2,4,3,3,7,3,7,3,14,0,14,3,ds_cbdf3834368e,ds_16b6be697acb,01190,
00117,2018-05-01,1,7,20,23,25,38,114,1,38,37,4,2,5,1,6,13,3,2,13,0,13,2,ds_cbdf3834368e,ds_16b6be697acb,01190,
00118,2018-05-03,23,27,33,37,39,49,208,23,49,26,6,0,2,4,4,6,4,2,10,0,10,2,ds_cbdf3834368e,ds_16b6be697acb,01190,
00119,2018-05-05,16,32,33,37,40,48,206,16,48,32,2,4,1,5,16,1,4,3,8,1,16,1,ds_cbdf3834368e,ds_16b6be697acb,01190,
00120,2018-05-08,3,16,23,24,38,42,146,3,42,39,2,4,4,2,13,7,1,14,4,1,14,1,ds_cbdf3834368e,ds_16b6be697acb,01190,
00121,2018-05-10,2,6,8,34,39,43,132,2,43,41,2,4,3,3,4,2,26,5,4,0,26,2,ds_cbdf3834368e,ds_16b6be697acb,01190,
00122,2018-05-12,1,9,26,38,54,55,183,1,55,54,3,3,3,3,8,17,12,16,1,1,17,1,ds_cbdf3834368e,ds_16b6be697acb,01190,
00123,2018-05-15,3,6,29,37,44,49,168,3,49,46,4,2,2,4,3,23,8,7,5,0,23,3,ds_cbdf3834368e,ds_16b6be697acb,01190,
00124,2018-05-17,13,31,38,45,53,55,235,13,55,42,5,1,1,5,18,7,7,8,2,0,18,2,ds_cbdf3834368e,ds_16b6be697acb,01190,
00125,2018-05-19,33,35,45,52,53,55,273,33,55,22,5,1,0,6,2,10,7,1,2,1,10,1,ds_cbdf3834368e,ds_16b6be697acb,01190,
00126,2018-05-22,4,5,8,17,35,47,116,4,47,43,4,2,4,2,1,3,9,18,12,1,18,1,ds_cbdf3834368e,ds_16b6be697acb,01190,
00127,2018-05-24,24,25,26,29,36,48,188,24,48,24,2,4,3,3,1,1,3,7,12,2,12,1,ds_cbdf3834368e,ds_16b6be697acb,01190,
00128,2018-05-26,7,12,28,31,40,44,162,7,44,37,2,4,2,4,5,16,3,9,4,0,16,3,ds_cbdf3834368e,ds_16b6be697acb,01190,
00129,2018-05-29,9,13,17,18,46,50,153,9,50,41,3,3,4,2,4,4,1,28,4,1,28,1,ds_cbdf3834368e,ds_16b6be697acb,01190,
00130,2018-05-31,3,15,18,25,26,29,116,3,29,26,4,2,5,1,12,3,7,1,3,1,12,1,ds_cbdf3834368e,ds_16b6be697acb,01190,
00131,2018-06-02,5,7,17,22,32,33,116,5,33,28,4,2,4,2,2,10,5,10,1,1,10,1,ds_cbdf3834368e,ds_16b6be697acb,01190,
00132,2018-06-05,11,21,26,32,51,52,193,11,52,41,3,3,3,3,10,5,6,19,1,1,19,1,ds_cbdf3834368e,ds_16b6be697acb,01190,
00133,2018-06-07,11,16,18,26,46,47,164,11,47,36,2,4,4,2,5,2,8,20,1,1,20,1,ds_cbdf3834368e,ds_16b6be697acb,01190,
00134,2018-06-09,9,23,25,39,52,53,201,9,53,44,5,1,3,3,14,2,14,13,1,1,14,1,ds_cbdf3834368e,ds_16b6be697acb,01190,
00135,2018-06-12,4,13,23,27,29,35,131,4,35,31,5,1,4,2,9,10,4,2,6,0,10,2,ds_cbdf3834368e,ds_16b6be697acb,01190,
00136,2018-06-14,3,15,32,45,48,54,197,3,54,51,3,3,2,4,12,17,13,3,6,0,17,3,ds_cbdf3834368e,ds_16b6be697acb,01190,
00137,2018-06-16,14,15,21,30,44,47,171,14,47,33,3,3,3,3,1,6,9,14,3,1,14,1,ds_cbdf3834368e,ds_16b6be697acb,01190,
00138,2018-06-19,16,17,31,37,41,52,194,16,52,36,4,2,2,4,1,14,6,4,11,1,14,1,ds_cbdf3834368e,ds_16b6be697acb,01190,
00139,2018-06-21,2,8,19,23,25,33,110,2,33,31,4,2,5,1,6,11,4,2,8,0,11,2,ds_cbdf3834368e,ds_16b6be697acb,01190,
00140,2018-06-23,6,8,13,23,46,55,151,6,55,49,3,3,4,2,2,5,10,23,9,0,23,2,ds_cbdf3834368e,ds_16b6be697acb,01190,
00141,2018-06-26,17,18,21,39,40,43,178,17,43,26,4,2,3,3,1,3,18,1,3,2,18,1,ds_cbdf3834368e,ds_16b6be697acb,01190,
00142,2018-06-28,11,31,33,43,48,51,217,11,51,40,5,1,1,5,20,2,10,5,3,0,20,2,ds_cbdf3834368e,ds_16b6be697acb,01190,
00143,2018-06-30,3,12,23,24,30,33,125,3,33,30,3,3,4,2,9,11,1,6,3,1,11,1,ds_cbdf3834368e,ds_16b6be697acb,01190,
00144,2018-07-03,30,32,34,47,48,49,240,30,49,19,2,4,0,6,2,2,13,1,1,2,13,1,ds_cbdf3834368e,ds_16b6be697acb,01190,
00145,2018-07-05,4,15,22,24,43,51,159,4,51,47,3,3,4,2,11,7,2,19,8,0,19,2,ds_cbdf3834368e,ds_16b6be697acb,01190,
00146,2018-07-07,2,30,45,48,49,53,227,2,53,51,3,3,1,5,28,15,3,1,4,1,28,1,ds_cbdf3834368e,ds_16b6be697acb,01190,
00147,2018-07-10,6,10,16,20,27,29,108,6,29,23,2,4,5,1,4,6,4,7,2,0,7,2,ds_cbdf3834368e,ds_16b6be697acb,01190,
00148,2018-07-12,8,15,18,21,24,49,135,8,49,41,3,3,5,1,7,3,3,3,25,0,25,3,ds_cbdf3834368e,ds_16b6be697acb,01190,
00149,2018-07-14,4,19,23,34,38,50,168,4,50,46,2,4,3,3,15,4,11,4,12,0,15,4,ds_cbdf3834368e,ds_16b6be697acb,01190,
00150,2018-07-17,5,14,22,27,31,40,139,5,40,35,3,3,4,2,9,8,5,4,9,0,9,4,ds_cbdf3834368e,ds_16b6be697acb,01190,
00151,2018-07-19,11,13,28,34,44,47,177,11,47,36,3,3,2,4,2,15,6,10,3,0,15,2,ds_cbdf3834368e,ds_16b6be697acb,01190,
00152,2018-07-21,7,31,33,37,46,52,206,7,52,45,4,2,1,5,24,2,4,9,6,0,24,2,ds_cbdf3834368e,ds_16b6be697acb,01190,
00153,2018-07-24,11,18,34,37,50,53,203,11,53,42,3,3,2,4,7,16,3,13,3,0,16,3,ds_cbdf3834368e,ds_16b6be697acb,01190,
00154,2018-07-26,21,24,33,37,40,46,201,21,46,25,3,3,2,4,3,9,4,3,6,0,9,3,ds_cbdf3834368e,ds_16b6be697acb,01190,
00155,2018-07-28,11,16,22,25,30,40,144,11,40,29,2,4,4,2,5,6,3,5,10,0,10,3,ds_cbdf3834368e,ds_16b6be697acb,01190,
00156,2018-07-31,1,5,27,31,47,50,161,1,50,49,5,1,3,3,4,22,4,16,3,0,22,3,ds_cbdf3834368e,ds_16b6be697acb,01190,
00157,2018-08-02,6,11,16,17,41,55,146,6,55,49,4,2,4,2,5,5,1,24,14,1,24,1,ds_cbdf3834368e,ds_16b6be697acb,01190,
00158,2018-08-04,11,12,24,32,41,48,168,11,48,37,2,4,3,3,1,12,8,9,7,1,12,1,ds_cbdf3834368e,ds_16b6be697acb,01190,
00159,2018-08-07,3,9,15,20,39,49,135,3,49,46,5,1,4,2,6,6,5,19,10,0,19,5,ds_cbdf3834368e,ds_16b6be697acb,01190,
00160,2018-08-09,24,29,32,33,49,55,222,24,55,31,4,2,1,5,5,3,1,16,6,1,16,1,ds_cbdf3834368e,ds_16b6be697acb,01190,
00161,2018-08-11,16,17,31,33,42,44,183,16,44,28,3,3,2,4,1,14,2,9,2,1,14,1,ds_cbdf3834368e,ds_16b6be697acb,01190,
00162,2018-08-14,29,30,36,38,45,52,230,29,52,23,2,4,0,6,1,6,2,7,7,1,7,1,ds_cbdf3834368e,ds_16b6be697acb,01190,
00163,2018-08-16,6,10,34,46,48,51,195,6,51,45,1,5,2,4,4,24,12,2,3,0,24,2,ds_cbdf3834368e,ds_16b6be697acb,01190,
00164,2018-08-18,7,33,36,39,51,55,221,7,55,48,5,1,1,5,26,3,3,12,4,0,26,3,ds_cbdf3834368e,ds_16b6be697acb,01190,
00165,2018-08-21,9,12,14,23,32,46,136,9,46,37,2,4,4,2,3,2,9,9,14,0,14,2,ds_cbdf3834368e,ds_16b6be697acb,01190,
00166,2018-08-23,14,18,27,38,39,53,189,14,53,39,3,3,3,3,4,9,11,1,14,1,14,1,ds_cbdf3834368e,ds_16b6be697acb,01190,
00167,2018-08-25,10,11,15,32,40,48,156,10,48,38,2,4,3,3,1,4,17,8,8,1,17,1,ds_cbdf3834368e,ds_16b6be697acb,01190,
00168,2018-08-28,2,10,15,31,39,48,145,2,48,46,3,3,3,3,8,5,16,8,9,0,16,5,ds_cbdf3834368e,ds_16b6be697acb,01190,
00169,2018-08-30,5,22,28,42,49,54,200,5,54,49,2,4,2,4,17,6,14,7,5,0,17,5,ds_cbdf3834368e,ds_16b6be697acb,01190,
00170,2018-09-01,2,8,20,21,28,36,115,2,36,34,1,5,4,2,6,12,1,7,8,1,12,1,ds_cbdf3834368e,ds_16b6be697acb,01190,
00171,2018-09-04,8,18,20,29,34,37,146,8,37,29,2,4,3,3,10,2,9,5,3,0,10,2,ds_cbdf3834368e,ds_16b6be697acb,01190,
00172,2018-09-06,4,11,15,21,24,27,102,4,27,23,4,2,6,0,7,4,6,3,3,0,7,3,ds_cbdf3834368e,ds_16b6be697acb,01190,
00173,2018-09-08,9,11,12,24,35,43,134,9,43,34,4,2,4,2,2,1,12,11,8,1,12,1,ds_cbdf3834368e,ds_16b6be697acb,01190,
00174,2018-09-11,13,17,28,42,45,49,194,13,49,36,4,2,2,4,4,11,14,3,4,0,14,3,ds_cbdf3834368e,ds_16b6be697acb,01190,
00175,2018-09-13,4,6,7,26,40,44,127,4,44,40,1,5,4,2,2,1,19,14,4,1,19,1,ds_cbdf3834368e,ds_16b6be697acb,01190,
00176,2018-09-15,2,5,28,30,46,50,161,2,50,48,1,5,2,4,3,23,2,16,4,0,23,2,ds_cbdf3834368e,ds_16b6be697acb,01190,
00177,2018-09-18,8,21,32,43,48,53,205,8,53,45,3,3,2,4,13,11,11,5,5,0,13,5,ds_cbdf3834368e,ds_16b6be697acb,01190,
00178,2018-09-20,3,32,35,46,47,49,212,3,49,46,4,2,1,5,29,3,11,1,2,1,29,1,ds_cbdf3834368e,ds_16b6be697acb,01190,
00179,2018-09-22,1,8,17,28,40,50,144,1,50,49,2,4,3,3,7,9,11,12,10,0,12,7,ds_cbdf3834368e,ds_16b6be697acb,01190,
00180,2018-09-25,2,3,6,13,14,17,55,2,17,15,3,3,6,0,1,3,7,1,3,2,7,1,ds_cbdf3834368e,ds_16b6be697acb,01190,
00181,2018-09-27,8,12,29,35,51,54,189,8,54,46,3,3,2,4,4,17,6,16,3,0,17,3,ds_cbdf3834368e,ds_16b6be697acb,01190,
00182,2018-09-29,3,7,12,32,34,55,143,3,55,52,3,3,3,3,4,5,20,2,21,0,21,2,ds_cbdf3834368e,ds_16b6be697acb,01190,
00183,2018-10-02,3,7,28,32,33,37,140,3,37,34,4,2,2,4,4,21,4,1,4,1,21,1,ds_cbdf3834368e,ds_16b6be697acb,01190,
00184,2018-10-04,3,9,12,17,34,42,117,3,42,39,3,3,4,2,6,3,5,17,8,0,17,3,ds_cbdf3834368e,ds_16b6be697acb,01190,
00185,2018-10-06,5,6,16,42,48,51,168,5,51,46,2,4,3,3,1,10,26,6,3,1,26,1,ds_cbdf3834368e,ds_16b6be697acb,01190,
00186,2018-10-09,10,27,46,50,51,55,239,10,55,45,3,3,2,4,17,19,4,1,4,1,19,1,ds_cbdf3834368e,ds_16b6be697acb,01190,
00187,2018-10-11,5,16,17,37,46,49,170,5,49,44,4,2,3,3,11,1,20,9,3,1,20,1,ds_cbdf3834368e,ds_16b6be697acb,01190,
00188,2018-10-13,12,21,23,44,47,48,195,12,48,36,3,3,3,3,9,2,21,3,1,1,21,1,ds_cbdf3834368e,ds_16b6be697acb,01190,
00189,2018-10-16,5,28,29,34,42,46,184,5,46,41,2,4,1,5,23,1,5,8,4,1,23,1,ds_cbdf3834368e,ds_16b6be697acb,01190,
00190,2018-10-18,1,11,22,34,42,47,157,1,47,46,3,3,3,3,10,11,12,8,5,0,12,5,ds_cbdf3834368e,ds_16b6be697acb,01190,
00191,2018-10-20,2,5,10,17,35,41,110,2,41,39,4,2,4,2,3,5,7,18,6,0,18,3,ds_cbdf3834368e,ds_16b6be697acb,01190,
00192,2018-10-23,1,3,6,13,21,30,74,1,30,29,4,2,5,1,2,3,7,8,9,0,9,2,ds_cbdf3834368e,ds_16b6be697acb,01190,
00193,2018-10-25,16,23,29,31,45,48,192,16,48,32,4,2,2,4,7,6,2,14,3,0,14,2,ds_cbdf3834368e,ds_16b6be697acb,01190,
00194,2018-10-27,8,9,15,21,44,49,146,8,49,41,4,2,4,2,1,6,6,23,5,1,23,1,ds_cbdf3834368e,ds_16b6be697acb,01190,
00195,2018-10-30,1,12,22,27,30,39,131,1,39,38,3,3,4,2,11,10,5,3,9,0,11,3,ds_cbdf3834368e,ds_16b6be697acb,01190,
00196,2018-11-01,3,11,15,42,44,54,169,3,54,51,3,3,3,3,8,4,27,2,10,0,27,2,ds_cbdf3834368e,ds_16b6be697acb,01190,
00197,2018-11-03,14,17,20,23,25,45,144,14,45,31,4,2,5,1,3,3,3,2,20,0,20,2,ds_cbdf3834368e,ds_16b6be697acb,01190,
00198,2018-11-06,19,22,23,43,47,53,207,19,53,34,5,1,3,3,3,1,20,4,6,1,20,1,ds_cbdf3834368e,ds_16b6be697acb,01190,
00199,2018-11-08,22,28,31,39,52,53,225,22,53,31,3,3,1,5,6,3,8,13,1,1,13,1,ds_cbdf3834368e,ds_16b6be697acb,01190,
00200,2018-11-10,3,5,19,22,29,39,117,3,39,36,5,1,4,2,2,14,3,7,10,0,14,2,ds_cbdf3834368e,ds_16b6be697acb,01190,
00201,2018-11-13,3,25,26,32,41,47,174,3,47,44,4,2,3,3,22,1,6,9,6,1,22,1,ds_cbdf3834368e,ds_16b6be697acb,01190,
00202,2018-11-15,13,16,21,40,49,52,191,13,52,39,3,3,3,3,3,5,19,9,3,0,19,3,ds_cbdf3834368e,ds_16b6be697acb,01190,
00203,2018-11-17,12,22,26,29,45,47,181,12,47,35,3,3,3,3,10,4,3,16,2,0,16,2,ds_cbdf3834368e,ds_16b6be697acb,01190,
00204,2018-11-20,9,23,33,40,44,49,198,9,49,40,4,2,2,4,14,10,7,4,5,0,14,4,ds_cbdf3834368e,ds_16b6be697acb,01190,
00205,2018-11-22,17,22,24,28,37,44,172,17,44,27,2,4,3,3,5,2,4,9,7,0,9,2,ds_cbdf3834368e,ds_16b6be697acb,01190,
00206,2018-11-24,3,10,11,25,40,54,143,3,54,51,3,3,4,2,7,1,14,15,14,1,15,1,ds_cbdf3834368e,ds_16b6be697acb,01190,
00207,2018-11-27,3,5,23,28,35,44,138,3,44,41,4,2,3,3,2,18,5,7,9,0,18,2,ds_cbdf3834368e,ds_16b6be697acb,01190,
00208,2018-11-29,10,23,27,42,51,52,205,10,52,42,3,3,3,3,13,4,15,9,1,1,15,1,ds_cbdf3834368e,ds_16b6be697acb,01190,
00209,2018-12-01,3,5,12,20,25,33,98,3,33,30,4,2,5,1,2,7,8,5,8,0,8,2,ds_cbdf3834368e,ds_16b6be697acb,01190,
00210,2018-12-04,10,13,16,23,30,49,141,10,49,39,3,3,4,2,3,3,7,7,19,0,19,3,ds_cbdf3834368e,ds_16b6be697acb,01190,
00211,2018-12-06,9,13,23,27,39,42,153,9,42,33,5,1,4,2,4,10,4,12,3,0,12,3,ds_cbdf3834368e,ds_16b6be697acb,01190,
00212,2018-12-08,3,6,9,31,48,54,151,3,54,51,3,3,3,3,3,3,22,17,6,0,22,3,ds_cbdf3834368e,ds_16b6be697acb,01190,
00213,2018-12-11,1,5,11,37,39,44,137,1,44,43,5,1,3,3,4,6,26,2,5,0,26,2,ds_cbdf3834368e,ds_16b6be697acb,01190,
00214,2018-12-13,2,11,14,36,49,55,167,2,55,53,3,3,3,3,9,3,22,13,6,0,22,3,ds_cbdf3834368e,ds_16b6be697acb,01190,
00215,2018-12-15,14,17,49,52,53,55,240,14,55,41,4,2,2,4,3,32,3,1,2,1,32,1,ds_cbdf3834368e,ds_16b6be697acb,01190,
00216,2018-12-18,1,9,15,17,25,26,93,1,26,25,5,1,6,0,8,6,2,8,1,1,8,1,ds_cbdf3834368e,ds_16b6be697acb,01190,
00217,2018-12-20,8,17,24,33,34,44,160,8,44,36,2,4,3,3,9,7,9,1,10,1,10,1,ds_cbdf3834368e,ds_16b6be697acb,01190,
00218,2018-12-22,3,8,16,35,39,52,153,3,52,49,3,3,3,3,5,8,19,4,13,0,19,4,ds_cbdf3834368e,ds_16b6be697acb,01190,
00219,2018-12-25,3,9,17,21,23,51,124,3,51,48,6,0,5,1,6,8,4,2,28,0,28,2,ds_cbdf3834368e,ds_16b6be697acb,01190,
00220,2018-12-27,5,20,33,42,43,50,193,5,50,45,3,3,2,4,15,13,9,1,7,1,15,1,ds_cbdf3834368e,ds_16b6be697acb,01190,
00221,2018-12-29,8,36,42,43,50,52,231,8,52,44,1,5,1,5,28,6,1,7,2,1,28,1,ds_cbdf3834368e,ds_16b6be697acb,01190,
00222,2019-01-01,2,19,21,27,37,46,152,2,46,44,4,2,4,2,17,2,6,10,9,0,17,2,ds_cbdf3834368e,ds_16b6be697acb,01190,
00223,2019-01-03,23,31,37,45,49,54,239,23,54,31,5,1,1,5,8,6,8,4,5,0,8,4,ds_cbdf3834368e,ds_16b6be697acb,01190,
00224,2019-01-05,10,11,38,47,53,55,214,10,55,45,4,2,2,4,1,27,9,6,2,1,27,1,ds_cbdf3834368e,ds_16b6be697acb,01190,
00225,2019-01-08,3,5,9,11,45,48,121,3,48,45,5,1,4,2,2,4,2,34,3,0,34,2,ds_cbdf3834368e,ds_16b6be697acb,01190,
00226,2019-01-10,12,22,31,35,40,47,187,12,47,35,3,3,2,4,10,9,4,5,7,0,10,4,ds_cbdf3834368e,ds_16b6be697acb,01190,
00227,2019-01-12,7,13,14,26,42,54,156,7,54,47,2,4,4,2,6,1,12,16,12,1,16,1,ds_cbdf3834368e,ds_16b6be697acb,01190,
00228,2019-01-15,4,6,13,22,29,30,104,4,30,26,2,4,4,2,2,7,9,7,1,1,9,1,ds_cbdf3834368e,ds_16b6be697acb,01190,
00229,2019-01-17,13,14,22,34,35,55,173,13,55,42,3,3,3,3,1,8,12,1,20,2,20,1,ds_cbdf3834368e,ds_16b6be697acb,01190,
00230,2019-01-19,13,29,42,46,51,53,234,13,53,40,4,2,1,5,16,13,4,5,2,0,16,2,ds_cbdf3834368e,ds_16b6be697acb,01190,
00231,2019-01-22,1,14,22,40,52,55,184,1,55,54,2,4,3,3,13,8,18,12,3,0,18,3,ds_cbdf3834368e,ds_16b6be697acb,01190,
00232,2019-01-24,31,35,38,44,49,55,252,31,55,24,4,2,0,6,4,3,6,5,6,0,6,3,ds_cbdf3834368e,ds_16b6be697acb,01190,
00233,2019-01-26,20,27,33,43,53,54,230,20,54,34,4,2,2,4,7,6,10,10,1,1,10,1,ds_cbdf3834368e,ds_16b6be697acb,01190,
00234,2019-01-29,15,20,26,41,45,55,202,15,55,40,4,2,3,3,5,6,15,4,10,0,15,4,ds_cbdf3834368e,ds_16b6be697acb,01190,
00235,2019-01-31,10,19,20,28,34,44,155,10,44,34,1,5,3,3,9,1,8,6,10,1,10,1,ds_cbdf3834368e,ds_16b6be697acb,01190,
00236,2019-02-02,11,23,27,35,36,46,178,11,46,35,4,2,3,3,12,4,8,1,10,1,12,1,ds_cbdf3834368e,ds_16b6be697acb,01190,
00237,2019-02-07,20,27,28,32,47,50,204,20,50,30,2,4,2,4,7,1,4,15,3,1,15,1,ds_cbdf3834368e,ds_16b6be697acb,01190,
00238,2019-02-09,2,14,15,44,46,50,171,2,50,48,1,5,3,3,12,1,29,2,4,1,29,1,ds_cbdf3834368e,ds_16b6be697acb,01190,
00239,2019-02-12,1,12,17,34,48,49,161,1,49,48,3,3,3,3,11,5,17,14,1,1,17,1,ds_cbdf3834368e,ds_16b6be697acb,01190,
00240,2019-02-14,8,15,26,41,43,53,186,8,53,45,4,2,3,3,7,11,15,2,10,0,15,2,ds_cbdf3834368e,ds_16b6be697acb,01190,
00241,2019-02-16,5,8,14,28,37,40,132,5,40,35,2,4,3,3,3,6,14,9,3,0,14,3,ds_cbdf3834368e,ds_16b6be697acb,01190,
00242,2019-02-19,12,18,22,29,32,52,165,12,52,40,1,5,3,3,6,4,7,3,20,0,20,3,ds_cbdf3834368e,ds_16b6be697acb,01190,
00243,2019-02-21,3,10,11,15,29,34,102,3,34,31,4,2,4,2,7,1,4,14,5,1,14,1,ds_cbdf3834368e,ds_16b6be697acb,01190,
00244,2019-02-23,16,19,30,39,43,52,199,16,52,36,3,3,2,4,3,11,9,4,9,0,11,3,ds_cbdf3834368e,ds_16b6be697acb,01190,
00245,2019-02-26,8,9,16,34,42,43,152,8,43,35,2,4,3,3,1,7,18,8,1,2,18,1,ds_cbdf3834368e,ds_16b6be697acb,01190,
00246,2019-02-28,4,15,19,34,40,42,154,4,42,38,2,4,3,3,11,4,15,6,2,0,15,2,ds_cbdf3834368e,ds_16b6be697acb,01190,
00247,2019-03-02,1,2,3,20,46,48,120,1,48,47,2,4,4,2,1,1,17,26,2,2,26,1,ds_cbdf3834368e,ds_16b6be697acb,01190,
00248,2019-03-05,1,15,23,51,53,55,198,1,55,54,6,0,3,3,14,8,28,2,2,0,28,2,ds_cbdf3834368e,ds_16b6be697acb,01190,
00249,2019-03-07,2,14,20,33,41,47,157,2,47,45,3,3,3,3,12,6,13,8,6,0,13,6,ds_cbdf3834368e,ds_16b6be697acb,01190,
00250,2019-03-09,18,24,31,34,35,44,186,18,44,26,2,4,2,4,6,7,3,1,9,1,9,1,ds_cbdf3834368e,ds_16b6be697acb,01190,
00251,2019-03-12,9,16,26,34,44,49,178,9,49,40,2,4,3,3,7,10,8,10,5,0,10,5,ds_cbdf3834368e,ds_16b6be697acb,01190,
00252,2019-03-14,18,21,25,35,44,53,196,18,53,35,4,2,3,3,3,4,10,9,9,0,10,3,ds_cbdf3834368e,ds_16b6be697acb,01190,
00253,2019-03-16,10,18,22,24,35,40,149,10,40,30,1,5,4,2,8,4,2,11,5,0,11,2,ds_cbdf3834368e,ds_16b6be697acb,01190,
00254,2019-03-19,8,28,32,35,40,45,188,8,45,37,2,4,1,5,20,4,3,5,5,0,20,3,ds_cbdf3834368e,ds_16b6be697acb,01190,
00255,2019-03-21,7,18,32,42,46,53,198,7,53,46,2,4,2,4,11,14,10,4,7,0,14,4,ds_cbdf3834368e,ds_16b6be697acb,01190,
00256,2019-03-23,3,9,30,41,46,52,181,3,52,49,3,3,2,4,6,21,11,5,6,0,21,5,ds_cbdf3834368e,ds_16b6be697acb,01190,
00257,2019-03-26,15,19,28,40,44,48,194,15,48,33,2,4,2,4,4,9,12,4,4,0,12,4,ds_cbdf3834368e,ds_16b6be697acb,01190,
00258,2019-03-28,3,23,37,43,44,49,199,3,49,46,5,1,2,4,20,14,6,1,5,1,20,1,ds_cbdf3834368e,ds_16b6be697acb,01190,
00259,2019-03-30,3,15,18,35,50,54,175,3,54,51,3,3,3,3,12,3,17,15,4,0,17,3,ds_cbdf3834368e,ds_16b6be697acb,01190,
00260,2019-04-02,1,4,9,20,22,26,82,1,26,25,2,4,6,0,3,5,11,2,4,0,11,2,ds_cbdf3834368e,ds_16b6be697acb,01190,
00261,2019-04-04,16,26,29,38,47,51,207,16,51,35,3,3,2,4,10,3,9,9,4,0,10,3,ds_cbdf3834368e,ds_16b6be697acb,01190,
00262,2019-04-06,1,20,30,41,46,50,188,1,50,49,2,4,2,4,19,10,11,5,4,0,19,4,ds_cbdf3834368e,ds_16b6be697acb,01190,
00263,2019-04-09,10,14,19,36,48,49,176,10,49,39,2,4,3,3,4,5,17,12,1,1,17,1,ds_cbdf3834368e,ds_16b6be697acb,01190,
00264,2019-04-11,1,8,31,32,37,55,164,1,55,54,4,2,2,4,7,23,1,5,18,1,23,1,ds_cbdf3834368e,ds_16b6be697acb,01190,
00265,2019-04-13,9,13,20,21,36,43,142,9,43,34,4,2,4,2,4,7,1,15,7,1,15,1,ds_cbdf3834368e,ds_16b6be697acb,01190,
00266,2019-04-16,16,29,32,33,52,53,215,16,53,37,3,3,1,5,13,3,1,19,1,2,19,1,ds_cbdf3834368e,ds_16b6be697acb,01190,
00267,2019-04-18,7,8,15,24,26,48,128,7,48,41,2,4,5,1,1,7,9,2,22,1,22,1,ds_cbdf3834368e,ds_16b6be697acb,01190,
00268,2019-04-20,8,10,12,24,40,44,138,8,44,36,0,6,4,2,2,2,12,16,4,0,16,2,ds_cbdf3834368e,ds_16b6be697acb,01190,
00269,2019-04-23,20,21,22,31,43,45,182,20,45,25,4,2,3,3,1,1,9,12,2,2,12,1,ds_cbdf3834368e,ds_16b6be697acb,01190,
00270,2019-04-25,16,22,23,33,36,38,168,16,38,22,2,4,3,3,6,1,10,3,2,1,10,1,ds_cbdf3834368e,ds_16b6be697acb,01190,
00271,2019-04-27,1,11,22,26,33,51,144,1,51,50,4,2,4,2,10,11,4,7,18,0,18,4,ds_cbdf3834368e,ds_16b6be697acb,01190,
00272,2019-04-30,3,5,13,40,41,45,147,3,45,42,5,1,3,3,2,8,27,1,4,1,27,1,ds_cbdf3834368e,ds_16b6be697acb,01190,
00273,2019-05-02,2,10,16,17,33,36,114,2,36,34,2,4,4,2,8,6,1,16,3,1,16,1,ds_cbdf3834368e,ds_16b6be697acb,01190,
00274,2019-05-04,1,2,3,17,26,53,102,1,53,52,4,2,5,1,1,1,14,9,27,2,27,1,ds_cbdf3834368e,ds_16b6be697acb,01190,
00275,2019-05-07,3,6,7,8,9,49,82,3,49,46,4,2,5,1,3,1,1,1,40,3,40,1,ds_cbdf3834368e,ds_16b6be697acb,01190,
00276,2019-05-09,19,21,48,49,54,55,246,19,55,36,4,2,2,4,2,27,1,5,1,2,27,1,ds_cbdf3834368e,ds_16b6be697acb,01190,
00277,2019-05-11,6,11,20,22,26,28,113,6,28,22,1,5,5,1,5,9,2,4,2,0,9,2,ds_cbdf3834368e,ds_16b6be697acb,01190,
00278,2019-05-14,6,11,15,21,30,40,123,6,40,34,3,3,4,2,5,4,6,9,10,0,10,4,ds_cbdf3834368e,ds_16b6be697acb,01190,
00279,2019-05-16,8,28,30,33,40,43,182,8,43,35,2,4,1,5,20,2,3,7,3,0,20,2,ds_cbdf3834368e,ds_16b6be697acb,01190,
00280,2019-05-18,6,10,13,18,29,38,114,6,38,32,2,4,4,2,4,3,5,11,9,0,11,3,ds_cbdf3834368e,ds_16b6be697acb,01190,
00281,2019-05-21,11,12,29,31,37,53,173,11,53,42,5,1,2,4,1,17,2,6,16,1,17,1,ds_cbdf3834368e,ds_16b6be697acb,01190,
00282,2019-05-23,13,21,33,42,53,55,217,13,55,42,5,1,2,4,8,12,9,11,2,0,12,2,ds_cbdf3834368e,ds_16b6be697acb,01190,
00283,2019-05-25,4,12,35,44,50,55,200,4,55,51,2,4,2,4,8,23,9,6,5,0,23,5,ds_cbdf3834368e,ds_16b6be697acb,01190,
00284,2019-05-28,15,22,31,32,33,37,170,15,37,22,4,2,2,4,7,9,1,1,4,2,9,1,ds_cbdf3834368e,ds_16b6be697acb,01190,
00285,2019-05-30,17,31,33,34,37,40,192,17,40,23,4,2,1,5,14,2,1,3,3,1,14,1,ds_cbdf3834368e,ds_16b6be697acb,01190,
00286,2019-06-01,10,24,31,41,42,47,195,10,47,37,3,3,2,4,14,7,10,1,5,1,14,1,ds_cbdf3834368e,ds_16b6be697acb,01190,
00287,2019-06-04,18,20,24,26,33,41,162,18,41,23,2,4,4,2,2,4,2,7,8,0,8,2,ds_cbdf3834368e,ds_16b6be697acb,01190,
00288,2019-06-06,10,13,30,36,51,54,194,10,54,44,2,4,2,4,3,17,6,15,3,0,17,3,ds_cbdf3834368e,ds_16b6be697acb,01190,
00289,2019-06-08,2,8,10,23,27,35,105,2,35,33,3,3,5,1,6,2,13,4,8,0,13,2,ds_cbdf3834368e,ds_16b6be697acb,01190,
00290,2019-06-11,2,5,13,20,30,49,119,2,49,47,3,3,4,2,3,8,7,10,19,0,19,3,ds_cbdf3834368e,ds_16b6be697acb,01190,
00291,2019-06-13,6,9,15,22,29,53,134,6,53,47,4,2,4,2,3,6,7,7,24,0,24,3,ds_cbdf3834368e,ds_16b6be697acb,01190,
00292,2019-06-15,13,23,40,45,52,55,228,13,55,42,4,2,2,4,10,17,5,7,3,0,17,3,ds_cbdf3834368e,ds_16b6be697acb,01190,
00293,2019-06-18,24,31,45,46,47,54,247,24,54,30,3,3,1,5,7,14,1,1,7,2,14,1,ds_cbdf3834368e,ds_16b6be697acb,01190,
00294,2019-06-20,9,15,23,41,49,51,188,9,51,42,6,0,3,3,6,8,18,8,2,0,18,2,ds_cbdf3834368e,ds_16b6be697acb,01190,
00295,2019-06-22,1,9,23,28,42,54,157,1,54,53,3,3,3,3,8,14,5,14,12,0,14,5,ds_cbdf3834368e,ds_16b6be697acb,01190,
00296,2019-06-25,3,14,34,35,40,49,175,3,49,46,3,3,2,4,11,20,1,5,9,1,20,1,ds_cbdf3834368e,ds_16b6be697acb,01190,
00297,2019-06-27,9,29,32,44,49,53,216,9,53,44,4,2,1,5,20,3,12,5,4,0,20,3,ds_cbdf3834368e,ds_16b6be697acb,01190,
00298,2019-06-29,6,10,19,31,34,43,143,6,43,37,3,3,3,3,4,9,12,3,9,0,12,3,ds_cbdf3834368e,ds_16b6be697acb,01190,
00299,2019-07-02,2,9,33,45,52,54,195,2,54,52,3,3,2,4,7,24,12,7,2,0,24,2,ds_cbdf3834368e,ds_16b6be697acb,01190,
00300,2019-07-04,4,5,14,46,52,54,175,4,54,50,1,5,3,3,1,9,32,6,2,1,32,1,ds_cbdf3834368e,ds_16b6be697acb,01190,
00301,2019-07-06,5,29,36,39,46,53,208,5,53,48,4,2,1,5,24,7,3,7,7,0,24,3,ds_cbdf3834368e,ds_16b6be697acb,01190,
00302,2019-07-09,4,17,25,40,42,51,179,4,51,47,3,3,3,3,13,8,15,2,9,0,15,2,ds_cbdf3834368e,ds_16b6be697acb,01190,
00303,2019-07-11,6,9,15,26,35,38,129,6,38,32,3,3,4,2,3,6,11,9,3,0,11,3,ds_cbdf3834368e,ds_16b6be697acb,01190,
00304,2019-07-13,5,23,29,45,50,52,204,5,52,47,4,2,2,4,18,6,16,5,2,0,18,2,ds_cbdf3834368e,ds_16b6be697acb,01190,
00305,2019-07-16,4,12,19,31,33,40,139,4,40,36,3,3,3,3,8,7,12,2,7,0,12,2,ds_cbdf3834368e,ds_16b6be697acb,01190,
00306,2019-07-18,4,24,29,31,39,41,168,4,41,37,4,2,2,4,20,5,2,8,2,0,20,2,ds_cbdf3834368e,ds_16b6be697acb,01190,
00307,2019-07-20,15,18,25,32,42,52,184,15,52,37,2,4,3,3,3,7,7,10,10,0,10,3,ds_cbdf3834368e,ds_16b6be697acb,01190,
00308,2019-07-23,5,10,21,32,39,52,159,5,52,47,3,3,3,3,5,11,11,7,13,0,13,5,ds_cbdf3834368e,ds_16b6be697acb,01190,
00309,2019-07-25,3,31,34,41,52,53,214,3,53,50,4,2,1,5,28,3,7,11,1,1,28,1,ds_cbdf3834368e,ds_16b6be697acb,01190,
00310,2019-07-27,2,3,25,33,44,50,157,2,50,48,3,3,3,3,1,22,8,11,6,1,22,1,ds_cbdf3834368e,ds_16b6be697acb,01190,
00311,2019-07-30,3,8,12,21,32,51,127,3,51,48,3,3,4,2,5,4,9,11,19,0,19,4,ds_cbdf3834368e,ds_16b6be697acb,01190,
00312,2019-08-01,1,18,39,45,48,49,200,1,49,48,4,2,2,4,17,21,6,3,1,1,21,1,ds_cbdf3834368e,ds_16b6be697acb,01190,
00313,2019-08-03,13,24,25,26,27,30,145,13,30,17,3,3,5,1,11,1,1,1,3,3,11,1,ds_cbdf3834368e,ds_16b6be697acb,01190,
00314,2019-08-06,9,11,19,20,26,42,127,9,42,33,3,3,5,1,2,8,1,6,16,1,16,1,ds_cbdf3834368e,ds_16b6be697acb,01190,
00315,2019-08-08,1,6,17,18,21,41,104,1,41,40,4,2,5,1,5,11,1,3,20,1,20,1,ds_cbdf3834368e,ds_16b6be697acb,01190,
00316,2019-08-10,7,17,36,42,43,50,195,7,50,43,3,3,2,4,10,19,6,1,7,1,19,1,ds_cbdf3834368e,ds_16b6be697acb,01190,
00317,2019-08-13,4,8,16,27,32,40,127,4,40,36,1,5,4,2,4,8,11,5,8,0,11,4,ds_cbdf3834368e,ds_16b6be697acb,01190,
00318,2019-08-15,19,25,31,32,39,47,193,19,47,28,5,1,2,4,6,6,1,7,8,1,8,1,ds_cbdf3834368e,ds_16b6be697acb,01190,
00319,2019-08-17,9,11,24,26,38,53,161,9,53,44,3,3,4,2,2,13,2,12,15,0,15,2,ds_cbdf3834368e,ds_16b6be697acb,01190,
00320,2019-08-20,10,30,38,48,54,55,235,10,55,45,1,5,1,5,20,8,10,6,1,1,20,1,ds_cbdf3834368e,ds_16b6be697acb,01190,
00321,2019-08-22,4,7,16,17,30,39,113,4,39,35,3,3,4,2,3,9,1,13,9,1,13,1,ds_cbdf3834368e,ds_16b6be697acb,01190,
00322,2019-08-24,19,20,34,40,49,51,213,19,51,32,3,3,2,4,1,14,6,9,2,1,14,1,ds_cbdf3834368e,ds_16b6be697acb,01190,
00323,2019-08-27,16,22,29,33,46,47,193,16,47,31,3,3,2,4,6,7,4,13,1,1,13,1,ds_cbdf3834368e,ds_16b6be697acb,01190,
00324,2019-08-29,10,11,12,23,27,48,131,10,48,38,3,3,5,1,1,1,11,4,21,2,21,1,ds_cbdf3834368e,ds_16b6be697acb,01190,
00325,2019-08-31,13,20,23,32,51,52,191,13,52,39,3,3,3,3,7,3,9,19,1,1,19,1,ds_cbdf3834368e,ds_16b6be697acb,01190,
00326,2019-09-03,13,14,29,35,41,55,187,13,55,42,5,1,2,4,1,15,6,6,14,1,15,1,ds_cbdf3834368e,ds_16b6be697acb,01190,
00327,2019-09-05,20,24,27,30,33,45,179,20,45,25,3,3,3,3,4,3,3,3,12,0,12,3,ds_cbdf3834368e,ds_16b6be697acb,01190,
00328,2019-09-07,7,17,31,35,38,46,174,7,46,39,4,2,2,4,10,14,4,3,8,0,14,3,ds_cbdf3834368e,ds_16b6be697acb,01190,
00329,2019-09-10,6,9,19,39,50,54,177,6,54,48,3,3,3,3,3,10,20,11,4,0,20,3,ds_cbdf3834368e,ds_16b6be697acb,01190,
00330,2019-09-12,18,29,32,33,45,49,206,18,49,31,4,2,1,5,11,3,1,12,4,1,12,1,ds_cbdf3834368e,ds_16b6be697acb,01190,
00331,2019-09-14,10,36,42,44,45,54,231,10,54,44,1,5,1,5,26,6,2,1,9,1,26,1,ds_cbdf3834368e,ds_16b6be697acb,01190,
00332,2019-09-17,3,14,26,38,43,47,171,3,47,44,3,3,3,3,11,12,12,5,4,0,12,4,ds_cbdf3834368e,ds_16b6be697acb,01190,
00333,2019-09-19,2,8,22,34,39,41,146,2,41,39,2,4,3,3,6,14,12,5,2,0,14,2,ds_cbdf3834368e,ds_16b6be697acb,01190,
00334,2019-09-21,2,5,23,30,42,45,147,2,45,43,3,3,3,3,3,18,7,12,3,0,18,3,ds_cbdf3834368e,ds_16b6be697acb,01190,
00335,2019-09-24,12,33,39,40,48,53,225,12,53,41,3,3,1,5,21,6,1,8,5,1,21,1,ds_cbdf3834368e,ds_16b6be697acb,01190,
00336,2019-09-26,7,12,38,43,51,55,206,7,55,48,4,2,2,4,5,26,5,8,4,0,26,4,ds_cbdf3834368e,ds_16b6be697acb,01190,
00337,2019-09-28,4,8,21,23,40,43,139,4,43,39,3,3,4,2,4,13,2,17,3,0,17,2,ds_cbdf3834368e,ds_16b6be697acb,01190,
00338,2019-10-01,5,22,38,41,47,49,202,5,49,44,4,2,2,4,17,16,3,6,2,0,17,2,ds_cbdf3834368e,ds_16b6be697acb,01190,
00339,2019-10-03,4,7,8,26,37,44,126,4,44,40,2,4,4,2,3,1,18,11,7,1,18,1,ds_cbdf3834368e,ds_16b6be697acb,01190,
00340,2019-10-05,10,29,30,31,37,51,188,10,51,41,4,2,1,5,19,1,1,6,14,2,19,1,ds_cbdf3834368e,ds_16b6be697acb,01190,
00341,2019-10-08,8,36,39,43,48,50,224,8,50,42,2,4,1,5,28,3,4,5,2,0,28,2,ds_cbdf3834368e,ds_16b6be697acb,01190,
00342,2019-10-10,4,17,42,51,53,55,222,4,55,51,4,2,2,4,13,25,9,2,2,0,25,2,ds_cbdf3834368e,ds_16b6be697acb,01190,
00343,2019-10-12,21,39,48,51,53,55,267,21,55,34,5,1,1,5,18,9,3,2,2,0,18,2,ds_cbdf3834368e,ds_16b6be697acb,01190,
00344,2019-10-15,9,12,29,46,48,53,197,9,53,44,3,3,2,4,3,17,17,2,5,0,17,2,ds_cbdf3834368e,ds_16b6be697acb,01190,
00345,2019-10-17,5,11,14,34,51,53,168,5,53,48,4,2,3,3,6,3,20,17,2,0,20,2,ds_cbdf3834368e,ds_16b6be697acb,01190,
00346,2019-10-19,1,10,21,26,42,43,143,1,43,42,3,3,4,2,9,11,5,16,1,1,16,1,ds_cbdf3834368e,ds_16b6be697acb,01190,
00347,2019-10-22,2,16,26,27,36,40,147,2,40,38,1,5,4,2,14,10,1,9,4,1,14,1,ds_cbdf3834368e,ds_16b6be697acb,01190,
00348,2019-10-24,9,14,23,41,45,50,182,9,50,41,4,2,3,3,5,9,18,4,5,0,18,4,ds_cbdf3834368e,ds_16b6be697acb,01190,
00349,2019-10-26,18,20,22,50,51,53,214,18,53,35,2,4,3,3,2,2,28,1,2,1,28,1,ds_cbdf3834368e,ds_16b6be697acb,01190,
00350,2019-10-29,12,15,16,31,43,55,172,12,55,43,4,2,3,3,3,1,15,12,12,1,15,1,ds_cbdf3834368e,ds_16b6be697acb,01190,
00351,2019-10-31,18,19,22,37,47,48,191,18,48,30,3,3,3,3,1,3,15,10,1,2,15,1,ds_cbdf3834368e,ds_16b6be697acb,01190,
00352,2019-11-02,2,15,34,35,48,50,184,2,50,48,2,4,2,4,13,19,1,13,2,1,19,1,ds_cbdf3834368e,ds_16b6be697acb,01190,
00353,2019-11-05,3,6,16,17,44,50,136,3,50,47,2,4,4,2,3,10,1,27,6,1,27,1,ds_cbdf3834368e,ds_16b6be697acb,01190,
00354,2019-11-07,1,12,19,37,44,52,165,1,52,51,3,3,3,3,11,7,18,7,8,0,18,7,ds_cbdf3834368e,ds_16b6be697acb,01190,
00355,2019-11-09,1,3,6,25,29,41,105,1,41,40,5,1,4,2,2,3,19,4,12,0,19,2,ds_cbdf3834368e,ds_16b6be697acb,01190,
00356,2019-11-12,10,17,24,27,36,39,153,10,39,29,3,3,4,2,7,7,3,9,3,0,9,3,ds_cbdf3834368e,ds_16b6be697acb,01190,
00357,2019-11-14,9,12,16,36,41,55,169,9,55,46,3,3,3,3,3,4,20,5,14,0,20,3,ds_cbdf3834368e,ds_16b6be697acb,01190,
00358,2019-11-16,6,8,18,22,49,52,155,6,52,46,1,5,4,2,2,10,4,27,3,0,27,2,ds_cbdf3834368e,ds_16b6be697acb,01190,
00359,2019-11-19,19,21,33,35,38,40,186,19,40,21,4,2,2,4,2,12,2,3,2,0,12,2,ds_cbdf3834368e,ds_16b6be697acb,01190,
00360,2019-11-21,21,24,35,38,42,47,207,21,47,26,3,3,2,4,3,11,3,4,5,0,11,3,ds_cbdf3834368e,ds_16b6be697acb,01190,
00361,2019-11-23,7,29,30,45,50,55,216,7,55,48,4,2,1,5,22,1,15,5,5,1,22,1,ds_cbdf3834368e,ds_16b6be697acb,01190,
00362,2019-11-26,7,19,38,41,42,47,194,7,47,40,4,2,2,4,12,19,3,1,5,1,19,1,ds_cbdf3834368e,ds_16b6be697acb,01190,
00363,2019-11-28,1,18,26,28,53,55,181,1,55,54,3,3,3,3,17,8,2,25,2,0,25,2,ds_cbdf3834368e,ds_16b6be697acb,01190,
00364,2019-11-30,8,9,10,32,44,50,153,8,50,42,1,5,3,3,1,1,22,12,6,2,22,1,ds_cbdf3834368e,ds_16b6be697acb,01190,
00365,2019-12-03,21,29,36,41,50,52,229,21,52,31,3,3,1,5,8,7,5,9,2,0,9,2,ds_cbdf3834368e,ds_16b6be697acb,01190,
00366,2019-12-05,9,11,16,27,35,40,138,9,40,31,4,2,4,2,2,5,11,8,5,0,11,2,ds_cbdf3834368e,ds_16b6be697acb,01190,
00367,2019-12-07,7,18,38,42,47,51,203,7,51,44,3,3,2,4,11,20,4,5,4,0,20,4,ds_cbdf3834368e,ds_16b6be697acb,01190,
00368,2019-12-10,5,20,33,42,43,49,192,5,49,44,4,2,2,4,15,13,9,1,6,1,15,1,ds_cbdf3834368e,ds_16b6be697acb,01190,
00369,2019-12-12,1,9,15,42,49,50,166,1,50,49,4,2,3,3,8,6,27,7,1,1,27,1,ds_cbdf3834368e,ds_16b6be697acb,01190,
00370,2019-12-14,3,30,33,34,40,47,187,3,47,44,3,3,1,5,27,3,1,6,7,1,27,1,ds_cbdf3834368e,ds_16b6be697acb,01190,
00371,2019-12-17,4,5,14,19,22,37,101,4,37,33,3,3,5,1,1,9,5,3,15,1,15,1,ds_cbdf3834368e,ds_16b6be697acb,01190,
00372,2019-12-19,18,22,25,28,29,34,156,18,34,16,2,4,3,3,4,3,3,1,5,1,5,1,ds_cbdf3834368e,ds_16b6be697acb,01190,
00373,2019-12-21,5,8,20,34,37,42,146,5,42,37,2,4,3,3,3,12,14,3,5,0,14,3,ds_cbdf3834368e,ds_16b6be697acb,01190,
00374,2019-12-24,3,16,30,34,50,55,188,3,55,52,2,4,2,4,13,14,4,16,5,0,16,4,ds_cbdf3834368e,ds_16b6be697acb,01190,
00375,2019-12-26,5,6,12,18,23,54,118,5,54,49,2,4,5,1,1,6,6,5,31,1,31,1,ds_cbdf3834368e,ds_16b6be697acb,01190,
00376,2019-12-28,10,17,26,28,29,32,142,10,32,22,2,4,3,3,7,9,2,1,3,1,9,1,ds_cbdf3834368e,ds_16b6be697acb,01190,
00377,2019-12-31,2,22,26,28,44,55,177,2,55,53,1,5,3,3,20,4,2,16,11,0,20,2,ds_cbdf3834368e,ds_16b6be697acb,01190,
00378,2020-01-02,12,14,26,29,33,40,154,12,40,28,2,4,3,3,2,12,3,4,7,0,12,2,ds_cbdf3834368e,ds_16b6be697acb,01190,
00379,2020-01-04,4,14,26,42,44,55,185,4,55,51,1,5,3,3,10,12,16,2,11,0,16,2,ds_cbdf3834368e,ds_16b6be697acb,01190,
00380,2020-01-07,8,11,16,22,42,54,153,8,54,46,1,5,4,2,3,5,6,20,12,0,20,3,ds_cbdf3834368e,ds_16b6be697acb,01190,
00381,2020-01-09,17,20,21,29,52,54,193,17,54,37,3,3,3,3,3,1,8,23,2,1,23,1,ds_cbdf3834368e,ds_16b6be697acb,01190,
00382,2020-01-11,8,11,17,19,25,47,127,8,47,39,5,1,5,1,3,6,2,6,22,0,22,2,ds_cbdf3834368e,ds_16b6be697acb,01190,
00383,2020-01-14,3,4,17,39,50,51,164,3,51,48,4,2,3,3,1,13,22,11,1,2,22,1,ds_cbdf3834368e,ds_16b6be697acb,01190,
00384,2020-01-16,10,11,26,33,44,46,170,10,46,36,2,4,3,3,1,15,7,11,2,1,15,1,ds_cbdf3834368e,ds_16b6be697acb,01190,
00385,2020-01-18,13,18,19,23,32,43,148,13,43,30,4,2,4,2,5,1,4,9,11,1,11,1,ds_cbdf3834368e,ds_16b6be697acb,01190,
00386,2020-01-21,14,31,45,47,52,54,243,14,54,40,3,3,1,5,17,14,2,5,2,0,17,2,ds_cbdf3834368e,ds_16b6be697acb,01190,
00387,2020-01-23,9,15,18,25,31,49,147,9,49,40,5,1,4,2,6,3,7,6,18,0,18,3,ds_cbdf3834368e,ds_16b6be697acb,01190,
00388,2020-01-28,1,20,24,33,40,55,173,1,55,54,3,3,3,3,19,4,9,7,15,0,19,4,ds_cbdf3834368e,ds_16b6be697acb,01190,
00389,2020-01-30,12,18,28,30,47,50,185,12,50,38,1,5,2,4,6,10,2,17,3,0,17,2,ds_cbdf3834368e,ds_16b6be697acb,01190,
00390,2020-02-01,2,3,11,23,35,54,128,2,54,52,4,2,4,2,1,8,12,12,19,1,19,1,ds_cbdf3834368e,ds_16b6be697acb,01190,
00391,2020-02-04,6,10,20,47,52,55,190,6,55,49,2,4,3,3,4,10,27,5,3,0,27,3,ds_cbdf3834368e,ds_16b6be697acb,01190,
00392,2020-02-06,13,18,34,36,45,49,195,13,49,36,3,3,2,4,5,16,2,9,4,0,16,2,ds_cbdf3834368e,ds_16b6be697acb,01190,
00393,2020-02-08,9,12,19,25,41,54,160,9,54,45,4,2,4,2,3,7,6,16,13,0,16,3,ds_cbdf3834368e,ds_16b6be697acb,01190,
00394,2020-02-11,4,14,18,21,32,53,142,4,53,49,2,4,4,2,10,4,3,11,21,0,21,3,ds_cbdf3834368e,ds_16b6be697acb,01190,
00395,2020-02-13,25,28,32,34,35,39,193,25,39,14,3,3,1,5,3,4,2,1,4,1,4,1,ds_cbdf3834368e,ds_16b6be697acb,01190,
00396,2020-02-15,26,36,37,38,42,49,228,26,49,23,2,4,1,5,10,1,1,4,7,2,10,1,ds_cbdf3834368e,ds_16b6be697acb,01190,
00397,2020-02-18,27,32,36,37,47,48,227,27,48,21,3,3,1,5,5,4,1,10,1,2,10,1,ds_cbdf3834368e,ds_16b6be697acb,01190,
00398,2020-02-20,1,3,20,33,36,51,144,1,51,50,4,2,3,3,2,17,13,3,15,0,17,2,ds_cbdf3834368e,ds_16b6be697acb,01190,
00399,2020-02-22,7,24,32,49,51,54,217,7,54,47,3,3,2,4,17,8,17,2,3,0,17,2,ds_cbdf3834368e,ds_16b6be697acb,01190,
00400,2020-02-25,5,13,21,36,39,48,162,5,48,43,4,2,3,3,8,8,15,3,9,0,15,3,ds_cbdf3834368e,ds_16b6be697acb,01190,
00401,2020-02-27,3,11,21,29,47,55,166,3,55,52,6,0,3,3,8,10,8,18,8,0,18,8,ds_cbdf3834368e,ds_16b6be697acb,01190,
00402,2020-02-29,9,17,23,26,51,54,180,9,54,45,4,2,4,2,8,6,3,25,3,0,25,3,ds_cbdf3834368e,ds_16b6be697acb,01190,
00403,2020-03-03,14,15,31,40,43,49,192,14,49,35,4,2,2,4,1,16,9,3,6,1,16,1,ds_cbdf3834368e,ds_16b6be697acb,01190,
00404,2020-03-05,8,9,34,40,41,54,186,8,54,46,2,4,2,4,1,25,6,1,13,2,25,1,ds_cbdf3834368e,ds_16b6be697acb,01190,
00405,2020-03-07,5,11,21,30,40,48,155,5,48,43,3,3,3,3,6,10,9,10,8,0,10,6,ds_cbdf3834368e,ds_16b6be697acb,01190,
00406,2020-03-10,23,25,30,36,45,52,211,23,52,29,3,3,2,4,2,5,6,9,7,0,9,2,ds_cbdf3834368e,ds_16b6be697acb,01190,
00407,2020-03-12,2,14,19,24,27,34,120,2,34,32,2,4,5,1,12,5,5,3,7,0,12,3,ds_cbdf3834368e,ds_16b6be697acb,01190,
00408,2020-03-14,12,20,25,38,39,40,174,12,40,28,2,4,3,3,8,5,13,1,1,2,13,1,ds_cbdf3834368e,ds_16b6be697acb,01190,
00409,2020-03-17,1,14,18,43,49,50,175,1,50,49,3,3,3,3,13,4,25,6,1,1,25,1,ds_cbdf3834368e,ds_16b6be697acb,01190,
00410,2020-03-19,3,35,41,42,43,49,213,3,49,46,5,1,1,5,32,6,1,1,6,2,32,1,ds_cbdf3834368e,ds_16b6be697acb,01190,
00411,2020-03-21,10,12,14,17,29,53,135,10,53,43,3,3,4,2,2,2,3,12,24,0,24,2,ds_cbdf3834368e,ds_16b6be697acb,01190,
00412,2020-03-24,3,9,20,21,33,52,138,3,52,49,4,2,4,2,6,11,1,12,19,1,19,1,ds_cbdf3834368e,ds_16b6be697acb,01190,
00413,2020-03-26,7,8,11,31,35,36,128,7,36,29,4,2,3,3,1,3,20,4,1,2,20,1,ds_cbdf3834368e,ds_16b6be697acb,01190,
00414,2020-03-28,1,10,11,13,27,55,117,1,55,54,5,1,5,1,9,1,2,14,28,1,28,1,ds_cbdf3834368e,ds_16b6be697acb,01190,
00415,2020-03-31,12,19,40,41,43,53,208,12,53,41,4,2,2,4,7,21,1,2,10,1,21,1,ds_cbdf3834368e,ds_16b6be697acb,01190,
00416,2020-04-25,4,18,24,30,53,55,184,4,55,51,2,4,3,3,14,6,6,23,2,0,23,2,ds_cbdf3834368e,ds_16b6be697acb,01190,
00417,2020-04-28,4,6,10,16,30,46,112,4,46,42,0,6,4,2,2,4,6,14,16,0,16,2,ds_cbdf3834368e,ds_16b6be697acb,01190,
00418,2020-04-30,12,31,32,33,39,41,188,12,41,29,4,2,1,5,19,1,1,6,2,2,19,1,ds_cbdf3834368e,ds_16b6be697acb,01190,
00419,2020-05-02,2,6,9,16,43,53,129,2,53,51,3,3,4,2,4,3,7,27,10,0,27,3,ds_cbdf3834368e,ds_16b6be697acb,01190,
00420,2020-05-05,1,4,13,15,18,20,71,1,20,19,3,3,6,0,3,9,2,3,2,0,9,2,ds_cbdf3834368e,ds_16b6be697acb,01190,
00421,2020-05-07,9,19,28,30,32,54,172,9,54,45,2,4,2,4,10,9,2,2,22,0,22,2,ds_cbdf3834368e,ds_16b6be697acb,01190,
00422,2020-05-09,18,19,30,39,45,46,197,18,46,28,3,3,2,4,1,11,9,6,1,2,11,1,ds_cbdf3834368e,ds_16b6be697acb,01190,
00423,2020-05-12,1,8,25,34,38,44,150,1,44,43,2,4,3,3,7,17,9,4,6,0,17,4,ds_cbdf3834368e,ds_16b6be697acb,01190,
00424,2020-05-14,7,23,29,47,51,55,212,7,55,48,6,0,2,4,16,6,18,4,4,0,18,4,ds_cbdf3834368e,ds_16b6be697acb,01190,
00425,2020-05-16,19,35,38,49,52,55,248,19,55,36,4,2,1,5,16,3,11,3,3,0,16,3,ds_cbdf3834368e,ds_16b6be697acb,01190,
00426,2020-05-19,5,15,16,19,49,55,159,5,55,50,5,1,4,2,10,1,3,30,6,1,30,1,ds_cbdf3834368e,ds_16b6be697acb,01190,
00427,2020-05-21,2,15,22,25,30,46,140,2,46,44,2,4,4,2,13,7,3,5,16,0,16,3,ds_cbdf3834368e,ds_16b6be697acb,01190,
00428,2020-05-23,4,13,27,47,50,55,196,4,55,51,4,2,3,3,9,14,20,3,5,0,20,3,ds_cbdf3834368e,ds_16b6be697acb,01190,
00429,2020-05-26,11,12,23,24,34,47,151,11,47,36,3,3,4,2,1,11,1,10,13,2,13,1,ds_cbdf3834368e,ds_16b6be697acb,01190,
00430,2020-05-28,1,4,8,21,44,49,127,1,49,48,3,3,4,2,3,4,13,23,5,0,23,3,ds_cbdf3834368e,ds_16b6be697acb,01190,
00431,2020-05-30,12,13,41,42,48,53,209,12,53,41,3,3,2,4,1,28,1,6,5,2,28,1,ds_cbdf3834368e,ds_16b6be697acb,01190,
00432,2020-06-02,4,19,31,42,48,55,199,4,55,51,3,3,2,4,15,12,11,6,7,0,15,6,ds_cbdf3834368e,ds_16b6be697acb,01190,
00433,2020-06-04,6,12,16,34,39,54,161,6,54,48,1,5,3,3,6,4,18,5,15,0,18,4,ds_cbdf3834368e,ds_16b6be697acb,01190,
00434,2020-06-06,8,12,24,32,35,51,162,8,51,43,2,4,3,3,4,12,8,3,16,0,16,3,ds_cbdf3834368e,ds_16b6be697acb,01190,
00435,2020-06-09,1,3,8,22,42,48,124,1,48,47,2,4,4,2,2,5,14,20,6,0,20,2,ds_cbdf3834368e,ds_16b6be697acb,01190,
00436,2020-06-11,3,21,25,32,35,52,168,3,52,49,4,2,3,3,18,4,7,3,17,0,18,3,ds_cbdf3834368e,ds_16b6be697acb,01190,
00437,2020-06-13,7,9,11,30,43,53,153,7,53,46,5,1,3,3,2,2,19,13,10,0,19,2,ds_cbdf3834368e,ds_16b6be697acb,01190,
00438,2020-06-16,2,15,16,23,33,54,143,2,54,52,3,3,4,2,13,1,7,10,21,1,21,1,ds_cbdf3834368e,ds_16b6be697acb,01190,
00439,2020-06-18,5,18,27,45,50,54,199,5,54,49,3,3,3,3,13,9,18,5,4,0,18,4,ds_cbdf3834368e,ds_16b6be697acb,01190,
00440,2020-06-20,5,9,33,43,44,50,184,5,50,45,4,2,2,4,4,24,10,1,6,1,24,1,ds_cbdf3834368e,ds_16b6be697acb,01190,
00441,2020-06-23,2,18,28,46,52,54,200,2,54,52,0,6,2,4,16,10,18,6,2,0,18,2,ds_cbdf3834368e,ds_16b6be697acb,01190,
00442,2020-06-25,9,10,12,19,27,40,117,9,40,31,3,3,5,1,1,2,7,8,13,1,13,1,ds_cbdf3834368e,ds_16b6be697acb,01190,
00443,2020-06-27,2,6,38,47,50,53,196,2,53,51,2,4,2,4,4,32,9,3,3,0,32,3,ds_cbdf3834368e,ds_16b6be697acb,01190,
00444,2020-06-30,5,11,18,19,20,21,94,5,21,16,4,2,6,0,6,7,1,1,1,3,7,1,ds_cbdf3834368e,ds_16b6be697acb,01190,
00445,2020-07-02,4,10,20,38,48,53,173,4,53,49,1,5,3,3,6,10,18,10,5,0,18,5,ds_cbdf3834368e,ds_16b6be697acb,01190,
00446,2020-07-04,3,9,10,18,29,45,114,3,45,42,4,2,4,2,6,1,8,11,16,1,16,1,ds_cbdf3834368e,ds_16b6be697acb,01190,
00447,2020-07-07,7,24,32,35,48,50,196,7,50,43,2,4,2,4,17,8,3,13,2,0,17,2,ds_cbdf3834368e,ds_16b6be697acb,01190,
00448,2020-07-09,3,10,11,17,26,54,121,3,54,51,3,3,5,1,7,1,6,9,28,1,28,1,ds_cbdf3834368e,ds_16b6be697acb,01190,
00449,2020-07-11,3,4,6,14,20,38,85,3,38,35,1,5,5,1,1,2,8,6,18,1,18,1,ds_cbdf3834368e,ds_16b6be697acb,01190,
00450,2020-07-14,5,22,32,34,43,51,187,5,51,46,3,3,2,4,17,10,2,9,8,0,17,2,ds_cbdf3834368e,ds_16b6be697acb,01190,
00451,2020-07-16,2,5,11,20,24,32,94,2,32,30,2,4,5,1,3,6,9,4,8,0,9,3,ds_cbdf3834368e,ds_16b6be697acb,01190,
00452,2020-07-18,3,13,22,28,30,53,149,3,53,50,3,3,3,3,10,9,6,2,23,0,23,2,ds_cbdf3834368e,ds_16b6be697acb,01190,
00453,2020-07-21,6,14,31,37,38,44,170,6,44,38,2,4,2,4,8,17,6,1,6,1,17,1,ds_cbdf3834368e,ds_16b6be697acb,01190,
00454,2020-07-23,4,12,31,47,49,52,195,4,52,48,3,3,2,4,8,19,16,2,3,0,19,2,ds_cbdf3834368e,ds_16b6be697acb,01190,
00455,2020-07-25,2,19,21,34,54,55,185,2,55,53,3,3,3,3,17,2,13,20,1,1,20,1,ds_cbdf3834368e,ds_16b6be697acb,01190,
00456,2020-07-28,3,11,20,34,44,54,166,3,54,51,2,4,3,3,8,9,14,10,10,0,14,8,ds_cbdf3834368e,ds_16b6be697acb,01190,
00457,2020-07-30,6,7,16,26,29,54,138,6,54,48,2,4,4,2,1,9,10,3,25,1,25,1,ds_cbdf3834368e,ds_16b6be697acb,01190,
00458,2020-08-01,13,18,29,30,40,47,177,13,47,34,3,3,2,4,5,11,1,10,7,1,11,1,ds_cbdf3834368e,ds_16b6be697acb,01190,
00459,2020-08-04,10,15,20,21,32,51,149,10,51,41,3,3,4,2,5,5,1,11,19,1,19,1,ds_cbdf3834368e,ds_16b6be697acb,01190,
00460,2020-08-06,2,5,21,24,26,27,105,2,27,25,3,3,6,0,3,16,3,2,1,1,16,1,ds_cbdf3834368e,ds_16b6be697acb,01190,
00461,2020-08-08,3,12,24,26,36,43,144,3,43,40,2,4,4,2,9,12,2,10,7,0,12,2,ds_cbdf3834368e,ds_16b6be697acb,01190,
00462,2020-08-11,2,12,33,39,52,53,191,2,53,51,3,3,2,4,10,21,6,13,1,1,21,1,ds_cbdf3834368e,ds_16b6be697acb,01190,
00463,2020-08-13,3,25,28,44,49,54,203,3,54,51,3,3,2,4,22,3,16,5,5,0,22,3,ds_cbdf3834368e,ds_16b6be697acb,01190,
00464,2020-08-15,1,11,29,30,41,51,163,1,51,50,5,1,2,4,10,18,1,11,10,1,18,1,ds_cbdf3834368e,ds_16b6be697acb,01190,
00465,2020-08-18,22,41,44,46,51,52,256,22,52,30,2,4,1,5,19,3,2,5,1,1,19,1,ds_cbdf3834368e,ds_16b6be697acb,01190,
00466,2020-08-20,14,18,28,32,33,36,161,14,36,22,1,5,2,4,4,10,4,1,3,1,10,1,ds_cbdf3834368e,ds_16b6be697acb,01190,
00467,2020-08-22,1,20,24,26,35,51,157,1,51,50,3,3,4,2,19,4,2,9,16,0,19,2,ds_cbdf3834368e,ds_16b6be697acb,01190,
00468,2020-08-25,21,35,36,38,44,47,221,21,47,26,3,3,1,5,14,1,2,6,3,1,14,1,ds_cbdf3834368e,ds_16b6be697acb,01190,
00469,2020-08-29,1,4,14,28,35,53,135,1,53,52,3,3,3,3,3,10,14,7,18,0,18,3,ds_cbdf3834368e,ds_16b6be697acb,01190,
00470,2020-09-01,11,22,24,47,49,53,206,11,53,42,4,2,3,3,11,2,23,2,4,0,23,2,ds_cbdf3834368e,ds_16b6be697acb,01190,
00471,2020-09-03,7,9,18,22,35,54,145,7,54,47,3,3,4,2,2,9,4,13,19,0,19,2,ds_cbdf3834368e,ds_16b6be697acb,01190,
00472,2020-09-05,9,12,19,22,31,46,139,9,46,37,3,3,4,2,3,7,3,9,15,0,15,3,ds_cbdf3834368e,ds_16b6be697acb,01190,
00473,2020-09-08,22,47,48,52,53,55,277,22,55,33,3,3,1,5,25,1,4,1,2,2,25,1,ds_cbdf3834368e,ds_16b6be697acb,01190,
00474,2020-09-10,18,25,27,37,45,50,202,18,50,32,4,2,3,3,7,2,10,8,5,0,10,2,ds_cbdf3834368e,ds_16b6be697acb,01190,
00475,2020-09-12,20,21,24,30,31,44,170,20,44,24,2,4,3,3,1,3,6,1,13,2,13,1,ds_cbdf3834368e,ds_16b6be697acb,01190,
00476,2020-09-15,13,14,15,17,26,53,138,13,53,40,4,2,5,1,1,1,2,9,27,2,27,1,ds_cbdf3834368e,ds_16b6be697acb,01190,
00477,2020-09-17,1,5,28,43,44,53,174,1,53,52,4,2,2,4,4,23,15,1,9,1,23,1,ds_cbdf3834368e,ds_16b6be697acb,01190,
00478,2020-09-19,4,7,8,29,31,41,120,4,41,37,4,2,3,3,3,1,21,2,10,1,21,1,ds_cbdf3834368e,ds_16b6be697acb,01190,
00479,2020-09-22,5,8,15,18,36,45,127,5,45,40,3,3,4,2,3,7,3,18,9,0,18,3,ds_cbdf3834368e,ds_16b6be697acb,01190,
00480,2020-09-24,12,28,41,42,52,53,228,12,53,41,2,4,1,5,16,13,1,10,1,2,16,1,ds_cbdf3834368e,ds_16b6be697acb,01190,
00481,2020-09-26,7,10,13,15,40,48,133,7,48,41,3,3,4,2,3,3,2,25,8,0,25,2,ds_cbdf3834368e,ds_16b6be697acb,01190,
00482,2020-09-29,1,6,7,13,30,55,112,1,55,54,4,2,4,2,5,1,6,17,25,1,25,1,ds_cbdf3834368e,ds_16b6be697acb,01190,
00483,2020-10-01,3,6,7,19,38,54,127,3,54,51,3,3,4,2,3,1,12,19,16,1,19,1,ds_cbdf3834368e,ds_16b6be697acb,01190,
00484,2020-10-03,12,14,22,23,39,44,154,12,44,32,2,4,4,2,2,8,1,16,5,1,16,1,ds_cbdf3834368e,ds_16b6be697acb,01190,
00485,2020-10-06,11,14,29,32,33,40,159,11,40,29,3,3,2,4,3,15,3,1,7,1,15,1,ds_cbdf3834368e,ds_16b6be697acb,01190,
00486,2020-10-08,10,18,20,21,26,51,146,10,51,41,2,4,5,1,8,2,1,5,25,1,25,1,ds_cbdf3834368e,ds_16b6be697acb,01190,
00487,2020-10-10,5,10,47,50,53,54,219,5,54,49,3,3,2,4,5,37,3,3,1,1,37,1,ds_cbdf3834368e,ds_16b6be697acb,01190,
00488,2020-10-13,12,19,28,29,52,53,193,12,53,41,3,3,2,4,7,9,1,23,1,2,23,1,ds_cbdf3834368e,ds_16b6be697acb,01190,
00489,2020-10-15,8,38,41,47,50,52,236,8,52,44,2,4,1,5,30,3,6,3,2,0,30,2,ds_cbdf3834368e,ds_16b6be697acb,01190,
00490,2020-10-17,3,14,25,37,49,54,182,3,54,51,4,2,3,3,11,11,12,12,5,0,12,5,ds_cbdf3834368e,ds_16b6be697acb,01190,
00491,2020-10-20,8,33,38,47,49,54,229,8,54,46,3,3,1,5,25,5,9,2,5,0,25,2,ds_cbdf3834368e,ds_16b6be697acb,01190,
00492,2020-10-22,2,3,12,21,24,38,100,2,38,36,2,4,5,1,1,9,9,3,14,1,14,1,ds_cbdf3834368e,ds_16b6be697acb,01190,
00493,2020-10-24,12,21,22,27,41,50,173,12,50,38,3,3,4,2,9,1,5,14,9,1,14,1,ds_cbdf3834368e,ds_16b6be697acb,01190,
00494,2020-10-27,3,31,33,36,38,39,180,3,39,36,4,2,1,5,28,2,3,2,1,1,28,1,ds_cbdf3834368e,ds_16b6be697acb,01190,
00495,2020-10-29,9,11,14,16,21,23,94,9,23,14,4,2,6,0,2,3,2,5,2,0,5,2,ds_cbdf3834368e,ds_16b6be697acb,01190,
00496,2020-10-31,8,18,19,20,43,54,162,8,54,46,2,4,4,2,10,1,1,23,11,2,23,1,ds_cbdf3834368e,ds_16b6be697acb,01190,
00497,2020-11-03,2,22,27,46,48,52,197,2,52,50,1,5,3,3,20,5,19,2,4,0,20,2,ds_cbdf3834368e,ds_16b6be697acb,01190,
00498,2020-11-05,1,2,6,18,34,51,112,1,51,50,2,4,4,2,1,4,12,16,17,1,17,1,ds_cbdf3834368e,ds_16b6be697acb,01190,
00499,2020-11-07,12,28,30,33,45,52,200,12,52,40,2,4,1,5,16,2,3,12,7,0,16,2,ds_cbdf3834368e,ds_16b6be697acb,01190,
00500,2020-11-10,2,5,19,39,48,53,166,2,53,51,4,2,3,3,3,14,20,9,5,0,20,3,ds_cbdf3834368e,ds_16b6be697acb,01190,
00501,2020-11-12,4,20,22,25,43,47,161,4,47,43,3,3,4,2,16,2,3,18,4,0,18,2,ds_cbdf3834368e,ds_16b6be697acb,01190,
00502,2020-11-14,5,11,15,34,44,48,157,5,48,43,3,3,3,3,6,4,19,10,4,0,19,4,ds_cbdf3834368e,ds_16b6be697acb,01190,
00503,2020-11-17,6,17,27,34,36,51,171,6,51,45,3,3,3,3,11,10,7,2,15,0,15,2,ds_cbdf3834368e,ds_16b6be697acb,01190,
00504,2020-11-19,12,15,23,28,45,48,171,12,48,36,3,3,3,3,3,8,5,17,3,0,17,3,ds_cbdf3834368e,ds_16b6be697acb,01190,
00505,2020-11-21,8,14,19,20,49,51,161,8,51,43,3,3,4,2,6,5,1,29,2,1,29,1,ds_cbdf3834368e,ds_16b6be697acb,01190,
00506,2020-11-24,4,7,19,20,22,53,125,4,53,49,3,3,5,1,3,12,1,2,31,1,31,1,ds_cbdf3834368e,ds_16b6be697acb,01190,
00507,2020-11-26,18,19,29,31,36,52,185,18,52,34,3,3,2,4,1,10,2,5,16,1,16,1,ds_cbdf3834368e,ds_16b6be697acb,01190,
00508,2020-11-28,1,20,36,44,45,49,195,1,49,48,3,3,2,4,19,16,8,1,4,1,19,1,ds_cbdf3834368e,ds_16b6be697acb,01190,
00509,2020-12-01,6,10,12,24,34,43,129,6,43,37,1,5,4,2,4,2,12,10,9,0,12,2,ds_cbdf3834368e,ds_16b6be697acb,01190,
00510,2020-12-03,5,19,32,41,42,45,184,5,45,40,4,2,2,4,14,13,9,1,3,1,14,1,ds_cbdf3834368e,ds_16b6be697acb,01190,
00511,2020-12-05,10,28,29,30,37,38,172,10,38,28,2,4,1,5,18,1,1,7,1,3,18,1,ds_cbdf3834368e,ds_16b6be697acb,01190,
00512,2020-12-08,2,17,32,33,38,45,167,2,45,43,3,3,2,4,15,15,1,5,7,1,15,1,ds_cbdf3834368e,ds_16b6be697acb,01190,
00513,2020-12-10,3,31,34,36,44,54,202,3,54,51,2,4,1,5,28,3,2,8,10,0,28,2,ds_cbdf3834368e,ds_16b6be697acb,01190,
00514,2020-12-12,3,14,32,36,41,46,172,3,46,43,2,4,2,4,11,18,4,5,5,0,18,4,ds_cbdf3834368e,ds_16b6be697acb,01190,
00515,2020-12-15,10,11,13,35,38,49,156,10,49,39,4,2,3,3,1,2,22,3,11,1,22,1,ds_cbdf3834368e,ds_16b6be697acb,01190,
00516,2020-12-17,15,25,27,35,40,48,190,15,48,33,4,2,3,3,10,2,8,5,8,0,10,2,ds_cbdf3834368e,ds_16b6be697acb,01190,
00517,2020-12-19,14,20,32,34,37,49,186,14,49,35,2,4,2,4,6,12,2,3,12,0,12,2,ds_cbdf3834368e,ds_16b6be697acb,01190,
00518,2020-12-22,10,11,16,29,35,38,139,10,38,28,3,3,3,3,1,5,13,6,3,1,13,1,ds_cbdf3834368e,ds_16b6be697acb,01190,
00519,2020-12-24,11,19,34,41,44,48,197,11,48,37,3,3,2,4,8,15,7,3,4,0,15,3,ds_cbdf3834368e,ds_16b6be697acb,01190,
00520,2020-12-26,1,24,33,41,43,51,193,1,51,50,5,1,2,4,23,9,8,2,8,0,23,2,ds_cbdf3834368e,ds_16b6be697acb,01190,
00521,2020-12-29,4,8,11,15,17,41,96,4,41,37,4,2,5,1,4,3,4,2,24,0,24,2,ds_cbdf3834368e,ds_16b6be697acb,01190,
00522,2020-12-31,2,15,25,27,37,51,157,2,51,49,5,1,4,2,13,10,2,10,14,0,14,2,ds_cbdf3834368e,ds_16b6be697acb,01190,
00523,2021-01-02,7,19,23,26,35,45,155,7,45,38,5,1,4,2,12,4,3,9,10,0,12,3,ds_cbdf3834368e,ds_16b6be697acb,01190,
00524,2021-01-05,5,7,9,22,42,54,139,5,54,49,3,3,4,2,2,2,13,20,12,0,20,2,ds_cbdf3834368e,ds_16b6be697acb,01190,
00525,2021-01-07,7,11,22,38,48,51,177,7,51,44,3,3,3,3,4,11,16,10,3,0,16,3,ds_cbdf3834368e,ds_16b6be697acb,01190,
00526,2021-01-09,10,19,24,29,46,48,176,10,48,38,2,4,3,3,9,5,5,17,2,0,17,2,ds_cbdf3834368e,ds_16b6be697acb,01190,
00527,2021-01-12,19,23,29,34,44,53,202,19,53,34,4,2,2,4,4,6,5,10,9,0,10,4,ds_cbdf3834368e,ds_16b6be697acb,01190,
00528,2021-01-14,1,4,42,44,46,50,187,1,50,49,1,5,2,4,3,38,2,2,4,0,38,2,ds_cbdf3834368e,ds_16b6be697acb,01190,
00529,2021-01-16,13,15,28,29,32,44,161,13,44,31,3,3,2,4,2,13,1,3,12,1,13,1,ds_cbdf3834368e,ds_16b6be697acb,01190,
00530,2021-01-19,5,22,25,43,48,53,196,5,53,48,4,2,3,3,17,3,18,5,5,0,18,3,ds_cbdf3834368e,ds_16b6be697acb,01190,
00531,2021-01-21,9,20,22,31,47,52,181,9,52,43,3,3,3,3,11,2,9,16,5,0,16,2,ds_cbdf3834368e,ds_16b6be697acb,01190,
00532,2021-01-23,12,31,39,41,45,55,223,12,55,43,5,1,1,5,19,8,2,4,10,0,19,2,ds_cbdf3834368e,ds_16b6be697acb,01190,
00533,2021-01-26,7,16,32,42,44,47,188,7,47,40,2,4,2,4,9,16,10,2,3,0,16,2,ds_cbdf3834368e,ds_16b6be697acb,01190,
00534,2021-01-28,3,4,16,34,40,55,152,3,55,52,2,4,3,3,1,12,18,6,15,1,18,1,ds_cbdf3834368e,ds_16b6be697acb,01190,
00535,2021-01-30,2,7,17,18,21,29,94,2,29,27,4,2,5,1,5,10,1,3,8,1,10,1,ds_cbdf3834368e,ds_16b6be697acb,01190,
00536,2021-02-02,4,13,31,36,40,54,178,4,54,50,2,4,2,4,9,18,5,4,14,0,18,4,ds_cbdf3834368e,ds_16b6be697acb,01190,
00537,2021-02-04,28,43,44,50,51,53,269,28,53,25,3,3,0,6,15,1,6,1,2,2,15,1,ds_cbdf3834368e,ds_16b6be697acb,01190,
00538,2021-02-06,6,22,32,33,35,53,181,6,53,47,3,3,2,4,16,10,1,2,18,1,18,1,ds_cbdf3834368e,ds_16b6be697acb,01190,
00539,2021-02-09,15,20,21,29,31,41,157,15,41,26,5,1,3,3,5,1,8,2,10,1,10,1,ds_cbdf3834368e,ds_16b6be697acb,01190,
00540,2021-02-13,3,11,14,31,34,42,135,3,42,39,3,3,3,3,8,3,17,3,8,0,17,3,ds_cbdf3834368e,ds_16b6be697acb,01190,
00541,2021-02-16,4,10,11,21,23,44,113,4,44,40,3,3,5,1,6,1,10,2,21,1,21,1,ds_cbdf3834368e,ds_16b6be697acb,01190,
00542,2021-02-18,2,5,10,22,26,47,112,2,47,45,2,4,5,1,3,5,12,4,21,0,21,3,ds_cbdf3834368e,ds_16b6be697acb,01190,
00543,2021-02-20,1,2,4,32,34,39,112,1,39,38,2,4,3,3,1,2,28,2,5,1,28,1,ds_cbdf3834368e,ds_16b6be697acb,01190,
00544,2021-02-23,16,19,21,23,30,48,157,16,48,32,3,3,4,2,3,2,2,7,18,0,18,2,ds_cbdf3834368e,ds_16b6be697acb,01190,
00545,2021-02-25,9,19,32,40,45,51,196,9,51,42,4,2,2,4,10,13,8,5,6,0,13,5,ds_cbdf3834368e,ds_16b6be697acb,01190,
00546,2021-02-27,6,11,24,30,50,52,173,6,52,46,1,5,3,3,5,13,6,20,2,0,20,2,ds_cbdf3834368e,ds_16b6be697acb,01190,
00547,2021-03-02,23,29,45,46,49,51,243,23,51,28,5,1,1,5,6,16,1,3,2,1,16,1,ds_cbdf3834368e,ds_16b6be697acb,01190,
00548,2021-03-04,2,9,21,23,33,41,129,2,41,39,5,1,4,2,7,12,2,10,8,0,12,2,ds_cbdf3834368e,ds_16b6be697acb,01190,
00549,2021-03-06,18,24,34,39,46,55,216,18,55,37,2,4,2,4,6,10,5,7,9,0,10,5,ds_cbdf3834368e,ds_16b6be697acb,01190,
00550,2021-03-09,15,18,29,35,47,54,198,15,54,39,4,2,2,4,3,11,6,12,7,0,12,3,ds_cbdf3834368e,ds_16b6be697acb,01190,
00551,2021-03-11,4,5,12,25,43,44,133,4,44,40,3,3,4,2,1,7,13,18,1,2,18,1,ds_cbdf3834368e,ds_16b6be697acb,01190,
00552,2021-03-13,7,19,20,23,36,55,160,7,55,48,4,2,4,2,12,1,3,13,19,1,19,1,ds_cbdf3834368e,ds_16b6be697acb,01190,
00553,2021-03-16,3,31,45,46,49,54,228,3,54,51,4,2,1,5,28,14,1,3,5,1,28,1,ds_cbdf3834368e,ds_16b6be697acb,01190,
00554,2021-03-18,17,24,38,41,46,54,220,17,54,37,2,4,2,4,7,14,3,5,8,0,14,3,ds_cbdf3834368e,ds_16b6be697acb,01190,
00555,2021-03-20,16,18,20,25,35,36,150,16,36,20,2,4,4,2,2,2,5,10,1,1,10,1,ds_cbdf3834368e,ds_16b6be697acb,01190,
00556,2021-03-23,9,13,17,33,34,53,159,9,53,44,5,1,3,3,4,4,16,1,19,1,19,1,ds_cbdf3834368e,ds_16b6be697acb,01190,
00557,2021-03-25,19,20,24,29,36,39,167,19,39,20,3,3,3,3,1,4,5,7,3,1,7,1,ds_cbdf3834368e,ds_16b6be697acb,01190,
00558,2021-03-27,5,11,17,20,26,37,116,5,37,32,4,2,5,1,6,6,3,6,11,0,11,3,ds_cbdf3834368e,ds_16b6be697acb,01190,
00559,2021-03-30,2,11,17,19,47,51,147,2,51,49,5,1,4,2,9,6,2,28,4,0,28,2,ds_cbdf3834368e,ds_16b6be697acb,01190,
00560,2021-04-01,13,18,24,34,38,54,181,13,54,41,1,5,3,3,5,6,10,4,16,0,16,4,ds_cbdf3834368e,ds_16b6be697acb,01190,
00561,2021-04-03,2,4,34,38,41,55,174,2,55,53,2,4,2,4,2,30,4,3,14,0,30,2,ds_cbdf3834368e,ds_16b6be697acb,01190,
00562,2021-04-06,27,33,34,38,46,48,226,27,48,21,2,4,1,5,6,1,4,8,2,1,8,1,ds_cbdf3834368e,ds_16b6be697acb,01190,
00563,2021-04-08,8,11,16,22,28,30,115,8,30,22,1,5,4,2,3,5,6,6,2,0,6,2,ds_cbdf3834368e,ds_16b6be697acb,01190,
00564,2021-04-10,12,13,16,17,27,47,132,12,47,35,4,2,5,1,1,3,1,10,20,2,20,1,ds_cbdf3834368e,ds_16b6be697acb,01190,
00565,2021-04-13,25,33,39,45,49,55,246,25,55,30,6,0,1,5,8,6,6,4,6,0,8,4,ds_cbdf3834368e,ds_16b6be697acb,01190,
00566,2021-04-15,5,8,27,42,47,51,180,5,51,46,4,2,3,3,3,19,15,5,4,0,19,3,ds_cbdf3834368e,ds_16b6be697acb,01190,
00567,2021-04-17,4,15,16,29,42,46,152,4,46,42,2,4,3,3,11,1,13,13,4,1,13,1,ds_cbdf3834368e,ds_16b6be697acb,01190,
00568,2021-04-20,18,25,38,43,47,51,222,18,51,33,4,2,2,4,7,13,5,4,4,0,13,4,ds_cbdf3834368e,ds_16b6be697acb,01190,
00569,2021-04-22,5,11,17,25,39,48,145,5,48,43,5,1,4,2,6,6,8,14,9,0,14,6,ds_cbdf3834368e,ds_16b6be697acb,01190,
00570,2021-04-24,1,4,5,21,25,44,100,1,44,43,4,2,5,1,3,1,16,4,19,1,19,1,ds_cbdf3834368e,ds_16b6be697acb,01190,
00571,2021-04-27,3,9,22,26,32,37,129,3,37,34,3,3,4,2,6,13,4,6,5,0,13,4,ds_cbdf3834368e,ds_16b6be697acb,01190,
00572,2021-04-29,3,9,23,33,42,44,154,3,44,41,4,2,3,3,6,14,10,9,2,0,14,2,ds_cbdf3834368e,ds_16b6be697acb,01190,
00573,2021-05-01,3,7,14,22,41,42,129,3,42,39,3,3,4,2,4,7,8,19,1,1,19,1,ds_cbdf3834368e,ds_16b6be697acb,01190,
00574,2021-05-04,7,24,45,48,49,53,226,7,53,46,4,2,2,4,17,21,3,1,4,1,21,1,ds_cbdf3834368e,ds_16b6be697acb,01190,
00575,2021-05-06,15,19,24,31,44,53,186,15,53,38,4,2,3,3,4,5,7,13,9,0,13,4,ds_cbdf3834368e,ds_16b6be697acb,01190,
00576,2021-05-08,14,23,26,37,42,51,193,14,51,37,3,3,3,3,9,3,11,5,9,0,11,3,ds_cbdf3834368e,ds_16b6be697acb,01190,
00577,2021-05-11,1,14,41,44,46,53,199,1,53,52,3,3,2,4,13,27,3,2,7,0,27,2,ds_cbdf3834368e,ds_16b6be697acb,01190,
00578,2021-05-13,13,24,25,35,39,41,177,13,41,28,5,1,3,3,11,1,10,4,2,1,11,1,ds_cbdf3834368e,ds_16b6be697acb,01190,
00579,2021-05-15,1,5,6,13,23,27,75,1,27,26,5,1,6,0,4,1,7,10,4,1,10,1,ds_cbdf3834368e,ds_16b6be697acb,01190,
00580,2021-05-18,6,7,22,32,38,47,152,6,47,41,2,4,3,3,1,15,10,6,9,1,15,1,ds_cbdf3834368e,ds_16b6be697acb,01190,
00581,2021-05-20,7,10,12,19,42,54,144,7,54,47,2,4,4,2,3,2,7,23,12,0,23,2,ds_cbdf3834368e,ds_16b6be697acb,01190,
00582,2021-05-22,15,27,37,45,46,52,222,15,52,37,4,2,2,4,12,10,8,1,6,1,12,1,ds_cbdf3834368e,ds_16b6be697acb,01190,
00583,2021-05-25,6,10,33,35,36,43,163,6,43,37,3,3,2,4,4,23,2,1,7,1,23,1,ds_cbdf3834368e,ds_16b6be697acb,01190,
00584,2021-05-27,3,7,18,22,40,46,136,3,46,43,2,4,4,2,4,11,4,18,6,0,18,4,ds_cbdf3834368e,ds_16b6be697acb,01190,
00585,2021-05-29,2,11,31,37,43,55,179,2,55,53,5,1,2,4,9,20,6,6,12,0,20,6,ds_cbdf3834368e,ds_16b6be697acb,01190,
00586,2021-06-01,6,12,14,27,43,45,147,6,45,39,3,3,4,2,6,2,13,16,2,0,16,2,ds_cbdf3834368e,ds_16b6be697acb,01190,
00587,2021-06-03,4,8,21,24,26,47,130,4,47,43,2,4,5,1,4,13,3,2,21,0,21,2,ds_cbdf3834368e,ds_16b6be697acb,01190,
00588,2021-06-05,14,22,25,39,41,52,193,14,52,38,3,3,3,3,8,3,14,2,11,0,14,2,ds_cbdf3834368e,ds_16b6be697acb,01190,
00589,2021-06-08,16,28,33,41,42,54,214,16,54,38,2,4,1,5,12,5,8,1,12,1,12,1,ds_cbdf3834368e,ds_16b6be697acb,01190,
00590,2021-06-10,11,22,24,27,43,54,181,11,54,43,3,3,4,2,11,2,3,16,11,0,16,2,ds_cbdf3834368e,ds_16b6be697acb,01190,
00591,2021-06-12,4,16,17,20,27,44,128,4,44,40,2,4,5,1,12,1,3,7,17,1,17,1,ds_cbdf3834368e,ds_16b6be697acb,01190,
00592,2021-06-15,11,18,21,22,30,55,157,11,55,44,3,3,4,2,7,3,1,8,25,1,25,1,ds_cbdf3834368e,ds_16b6be697acb,01190,
00593,2021-06-17,18,23,38,41,44,55,219,18,55,37,3,3,2,4,5,15,3,3,11,0,15,3,ds_cbdf3834368e,ds_16b6be697acb,01190,
00594,2021-06-19,1,3,7,13,28,45,97,1,45,44,5,1,4,2,2,4,6,15,17,0,17,2,ds_cbdf3834368e,ds_16b6be697acb,01190,
00595,2021-06-22,3,9,32,33,41,43,161,3,43,40,5,1,2,4,6,23,1,8,2,1,23,1,ds_cbdf3834368e,ds_16b6be697acb,01190,
00596,2021-06-24,3,16,17,24,41,44,145,3,44,41,3,3,4,2,13,1,7,17,3,1,17,1,ds_cbdf3834368e,ds_16b6be697acb,01190,
00597,2021-06-26,6,16,17,20,49,52,160,6,52,46,2,4,4,2,10,1,3,29,3,1,29,1,ds_cbdf3834368e,ds_16b6be697acb,01190,
00598,2021-06-29,5,14,24,36,44,55,178,5,55,50,2,4,3,3,9,10,12,8,11,0,12,8,ds_cbdf3834368e,ds_16b6be697acb,01190,
00599,2021-07-01,4,15,28,30,49,52,178,4,52,48,2,4,2,4,11,13,2,19,3,0,19,2,ds_cbdf3834368e,ds_16b6be697acb,01190,
00600,2021-07-03,4,25,30,38,50,55,202,4,55,51,2,4,2,4,21,5,8,12,5,0,21,5,ds_cbdf3834368e,ds_16b6be697acb,01190,
00601,2021-07-06,17,20,22,24,30,54,167,17,54,37,1,5,4,2,3,2,2,6,24,0,24,2,ds_cbdf3834368e,ds_16b6be697acb,01190,
00602,2021-07-08,3,32,34,42,44,54,209,3,54,51,1,5,1,5,29,2,8,2,10,0,29,2,ds_cbdf3834368e,ds_16b6be697acb,01190,
00603,2021-07-10,7,8,17,37,47,48,164,7,48,41,4,2,3,3,1,9,20,10,1,2,20,1,ds_cbdf3834368e,ds_16b6be697acb,01190,
00604,2021-07-13,5,11,18,27,34,43,138,5,43,38,4,2,4,2,6,7,9,7,9,0,9,6,ds_cbdf3834368e,ds_16b6be697acb,01190,
00605,2021-07-15,3,4,12,16,30,50,115,3,50,47,1,5,4,2,1,8,4,14,20,1,20,1,ds_cbdf3834368e,ds_16b6be697acb,01190,
00606,2021-07-17,2,7,11,21,31,42,114,2,42,40,4,2,4,2,5,4,10,10,11,0,11,4,ds_cbdf3834368e,ds_16b6be697acb,01190,
00607,2021-07-20,2,8,11,13,17,26,77,2,26,24,3,3,6,0,6,3,2,4,9,0,9,2,ds_cbdf3834368e,ds_16b6be697acb,01190,
00608,2021-07-22,2,20,24,39,46,53,184,2,53,51,2,4,3,3,18,4,15,7,7,0,18,4,ds_cbdf3834368e,ds_16b6be697acb,01190,
00609,2021-08-19,5,9,12,20,43,51,140,5,51,46,4,2,4,2,4,3,8,23,8,0,23,3,ds_cbdf3834368e,ds_16b6be697acb,01190,
00610,2021-08-21,22,24,27,37,38,48,196,22,48,26,2,4,3,3,2,3,10,1,10,1,10,1,ds_cbdf3834368e,ds_16b6be697acb,01190,
00611,2021-08-24,2,4,7,18,30,35,96,2,35,33,2,4,4,2,2,3,11,12,5,0,12,2,ds_cbdf3834368e,ds_16b6be697acb,01190,
00612,2021-08-26,11,13,20,51,53,55,203,11,55,44,5,1,3,3,2,7,31,2,2,0,31,2,ds_cbdf3834368e,ds_16b6be697acb,01190,
00613,2021-08-28,10,16,26,27,34,48,161,10,48,38,1,5,4,2,6,10,1,7,14,1,14,1,ds_cbdf3834368e,ds_16b6be697acb,01190,
00614,2021-08-31,7,20,37,47,51,53,215,7,53,46,5,1,2,4,13,17,10,4,2,0,17,2,ds_cbdf3834368e,ds_16b6be697acb,01190,
00615,2021-09-02,1,8,12,26,28,45,120,1,45,44,2,4,4,2,7,4,14,2,17,0,17,2,ds_cbdf3834368e,ds_16b6be697acb,01190,
00616,2021-09-04,11,12,32,42,43,51,191,11,51,40,3,3,2,4,1,20,10,1,8,2,20,1,ds_cbdf3834368e,ds_16b6be697acb,01190,
00617,2021-09-07,19,30,35,43,47,55,229,19,55,36,5,1,1,5,11,5,8,4,8,0,11,4,ds_cbdf3834368e,ds_16b6be697acb,01190,
00618,2021-09-09,6,8,10,23,39,44,130,6,44,38,2,4,4,2,2,2,13,16,5,0,16,2,ds_cbdf3834368e,ds_16b6be697acb,01190,
00619,2021-09-11,8,17,20,36,39,44,164,8,44,36,2,4,3,3,9,3,16,3,5,0,16,3,ds_cbdf3834368e,ds_16b6be697acb,01190,
00620,2021-09-14,17,22,30,40,43,44,196,17,44,27,2,4,2,4,5,8,10,3,1,1,10,1,ds_cbdf3834368e,ds_16b6be697acb,01190,
00621,2021-09-16,10,16,40,43,45,46,200,10,46,36,2,4,2,4,6,24,3,2,1,1,24,1,ds_cbdf3834368e,ds_16b6be697acb,01190,
00622,2021-09-18,3,14,15,21,47,52,152,3,52,49,4,2,4,2,11,1,6,26,5,1,26,1,ds_cbdf3834368e,ds_16b6be697acb,01190,
00623,2021-09-21,15,24,25,40,42,50,196,15,50,35,2,4,3,3,9,1,15,2,8,1,15,1,ds_cbdf3834368e,ds_16b6be697acb,01190,
00624,2021-09-23,6,7,21,25,27,49,135,6,49,43,5,1,5,1,1,14,4,2,22,1,22,1,ds_cbdf3834368e,ds_16b6be697acb,01190,
00625,2021-09-25,7,20,27,43,48,51,196,7,51,44,4,2,3,3,13,7,16,5,3,0,16,3,ds_cbdf3834368e,ds_16b6be697acb,01190,
00626,2021-09-28,7,22,25,40,49,50,193,7,50,43,3,3,3,3,15,3,15,9,1,1,15,1,ds_cbdf3834368e,ds_16b6be697acb,01190,
00627,2021-09-30,18,23,26,32,46,49,194,18,49,31,2,4,3,3,5,3,6,14,3,0,14,3,ds_cbdf3834368e,ds_16b6be697acb,01190,
00628,2021-10-02,5,6,22,26,49,51,159,5,51,46,3,3,4,2,1,16,4,23,2,1,23,1,ds_cbdf3834368e,ds_16b6be697acb,01190,
00629,2021-10-05,11,16,17,19,38,43,144,11,43,32,4,2,4,2,5,1,2,19,5,1,19,1,ds_cbdf3834368e,ds_16b6be697acb,01190,
00630,2021-10-07,6,15,21,24,45,55,166,6,55,49,4,2,4,2,9,6,3,21,10,0,21,3,ds_cbdf3834368e,ds_16b6be697acb,01190,
00631,2021-10-09,1,22,25,38,39,54,179,1,54,53,3,3,3,3,21,3,13,1,15,1,21,1,ds_cbdf3834368e,ds_16b6be697acb,01190,
00632,2021-10-12,14,17,31,33,42,50,187,14,50,36,3,3,2,4,3,14,2,9,8,0,14,2,ds_cbdf3834368e,ds_16b6be697acb,01190,
00633,2021-10-14,9,21,24,30,41,44,169,9,44,35,3,3,3,3,12,3,6,11,3,0,12,3,ds_cbdf3834368e,ds_16b6be697acb,01190,
00634,2021-10-16,9,17,22,28,50,55,181,9,55,46,3,3,3,3,8,5,6,22,5,0,22,5,ds_cbdf3834368e,ds_16b6be697acb,01190,
00635,2021-10-19,3,9,25,29,46,50,162,3,50,47,4,2,3,3,6,16,4,17,4,0,17,4,ds_cbdf3834368e,ds_16b6be697acb,01190,
00636,2021-10-21,3,19,32,36,41,51,182,3,51,48,4,2,2,4,16,13,4,5,10,0,16,4,ds_cbdf3834368e,ds_16b6be697acb,01190,
00637,2021-10-23,5,11,19,26,28,33,122,5,33,28,4,2,4,2,6,8,7,2,5,0,8,2,ds_cbdf3834368e,ds_16b6be697acb,01190,
00638,2021-10-26,21,24,29,34,39,53,200,21,53,32,4,2,2,4,3,5,5,5,14,0,14,3,ds_cbdf3834368e,ds_16b6be697acb,01190,
00639,2021-10-28,2,4,6,13,31,35,91,2,35,33,3,3,4,2,2,2,7,18,4,0,18,2,ds_cbdf3834368e,ds_16b6be697acb,01190,
00640,2021-10-30,31,36,40,44,50,53,254,31,53,22,2,4,0,6,5,4,4,6,3,0,6,3,ds_cbdf3834368e,ds_16b6be697acb,01190,
00641,2021-11-02,37,38,42,46,47,55,265,37,55,18,3,3,0,6,1,4,4,1,8,2,8,1,ds_cbdf3834368e,ds_16b6be697acb,01190,
00642,2021-11-04,5,10,15,31,32,50,143,5,50,45,3,3,3,3,5,5,16,1,18,1,18,1,ds_cbdf3834368e,ds_16b6be697acb,01190,
00643,2021-11-06,23,31,41,48,49,51,243,23,51,28,5,1,1,5,8,10,7,1,2,1,10,1,ds_cbdf3834368e,ds_16b6be697acb,01190,
00644,2021-11-09,12,25,26,47,51,53,214,12,53,41,4,2,3,3,13,1,21,4,2,1,21,1,ds_cbdf3834368e,ds_16b6be697acb,01190,
00645,2021-11-11,3,35,37,41,45,49,210,3,49,46,6,0,1,5,32,2,4,4,4,0,32,2,ds_cbdf3834368e,ds_16b6be697acb,01190,
00646,2021-11-13,18,22,29,33,46,48,196,18,48,30,2,4,2,4,4,7,4,13,2,0,13,2,ds_cbdf3834368e,ds_16b6be697acb,01190,
00647,2021-11-16,8,19,27,34,46,51,185,8,51,43,3,3,3,3,11,8,7,12,5,0,12,5,ds_cbdf3834368e,ds_16b6be697acb,01190,
00648,2021-11-18,18,30,32,37,39,40,196,18,40,22,2,4,1,5,12,2,5,2,1,1,12,1,ds_cbdf3834368e,ds_16b6be697acb,01190,
00649,2021-11-20,6,10,29,30,31,51,157,6,51,45,3,3,2,4,4,19,1,1,20,2,20,1,ds_cbdf3834368e,ds_16b6be697acb,01190,
00650,2021-11-23,5,7,9,28,38,55,142,5,55,50,4,2,3,3,2,2,19,10,17,0,19,2,ds_cbdf3834368e,ds_16b6be697acb,01190,
00651,2021-11-25,16,18,24,29,33,41,161,16,41,25,3,3,3,3,2,6,5,4,8,0,8,2,ds_cbdf3834368e,ds_16b6be697acb,01190,
00652,2021-11-27,2,5,7,21,31,37,103,2,37,35,5,1,4,2,3,2,14,10,6,0,14,2,ds_cbdf3834368e,ds_16b6be697acb,01190,
00653,2021-11-30,12,21,23,28,33,46,163,12,46,34,3,3,3,3,9,2,5,5,13,0,13,2,ds_cbdf3834368e,ds_16b6be697acb,01190,
00654,2021-12-02,6,23,28,31,44,48,180,6,48,42,2,4,2,4,17,5,3,13,4,0,17,3,ds_cbdf3834368e,ds_16b6be697acb,01190,
00655,2021-12-04,7,9,31,32,36,49,164,7,49,42,4,2,2,4,2,22,1,4,13,1,22,1,ds_cbdf3834368e,ds_16b6be697acb,01190,
00656,2021-12-07,4,6,22,32,34,53,151,4,53,49,1,5,3,3,2,16,10,2,19,0,19,2,ds_cbdf3834368e,ds_16b6be697acb,01190,
00657,2021-12-09,3,14,33,40,41,50,181,3,50,47,3,3,2,4,11,19,7,1,9,1,19,1,ds_cbdf3834368e,ds_16b6be697acb,01190,
00658,2021-12-11,8,13,17,22,42,51,153,8,51,43,3,3,4,2,5,4,5,20,9,0,20,4,ds_cbdf3834368e,ds_16b6be697acb,01190,
00659,2021-12-14,10,16,19,24,39,50,158,10,50,40,2,4,4,2,6,3,5,15,11,0,15,3,ds_cbdf3834368e,ds_16b6be697acb,01190,
00660,2021-12-16,19,24,30,41,43,49,206,19,49,30,4,2,2,4,5,6,11,2,6,0,11,2,ds_cbdf3834368e,ds_16b6be697acb,01190,
00661,2021-12-18,4,6,19,26,38,41,134,4,41,37,2,4,4,2,2,13,7,12,3,0,13,2,ds_cbdf3834368e,ds_16b6be697acb,01190,
00662,2021-12-21,23,25,28,49,52,54,231,23,54,31,3,3,2,4,2,3,21,3,2,0,21,2,ds_cbdf3834368e,ds_16b6be697acb,01190,
00663,2021-12-23,8,22,29,43,45,54,201,8,54,46,3,3,2,4,14,7,14,2,9,0,14,2,ds_cbdf3834368e,ds_16b6be697acb,01190,
00664,2021-12-25,6,8,23,25,33,35,130,6,35,29,4,2,4,2,2,15,2,8,2,0,15,2,ds_cbdf3834368e,ds_16b6be697acb,01190,
00665,2021-12-28,3,8,9,40,44,48,152,3,48,45,2,4,3,3,5,1,31,4,4,1,31,1,ds_cbdf3834368e,ds_16b6be697acb,01190,
00666,2021-12-30,9,25,27,32,37,46,176,9,46,37,4,2,3,3,16,2,5,5,9,0,16,2,ds_cbdf3834368e,ds_16b6be697acb,01190,
00667,2022-01-01,4,25,28,32,33,55,177,4,55,51,3,3,2,4,21,3,4,1,22,1,22,1,ds_cbdf3834368e,ds_16b6be697acb,01190,
00668,2022-01-04,11,17,22,28,39,49,166,11,49,38,4,2,3,3,6,5,6,11,10,0,11,5,ds_cbdf3834368e,ds_16b6be697acb,01190,
00669,2022-01-06,4,8,14,21,30,49,126,4,49,45,2,4,4,2,4,6,7,9,19,0,19,4,ds_cbdf3834368e,ds_16b6be697acb,01190,
00670,2022-01-08,6,17,37,41,48,50,199,6,50,44,3,3,2,4,11,20,4,7,2,0,20,2,ds_cbdf3834368e,ds_16b6be697acb,01190,
00671,2022-01-11,12,25,26,28,33,46,170,12,46,34,2,4,3,3,13,1,2,5,13,1,13,1,ds_cbdf3834368e,ds_16b6be697acb,01190,
00672,2022-01-13,7,12,17,26,37,46,145,7,46,39,3,3,4,2,5,5,9,11,9,0,11,5,ds_cbdf3834368e,ds_16b6be697acb,01190,
00673,2022-01-15,20,26,41,46,47,48,228,20,48,28,2,4,2,4,6,15,5,1,1,2,15,1,ds_cbdf3834368e,ds_16b6be697acb,01190,
00674,2022-01-18,6,15,16,33,41,43,154,6,43,37,4,2,3,3,9,1,17,8,2,1,17,1,ds_cbdf3834368e,ds_16b6be697acb,01190,
00675,2022-01-20,8,21,32,34,41,46,182,8,46,38,2,4,2,4,13,11,2,7,5,0,13,2,ds_cbdf3834368e,ds_16b6be697acb,01190,
00676,2022-01-22,2,6,16,29,37,42,132,2,42,40,2,4,3,3,4,10,13,8,5,0,13,4,ds_cbdf3834368e,ds_16b6be697acb,01190,
00677,2022-01-25,2,16,17,20,31,51,137,2,51,49,3,3,4,2,14,1,3,11,20,1,20,1,ds_cbdf3834368e,ds_16b6be697acb,01190,
00678,2022-01-27,1,26,31,36,40,46,180,1,46,45,2,4,2,4,25,5,5,4,6,0,25,4,ds_cbdf3834368e,ds_16b6be697acb,01190,
00679,2022-01-29,6,10,17,23,25,38,119,6,38,32,3,3,5,1,4,7,6,2,13,0,13,2,ds_cbdf3834368e,ds_16b6be697acb,01190,
00680,2022-02-03,13,18,22,35,42,43,173,13,43,30,3,3,3,3,5,4,13,7,1,1,13,1,ds_cbdf3834368e,ds_16b6be697acb,01190,
00681,2022-02-05,1,17,23,29,44,45,159,1,45,44,5,1,3,3,16,6,6,15,1,1,16,1,ds_cbdf3834368e,ds_16b6be697acb,01190,
00682,2022-02-08,12,15,21,28,32,40,148,12,40,28,2,4,3,3,3,6,7,4,8,0,8,3,ds_cbdf3834368e,ds_16b6be697acb,01190,
00683,2022-02-10,3,15,26,35,43,52,174,3,52,49,4,2,3,3,12,11,9,8,9,0,12,8,ds_cbdf3834368e,ds_16b6be697acb,01190,
00684,2022-02-12,4,8,12,42,44,51,161,4,51,47,1,5,3,3,4,4,30,2,7,0,30,2,ds_cbdf3834368e,ds_16b6be697acb,01190,
00685,2022-02-15,5,7,14,24,29,36,115,5,36,31,3,3,4,2,2,7,10,5,7,0,10,2,ds_cbdf3834368e,ds_16b6be697acb,01190,
00686,2022-02-17,5,24,40,42,46,54,211,5,54,49,1,5,2,4,19,16,2,4,8,0,19,2,ds_cbdf3834368e,ds_16b6be697acb,01190,
00687,2022-02-19,1,11,14,33,46,48,153,1,48,47,3,3,3,3,10,3,19,13,2,0,19,2,ds_cbdf3834368e,ds_16b6be697acb,01190,
00688,2022-02-22,9,16,19,23,25,39,131,9,39,30,5,1,5,1,7,3,4,2,14,0,14,2,ds_cbdf3834368e,ds_16b6be697acb,01190,
00689,2022-02-24,2,15,25,30,31,32,135,2,32,30,3,3,3,3,13,10,5,1,1,2,13,1,ds_cbdf3834368e,ds_16b6be697acb,01190,
00690,2022-02-26,5,8,30,36,49,51,179,5,51,46,3,3,2,4,3,22,6,13,2,0,22,2,ds_cbdf3834368e,ds_16b6be697acb,01190,
00691,2022-03-01,15,19,25,42,51,53,205,15,53,38,5,1,3,3,4,6,17,9,2,0,17,2,ds_cbdf3834368e,ds_16b6be697acb,01190,
00692,2022-03-03,4,10,16,25,26,43,124,4,43,39,2,4,5,1,6,6,9,1,17,1,17,1,ds_cbdf3834368e,ds_16b6be697acb,01190,
00693,2022-03-05,5,12,15,25,43,48,148,5,48,43,4,2,4,2,7,3,10,18,5,0,18,3,ds_cbdf3834368e,ds_16b6be697acb,01190,
00694,2022-03-08,3,23,25,39,47,48,185,3,48,45,5,1,3,3,20,2,14,8,1,1,20,1,ds_cbdf3834368e,ds_16b6be697acb,01190,
00695,2022-03-10,1,3,8,16,19,36,83,1,36,35,3,3,5,1,2,5,8,3,17,0,17,2,ds_cbdf3834368e,ds_16b6be697acb,01190,
00696,2022-03-12,12,16,18,26,30,45,147,12,45,33,1,5,4,2,4,2,8,4,15,0,15,2,ds_cbdf3834368e,ds_16b6be697acb,01190,
00697,2022-03-15,6,14,24,28,33,52,157,6,52,46,1,5,3,3,8,10,4,5,19,0,19,4,ds_cbdf3834368e,ds_16b6be697acb,01190,
00698,2022-03-17,1,6,12,21,37,49,126,1,49,48,4,2,4,2,5,6,9,16,12,0,16,5,ds_cbdf3834368e,ds_16b6be697acb,01190,
00699,2022-03-19,8,20,24,37,51,55,195,8,55,47,3,3,3,3,12,4,13,14,4,0,14,4,ds_cbdf3834368e,ds_16b6be697acb,01190,
00700,2022-03-22,1,14,18,28,47,49,157,1,49,48,3,3,3,3,13,4,10,19,2,0,19,2,ds_cbdf3834368e,ds_16b6be697acb,01190,
00701,2022-03-24,5,9,16,35,45,46,156,5,46,41,4,2,3,3,4,7,19,10,1,1,19,1,ds_cbdf3834368e,ds_16b6be697acb,01190,
00702,2022-03-26,1,6,16,30,34,55,142,1,55,54,2,4,3,3,5,10,14,4,21,0,21,4,ds_cbdf3834368e,ds_16b6be697acb,01190,
00703,2022-03-29,5,11,32,35,40,52,175,5,52,47,3,3,2,4,6,21,3,5,12,0,21,3,ds_cbdf3834368e,ds_16b6be697acb,01190,
00704,2022-03-31,5,24,34,39,42,49,193,5,49,44,3,3,2,4,19,10,5,3,7,0,19,3,ds_cbdf3834368e,ds_16b6be697acb,01190,
00705,2022-04-02,32,38,42,44,47,55,258,32,55,23,2,4,0,6,6,4,2,3,8,0,8,2,ds_cbdf3834368e,ds_16b6be697acb,01190,
00706,2022-04-05,5,18,26,36,43,44,172,5,44,39,2,4,3,3,13,8,10,7,1,1,13,1,ds_cbdf3834368e,ds_16b6be697acb,01190,
00707,2022-04-07,6,14,15,25,29,32,121,6,32,26,3,3,4,2,8,1,10,4,3,1,10,1,ds_cbdf3834368e,ds_16b6be697acb,01190,
00708,2022-04-09,2,3,19,28,42,45,139,2,45,43,3,3,3,3,1,16,9,14,3,1,16,1,ds_cbdf3834368e,ds_16b6be697acb,01190,
00709,2022-04-12,11,18,20,22,25,40,136,11,40,29,2,4,5,1,7,2,2,3,15,0,15,2,ds_cbdf3834368e,ds_16b6be697acb,01190,
00710,2022-04-14,1,5,9,34,37,45,131,1,45,44,5,1,3,3,4,4,25,3,8,0,25,3,ds_cbdf3834368e,ds_16b6be697acb,01190,
00711,2022-04-16,4,8,39,41,53,55,200,4,55,51,4,2,2,4,4,31,2,12,2,0,31,2,ds_cbdf3834368e,ds_16b6be697acb,01190,
00712,2022-04-19,2,7,13,28,29,34,113,2,34,32,3,3,3,3,5,6,15,1,5,1,15,1,ds_cbdf3834368e,ds_16b6be697acb,01190,
00713,2022-04-21,21,24,27,34,38,42,186,21,42,21,2,4,3,3,3,3,7,4,4,0,7,3,ds_cbdf3834368e,ds_16b6be697acb,01190,
00714,2022-04-23,3,27,36,41,49,55,211,3,55,52,5,1,2,4,24,9,5,8,6,0,24,5,ds_cbdf3834368e,ds_16b6be697acb,01190,
00715,2022-04-26,14,22,24,25,43,49,177,14,49,35,3,3,4,2,8,2,1,18,6,1,18,1,ds_cbdf3834368e,ds_16b6be697acb,01190,
00716,2022-04-28,8,24,25,32,37,44,170,8,44,36,2,4,3,3,16,1,7,5,7,1,16,1,ds_cbdf3834368e,ds_16b6be697acb,01190,
00717,2022-04-30,11,23,51,52,53,54,244,11,54,43,4,2,2,4,12,28,1,1,1,3,28,1,ds_cbdf3834368e,ds_16b6be697acb,01190,
00718,2022-05-03,1,22,38,48,49,53,211,1,53,52,3,3,2,4,21,16,10,1,4,1,21,1,ds_cbdf3834368e,ds_16b6be697acb,01190,
00719,2022-05-05,27,29,33,39,47,53,228,27,53,26,6,0,1,5,2,4,6,8,6,0,8,2,ds_cbdf3834368e,ds_16b6be697acb,01190,
00720,2022-05-07,15,32,33,36,43,46,205,15,46,31,3,3,1,5,17,1,3,7,3,1,17,1,ds_cbdf3834368e,ds_16b6be697acb,01190,
00721,2022-05-10,12,18,41,43,47,51,212,12,51,39,4,2,2,4,6,23,2,4,4,0,23,2,ds_cbdf3834368e,ds_16b6be697acb,01190,
00722,2022-05-12,9,18,24,43,44,50,188,9,50,41,2,4,3,3,9,6,19,1,6,1,19,1,ds_cbdf3834368e,ds_16b6be697acb,01190,
00723,2022-05-14,2,28,30,43,44,55,202,2,55,53,2,4,1,5,26,2,13,1,11,1,26,1,ds_cbdf3834368e,ds_16b6be697acb,01190,
00724,2022-05-17,11,17,25,29,45,48,175,11,48,37,5,1,3,3,6,8,4,16,3,0,16,3,ds_cbdf3834368e,ds_16b6be697acb,01190,
00725,2022-05-19,3,6,31,40,47,54,181,3,54,51,3,3,2,4,3,25,9,7,7,0,25,3,ds_cbdf3834368e,ds_16b6be697acb,01190,
00726,2022-05-21,19,32,38,40,45,48,222,19,48,29,2,4,1,5,13,6,2,5,3,0,13,2,ds_cbdf3834368e,ds_16b6be697acb,01190,
00727,2022-05-24,18,31,32,46,50,52,229,18,52,34,1,5,1,5,13,1,14,4,2,1,14,1,ds_cbdf3834368e,ds_16b6be697acb,01190,
00728,2022-05-26,4,30,32,39,41,53,199,4,53,49,3,3,1,5,26,2,7,2,12,0,26,2,ds_cbdf3834368e,ds_16b6be697acb,01190,
00729,2022-05-28,33,36,38,42,43,46,238,33,46,13,2,4,0,6,3,2,4,1,3,1,4,1,ds_cbdf3834368e,ds_16b6be697acb,01190,
00730,2022-05-31,4,10,15,16,47,51,143,4,51,47,3,3,4,2,6,5,1,31,4,1,31,1,ds_cbdf3834368e,ds_16b6be697acb,01190,
00731,2022-06-02,7,11,28,30,33,50,159,7,50,43,3,3,2,4,4,17,2,3,17,0,17,2,ds_cbdf3834368e,ds_16b6be697acb,01190,
00732,2022-06-04,3,17,27,30,34,49,160,3,49,46,4,2,3,3,14,10,3,4,15,0,15,3,ds_cbdf3834368e,ds_16b6be697acb,01190,
00733,2022-06-07,16,17,21,28,39,50,171,16,50,34,3,3,3,3,1,4,7,11,11,1,11,1,ds_cbdf3834368e,ds_16b6be697acb,01190,
00734,2022-06-09,30,31,35,43,48,50,237,30,50,20,3,3,0,6,1,4,8,5,2,1,8,1,ds_cbdf3834368e,ds_16b6be697acb,01190,
00735,2022-06-11,10,18,23,25,45,47,168,10,47,37,4,2,4,2,8,5,2,20,2,0,20,2,ds_cbdf3834368e,ds_16b6be697acb,01190,
00736,2022-06-14,2,15,26,32,35,36,146,2,36,34,2,4,3,3,13,11,6,3,1,1,13,1,ds_cbdf3834368e,ds_16b6be697acb,01190,
00737,2022-06-16,9,13,21,40,51,54,188,9,54,45,4,2,3,3,4,8,19,11,3,0,19,3,ds_cbdf3834368e,ds_16b6be697acb,01190,
00738,2022-06-18,6,27,43,44,45,47,212,6,47,41,4,2,2,4,21,16,1,1,2,2,21,1,ds_cbdf3834368e,ds_16b6be697acb,01190,
00739,2022-06-21,9,13,19,21,34,51,147,9,51,42,5,1,4,2,4,6,2,13,17,0,17,2,ds_cbdf3834368e,ds_16b6be697acb,01190,
00740,2022-06-23,10,22,23,34,46,54,189,10,54,44,1,5,3,3,12,1,11,12,8,1,12,1,ds_cbdf3834368e,ds_16b6be697acb,01190,
00741,2022-06-25,14,17,31,35,37,40,174,14,40,26,4,2,2,4,3,14,4,2,3,0,14,2,ds_cbdf3834368e,ds_16b6be697acb,01190,
00742,2022-06-28,5,22,30,32,38,55,182,5,55,50,2,4,2,4,17,8,2,6,17,0,17,2,ds_cbdf3834368e,ds_16b6be697acb,01190,
00743,2022-06-30,5,11,15,19,29,31,110,5,31,26,6,0,4,2,6,4,4,10,2,0,10,2,ds_cbdf3834368e,ds_16b6be697acb,01190,
00744,2022-07-02,6,26,39,40,46,47,204,6,47,41,2,4,2,4,20,13,1,6,1,2,20,1,ds_cbdf3834368e,ds_16b6be697acb,01190,
00745,2022-07-05,5,7,12,26,29,44,123,5,44,39,3,3,4,2,2,5,14,3,15,0,15,2,ds_cbdf3834368e,ds_16b6be697acb,01190,
00746,2022-07-07,18,24,32,43,48,55,220,18,55,37,2,4,2,4,6,8,11,5,7,0,11,5,ds_cbdf3834368e,ds_16b6be697acb,01190,
00747,2022-07-09,5,21,24,47,52,55,204,5,55,50,4,2,3,3,16,3,23,5,3,0,23,3,ds_cbdf3834368e,ds_16b6be697acb,01190,
00748,2022-07-12,12,13,24,25,39,41,154,12,41,29,4,2,4,2,1,11,1,14,2,2,14,1,ds_cbdf3834368e,ds_16b6be697acb,01190,
00749,2022-07-14,11,25,29,37,39,52,193,11,52,41,5,1,2,4,14,4,8,2,13,0,14,2,ds_cbdf3834368e,ds_16b6be697acb,01190,
00750,2022-07-16,6,13,18,27,34,46,144,6,46,40,2,4,4,2,7,5,9,7,12,0,12,5,ds_cbdf3834368e,ds_16b6be697acb,01190,
00751,2022-07-19,8,9,33,34,35,52,171,8,52,44,3,3,2,4,1,24,1,1,17,3,24,1,ds_cbdf3834368e,ds_16b6be697acb,01190,
00752,2022-07-21,2,20,33,45,51,55,206,2,55,53,4,2,2,4,18,13,12,6,4,0,18,4,ds_cbdf3834368e,ds_16b6be697acb,01190,
00753,2022-07-23,27,28,29,39,40,54,217,27,54,27,3,3,1,5,1,1,10,1,14,3,14,1,ds_cbdf3834368e,ds_16b6be697acb,01190,
00754,2022-07-26,5,8,9,13,14,47,96,5,47,42,4,2,5,1,3,1,4,1,33,2,33,1,ds_cbdf3834368e,ds_16b6be697acb,01190,
00755,2022-07-28,5,6,17,28,29,39,124,5,39,34,4,2,3,3,1,11,11,1,10,2,11,1,ds_cbdf3834368e,ds_16b6be697acb,01190,
00756,2022-07-30,1,4,24,35,44,47,155,1,47,46,3,3,3,3,3,20,11,9,3,0,20,3,ds_cbdf3834368e,ds_16b6be697acb,01190,
00757,2022-08-02,2,5,28,40,47,48,170,2,48,46,2,4,2,4,3,23,12,7,1,1,23,1,ds_cbdf3834368e,ds_16b6be697acb,01190,
00758,2022-08-04,8,9,20,41,48,54,180,8,54,46,2,4,3,3,1,11,21,7,6,1,21,1,ds_cbdf3834368e,ds_16b6be697acb,01190,
00759,2022-08-06,6,21,27,41,51,53,199,6,53,47,5,1,3,3,15,6,14,10,2,0,15,2,ds_cbdf3834368e,ds_16b6be697acb,01190,
00760,2022-08-09,9,10,36,41,51,55,202,9,55,46,4,2,2,4,1,26,5,10,4,1,26,1,ds_cbdf3834368e,ds_16b6be697acb,01190,
00761,2022-08-11,1,12,21,34,48,55,171,1,55,54,3,3,3,3,11,9,13,14,7,0,14,7,ds_cbdf3834368e,ds_16b6be697acb,01190,
00762,2022-08-13,19,28,29,30,33,36,175,19,36,17,3,3,1,5,9,1,1,3,3,2,9,1,ds_cbdf3834368e,ds_16b6be697acb,01190,
00763,2022-08-16,17,18,28,47,50,53,213,17,53,36,3,3,2,4,1,10,19,3,3,1,19,1,ds_cbdf3834368e,ds_16b6be697acb,01190,
00764,2022-08-18,23,27,31,37,38,42,198,23,42,19,4,2,2,4,4,4,6,1,4,1,6,1,ds_cbdf3834368e,ds_16b6be697acb,01190,
00765,2022-08-20,6,16,29,32,42,51,176,6,51,45,2,4,2,4,10,13,3,10,9,0,13,3,ds_cbdf3834368e,ds_16b6be697acb,01190,
00766,2022-08-23,13,21,31,41,44,45,195,13,45,32,5,1,2,4,8,10,10,3,1,1,10,1,ds_cbdf3834368e,ds_16b6be697acb,01190,
00767,2022-08-25,19,30,35,40,49,53,226,19,53,34,4,2,1,5,11,5,5,9,4,0,11,4,ds_cbdf3834368e,ds_16b6be697acb,01190,
00768,2022-08-27,1,5,7,10,25,48,96,1,48,47,4,2,5,1,4,2,3,15,23,0,23,2,ds_cbdf3834368e,ds_16b6be697acb,01190,
00769,2022-08-30,2,13,19,29,30,32,125,2,32,30,3,3,3,3,11,6,10,1,2,1,11,1,ds_cbdf3834368e,ds_16b6be697acb,01190,
00770,2022-09-01,4,14,18,39,50,53,178,4,53,49,2,4,3,3,10,4,21,11,3,0,21,3,ds_cbdf3834368e,ds_16b6be697acb,01190,
00771,2022-09-03,11,22,31,33,40,46,183,11,46,35,3,3,2,4,11,9,2,7,6,0,11,2,ds_cbdf3834368e,ds_16b6be697acb,01190,
00772,2022-09-06,1,5,27,43,52,54,182,1,54,53,4,2,3,3,4,22,16,9,2,0,22,2,ds_cbdf3834368e,ds_16b6be697acb,01190,
00773,2022-09-08,9,13,23,32,36,52,165,9,52,43,3,3,3,3,4,10,9,4,16,0,16,4,ds_cbdf3834368e,ds_16b6be697acb,01190,
00774,2022-09-10,2,8,15,19,35,38,117,2,38,36,3,3,4,2,6,7,4,16,3,0,16,3,ds_cbdf3834368e,ds_16b6be697acb,01190,
00775,2022-09-13,9,10,21,40,41,48,169,9,48,39,3,3,3,3,1,11,19,1,7,2,19,1,ds_cbdf3834368e,ds_16b6be697acb,01190,
00776,2022-09-15,3,8,19,30,41,52,153,3,52,49,3,3,3,3,5,11,11,11,11,0,11,5,ds_cbdf3834368e,ds_16b6be697acb,01190,
00777,2022-09-17,5,8,19,34,40,49,155,5,49,44,3,3,3,3,3,11,15,6,9,0,15,3,ds_cbdf3834368e,ds_16b6be697acb,01190,
00778,2022-09-20,8,27,32,43,53,54,217,8,54,46,3,3,2,4,19,5,11,10,1,1,19,1,ds_cbdf3834368e,ds_16b6be697acb,01190,
00779,2022-09-22,12,14,19,29,44,47,165,12,47,35,3,3,3,3,2,5,10,15,3,0,15,2,ds_cbdf3834368e,ds_16b6be697acb,01190,
00780,2022-09-24,1,4,5,17,42,47,116,1,47,46,4,2,4,2,3,1,12,25,5,1,25,1,ds_cbdf3834368e,ds_16b6be697acb,01190,
00781,2022-09-27,11,13,23,27,37,43,154,11,43,32,6,0,4,2,2,10,4,10,6,0,10,2,ds_cbdf3834368e,ds_16b6be697acb,01190,
00782,2022-09-29,15,32,33,37,42,54,213,15,54,39,3,3,1,5,17,1,4,5,12,1,17,1,ds_cbdf3834368e,ds_16b6be697acb,01190,
00783,2022-10-01,14,15,16,22,23,29,119,14,29,15,3,3,5,1,1,1,6,1,6,3,6,1,ds_cbdf3834368e,ds_16b6be697acb,01190,
00784,2022-10-04,5,11,12,22,43,45,138,5,45,40,4,2,4,2,6,1,10,21,2,1,21,1,ds_cbdf3834368e,ds_16b6be697acb,01190,
00785,2022-10-06,6,8,19,20,47,53,153,6,53,47,3,3,4,2,2,11,1,27,6,1,27,1,ds_cbdf3834368e,ds_16b6be697acb,01190,
00786,2022-10-08,11,17,23,34,41,51,177,11,51,40,5,1,3,3,6,6,11,7,10,0,11,6,ds_cbdf3834368e,ds_16b6be697acb,01190,
00787,2022-10-11,11,26,34,40,46,52,209,11,52,41,1,5,2,4,15,8,6,6,6,0,15,6,ds_cbdf3834368e,ds_16b6be697acb,01190,
00788,2022-10-13,12,13,43,48,51,52,219,12,52,40,3,3,2,4,1,30,5,3,1,2,30,1,ds_cbdf3834368e,ds_16b6be697acb,01190,
00789,2022-10-15,8,15,16,39,45,51,174,8,51,43,4,2,3,3,7,1,23,6,6,1,23,1,ds_cbdf3834368e,ds_16b6be697acb,01190,
00790,2022-10-18,6,30,36,39,44,46,201,6,46,40,1,5,1,5,24,6,3,5,2,0,24,2,ds_cbdf3834368e,ds_16b6be697acb,01190,
00791,2022-10-20,15,21,27,34,37,53,187,15,53,38,5,1,3,3,6,6,7,3,16,0,16,3,ds_cbdf3834368e,ds_16b6be697acb,01190,
00792,2022-10-22,17,19,35,42,51,52,216,17,52,35,4,2,2,4,2,16,7,9,1,1,16,1,ds_cbdf3834368e,ds_16b6be697acb,01190,
00793,2022-10-25,8,18,20,22,42,46,156,8,46,38,0,6,4,2,10,2,2,20,4,0,20,2,ds_cbdf3834368e,ds_16b6be697acb,01190,
00794,2022-10-27,1,7,10,17,19,30,84,1,30,29,4,2,5,1,6,3,7,2,11,0,11,2,ds_cbdf3834368e,ds_16b6be697acb,01190,
00795,2022-10-29,1,3,10,13,15,20,62,1,20,19,4,2,6,0,2,7,3,2,5,0,7,2,ds_cbdf3834368e,ds_16b6be697acb,01190,
00796,2022-11-01,3,9,20,23,31,54,140,3,54,51,4,2,4,2,6,11,3,8,23,0,23,3,ds_cbdf3834368e,ds_16b6be697acb,01190,
00797,2022-11-03,8,13,24,28,29,33,135,8,33,25,3,3,3,3,5,11,4,1,4,1,11,1,ds_cbdf3834368e,ds_16b6be697acb,01190,
00798,2022-11-05,10,19,22,25,47,53,176,10,53,43,4,2,4,2,9,3,3,22,6,0,22,3,ds_cbdf3834368e,ds_16b6be697acb,01190,
00799,2022-11-08,12,27,33,44,48,50,214,12,50,38,2,4,2,4,15,6,11,4,2,0,15,2,ds_cbdf3834368e,ds_16b6be697acb,01190,
00800,2022-11-10,8,11,14,27,38,45,143,8,45,37,3,3,4,2,3,3,13,11,7,0,13,3,ds_cbdf3834368e,ds_16b6be697acb,01190,
00801,2022-11-12,8,18,23,30,35,42,156,8,42,34,2,4,3,3,10,5,7,5,7,0,10,5,ds_cbdf3834368e,ds_16b6be697acb,01190,
00802,2022-11-15,4,20,26,36,47,51,184,4,51,47,2,4,3,3,16,6,10,11,4,0,16,4,ds_cbdf3834368e,ds_16b6be697acb,01190,
00803,2022-11-17,1,19,25,27,38,42,152,1,42,41,4,2,4,2,18,6,2,11,4,0,18,2,ds_cbdf3834368e,ds_16b6be697acb,01190,
00804,2022-11-19,3,15,22,39,46,48,173,3,48,45,3,3,3,3,12,7,17,7,2,0,17,2,ds_cbdf3834368e,ds_16b6be697acb,01190,
00805,2022-11-22,3,9,21,22,26,35,116,3,35,32,4,2,5,1,6,12,1,4,9,1,12,1,ds_cbdf3834368e,ds_16b6be697acb,01190,
00806,2022-11-24,4,6,18,27,52,53,160,4,53,49,2,4,4,2,2,12,9,25,1,1,25,1,ds_cbdf3834368e,ds_16b6be697acb,01190,
00807,2022-11-26,8,23,24,48,49,52,204,8,52,44,2,4,3,3,15,1,24,1,3,2,24,1,ds_cbdf3834368e,ds_16b6be697acb,01190,
00808,2022-11-29,2,13,16,18,41,42,132,2,42,40,2,4,4,2,11,3,2,23,1,1,23,1,ds_cbdf3834368e,ds_16b6be697acb,01190,
00809,2022-12-01,11,14,29,31,52,54,191,11,54,43,3,3,2,4,3,15,2,21,2,0,21,2,ds_cbdf3834368e,ds_16b6be697acb,01190,
00810,2022-12-03,16,17,27,48,52,53,213,16,53,37,3,3,3,3,1,10,21,4,1,2,21,1,ds_cbdf3834368e,ds_16b6be697acb,01190,
00811,2022-12-06,1,11,25,44,45,46,172,1,46,45,4,2,3,3,10,14,19,1,1,2,19,1,ds_cbdf3834368e,ds_16b6be697acb,01190,
00812,2022-12-08,6,30,36,41,49,55,217,6,55,49,3,3,1,5,24,6,5,8,6,0,24,5,ds_cbdf3834368e,ds_16b6be697acb,01190,
00813,2022-12-10,2,12,13,18,33,44,122,2,44,42,2,4,4,2,10,1,5,15,11,1,15,1,ds_cbdf3834368e,ds_16b6be697acb,01190,
00814,2022-12-13,10,22,31,37,41,52,193,10,52,42,3,3,2,4,12,9,6,4,11,0,12,4,ds_cbdf3834368e,ds_16b6be697acb,01190,
00815,2022-12-15,2,25,38,50,51,55,221,2,55,53,3,3,2,4,23,13,12,1,4,1,23,1,ds_cbdf3834368e,ds_16b6be697acb,01190,
00816,2022-12-17,1,2,29,34,41,42,149,1,42,41,3,3,2,4,1,27,5,7,1,2,27,1,ds_cbdf3834368e,ds_16b6be697acb,01190,
00817,2022-12-20,2,6,9,20,31,35,103,2,35,33,3,3,4,2,4,3,11,11,4,0,11,3,ds_cbdf3834368e,ds_16b6be697acb,01190,
00818,2022-12-22,14,26,35,43,45,48,211,14,48,34,3,3,2,4,12,9,8,2,3,0,12,2,ds_cbdf3834368e,ds_16b6be697acb,01190,
00819,2022-12-24,5,19,22,23,30,44,143,5,44,39,3,3,4,2,14,3,1,7,14,1,14,1,ds_cbdf3834368e,ds_16b6be697acb,01190,
00820,2022-12-27,11,12,13,14,23,55,128,11,55,44,4,2,5,1,1,1,1,9,32,3,32,1,ds_cbdf3834368e,ds_16b6be697acb,01190,
00821,2022-12-29,6,8,33,37,38,51,173,6,51,45,3,3,2,4,2,25,4,1,13,1,25,1,ds_cbdf3834368e,ds_16b6be697acb,01190,
00822,2022-12-31,10,15,36,42,45,52,200,10,52,42,2,4,2,4,5,21,6,3,7,0,21,3,ds_cbdf3834368e,ds_16b6be697acb,01190,
00823,2023-01-03,9,13,24,43,47,48,184,9,48,39,4,2,3,3,4,11,19,4,1,1,19,1,ds_cbdf3834368e,ds_16b6be697acb,01190,
00824,2023-01-05,5,12,34,37,47,49,184,5,49,44,4,2,2,4,7,22,3,10,2,0,22,2,ds_cbdf3834368e,ds_16b6be697acb,01190,
00825,2023-01-07,3,4,9,15,33,54,118,3,54,51,4,2,4,2,1,5,6,18,21,1,21,1,ds_cbdf3834368e,ds_16b6be697acb,01190,
00826,2023-01-10,5,12,14,19,46,51,147,5,51,46,3,3,4,2,7,2,5,27,5,0,27,2,ds_cbdf3834368e,ds_16b6be697acb,01190,
00827,2023-01-12,5,14,37,45,47,55,203,5,55,50,5,1,2,4,9,23,8,2,8,0,23,2,ds_cbdf3834368e,ds_16b6be697acb,01190,
00828,2023-01-14,5,17,24,30,43,53,172,5,53,48,4,2,3,3,12,7,6,13,10,0,13,6,ds_cbdf3834368e,ds_16b6be697acb,01190,
00829,2023-01-17,1,9,20,36,44,50,160,1,50,49,2,4,3,3,8,11,16,8,6,0,16,6,ds_cbdf3834368e,ds_16b6be697acb,01190,
00830,2023-01-19,3,21,32,33,38,52,179,3,52,49,3,3,2,4,18,11,1,5,14,1,18,1,ds_cbdf3834368e,ds_16b6be697acb,01190,
00831,2023-01-24,3,5,10,12,29,30,89,3,30,27,3,3,4,2,2,5,2,17,1,1,17,1,ds_cbdf3834368e,ds_16b6be697acb,01190,
00832,2023-01-26,8,15,18,20,33,41,135,8,41,33,3,3,4,2,7,3,2,13,8,0,13,2,ds_cbdf3834368e,ds_16b6be697acb,01190,
00833,2023-01-28,9,22,23,29,38,47,168,9,47,38,4,2,3,3,13,1,6,9,9,1,13,1,ds_cbdf3834368e,ds_16b6be697acb,01190,
00834,2023-01-31,10,11,31,32,38,52,174,10,52,42,2,4,2,4,1,20,1,6,14,2,20,1,ds_cbdf3834368e,ds_16b6be697acb,01190,
00835,2023-02-02,3,10,23,29,34,53,152,3,53,50,4,2,3,3,7,13,6,5,19,0,19,5,ds_cbdf3834368e,ds_16b6be697acb,01190,
00836,2023-02-04,2,6,8,27,41,46,130,2,46,44,2,4,4,2,4,2,19,14,5,0,19,2,ds_cbdf3834368e,ds_16b6be697acb,01190,
00837,2023-02-07,6,27,29,32,39,52,185,6,52,46,3,3,2,4,21,2,3,7,13,0,21,2,ds_cbdf3834368e,ds_16b6be697acb,01190,
00838,2023-02-09,1,10,29,30,49,50,169,1,50,49,3,3,2,4,9,19,1,19,1,2,19,1,ds_cbdf3834368e,ds_16b6be697acb,01190,
00839,2023-02-11,4,13,45,48,52,54,216,4,54,50,2,4,2,4,9,32,3,4,2,0,32,2,ds_cbdf3834368e,ds_16b6be697acb,01190,
00840,2023-02-14,1,9,33,37,43,45,168,1,45,44,6,0,2,4,8,24,4,6,2,0,24,2,ds_cbdf3834368e,ds_16b6be697acb,01190,
00841,2023-02-16,1,5,7,8,20,22,63,1,22,21,3,3,6,0,4,2,1,12,2,1,12,1,ds_cbdf3834368e,ds_16b6be697acb,01190,
00842,2023-02-18,11,23,26,29,43,50,182,11,50,39,4,2,3,3,12,3,3,14,7,0,14,3,ds_cbdf3834368e,ds_16b6be697acb,01190,
00843,2023-02-21,4,12,15,21,30,44,126,4,44,40,2,4,4,2,8,3,6,9,14,0,14,3,ds_cbdf3834368e,ds_16b6be697acb,01190,
00844,2023-02-23,12,16,29,31,39,48,175,12,48,36,3,3,2,4,4,13,2,8,9,0,13,2,ds_cbdf3834368e,ds_16b6be697acb,01190,
00845,2023-02-25,1,2,14,21,38,51,127,1,51,50,3,3,4,2,1,12,7,17,13,1,17,1,ds_cbdf3834368e,ds_16b6be697acb,01190,
00846,2023-02-28,2,13,14,30,43,55,157,2,55,53,3,3,3,3,11,1,16,13,12,1,16,1,ds_cbdf3834368e,ds_16b6be697acb,01190,
00847,2023-03-02,1,3,23,24,43,48,142,1,48,47,4,2,4,2,2,20,1,19,5,1,20,1,ds_cbdf3834368e,ds_16b6be697acb,01190,
00848,2023-03-04,9,13,23,36,38,54,173,9,54,45,3,3,3,3,4,10,13,2,16,0,16,2,ds_cbdf3834368e,ds_16b6be697acb,01190,
00849,2023-03-07,8,22,25,27,39,50,171,8,50,42,3,3,4,2,14,3,2,12,11,0,14,2,ds_cbdf3834368e,ds_16b6be697acb,01190,
00850,2023-03-09,12,22,28,34,53,54,203,12,54,42,1,5,2,4,10,6,6,19,1,1,19,1,ds_cbdf3834368e,ds_16b6be697acb,01190,
00851,2023-03-11,13,23,25,30,35,44,170,13,44,31,4,2,3,3,10,2,5,5,9,0,10,2,ds_cbdf3834368e,ds_16b6be697acb,01190,
00852,2023-03-14,14,15,18,20,27,35,129,14,35,21,3,3,5,1,1,3,2,7,8,1,8,1,ds_cbdf3834368e,ds_16b6be697acb,01190,
00853,2023-03-16,6,23,34,48,50,55,216,6,55,49,2,4,2,4,17,11,14,2,5,0,17,2,ds_cbdf3834368e,ds_16b6be697acb,01190,
00854,2023-03-18,18,24,32,33,51,53,211,18,53,35,3,3,2,4,6,8,1,18,2,1,18,1,ds_cbdf3834368e,ds_16b6be697acb,01190,
00855,2023-03-21,7,17,31,43,45,49,192,7,49,42,6,0,2,4,10,14,12,2,4,0,14,2,ds_cbdf3834368e,ds_16b6be697acb,01190,
00856,2023-03-23,4,7,22,33,40,49,155,4,49,45,3,3,3,3,3,15,11,7,9,0,15,3,ds_cbdf3834368e,ds_16b6be697acb,01190,
00857,2023-03-25,17,18,28,40,49,54,206,17,54,37,2,4,2,4,1,10,12,9,5,1,12,1,ds_cbdf3834368e,ds_16b6be697acb,01190,
00858,2023-03-28,6,21,24,41,50,53,195,6,53,47,3,3,3,3,15,3,17,9,3,0,17,3,ds_cbdf3834368e,ds_16b6be697acb,01190,
00859,2023-03-30,6,11,14,21,30,32,114,6,32,26,2,4,4,2,5,3,7,9,2,0,9,2,ds_cbdf3834368e,ds_16b6be697acb,01190,
00860,2023-04-01,12,34,39,44,49,55,233,12,55,43,3,3,1,5,22,5,5,5,6,0,22,5,ds_cbdf3834368e,ds_16b6be697acb,01190,
00861,2023-04-04,13,28,41,42,47,51,222,13,51,38,4,2,1,5,15,13,1,5,4,1,15,1,ds_cbdf3834368e,ds_16b6be697acb,01190,
00862,2023-04-06,7,10,12,33,52,54,168,7,54,47,2,4,3,3,3,2,21,19,2,0,21,2,ds_cbdf3834368e,ds_16b6be697acb,01190,
00863,2023-04-08,17,33,36,46,50,52,234,17,52,35,2,4,1,5,16,3,10,4,2,0,16,2,ds_cbdf3834368e,ds_16b6be697acb,01190,
00864,2023-04-11,10,14,16,18,37,49,144,10,49,39,2,4,4,2,4,2,2,19,12,0,19,2,ds_cbdf3834368e,ds_16b6be697acb,01190,
00865,2023-04-13,22,26,28,37,39,48,200,22,48,26,2,4,2,4,4,2,9,2,9,0,9,2,ds_cbdf3834368e,ds_16b6be697acb,01190,
00866,2023-04-15,1,34,35,36,42,43,191,1,43,42,3,3,1,5,33,1,1,6,1,3,33,1,ds_cbdf3834368e,ds_16b6be697acb,01190,
00867,2023-04-18,17,18,30,40,51,55,211,17,55,38,3,3,2,4,1,12,10,11,4,1,12,1,ds_cbdf3834368e,ds_16b6be697acb,01190,
00868,2023-04-20,7,11,32,35,42,51,178,7,51,44,4,2,2,4,4,21,3,7,9,0,21,3,ds_cbdf3834368e,ds_16b6be697acb,01190,
00869,2023-04-22,9,18,23,24,48,52,174,9,52,43,2,4,4,2,9,5,1,24,4,1,24,1,ds_cbdf3834368e,ds_16b6be697acb,01190,
00870,2023-04-25,6,10,19,23,25,28,111,6,28,22,3,3,5,1,4,9,4,2,3,0,9,2,ds_cbdf3834368e,ds_16b6be697acb,01190,
00871,2023-04-27,8,28,38,39,41,45,199,8,45,37,3,3,1,5,20,10,1,2,4,1,20,1,ds_cbdf3834368e,ds_16b6be697acb,01190,
00872,2023-04-29,2,9,12,24,41,53,141,2,53,51,3,3,4,2,7,3,12,17,12,0,17,3,ds_cbdf3834368e,ds_16b6be697acb,01190,
00873,2023-05-02,4,11,18,25,33,45,136,4,45,41,4,2,4,2,7,7,7,8,12,0,12,7,ds_cbdf3834368e,ds_16b6be697acb,01190,
00874,2023-05-04,13,30,32,35,45,52,207,13,52,39,3,3,1,5,17,2,3,10,7,0,17,2,ds_cbdf3834368e,ds_16b6be697acb,01190,
00875,2023-05-06,1,11,22,28,34,42,138,1,42,41,2,4,3,3,10,11,6,6,8,0,11,6,ds_cbdf3834368e,ds_16b6be697acb,01190,
00876,2023-05-09,7,9,13,22,44,47,142,7,47,40,4,2,4,2,2,4,9,22,3,0,22,2,ds_cbdf3834368e,ds_16b6be697acb,01190,
00877,2023-05-11,1,3,19,33,34,51,141,1,51,50,5,1,3,3,2,16,14,1,17,1,17,1,ds_cbdf3834368e,ds_16b6be697acb,01190,
00878,2023-05-13,22,24,35,43,45,54,223,22,54,32,3,3,2,4,2,11,8,2,9,0,11,2,ds_cbdf3834368e,ds_16b6be697acb,01190,
00879,2023-05-16,19,24,30,34,40,44,191,19,44,25,1,5,2,4,5,6,4,6,4,0,6,4,ds_cbdf3834368e,ds_16b6be697acb,01190,
00880,2023-05-18,13,14,21,23,30,41,142,13,41,28,4,2,4,2,1,7,2,7,11,1,11,1,ds_cbdf3834368e,ds_16b6be697acb,01190,
00881,2023-05-20,1,14,21,36,48,53,173,1,53,52,3,3,3,3,13,7,15,12,5,0,15,5,ds_cbdf3834368e,ds_16b6be697acb,01190,
00882,2023-05-23,26,27,35,36,47,54,225,26,54,28,3,3,2,4,1,8,1,11,7,2,11,1,ds_cbdf3834368e,ds_16b6be697acb,01190,
00883,2023-05-25,15,16,19,31,33,46,160,15,46,31,4,2,3,3,1,3,12,2,13,1,13,1,ds_cbdf3834368e,ds_16b6be697acb,01190,
00884,2023-05-27,4,6,8,18,39,43,118,4,43,39,2,4,4,2,2,2,10,21,4,0,21,2,ds_cbdf3834368e,ds_16b6be697acb,01190,
00885,2023-05-30,1,14,24,28,40,46,153,1,46,45,1,5,3,3,13,10,4,12,6,0,13,4,ds_cbdf3834368e,ds_16b6be697acb,01190,
00886,2023-06-01,3,18,40,41,46,47,195,3,47,44,3,3,2,4,15,22,1,5,1,2,22,1,ds_cbdf3834368e,ds_16b6be697acb,01190,
00887,2023-06-03,23,28,29,36,38,41,195,23,41,18,3,3,1,5,5,1,7,2,3,1,7,1,ds_cbdf3834368e,ds_16b6be697acb,01190,
00888,2023-06-06,1,14,23,27,44,50,159,1,50,49,3,3,4,2,13,9,4,17,6,0,17,4,ds_cbdf3834368e,ds_16b6be697acb,01190,
00889,2023-06-08,3,36,38,43,51,53,224,3,53,50,4,2,1,5,33,2,5,8,2,0,33,2,ds_cbdf3834368e,ds_16b6be697acb,01190,
00890,2023-06-10,10,17,27,32,35,41,162,10,41,31,4,2,3,3,7,10,5,3,6,0,10,3,ds_cbdf3834368e,ds_16b6be697acb,01190,
00891,2023-06-13,4,14,18,27,47,50,160,4,50,46,2,4,4,2,10,4,9,20,3,0,20,3,ds_cbdf3834368e,ds_16b6be697acb,01190,
00892,2023-06-15,10,11,25,39,46,55,186,10,55,45,4,2,3,3,1,14,14,7,9,1,14,1,ds_cbdf3834368e,ds_16b6be697acb,01190,
00893,2023-06-17,7,13,23,34,38,40,155,7,40,33,3,3,3,3,6,10,11,4,2,0,11,2,ds_cbdf3834368e,ds_16b6be697acb,01190,
00894,2023-06-20,7,23,26,31,35,53,175,7,53,46,5,1,3,3,16,3,5,4,18,0,18,3,ds_cbdf3834368e,ds_16b6be697acb,01190,
00895,2023-06-22,2,11,14,35,43,51,156,2,51,49,4,2,3,3,9,3,21,8,8,0,21,3,ds_cbdf3834368e,ds_16b6be697acb,01190,
00896,2023-06-24,8,9,16,20,50,53,156,8,53,45,2,4,4,2,1,7,4,30,3,1,30,1,ds_cbdf3834368e,ds_16b6be697acb,01190,
00897,2023-06-27,2,12,15,16,27,28,100,2,28,26,2,4,5,1,10,3,1,11,1,2,11,1,ds_cbdf3834368e,ds_16b6be697acb,01190,
00898,2023-06-29,1,11,12,28,46,54,152,1,54,53,2,4,3,3,10,1,16,18,8,1,18,1,ds_cbdf3834368e,ds_16b6be697acb,01190,
00899,2023-07-01,13,33,36,38,45,50,215,13,50,37,3,3,1,5,20,3,2,7,5,0,20,2,ds_cbdf3834368e,ds_16b6be697acb,01190,
00900,2023-07-04,4,13,14,23,33,50,137,4,50,46,3,3,4,2,9,1,9,10,17,1,17,1,ds_cbdf3834368e,ds_16b6be697acb,01190,
00901,2023-07-06,7,12,29,39,46,55,188,7,55,48,4,2,2,4,5,17,10,7,9,0,17,5,ds_cbdf3834368e,ds_16b6be697acb,01190,
00902,2023-07-08,8,11,23,43,44,48,177,8,48,40,3,3,3,3,3,12,20,1,4,1,20,1,ds_cbdf3834368e,ds_16b6be697acb,01190,
00903,2023-07-11,24,40,44,46,47,49,250,24,49,25,2,4,1,5,16,4,2,1,2,1,16,1,ds_cbdf3834368e,ds_16b6be697acb,01190,
00904,2023-07-13,3,4,30,34,36,49,156,3,49,46,2,4,2,4,1,26,4,2,13,1,26,1,ds_cbdf3834368e,ds_16b6be697acb,01190,
00905,2023-07-15,2,16,31,37,38,48,172,2,48,46,2,4,2,4,14,15,6,1,10,1,15,1,ds_cbdf3834368e,ds_16b6be697acb,01190,
00906,2023-07-18,10,11,19,28,42,47,157,10,47,37,3,3,3,3,1,8,9,14,5,1,14,1,ds_cbdf3834368e,ds_16b6be697acb,01190,
00907,2023-07-20,5,34,36,38,47,50,210,5,50,45,2,4,1,5,29,2,2,9,3,0,29,2,ds_cbdf3834368e,ds_16b6be697acb,01190,
00908,2023-07-22,9,15,23,25,27,34,133,9,34,25,5,1,5,1,6,8,2,2,7,0,8,2,ds_cbdf3834368e,ds_16b6be697acb,01190,
00909,2023-07-25,12,23,42,44,51,52,224,12,52,40,2,4,2,4,11,19,2,7,1,1,19,1,ds_cbdf3834368e,ds_16b6be697acb,01190,
00910,2023-07-27,3,11,13,31,33,45,136,3,45,42,6,0,3,3,8,2,18,2,12,0,18,2,ds_cbdf3834368e,ds_16b6be697acb,01190,
00911,2023-07-29,16,23,25,26,29,40,159,16,40,24,3,3,4,2,7,2,1,3,11,1,11,1,ds_cbdf3834368e,ds_16b6be697acb,01190,
00912,2023-08-01,4,18,22,25,33,48,150,4,48,44,2,4,4,2,14,4,3,8,15,0,15,3,ds_cbdf3834368e,ds_16b6be697acb,01190,
00913,2023-08-03,3,12,22,25,37,39,138,3,39,36,4,2,4,2,9,10,3,12,2,0,12,2,ds_cbdf3834368e,ds_16b6be697acb,01190,
00914,2023-08-05,22,34,40,47,49,51,243,22,51,29,3,3,1,5,12,6,7,2,2,0,12,2,ds_cbdf3834368e,ds_16b6be697acb,01190,
00915,2023-08-08,5,6,19,20,40,45,135,5,45,40,3,3,4,2,1,13,1,20,5,2,20,1,ds_cbdf3834368e,ds_16b6be697acb,01190,
00916,2023-08-10,4,14,31,42,47,49,187,4,49,45,3,3,2,4,10,17,11,5,2,0,17,2,ds_cbdf3834368e,ds_16b6be697acb,01190,
00917,2023-08-12,13,24,39,43,45,52,216,13,52,39,4,2,2,4,11,15,4,2,7,0,15,2,ds_cbdf3834368e,ds_16b6be697acb,01190,
00918,2023-08-15,5,12,25,39,40,53,174,5,53,48,4,2,3,3,7,13,14,1,13,1,14,1,ds_cbdf3834368e,ds_16b6be697acb,01190,
00919,2023-08-17,1,5,25,32,51,52,166,1,52,51,4,2,3,3,4,20,7,19,1,1,20,1,ds_cbdf3834368e,ds_16b6be697acb,01190,
00920,2023-08-19,7,9,13,22,27,42,120,7,42,35,4,2,5,1,2,4,9,5,15,0,15,2,ds_cbdf3834368e,ds_16b6be697acb,01190,
00921,2023-08-22,2,3,6,34,35,36,116,2,36,34,2,4,3,3,1,3,28,1,1,3,28,1,ds_cbdf3834368e,ds_16b6be697acb,01190,
00922,2023-08-24,1,10,20,41,42,50,164,1,50,49,2,4,3,3,9,10,21,1,8,1,21,1,ds_cbdf3834368e,ds_16b6be697acb,01190,
00923,2023-08-26,5,8,24,38,50,51,176,5,51,46,2,4,3,3,3,16,14,12,1,1,16,1,ds_cbdf3834368e,ds_16b6be697acb,01190,
00924,2023-08-29,1,8,20,25,35,53,142,1,53,52,4,2,4,2,7,12,5,10,18,0,18,5,ds_cbdf3834368e,ds_16b6be697acb,01190,
00925,2023-08-31,23,33,37,43,45,46,227,23,46,23,5,1,1,5,10,4,6,2,1,1,10,1,ds_cbdf3834368e,ds_16b6be697acb,01190,
00926,2023-09-02,12,15,32,44,46,51,200,12,51,39,2,4,2,4,3,17,12,2,5,0,17,2,ds_cbdf3834368e,ds_16b6be697acb,01190,
00927,2023-09-05,2,6,19,29,34,48,138,2,48,46,2,4,3,3,4,13,10,5,14,0,14,4,ds_cbdf3834368e,ds_16b6be697acb,01190,
00928,2023-09-07,1,4,36,42,45,54,182,1,54,53,2,4,2,4,3,32,6,3,9,0,32,3,ds_cbdf3834368e,ds_16b6be697acb,01190,
00929,2023-09-09,13,20,32,37,43,49,194,13,49,36,4,2,2,4,7,12,5,6,6,0,12,5,ds_cbdf3834368e,ds_16b6be697acb,01190,
00930,2023-09-12,26,31,32,39,45,55,228,26,55,29,4,2,1,5,5,1,7,6,10,1,10,1,ds_cbdf3834368e,ds_16b6be697acb,01190,
00931,2023-09-14,6,10,20,22,50,52,160,6,52,46,0,6,4,2,4,10,2,28,2,0,28,2,ds_cbdf3834368e,ds_16b6be697acb,01190,
00932,2023-09-16,25,27,42,51,54,55,254,25,55,30,4,2,2,4,2,15,9,3,1,1,15,1,ds_cbdf3834368e,ds_16b6be697acb,01190,
00933,2023-09-19,17,29,35,40,51,52,224,17,52,35,4,2,1,5,12,6,5,11,1,1,12,1,ds_cbdf3834368e,ds_16b6be697acb,01190,
00934,2023-09-21,16,26,33,34,41,43,193,16,43,27,3,3,2,4,10,7,1,7,2,1,10,1,ds_cbdf3834368e,ds_16b6be697acb,01190,
00935,2023-09-23,20,27,36,43,45,47,218,20,47,27,4,2,2,4,7,9,7,2,2,0,9,2,ds_cbdf3834368e,ds_16b6be697acb,01190,
00936,2023-09-26,14,20,24,27,41,44,170,14,44,30,2,4,4,2,6,4,3,14,3,0,14,3,ds_cbdf3834368e,ds_16b6be697acb,01190,
00937,2023-09-28,4,23,36,45,47,50,205,4,50,46,3,3,2,4,19,13,9,2,3,0,19,2,ds_cbdf3834368e,ds_16b6be697acb,01190,
00938,2023-09-30,3,13,19,30,38,44,147,3,44,41,3,3,3,3,10,6,11,8,6,0,11,6,ds_cbdf3834368e,ds_16b6be697acb,01190,
00939,2023-10-03,3,15,27,29,37,48,159,3,48,45,5,1,3,3,12,12,2,8,11,0,12,2,ds_cbdf3834368e,ds_16b6be697acb,01190,
00940,2023-10-05,1,21,33,46,47,53,201,1,53,52,5,1,2,4,20,12,13,1,6,1,20,1,ds_cbdf3834368e,ds_16b6be697acb,01190,
00941,2023-10-07,4,13,36,40,43,52,188,4,52,48,2,4,2,4,9,23,4,3,9,0,23,3,ds_cbdf3834368e,ds_16b6be697acb,01190,
00942,2023-10-10,6,23,26,37,44,46,182,6,46,40,2,4,3,3,17,3,11,7,2,0,17,2,ds_cbdf3834368e,ds_16b6be697acb,01190,
00943,2023-10-12,5,8,9,20,36,50,128,5,50,45,2,4,4,2,3,1,11,16,14,1,16,1,ds_cbdf3834368e,ds_16b6be697acb,01190,
00944,2023-10-14,8,23,30,34,38,47,180,8,47,39,2,4,2,4,15,7,4,4,9,0,15,4,ds_cbdf3834368e,ds_16b6be697acb,01190,
00945,2023-10-17,13,22,33,41,46,47,202,13,47,34,4,2,2,4,9,11,8,5,1,1,11,1,ds_cbdf3834368e,ds_16b6be697acb,01190,
00946,2023-10-19,1,23,29,37,51,55,196,1,55,54,6,0,2,4,22,6,8,14,4,0,22,4,ds_cbdf3834368e,ds_16b6be697acb,01190,
00947,2023-10-21,11,16,24,34,47,52,184,11,52,41,2,4,3,3,5,8,10,13,5,0,13,5,ds_cbdf3834368e,ds_16b6be697acb,01190,
00948,2023-10-24,12,20,26,33,40,44,175,12,44,32,1,5,3,3,8,6,7,7,4,0,8,4,ds_cbdf3834368e,ds_16b6be697acb,01190,
00949,2023-10-26,14,22,32,37,43,48,196,14,48,34,2,4,2,4,8,10,5,6,5,0,10,5,ds_cbdf3834368e,ds_16b6be697acb,01190,
00950,2023-10-28,11,14,25,44,46,47,187,11,47,36,3,3,3,3,3,11,19,2,1,1,19,1,ds_cbdf3834368e,ds_16b6be697acb,01190,
00951,2023-10-31,10,16,17,28,37,42,150,10,42,32,2,4,3,3,6,1,11,9,5,1,11,1,ds_cbdf3834368e,ds_16b6be697acb,01190,
00952,2023-11-02,9,15,17,21,26,36,124,9,36,27,4,2,5,1,6,2,4,5,10,0,10,2,ds_cbdf3834368e,ds_16b6be697acb,01190,
00953,2023-11-04,14,35,37,47,48,50,231,14,50,36,3,3,1,5,21,2,10,1,2,1,21,1,ds_cbdf3834368e,ds_16b6be697acb,01190,
00954,2023-11-07,12,18,20,28,35,52,165,12,52,40,1,5,3,3,6,2,8,7,17,0,17,2,ds_cbdf3834368e,ds_16b6be697acb,01190,
00955,2023-11-09,8,17,24,34,39,48,170,8,48,40,2,4,3,3,9,7,10,5,9,0,10,5,ds_cbdf3834368e,ds_16b6be697acb,01190,
00956,2023-11-11,2,3,4,19,41,42,111,2,42,40,3,3,4,2,1,1,15,22,1,3,22,1,ds_cbdf3834368e,ds_16b6be697acb,01190,
00957,2023-11-14,4,9,12,15,22,38,100,4,38,34,2,4,5,1,5,3,3,7,16,0,16,3,ds_cbdf3834368e,ds_16b6be697acb,01190,
00958,2023-11-16,3,5,10,18,44,49,129,3,49,46,3,3,4,2,2,5,8,26,5,0,26,2,ds_cbdf3834368e,ds_16b6be697acb,01190,
00959,2023-11-18,1,7,10,14,28,29,89,1,29,28,3,3,4,2,6,3,4,14,1,1,14,1,ds_cbdf3834368e,ds_16b6be697acb,01190,
00960,2023-11-21,3,7,16,37,39,51,153,3,51,48,5,1,3,3,4,9,21,2,12,0,21,2,ds_cbdf3834368e,ds_16b6be697acb,01190,
00961,2023-11-23,4,6,26,33,52,55,176,4,55,51,2,4,3,3,2,20,7,19,3,0,20,2,ds_cbdf3834368e,ds_16b6be697acb,01190,
00962,2023-11-25,7,9,10,17,25,53,121,7,53,46,5,1,5,1,2,1,7,8,28,1,28,1,ds_cbdf3834368e,ds_16b6be697acb,01190,
00963,2023-11-28,10,24,47,48,52,55,236,10,55,45,2,4,2,4,14,23,1,4,3,1,23,1,ds_cbdf3834368e,ds_16b6be697acb,01190,
00964,2023-11-30,9,13,21,28,50,54,175,9,54,45,3,3,3,3,4,8,7,22,4,0,22,4,ds_cbdf3834368e,ds_16b6be697acb,01190,
00965,2023-12-02,1,10,20,37,48,51,167,1,51,50,3,3,3,3,9,10,17,11,3,0,17,3,ds_cbdf3834368e,ds_16b6be697acb,01190,
00966,2023-12-05,2,4,19,32,35,39,131,2,39,37,3,3,3,3,2,15,13,3,4,0,15,2,ds_cbdf3834368e,ds_16b6be697acb,01190,
00967,2023-12-07,9,13,28,33,50,53,186,9,53,44,4,2,2,4,4,15,5,17,3,0,17,3,ds_cbdf3834368e,ds_16b6be697acb,01190,
00968,2023-12-09,6,9,26,27,34,47,149,6,47,41,3,3,4,2,3,17,1,7,13,1,17,1,ds_cbdf3834368e,ds_16b6be697acb,01190,
00969,2023-12-12,6,7,16,21,34,50,134,6,50,44,2,4,4,2,1,9,5,13,16,1,16,1,ds_cbdf3834368e,ds_16b6be697acb,01190,
00970,2023-12-14,1,12,23,43,48,52,179,1,52,51,3,3,3,3,11,11,20,5,4,0,20,4,ds_cbdf3834368e,ds_16b6be697acb,01190,
00971,2023-12-16,13,15,21,26,34,35,144,13,35,22,4,2,4,2,2,6,5,8,1,1,8,1,ds_cbdf3834368e,ds_16b6be697acb,01190,
00972,2023-12-19,11,14,15,24,34,53,151,11,53,42,3,3,4,2,3,1,9,10,19,1,19,1,ds_cbdf3834368e,ds_16b6be697acb,01190,
00973,2023-12-21,9,31,39,41,47,48,215,9,48,39,5,1,1,5,22,8,2,6,1,1,22,1,ds_cbdf3834368e,ds_16b6be697acb,01190,
00974,2023-12-23,22,32,39,46,48,49,236,22,49,27,2,4,1,5,10,7,7,2,1,1,10,1,ds_cbdf3834368e,ds_16b6be697acb,01190,
00975,2023-12-26,10,14,17,27,29,40,137,10,40,30,3,3,4,2,4,3,10,2,11,0,11,2,ds_cbdf3834368e,ds_16b6be697acb,01190,
00976,2023-12-28,20,28,30,40,45,52,215,20,52,32,1,5,1,5,8,2,10,5,7,0,10,2,ds_cbdf3834368e,ds_16b6be697acb,01190,
00977,2023-12-30,9,17,29,32,38,52,177,9,52,43,3,3,2,4,8,12,3,6,14,0,14,3,ds_cbdf3834368e,ds_16b6be697acb,01190,
00978,2024-01-02,2,5,18,31,37,45,138,2,45,43,4,2,3,3,3,13,13,6,8,0,13,3,ds_cbdf3834368e,ds_16b6be697acb,01190,
00979,2024-01-04,7,34,37,43,52,54,227,7,54,47,3,3,1,5,27,3,6,9,2,0,27,2,ds_cbdf3834368e,ds_16b6be697acb,01190,
00980,2024-01-06,15,17,21,24,34,46,157,15,46,31,3,3,4,2,2,4,3,10,12,0,12,2,ds_cbdf3834368e,ds_16b6be697acb,01190,
00981,2024-01-09,16,32,45,50,52,53,248,16,53,37,2,4,1,5,16,13,5,2,1,1,16,1,ds_cbdf3834368e,ds_16b6be697acb,01190,
00982,2024-01-11,2,23,32,44,51,52,204,2,52,50,2,4,2,4,21,9,12,7,1,1,21,1,ds_cbdf3834368e,ds_16b6be697acb,01190,
00983,2024-01-13,1,5,7,23,35,42,113,1,42,41,5,1,4,2,4,2,16,12,7,0,16,2,ds_cbdf3834368e,ds_16b6be697acb,01190,
00984,2024-01-16,9,14,18,20,27,43,131,9,43,34,3,3,5,1,5,4,2,7,16,0,16,2,ds_cbdf3834368e,ds_16b6be697acb,01190,
00985,2024-01-18,12,20,33,38,40,52,195,12,52,40,1,5,2,4,8,13,5,2,12,0,13,2,ds_cbdf3834368e,ds_16b6be697acb,01190,
00986,2024-01-20,6,25,29,34,49,54,197,6,54,48,3,3,2,4,19,4,5,15,5,0,19,4,ds_cbdf3834368e,ds_16b6be697acb,01190,
00987,2024-01-23,13,27,32,48,49,51,220,13,51,38,4,2,2,4,14,5,16,1,2,1,16,1,ds_cbdf3834368e,ds_16b6be697acb,01190,
00988,2024-01-25,13,17,35,38,42,48,193,13,48,35,3,3,2,4,4,18,3,4,6,0,18,3,ds_cbdf3834368e,ds_16b6be697acb,01190,
00989,2024-01-27,6,12,38,41,46,55,198,6,55,49,2,4,2,4,6,26,3,5,9,0,26,3,ds_cbdf3834368e,ds_16b6be697acb,01190,
00990,2024-01-30,3,10,13,40,49,52,167,3,52,49,3,3,3,3,7,3,27,9,3,0,27,3,ds_cbdf3834368e,ds_16b6be697acb,01190,
00991,2024-02-01,2,7,10,22,32,40,113,2,40,38,1,5,4,2,5,3,12,10,8,0,12,3,ds_cbdf3834368e,ds_16b6be697acb,01190,
00992,2024-02-03,4,6,7,13,18,26,74,4,26,22,2,4,6,0,2,1,6,5,8,1,8,1,ds_cbdf3834368e,ds_16b6be697acb,01190,
00993,2024-02-06,8,19,27,34,46,51,185,8,51,43,3,3,3,3,11,8,7,12,5,0,12,5,ds_cbdf3834368e,ds_16b6be697acb,01190,
00994,2024-02-08,22,31,35,36,38,42,204,22,42,20,2,4,1,5,9,4,1,2,4,1,9,1,ds_cbdf3834368e,ds_16b6be697acb,01190,
00995,2024-02-13,8,17,22,31,34,49,161,8,49,41,3,3,3,3,9,5,9,3,15,0,15,3,ds_cbdf3834368e,ds_16b6be697acb,01190,
00996,2024-02-15,3,7,8,18,21,26,83,3,26,23,3,3,6,0,4,1,10,3,5,1,10,1,ds_cbdf3834368e,ds_16b6be697acb,01190,
00997,2024-02-17,8,12,17,27,38,55,157,8,55,47,3,3,4,2,4,5,10,11,17,0,17,4,ds_cbdf3834368e,ds_16b6be697acb,01190,
00998,2024-02-20,34,46,50,51,52,55,288,34,55,21,2,4,0,6,12,4,1,1,3,2,12,1,ds_cbdf3834368e,ds_16b6be697acb,01190,
00999,2024-02-22,8,19,24,31,35,55,172,8,55,47,4,2,3,3,11,5,7,4,20,0,20,4,ds_cbdf3834368e,ds_16b6be697acb,01190,
01000,2024-02-24,1,3,22,27,38,40,131,1,40,39,3,3,4,2,2,19,5,11,2,0,19,2,ds_cbdf3834368e,ds_16b6be697acb,01190,
01001,2024-02-27,1,4,6,8,24,35,78,1,35,34,2,4,5,1,3,2,2,16,11,0,16,2,ds_cbdf3834368e,ds_16b6be697acb,01190,
01002,2024-02-29,4,11,20,38,52,53,178,4,53,49,2,4,3,3,7,9,18,14,1,1,18,1,ds_cbdf3834368e,ds_16b6be697acb,01190,
01003,2024-03-02,1,19,21,31,50,55,177,1,55,54,5,1,3,3,18,2,10,19,5,0,19,2,ds_cbdf3834368e,ds_16b6be697acb,01190,
01004,2024-03-05,12,19,21,23,28,54,157,12,54,42,3,3,4,2,7,2,2,5,26,0,26,2,ds_cbdf3834368e,ds_16b6be697acb,01190,
01005,2024-03-07,13,20,33,47,53,54,220,13,54,41,4,2,2,4,7,13,14,6,1,1,14,1,ds_cbdf3834368e,ds_16b6be697acb,01190,
01006,2024-03-09,11,13,22,36,46,49,177,11,49,38,3,3,3,3,2,9,14,10,3,0,14,2,ds_cbdf3834368e,ds_16b6be697acb,01190,
01007,2024-03-12,11,14,18,20,22,43,128,11,43,32,2,4,5,1,3,4,2,2,21,0,21,2,ds_cbdf3834368e,ds_16b6be697acb,01190,
01008,2024-03-14,21,25,26,29,41,51,193,21,51,30,5,1,3,3,4,1,3,12,10,1,12,1,ds_cbdf3834368e,ds_16b6be697acb,01190,
01009,2024-03-16,8,36,42,43,44,55,228,8,55,47,2,4,1,5,28,6,1,1,11,2,28,1,ds_cbdf3834368e,ds_16b6be697acb,01190,
01010,2024-03-19,6,25,39,45,46,55,216,6,55,49,4,2,2,4,19,14,6,1,9,1,19,1,ds_cbdf3834368e,ds_16b6be697acb,01190,
01011,2024-03-21,12,13,41,48,49,53,216,12,53,41,4,2,2,4,1,28,7,1,4,2,28,1,ds_cbdf3834368e,ds_16b6be697acb,01190,
01012,2024-03-23,3,10,13,30,40,52,148,3,52,49,2,4,3,3,7,3,17,10,12,0,17,3,ds_cbdf3834368e,ds_16b6be697acb,01190,
01013,2024-03-26,1,8,13,16,38,44,120,1,44,43,2,4,4,2,7,5,3,22,6,0,22,3,ds_cbdf3834368e,ds_16b6be697acb,01190,
01014,2024-03-28,1,7,18,26,38,49,139,1,49,48,3,3,4,2,6,11,8,12,11,0,12,6,ds_cbdf3834368e,ds_16b6be697acb,01190,
01015,2024-03-30,14,17,27,38,54,55,205,14,55,41,3,3,3,3,3,10,11,16,1,1,16,1,ds_cbdf3834368e,ds_16b6be697acb,01190,
01016,2024-04-02,1,12,18,20,51,52,154,1,52,51,2,4,4,2,11,6,2,31,1,1,31,1,ds_cbdf3834368e,ds_16b6be697acb,01190,
01017,2024-04-04,3,8,12,25,47,48,143,3,48,45,3,3,4,2,5,4,13,22,1,1,22,1,ds_cbdf3834368e,ds_16b6be697acb,01190,
01018,2024-04-06,9,13,20,30,39,54,165,9,54,45,3,3,3,3,4,7,10,9,15,0,15,4,ds_cbdf3834368e,ds_16b6be697acb,01190,
01019,2024-04-09,4,12,27,44,46,51,184,4,51,47,2,4,3,3,8,15,17,2,5,0,17,2,ds_cbdf3834368e,ds_16b6be697acb,01190,
01020,2024-04-11,3,6,15,25,33,43,125,3,43,40,5,1,4,2,3,9,10,8,10,0,10,3,ds_cbdf3834368e,ds_16b6be697acb,01190,
01021,2024-04-13,29,36,37,38,40,42,222,29,42,13,2,4,0,6,7,1,1,2,2,2,7,1,ds_cbdf3834368e,ds_16b6be697acb,01190,
01022,2024-04-16,3,5,32,40,46,50,176,3,50,47,2,4,2,4,2,27,8,6,4,0,27,2,ds_cbdf3834368e,ds_16b6be697acb,01190,
01023,2024-04-18,1,21,23,33,43,54,175,1,54,53,5,1,3,3,20,2,10,10,11,0,20,2,ds_cbdf3834368e,ds_16b6be697acb,01190,
01024,2024-04-20,2,6,35,43,45,47,178,2,47,45,4,2,2,4,4,29,8,2,2,0,29,2,ds_cbdf3834368e,ds_16b6be697acb,01190,
01025,2024-04-23,1,34,39,40,49,53,216,1,53,52,4,2,1,5,33,5,1,9,4,1,33,1,ds_cbdf3834368e,ds_16b6be697acb,01190,
01026,2024-04-25,13,19,27,38,41,54,192,13,54,41,4,2,3,3,6,8,11,3,13,0,13,3,ds_cbdf3834368e,ds_16b6be697acb,01190,
01027,2024-04-27,7,12,38,43,48,55,203,7,55,48,3,3,2,4,5,26,5,5,7,0,26,5,ds_cbdf3834368e,ds_16b6be697acb,01190,
01028,2024-04-30,13,16,26,46,49,54,204,13,54,41,2,4,3,3,3,10,20,3,5,0,20,3,ds_cbdf3834368e,ds_16b6be697acb,01190,
01029,2024-05-02,30,32,33,36,42,48,221,30,48,18,1,5,0,6,2,1,3,6,6,1,6,1,ds_cbdf3834368e,ds_16b6be697acb,01190,
01030,2024-05-04,5,27,35,45,49,55,216,5,55,50,6,0,2,4,22,8,10,4,6,0,22,4,ds_cbdf3834368e,ds_16b6be697acb,01190,
01031,2024-05-07,21,26,35,41,44,52,219,21,52,31,3,3,2,4,5,9,6,3,8,0,9,3,ds_cbdf3834368e,ds_16b6be697acb,01190,
01032,2024-05-09,3,16,21,36,37,40,153,3,40,37,3,3,3,3,13,5,15,1,3,1,15,1,ds_cbdf3834368e,ds_16b6be697acb,01190,
01033,2024-05-11,19,23,25,43,46,54,210,19,54,35,4,2,3,3,4,2,18,3,8,0,18,2,ds_cbdf3834368e,ds_16b6be697acb,01190,
01034,2024-05-14,5,17,36,40,46,50,194,5,50,45,2,4,2,4,12,19,4,6,4,0,19,4,ds_cbdf3834368e,ds_16b6be697acb,01190,
01035,2024-05-16,20,25,27,39,45,55,211,20,55,35,5,1,3,3,5,2,12,6,10,0,12,2,ds_cbdf3834368e,ds_16b6be697acb,01190,
01036,2024-05-18,12,18,20,25,27,52,154,12,52,40,2,4,5,1,6,2,5,2,25,0,25,2,ds_cbdf3834368e,ds_16b6be697acb,01190,
01037,2024-05-21,1,2,14,32,33,41,123,1,41,40,3,3,3,3,1,12,18,1,8,2,18,1,ds_cbdf3834368e,ds_16b6be697acb,01190,
01038,2024-05-23,8,12,42,47,51,52,212,8,52,44,2,4,2,4,4,30,5,4,1,1,30,1,ds_cbdf3834368e,ds_16b6be697acb,01190,
01039,2024-05-25,15,22,38,39,43,53,210,15,53,38,4,2,2,4,7,16,1,4,10,1,16,1,ds_cbdf3834368e,ds_16b6be697acb,01190,
01040,2024-05-28,1,25,29,37,40,54,186,1,54,53,4,2,2,4,24,4,8,3,14,0,24,3,ds_cbdf3834368e,ds_16b6be697acb,01190,
01041,2024-05-30,4,7,8,12,23,31,85,4,31,27,3,3,5,1,3,1,4,11,8,1,11,1,ds_cbdf3834368e,ds_16b6be697acb,01190,
01042,2024-06-01,6,24,30,31,47,49,187,6,49,43,3,3,2,4,18,6,1,16,2,1,18,1,ds_cbdf3834368e,ds_16b6be697acb,01190,
01043,2024-06-04,1,2,7,10,13,19,52,1,19,18,4,2,6,0,1,5,3,3,6,1,6,1,ds_cbdf3834368e,ds_16b6be697acb,01190,
01044,2024-06-06,18,26,38,39,47,51,219,18,51,33,3,3,2,4,8,12,1,8,4,1,12,1,ds_cbdf3834368e,ds_16b6be697acb,01190,
01045,2024-06-08,13,16,32,33,35,43,172,13,43,30,4,2,2,4,3,16,1,2,8,1,16,1,ds_cbdf3834368e,ds_16b6be697acb,01190,
01046,2024-06-11,13,16,21,30,32,39,151,13,39,26,3,3,3,3,3,5,9,2,7,0,9,2,ds_cbdf3834368e,ds_16b6be697acb,01190,
01047,2024-06-13,8,39,45,47,49,51,239,8,51,43,5,1,1,5,31,6,2,2,2,0,31,2,ds_cbdf3834368e,ds_16b6be697acb,01190,
01048,2024-06-15,5,10,14,20,26,51,126,5,51,46,2,4,5,1,5,4,6,6,25,0,25,4,ds_cbdf3834368e,ds_16b6be697acb,01190,
01049,2024-06-18,20,23,27,36,38,44,188,20,44,24,2,4,3,3,3,4,9,2,6,0,9,2,ds_cbdf3834368e,ds_16b6be697acb,01190,
01050,2024-06-20,1,10,29,34,43,55,172,1,55,54,4,2,2,4,9,19,5,9,12,0,19,5,ds_cbdf3834368e,ds_16b6be697acb,01190,
01051,2024-06-22,17,25,31,35,41,42,191,17,42,25,5,1,2,4,8,6,4,6,1,1,8,1,ds_cbdf3834368e,ds_16b6be697acb,01190,
01052,2024-06-25,1,5,9,13,18,27,73,1,27,26,5,1,6,0,4,4,4,5,9,0,9,4,ds_cbdf3834368e,ds_16b6be697acb,01190,
01053,2024-06-27,7,21,22,41,43,46,180,7,46,39,4,2,3,3,14,1,19,2,3,1,19,1,ds_cbdf3834368e,ds_16b6be697acb,01190,
01054,2024-06-29,11,15,32,34,46,48,186,11,48,37,2,4,2,4,4,17,2,12,2,0,17,2,ds_cbdf3834368e,ds_16b6be697acb,01190,
01055,2024-07-02,7,8,50,52,53,54,224,7,54,47,2,4,2,4,1,42,2,1,1,3,42,1,ds_cbdf3834368e,ds_16b6be697acb,01190,
01056,2024-07-04,10,19,20,29,34,41,153,10,41,31,3,3,3,3,9,1,9,5,7,1,9,1,ds_cbdf3834368e,ds_16b6be697acb,01190,
01057,2024-07-06,8,10,12,22,25,55,132,8,55,47,2,4,5,1,2,2,10,3,30,0,30,2,ds_cbdf3834368e,ds_16b6be697acb,01190,
01058,2024-07-09,6,8,9,28,33,53,137,6,53,47,3,3,3,3,2,1,19,5,20,1,20,1,ds_cbdf3834368e,ds_16b6be697acb,01190,
01059,2024-07-11,1,2,11,21,22,23,80,1,23,22,4,2,6,0,1,9,10,1,1,3,10,1,ds_cbdf3834368e,ds_16b6be697acb,01190,
01060,2024-07-13,2,12,13,33,44,52,156,2,52,50,2,4,3,3,10,1,20,11,8,1,20,1,ds_cbdf3834368e,ds_16b6be697acb,01190,
01061,2024-07-16,20,31,34,36,47,52,220,20,52,32,2,4,1,5,11,3,2,11,5,0,11,2,ds_cbdf3834368e,ds_16b6be697acb,01190,
01062,2024-07-18,10,13,28,35,40,42,168,10,42,32,2,4,2,4,3,15,7,5,2,0,15,2,ds_cbdf3834368e,ds_16b6be697acb,01190,
01063,2024-07-20,12,18,32,40,51,53,206,12,53,41,2,4,2,4,6,14,8,11,2,0,14,2,ds_cbdf3834368e,ds_16b6be697acb,01190,
01064,2024-07-23,34,39,40,42,54,55,264,34,55,21,2,4,0,6,5,1,2,12,1,2,12,1,ds_cbdf3834368e,ds_16b6be697acb,01190,
01065,2024-07-25,12,17,21,25,33,40,148,12,40,28,4,2,4,2,5,4,4,8,7,0,8,4,ds_cbdf3834368e,ds_16b6be697acb,01190,
01066,2024-07-27,18,23,25,37,39,40,182,18,40,22,4,2,3,3,5,2,12,2,1,1,12,1,ds_cbdf3834368e,ds_16b6be697acb,01190,
01067,2024-07-30,2,6,22,23,38,51,142,2,51,49,2,4,4,2,4,16,1,15,13,1,16,1,ds_cbdf3834368e,ds_16b6be697acb,01190,
01068,2024-08-01,9,17,21,48,53,55,203,9,55,46,5,1,3,3,8,4,27,5,2,0,27,2,ds_cbdf3834368e,ds_16b6be697acb,01190,
01069,2024-08-03,7,20,34,36,41,46,184,7,46,39,2,4,2,4,13,14,2,5,5,0,14,2,ds_cbdf3834368e,ds_16b6be697acb,01190,
01070,2024-08-06,22,34,44,46,54,55,255,22,55,33,1,5,1,5,12,10,2,8,1,1,12,1,ds_cbdf3834368e,ds_16b6be697acb,01190,
01071,2024-08-08,1,7,42,43,48,51,192,1,51,50,4,2,2,4,6,35,1,5,3,1,35,1,ds_cbdf3834368e,ds_16b6be697acb,01190,
01072,2024-08-10,10,23,32,37,48,55,205,10,55,45,3,3,2,4,13,9,5,11,7,0,13,5,ds_cbdf3834368e,ds_16b6be697acb,01190,
01073,2024-08-13,9,26,40,44,45,50,214,9,50,41,2,4,2,4,17,14,4,1,5,1,17,1,ds_cbdf3834368e,ds_16b6be697acb,01190,
01074,2024-08-15,8,16,20,30,34,43,151,8,43,35,1,5,3,3,8,4,10,4,9,0,10,4,ds_cbdf3834368e,ds_16b6be697acb,01190,
01075,2024-08-17,4,28,35,38,39,45,189,4,45,41,3,3,1,5,24,7,3,1,6,1,24,1,ds_cbdf3834368e,ds_16b6be697acb,01190,
01076,2024-08-20,5,24,26,27,29,54,165,5,54,49,3,3,4,2,19,2,1,2,25,1,25,1,ds_cbdf3834368e,ds_16b6be697acb,01190,
01077,2024-08-22,11,18,20,32,41,46,168,11,46,35,2,4,3,3,7,2,12,9,5,0,12,2,ds_cbdf3834368e,ds_16b6be697acb,01190,
01078,2024-08-24,2,17,20,21,22,23,105,2,23,21,3,3,6,0,15,3,1,1,1,3,15,1,ds_cbdf3834368e,ds_16b6be697acb,01190,
01079,2024-08-27,5,6,29,31,37,48,156,5,48,43,4,2,2,4,1,23,2,6,11,1,23,1,ds_cbdf3834368e,ds_16b6be697acb,01190,
01080,2024-08-29,8,11,21,29,38,55,162,8,55,47,4,2,3,3,3,10,8,9,17,0,17,3,ds_cbdf3834368e,ds_16b6be697acb,01190,
01081,2024-08-31,24,33,38,40,42,51,228,24,51,27,2,4,1,5,9,5,2,2,9,0,9,2,ds_cbdf3834368e,ds_16b6be697acb,01190,
01082,2024-09-03,8,10,11,14,38,48,129,8,48,40,1,5,4,2,2,1,3,24,10,1,24,1,ds_cbdf3834368e,ds_16b6be697acb,01190,
01083,2024-09-05,15,20,23,29,34,46,167,15,46,31,3,3,3,3,5,3,6,5,12,0,12,3,ds_cbdf3834368e,ds_16b6be697acb,01190,
01084,2024-09-07,5,11,20,39,46,53,174,5,53,48,4,2,3,3,6,9,19,7,7,0,19,6,ds_cbdf3834368e,ds_16b6be697acb,01190,
01085,2024-09-10,15,23,37,38,45,49,207,15,49,34,5,1,2,4,8,14,1,7,4,1,14,1,ds_cbdf3834368e,ds_16b6be697acb,01190,
01086,2024-09-12,3,8,31,36,39,47,164,3,47,44,4,2,2,4,5,23,5,3,8,0,23,3,ds_cbdf3834368e,ds_16b6be697acb,01190,
01087,2024-09-14,2,12,25,32,51,54,176,2,54,52,2,4,3,3,10,13,7,19,3,0,19,3,ds_cbdf3834368e,ds_16b6be697acb,01190,
01088,2024-09-17,14,32,34,41,47,54,222,14,54,40,2,4,1,5,18,2,7,6,7,0,18,2,ds_cbdf3834368e,ds_16b6be697acb,01190,
01089,2024-09-19,4,9,22,24,45,54,158,4,54,50,2,4,4,2,5,13,2,21,9,0,21,2,ds_cbdf3834368e,ds_16b6be697acb,01190,
01090,2024-09-21,3,8,9,22,26,55,123,3,55,52,3,3,5,1,5,1,13,4,29,1,29,1,ds_cbdf3834368e,ds_16b6be697acb,01190,
01091,2024-09-24,1,6,11,17,24,31,90,1,31,30,4,2,5,1,5,5,6,7,7,0,7,5,ds_cbdf3834368e,ds_16b6be697acb,01190,
01092,2024-09-26,3,18,29,39,41,49,179,3,49,46,5,1,2,4,15,11,10,2,8,0,15,2,ds_cbdf3834368e,ds_16b6be697acb,01190,
01093,2024-09-28,2,11,13,32,41,48,147,2,48,46,3,3,3,3,9,2,19,9,7,0,19,2,ds_cbdf3834368e,ds_16b6be697acb,01190,
01094,2024-10-01,3,18,22,41,43,44,171,3,44,41,3,3,3,3,15,4,19,2,1,1,19,1,ds_cbdf3834368e,ds_16b6be697acb,01190,
01095,2024-10-03,18,21,34,40,42,53,208,18,53,35,2,4,2,4,3,13,6,2,11,0,13,2,ds_cbdf3834368e,ds_16b6be697acb,01190,
01096,2024-10-05,2,10,17,27,50,52,158,2,52,50,2,4,4,2,8,7,10,23,2,0,23,2,ds_cbdf3834368e,ds_16b6be697acb,01190,
01097,2024-10-08,3,7,14,17,48,50,139,3,50,47,3,3,4,2,4,7,3,31,2,0,31,2,ds_cbdf3834368e,ds_16b6be697acb,01190,
01098,2024-10-10,4,5,6,29,32,44,120,4,44,40,2,4,3,3,1,1,23,3,12,2,23,1,ds_cbdf3834368e,ds_16b6be697acb,01190,
01099,2024-10-12,29,34,35,38,50,51,237,29,51,22,3,3,0,6,5,1,3,12,1,2,12,1,ds_cbdf3834368e,ds_16b6be697acb,01190,
01100,2024-10-15,4,25,41,42,46,52,210,4,52,48,2,4,2,4,21,16,1,4,6,1,21,1,ds_cbdf3834368e,ds_16b6be697acb,01190,
01101,2024-10-17,11,14,15,26,38,41,145,11,41,30,3,3,4,2,3,1,11,12,3,1,12,1,ds_cbdf3834368e,ds_16b6be697acb,01190,
01102,2024-10-19,9,22,31,39,43,51,195,9,51,42,5,1,2,4,13,9,8,4,8,0,13,4,ds_cbdf3834368e,ds_16b6be697acb,01190,
01103,2024-10-22,15,21,23,26,31,43,159,15,43,28,5,1,4,2,6,2,3,5,12,0,12,2,ds_cbdf3834368e,ds_16b6be697acb,01190,
01104,2024-10-24,5,17,31,39,46,53,191,5,53,48,5,1,2,4,12,14,8,7,7,0,14,7,ds_cbdf3834368e,ds_16b6be697acb,01190,
01105,2024-10-26,5,19,27,29,42,47,169,5,47,42,5,1,3,3,14,8,2,13,5,0,14,2,ds_cbdf3834368e,ds_16b6be697acb,01190,
01106,2024-10-29,14,17,19,28,47,51,176,14,51,37,4,2,3,3,3,2,9,19,4,0,19,2,ds_cbdf3834368e,ds_16b6be697acb,01190,
01107,2024-10-31,5,16,20,29,30,31,131,5,31,26,3,3,3,3,11,4,9,1,1,2,11,1,ds_cbdf3834368e,ds_16b6be697acb,01190,
01108,2024-11-02,2,9,19,20,34,54,138,2,54,52,2,4,4,2,7,10,1,14,20,1,20,1,ds_cbdf3834368e,ds_16b6be697acb,01190,
01109,2024-11-05,9,31,36,46,49,54,225,9,54,45,3,3,1,5,22,5,10,3,5,0,22,3,ds_cbdf3834368e,ds_16b6be697acb,01190,
01110,2024-11-07,6,9,33,39,50,51,188,6,51,45,4,2,2,4,3,24,6,11,1,1,24,1,ds_cbdf3834368e,ds_16b6be697acb,01190,
01111,2024-11-09,11,14,24,26,34,51,160,11,51,40,2,4,4,2,3,10,2,8,17,0,17,2,ds_cbdf3834368e,ds_16b6be697acb,01190,
01112,2024-11-12,1,21,29,35,41,45,172,1,45,44,6,0,2,4,20,8,6,6,4,0,20,4,ds_cbdf3834368e,ds_16b6be697acb,01190,
01113,2024-11-14,12,25,37,40,49,52,215,12,52,40,3,3,2,4,13,12,3,9,3,0,13,3,ds_cbdf3834368e,ds_16b6be697acb,01190,
01114,2024-11-16,16,22,33,37,39,51,198,16,51,35,4,2,2,4,6,11,4,2,12,0,12,2,ds_cbdf3834368e,ds_16b6be697acb,01190,
01115,2024-11-19,6,10,17,34,41,48,156,6,48,42,2,4,3,3,4,7,17,7,7,0,17,4,ds_cbdf3834368e,ds_16b6be697acb,01190,
01116,2024-11-21,15,22,31,40,42,51,201,15,51,36,3,3,2,4,7,9,9,2,9,0,9,2,ds_cbdf3834368e,ds_16b6be697acb,01190,
01117,2024-11-23,4,12,25,39,48,51,179,4,51,47,3,3,3,3,8,13,14,9,3,0,14,3,ds_cbdf3834368e,ds_16b6be697acb,01190,
01118,2024-11-26,8,11,16,32,40,43,150,8,43,35,2,4,3,3,3,5,16,8,3,0,16,3,ds_cbdf3834368e,ds_16b6be697acb,01190,
01119,2024-11-28,1,16,24,28,38,53,160,1,53,52,2,4,3,3,15,8,4,10,15,0,15,4,ds_cbdf3834368e,ds_16b6be697acb,01190,
01120,2024-11-30,1,20,24,26,38,41,150,1,41,40,2,4,4,2,19,4,2,12,3,0,19,2,ds_cbdf3834368e,ds_16b6be697acb,01190,
01121,2024-12-03,10,19,33,39,47,54,202,10,54,44,4,2,2,4,9,14,6,8,7,0,14,6,ds_cbdf3834368e,ds_16b6be697acb,01190,
01122,2024-12-05,16,21,29,41,42,47,196,16,47,31,4,2,2,4,5,8,12,1,5,1,12,1,ds_cbdf3834368e,ds_16b6be697acb,01190,
01123,2024-12-07,16,17,22,24,29,37,145,16,37,21,3,3,4,2,1,5,2,5,8,1,8,1,ds_cbdf3834368e,ds_16b6be697acb,01190,
01124,2024-12-10,11,15,26,45,52,55,204,11,55,44,4,2,3,3,4,11,19,7,3,0,19,3,ds_cbdf3834368e,ds_16b6be697acb,01190,
01125,2024-12-12,1,9,12,18,37,44,121,1,44,43,3,3,4,2,8,3,6,19,7,0,19,3,ds_cbdf3834368e,ds_16b6be697acb,01190,
01126,2024-12-14,3,10,19,20,21,24,97,3,24,21,3,3,6,0,7,9,1,1,3,2,9,1,ds_cbdf3834368e,ds_16b6be697acb,01190,
01127,2024-12-17,2,14,27,30,53,54,180,2,54,52,2,4,3,3,12,13,3,23,1,1,23,1,ds_cbdf3834368e,ds_16b6be697acb,01190,
01128,2024-12-19,13,16,32,39,49,51,200,13,51,38,4,2,2,4,3,16,7,10,2,0,16,2,ds_cbdf3834368e,ds_16b6be697acb,01190,
01129,2024-12-21,4,16,29,30,35,51,165,4,51,47,3,3,2,4,12,13,1,5,16,1,16,1,ds_cbdf3834368e,ds_16b6be697acb,01190,
01130,2024-12-24,17,20,27,32,44,51,191,17,51,34,3,3,3,3,3,7,5,12,7,0,12,3,ds_cbdf3834368e,ds_16b6be697acb,01190,
01131,2024-12-26,6,18,33,38,41,48,184,6,48,42,2,4,2,4,12,15,5,3,7,0,15,3,ds_cbdf3834368e,ds_16b6be697acb,01190,
01132,2024-12-28,6,19,36,42,53,55,211,6,55,49,3,3,2,4,13,17,6,11,2,0,17,2,ds_cbdf3834368e,ds_16b6be697acb,01190,
01133,2024-12-31,8,13,29,36,42,43,171,8,43,35,3,3,2,4,5,16,7,6,1,1,16,1,ds_cbdf3834368e,ds_16b6be697acb,01190,
01134,2025-01-02,4,10,18,22,41,45,140,4,45,41,2,4,4,2,6,8,4,19,4,0,19,4,ds_cbdf3834368e,ds_16b6be697acb,01190,
01135,2025-01-04,4,10,30,36,40,53,173,4,53,49,1,5,2,4,6,20,6,4,13,0,20,4,ds_cbdf3834368e,ds_16b6be697acb,01190,
01136,2025-01-07,4,5,9,16,22,39,95,4,39,35,3,3,5,1,1,4,7,6,17,1,17,1,ds_cbdf3834368e,ds_16b6be697acb,01190,
01137,2025-01-09,18,21,31,39,50,53,212,18,53,35,4,2,2,4,3,10,8,11,3,0,11,3,ds_cbdf3834368e,ds_16b6be697acb,01190,
01138,2025-01-11,10,25,26,29,37,46,173,10,46,36,3,3,3,3,15,1,3,8,9,1,15,1,ds_cbdf3834368e,ds_16b6be697acb,01190,
01139,2025-01-14,3,11,12,24,33,40,123,3,40,37,3,3,4,2,8,1,12,9,7,1,12,1,ds_cbdf3834368e,ds_16b6be697acb,01190,
01140,2025-01-16,8,16,34,37,47,50,192,8,50,42,2,4,2,4,8,18,3,10,3,0,18,3,ds_cbdf3834368e,ds_16b6be697acb,01190,
01141,2025-01-18,1,3,26,31,37,41,139,1,41,40,5,1,3,3,2,23,5,6,4,0,23,2,ds_cbdf3834368e,ds_16b6be697acb,01190,
01142,2025-01-21,11,18,22,28,51,52,182,11,52,41,2,4,3,3,7,4,6,23,1,1,23,1,ds_cbdf3834368e,ds_16b6be697acb,01190,
01143,2025-01-23,11,18,22,49,50,51,201,11,51,40,3,3,3,3,7,4,27,1,1,2,27,1,ds_cbdf3834368e,ds_16b6be697acb,01190,
01144,2025-01-25,14,21,40,42,48,51,216,14,51,37,2,4,2,4,7,19,2,6,3,0,19,2,ds_cbdf3834368e,ds_16b6be697acb,01190,
01145,2025-01-30,5,8,24,28,34,52,151,5,52,47,1,5,3,3,3,16,4,6,18,0,18,3,ds_cbdf3834368e,ds_16b6be697acb,01190,
01146,2025-02-01,1,20,34,38,45,47,185,1,47,46,3,3,2,4,19,14,4,7,2,0,19,2,ds_cbdf3834368e,ds_16b6be697acb,01190,
01147,2025-02-04,7,17,29,51,52,55,211,7,55,48,5,1,2,4,10,12,22,1,3,1,22,1,ds_cbdf3834368e,ds_16b6be697acb,01190,
01148,2025-02-06,1,11,31,43,48,54,188,1,54,53,4,2,2,4,10,20,12,5,6,0,20,5,ds_cbdf3834368e,ds_16b6be697acb,01190,
01149,2025-02-08,11,22,28,44,48,49,202,11,49,38,2,4,2,4,11,6,16,4,1,1,16,1,ds_cbdf3834368e,ds_16b6be697acb,01190,
01150,2025-02-11,1,9,18,21,35,40,124,1,40,39,4,2,4,2,8,9,3,14,5,0,14,3,ds_cbdf3834368e,ds_16b6be697acb,01190,
01151,2025-02-13,2,8,23,26,42,47,148,2,47,45,2,4,4,2,6,15,3,16,5,0,16,3,ds_cbdf3834368e,ds_16b6be697acb,01190,
01152,2025-02-15,22,37,38,47,51,55,250,22,55,33,4,2,1,5,15,1,9,4,4,1,15,1,ds_cbdf3834368e,ds_16b6be697acb,01190,
01153,2025-02-18,12,13,30,38,40,47,180,12,47,35,2,4,2,4,1,17,8,2,7,1,17,1,ds_cbdf3834368e,ds_16b6be697acb,01190,
01154,2025-02-20,13,17,20,27,36,54,167,13,54,41,3,3,4,2,4,3,7,9,18,0,18,3,ds_cbdf3834368e,ds_16b6be697acb,01190,
01155,2025-02-22,1,2,7,22,23,46,101,1,46,45,3,3,5,1,1,5,15,1,23,2,23,1,ds_cbdf3834368e,ds_16b6be697acb,01190,
01156,2025-02-25,1,7,11,24,29,30,102,1,30,29,4,2,4,2,6,4,13,5,1,1,13,1,ds_cbdf3834368e,ds_16b6be697acb,01190,
01157,2025-02-27,5,9,21,31,43,53,162,5,53,48,6,0,3,3,4,12,10,12,10,0,12,4,ds_cbdf3834368e,ds_16b6be697acb,01190,
01158,2025-03-01,15,17,34,37,39,45,187,15,45,30,5,1,2,4,2,17,3,2,6,0,17,2,ds_cbdf3834368e,ds_16b6be697acb,01190,
01159,2025-03-04,5,14,27,43,45,53,187,5,53,48,5,1,3,3,9,13,16,2,8,0,16,2,ds_cbdf3834368e,ds_16b6be697acb,01190,
01160,2025-03-06,5,10,21,26,43,51,156,5,51,46,4,2,4,2,5,11,5,17,8,0,17,5,ds_cbdf3834368e,ds_16b6be697acb,01190,
01161,2025-03-08,10,38,41,43,45,48,225,10,48,38,3,3,1,5,28,3,2,2,3,0,28,2,ds_cbdf3834368e,ds_16b6be697acb,01190,
01162,2025-03-11,1,16,18,30,31,44,140,1,44,43,2,4,3,3,15,2,12,1,13,1,15,1,ds_cbdf3834368e,ds_16b6be697acb,01190,
01163,2025-03-13,7,13,21,43,52,53,189,7,53,46,5,1,3,3,6,8,22,9,1,1,22,1,ds_cbdf3834368e,ds_16b6be697acb,01190,
01164,2025-03-15,1,34,39,40,42,50,206,1,50,49,2,4,1,5,33,5,1,2,8,1,33,1,ds_cbdf3834368e,ds_16b6be697acb,01190,
01165,2025-03-18,2,8,29,30,50,55,174,2,55,53,2,4,2,4,6,21,1,20,5,1,21,1,ds_cbdf3834368e,ds_16b6be697acb,01190,
01166,2025-03-20,11,13,24,28,36,41,153,11,41,30,3,3,3,3,2,11,4,8,5,0,11,2,ds_cbdf3834368e,ds_16b6be697acb,01190,
01167,2025-03-22,2,23,42,50,52,54,223,2,54,52,1,5,2,4,21,19,8,2,2,0,21,2,ds_cbdf3834368e,ds_16b6be697acb,01190,
01168,2025-03-25,14,23,29,30,35,40,171,14,40,26,3,3,2,4,9,6,1,5,5,1,9,1,ds_cbdf3834368e,ds_16b6be697acb,01190,
01169,2025-03-27,13,25,32,36,41,53,200,13,53,40,4,2,2,4,12,7,4,5,12,0,12,4,ds_cbdf3834368e,ds_16b6be697acb,01190,
01170,2025-03-29,14,19,21,24,26,48,152,14,48,34,2,4,5,1,5,2,3,2,22,0,22,2,ds_cbdf3834368e,ds_16b6be697acb,01190,
01171,2025-04-01,14,15,29,33,39,47,177,14,47,33,5,1,2,4,1,14,4,6,8,1,14,1,ds_cbdf3834368e,ds_16b6be697acb,01190,
01172,2025-04-03,24,26,34,42,50,51,227,24,51,27,1,5,2,4,2,8,8,8,1,1,8,1,ds_cbdf3834368e,ds_16b6be697acb,01190,
01173,2025-04-05,13,23,29,32,41,42,180,13,42,29,4,2,2,4,10,6,3,9,1,1,10,1,ds_cbdf3834368e,ds_16b6be697acb,01190,
01174,2025-04-08,3,7,34,41,43,53,181,3,53,50,5,1,2,4,4,27,7,2,10,0,27,2,ds_cbdf3834368e,ds_16b6be697acb,01190,
01175,2025-04-10,10,13,36,37,40,43,179,10,43,33,3,3,2,4,3,23,1,3,3,1,23,1,ds_cbdf3834368e,ds_16b6be697acb,01190,
01176,2025-04-12,3,14,19,37,42,55,170,3,55,52,4,2,3,3,11,5,18,5,13,0,18,5,ds_cbdf3834368e,ds_16b6be697acb,01190,
01177,2025-04-15,8,23,24,27,42,49,173,8,49,41,3,3,4,2,15,1,3,15,7,1,15,1,ds_cbdf3834368e,ds_16b6be697acb,01190,
01178,2025-04-17,1,17,20,38,41,52,169,1,52,51,3,3,3,3,16,3,18,3,11,0,18,3,ds_cbdf3834368e,ds_16b6be697acb,01190,
01179,2025-04-19,5,11,15,32,42,49,154,5,49,44,4,2,3,3,6,4,17,10,7,0,17,4,ds_cbdf3834368e,ds_16b6be697acb,01190,
01180,2025-04-22,10,25,37,40,41,48,201,10,48,38,3,3,2,4,15,12,3,1,7,1,15,1,ds_cbdf3834368e,ds_16b6be697acb,01190,
01181,2025-04-24,1,2,15,39,40,47,144,1,47,46,4,2,3,3,1,13,24,1,7,2,24,1,ds_cbdf3834368e,ds_16b6be697acb,01190,
01182,2025-04-26,3,15,16,31,48,52,165,3,52,49,3,3,3,3,12,1,15,17,4,1,17,1,ds_cbdf3834368e,ds_16b6be697acb,01190,
01183,2025-04-29,14,15,18,23,28,33,131,14,33,19,3,3,4,2,1,3,5,5,5,1,5,1,ds_cbdf3834368e,ds_16b6be697acb,01190,
01184,2025-05-01,3,17,19,41,45,50,175,3,50,47,5,1,3,3,14,2,22,4,5,0,22,2,ds_cbdf3834368e,ds_16b6be697acb,01190,
01185,2025-05-03,15,19,21,26,42,47,170,15,47,32,4,2,4,2,4,2,5,16,5,0,16,2,ds_cbdf3834368e,ds_16b6be697acb,01190,
01186,2025-05-06,12,16,25,28,30,39,150,12,39,27,2,4,3,3,4,9,3,2,9,0,9,2,ds_cbdf3834368e,ds_16b6be697acb,01190,
01187,2025-05-08,8,14,29,37,39,50,177,8,50,42,3,3,2,4,6,15,8,2,11,0,15,2,ds_cbdf3834368e,ds_16b6be697acb,01190,
01188,2025-05-10,7,16,19,28,34,51,155,7,51,44,3,3,3,3,9,3,9,6,17,0,17,3,ds_cbdf3834368e,ds_16b6be697acb,01190,
01189,2025-05-13,3,7,24,39,54,55,182,3,55,52,4,2,3,3,4,17,15,15,1,1,17,1,ds_cbdf3834368e,ds_16b6be697acb,01190,
01190,2025-05-15,6,9,13,44,49,54,175,6,54,48,3,3,3,3,3,4,31,5,5,0,31,3,ds_cbdf3834368e,ds_16b6be697acb,01190,
