period_type,period,partial,number,count,n_draws,expected,null_lo,null_hi,z,source_dataset_version,analysis_version,through_draw,override_ref
quarter,2017-Q3,True,1,3,27,2.945454545,0,6,0.03367175149,ds_cbdf3834368e,ds_16b6be697acb,01190,
quarter,2017-Q3,True,2,1,27,2.945454545,0,6,-1.200959136,ds_cbdf3834368e,ds_16b6be697acb,01190,
quarter,2017-Q3,True,3,1,27,2.945454545,0,6,-1.200959136,ds_cbdf3834368e,ds_16b6be697acb,01190,
quarter,2017-Q3,True,4,4,27,2.945454545,0,6,0.6509871954,ds_cbdf3834368e,ds_16b6be697acb,01190,
quarter,2017-Q3,True,5,4,27,2.945454545,0,6,0.6509871954,ds_cbdf3834368e,ds_16b6be697acb,01190,
quarter,2017-Q3,True,6,2,27,2.945454545,0,6,-0.5836436924,ds_cbdf3834368e,ds_16b6be697acb,01190,
quarter,2017-Q3,True,7,3,27,2.945454545,0,6,0.03367175149,ds_cbdf3834368e,ds_16b6be697acb,01190,
quarter,2017-Q3,True,8,3,27,2.945454545,0,6,0.03367175149,ds_cbdf3834368e,ds_16b6be697acb,01190,
quarter,2017-Q3,True,9,4,27,2.945454545,0,6,0.6509871954,ds_cbdf3834368e,ds_16b6be697acb,01190,
quarter,2017-Q3,True,10,4,27,2.945454545,0,6,0.6509871954,ds_cbdf3834368e,ds_16b6be697acb,01190,
quarter,2017-Q3,True,11,6,27,2.945454545,0,6,1.885618083,ds_cbdf3834368e,ds_16b6be697acb,01190,
quarter,2017-Q3,True,12,5,27,2.945454545,0,6,1.268302639,ds_cbdf3834368e,ds_16b6be697acb,01190,
quarter,2017-Q3,True,13,2,27,2.945454545,0,6,-0.5836436924,ds_cbdf3834368e,ds_16b6be697acb,01190,
quarter,2017-Q3,True,14,2,27,2.945454545,0,6,-0.5836436924,ds_cbdf3834368e,ds_16b6be697acb,01190,
quarter,2017-Q3,True,15,4,27,2.945454545,0,6,0.6509871954,ds_cbdf3834368e,ds_16b6be697acb,01190,
quarter,2017-Q3,True,16,3,27,2.945454545,0,6,0.03367175149,ds_cbdf3834368e,ds_16b6be697acb,01190,
quarter,2017-Q3,True,17,2,27,2.945454545,0,6,-0.5836436924,ds_cbdf3834368e,ds_16b6be697acb,01190,
quarter,2017-Q3,True,18,4,27,2.945454545,0,6,0.6509871954,ds_cbdf3834368e,ds_16b6be697acb,01190,
quarter,2017-Q3,True,19,4,27,2.945454545,0,6,0.6509871954,ds_cbdf3834368e,ds_16b6be697acb,01190,
quarter,2017-Q3,True,20,4,27,2.945454545,0,6,0.6509871954,ds_cbdf3834368e,ds_16b6be697acb,01190,
quarter,2017-Q3,True,21,1,27,2.945454545,0,6,-1.200959136,ds_cbdf3834368e,ds_16b6be697acb,01190,
quarter,2017-Q3,True,22,2,27,2.945454545,0,6,-0.5836436924,ds_cbdf3834368e,ds_16b6be697acb,01190,
quarter,2017-Q3,True,23,6,27,2.945454545,0,6,1.885618083,ds_cbdf3834368e,ds_16b6be697acb,01190,
quarter,2017-Q3,True,24,5,27,2.945454545,0,6,1.268302639,ds_cbdf3834368e,ds_16b6be697acb,01190,
quarter,2017-Q3,True,25,3,27,2.945454545,0,6,0.03367175149,ds_cbdf3834368e,ds_16b6be697acb,01190,
quarter,2017-Q3,True,26,2,27,2.945454545,0,6,-0.5836436924,ds_cbdf3834368e,ds_16b6be697acb,01190,
quarter,2017-Q3,True,27,4,27,2.945454545,0,6,0.6509871954,ds_cbdf3834368e,ds_16b6be697acb,01190,
quarter,2017-Q3,True,28,1,27,2.945454545,0,6,-1.200959136,ds_cbdf3834368e,ds_16b6be697acb,01190,
quarter,2017-Q3,True,29,1,27,2.945454545,0,6,-1.200959136,ds_cbdf3834368e,ds_16b6be697acb,01190,
quarter,2017-Q3,True,30,3,27,2.945454545,0,6,0.03367175149,ds_cbdf3834368e,ds_16b6be697acb,01190,
quarter,2017-Q3,True,31,4,27,2.945454545,0,6,0.6509871954,ds_cbdf3834368e,ds_16b6be697acb,01190,
quarter,2017-Q3,True,32,8,27,2.945454545,0,6,3.120248971,ds_cbdf3834368e,ds_16b6be697acb,01190,
quarter,2017-Q3,True,33,1,27,2.945454545,0,6,-1.200959136,ds_cbdf3834368e,ds_16b6be697acb,01190,
quarter,2017-Q3,True,34,2,27,2.945454545,0,6,-0.5836436924,ds_cbdf3834368e,ds_16b6be697acb,01190,
quarter,2017-Q3,True,35,1,27,2.945454545,0,6,-1.200959136,ds_cbdf3834368e,ds_16b6be697acb,01190,
quarter,2017-Q3,True,36,7,27,2.945454545,0,6,2.502933527,ds_cbdf3834368e,ds_16b6be697acb,01190,
quarter,2017-Q3,True,37,2,27,2.945454545,0,6,-0.5836436924,ds_cbdf3834368e,ds_16b6be697acb,01190,
quarter,2017-Q3,True,38,3,27,2.945454545,0,6,0.03367175149,ds_cbdf3834368e,ds_16b6be697acb,01190,
quarter,2017-Q3,True,39,3,27,2.945454545,0,6,0.03367175149,ds_cbdf3834368e,ds_16b6be697acb,01190,
quarter,2017-Q3,True,40,2,27,2.945454545,0,6,-0.5836436924,ds_cbdf3834368e,ds_16b6be697acb,01190,
quarter,2017-Q3,True,41,5,27,2.945454545,0,6,1.268302639,ds_cbdf3834368e,ds_16b6be697acb,01190,
quarter,2017-Q3,True,42,1,27,2.945454545,0,6,-1.200959136,ds_cbdf3834368e,ds_16b6be697acb,01190,
quarter,2017-Q3,True,43,3,27,2.945454545,0,6,0.03367175149,ds_cbdf3834368e,ds_16b6be697acb,01190,
quarter,2017-Q3,True,44,4,27,2.945454545,0,6,0.6509871954,ds_cbdf3834368e,ds_16b6be697acb,01190,
quarter,2017-Q3,True,45,2,27,2.945454545,0,6,-0.5836436924,ds_cbdf3834368e,ds_16b6be697acb,01190,
quarter,2017-Q3,True,46,3,27,2.945454545,0,6,0.03367175149,ds_cbdf3834368e,ds_16b6be697acb,01190,
quarter,2017-Q3,True,47,3,27,2.945454545,0,6,0.03367175149,ds_cbdf3834368e,ds_16b6be697acb,01190,
quarter,2017-Q3,True,48,1,27,2.945454545,0,6,-1.200959136,ds_cbdf3834368e,ds_16b6be697acb,01190,
quarter,2017-Q3,True,49,1,27,2.945454545,0,6,-1.200959136,ds_cbdf3834368e,ds_16b6be697acb,01190,
quarter,2017-Q3,True,50,1,27,2.945454545,0,6,-1.200959136,ds_cbdf3834368e,ds_16b6be697acb,01190,
quarter,2017-Q3,True,51,7,27,2.945454545,0,6,2.502933527,ds_cbdf3834368e,ds_16b6be697acb,01190,
quarter,2017-Q3,True,52,1,27,2.945454545,0,6,-1.200959136,ds_cbdf3834368e,ds_16b6be697acb,01190,
quarter,2017-Q3,True,53,2,27,2.945454545,0,6,-0.5836436924,ds_cbdf3834368e,ds_16b6be697acb,01190,
quarter,2017-Q3,True,54,2,27,2.945454545,0,6,-0.5836436924,ds_cbdf3834368e,ds_16b6be697acb,01190,
quarter,2017-Q3,True,55,0,27,2.945454545,0,6,-1.81827458,ds_cbdf3834368e,ds_16b6be697acb,01190,
quarter,2017-Q4,False,1,5,39,4.254545455,1,8,0.3828934067,ds_cbdf3834368e,ds_16b6be697acb,01190,
quarter,2017-Q4,False,2,8,39,4.254545455,1,8,1.923805897,ds_cbdf3834368e,ds_16b6be697acb,01190,
quarter,2017-Q4,False,3,6,39,4.254545455,1,8,0.8965309035,ds_cbdf3834368e,ds_16b6be697acb,01190,
quarter,2017-Q4,False,4,1,39,4.254545455,1,8,-1.67165658,ds_cbdf3834368e,ds_16b6be697acb,01190,
quarter,2017-Q4,False,5,5,39,4.254545455,1,8,0.3828934067,ds_cbdf3834368e,ds_16b6be697acb,01190,
quarter,2017-Q4,False,6,3,39,4.254545455,1,8,-0.6443815869,ds_cbdf3834368e,ds_16b6be697acb,01190,
quarter,2017-Q4,False,7,5,39,4.254545455,1,8,0.3828934067,ds_cbdf3834368e,ds_16b6be697acb,01190,
quarter,2017-Q4,False,8,6,39,4.254545455,1,8,0.8965309035,ds_cbdf3834368e,ds_16b6be697acb,01190,
quarter,2017-Q4,False,9,7,39,4.254545455,1,8,1.4101684,ds_cbdf3834368e,ds_16b6be697acb,01190,
quarter,2017-Q4,False,10,1,39,4.254545455,1,8,-1.67165658,ds_cbdf3834368e,ds_16b6be697acb,01190,
quarter,2017-Q4,False,11,4,39,4.254545455,1,8,-0.1307440901,ds_cbdf3834368e,ds_16b6be697acb,01190,
quarter,2017-Q4,False,12,5,39,4.254545455,1,8,0.3828934067,ds_cbdf3834368e,ds_16b6be697acb,01190,
quarter,2017-Q4,False,13,7,39,4.254545455,1,8,1.4101684,ds_cbdf3834368e,ds_16b6be697acb,01190,
quarter,2017-Q4,False,14,3,39,4.254545455,1,8,-0.6443815869,ds_cbdf3834368e,ds_16b6be697acb,01190,
quarter,2017-Q4,False,15,2,39,4.254545455,1,8,-1.158019084,ds_cbdf3834368e,ds_16b6be697acb,01190,
quarter,2017-Q4,False,16,3,39,4.254545455,1,8,-0.6443815869,ds_cbdf3834368e,ds_16b6be697acb,01190,
quarter,2017-Q4,False,17,1,39,4.254545455,1,8,-1.67165658,ds_cbdf3834368e,ds_16b6be697acb,01190,
quarter,2017-Q4,False,18,6,39,4.254545455,1,8,0.8965309035,ds_cbdf3834368e,ds_16b6be697acb,01190,
quarter,2017-Q4,False,19,3,39,4.254545455,1,8,-0.6443815869,ds_cbdf3834368e,ds_16b6be697acb,01190,
quarter,2017-Q4,False,20,2,39,4.254545455,1,8,-1.158019084,ds_cbdf3834368e,ds_16b6be697acb,01190,
quarter,2017-Q4,False,21,3,39,4.254545455,1,8,-0.6443815869,ds_cbdf3834368e,ds_16b6be697acb,01190,
quarter,2017-Q4,False,22,3,39,4.254545455,1,8,-0.6443815869,ds_cbdf3834368e,ds_16b6be697acb,01190,
quarter,2017-Q4,False,23,4,39,4.254545455,1,8,-0.1307440901,ds_cbdf3834368e,ds_16b6be697acb,01190,
quarter,2017-Q4,False,24,3,39,4.254545455,1,8,-0.6443815869,ds_cbdf3834368e,ds_16b6be697acb,01190,
quarter,2017-Q4,False,25,3,39,4.254545455,1,8,-0.6443815869,ds_cbdf3834368e,ds_16b6be697acb,01190,
quarter,2017-Q4,False,26,7,39,4.254545455,1,8,1.4101684,ds_cbdf3834368e,ds_16b6be697acb,01190,
quarter,2017-Q4,False,27,2,39,4.254545455,1,8,-1.158019084,ds_cbdf3834368e,ds_16b6be697acb,01190,
quarter,2017-Q4,False,28,2,39,4.254545455,1,8,-1.158019084,ds_cbdf3834368e,ds_16b6be697acb,01190,
quarter,2017-Q4,False,29,4,39,4.254545455,1,8,-0.1307440901,ds_cbdf3834368e,ds_16b6be697acb,01190,
quarter,2017-Q4,False,30,1,39,4.254545455,1,8,-1.67165658,ds_cbdf3834368e,ds_16b6be697acb,01190,
quarter,2017-Q4,False,31,4,39,4.254545455,1,8,-0.1307440901,ds_cbdf3834368e,ds_16b6be697acb,01190,
quarter,2017-Q4,False,32,3,39,4.254545455,1,8,-0.6443815869,ds_cbdf3834368e,ds_16b6be697acb,01190,
quarter,2017-Q4,False,33,2,39,4.254545455,1,8,-1.158019084,ds_cbdf3834368e,ds_16b6be697acb,01190,
quarter,2017-Q4,False,34,4,39,4.254545455,1,8,-0.1307440901,ds_cbdf3834368e,ds_16b6be697acb,01190,
quarter,2017-Q4,False,35,10,39,4.254545455,1,8,2.951080891,ds_cbdf3834368e,ds_16b6be697acb,01190,
quarter,2017-Q4,False,36,6,39,4.254545455,1,8,0.8965309035,ds_cbdf3834368e,ds_16b6be697acb,01190,
quarter,2017-Q4,False,37,8,39,4.254545455,1,8,1.923805897,ds_cbdf3834368e,ds_16b6be697acb,01190,
quarter,2017-Q4,False,38,3,39,4.254545455,1,8,-0.6443815869,ds_cbdf3834368e,ds_16b6be697acb,01190,
quarter,2017-Q4,False,39,3,39,4.254545455,1,8,-0.6443815869,ds_cbdf3834368e,ds_16b6be697acb,01190,
quarter,2017-Q4,False,40,4,39,4.254545455,1,8,-0.1307440901,ds_cbdf3834368e,ds_16b6be697acb,01190,
quarter,2017-Q4,False,41,5,39,4.254545455,1,8,0.3828934067,ds_cbdf3834368e,ds_16b6be697acb,01190,
quarter,2017-Q4,False,42,7,39,4.254545455,1,8,1.4101684,ds_cbdf3834368e,ds_16b6be697acb,01190,
quarter,2017-Q4,False,43,3,39,4.254545455,1,8,-0.6443815869,ds_cbdf3834368e,ds_16b6be697acb,01190,
quarter,2017-Q4,False,44,7,39,4.254545455,1,8,1.4101684,ds_cbdf3834368e,ds_16b6be697acb,01190,
quarter,2017-Q4,False,45,4,39,4.254545455,1,8,-0.1307440901,ds_cbdf3834368e,ds_16b6be697acb,01190,
quarter,2017-Q4,False,46,6,39,4.254545455,1,8,0.8965309035,ds_cbdf3834368e,ds_16b6be697acb,01190,
quarter,2017-Q4,False,47,3,39,4.254545455,1,8,-0.6443815869,ds_cbdf3834368e,ds_16b6be697acb,01190,
quarter,2017-Q4,False,48,2,39,4.254545455,1,8,-1.158019084,ds_cbdf3834368e,ds_16b6be697acb,01190,
quarter,2017-Q4,False,49,6,39,4.254545455,1,8,0.8965309035,ds_cbdf3834368e,ds_16b6be697acb,01190,
quarter,2017-Q4,False,50,9,39,4.254545455,1,8,2.437443394,ds_cbdf3834368e,ds_16b6be697acb,01190,
quarter,2017-Q4,False,51,2,39,4.254545455,1,8,-1.158019084,ds_cbdf3834368e,ds_16b6be697acb,01190,
quarter,2017-Q4,False,52,5,39,4.254545455,1,8,0.3828934067,ds_cbdf3834368e,ds_16b6be697acb,01190,
quarter,2017-Q4,False,53,4,39,4.254545455,1,8,-0.1307440901,ds_cbdf3834368e,ds_16b6be697acb,01190,
quarter,2017-Q4,False,54,6,39,4.254545455,1,8,0.8965309035,ds_cbdf3834368e,ds_16b6be697acb,01190,
quarter,2017-Q4,False,55,3,39,4.254545455,1,8,-0.6443815869,ds_cbdf3834368e,ds_16b6be697acb,01190,
quarter,2018-Q1,False,1,8,38,4.145454545,1,8,2.005720426,ds_cbdf3834368e,ds_16b6be697acb,01190,
quarter,2018-Q1,False,2,4,38,4.145454545,1,8,-0.07568756326,ds_cbdf3834368e,ds_16b6be697acb,01190,
quarter,2018-Q1,False,3,4,38,4.145454545,1,8,-0.07568756326,ds_cbdf3834368e,ds_16b6be697acb,01190,
quarter,2018-Q1,False,4,5,38,4.145454545,1,8,0.4446644342,ds_cbdf3834368e,ds_16b6be697acb,01190,
quarter,2018-Q1,False,5,3,38,4.145454545,1,8,-0.5960395607,ds_cbdf3834368e,ds_16b6be697acb,01190,
quarter,2018-Q1,False,6,2,38,4.145454545,1,8,-1.116391558,ds_cbdf3834368e,ds_16b6be697acb,01190,
quarter,2018-Q1,False,7,8,38,4.145454545,1,8,2.005720426,ds_cbdf3834368e,ds_16b6be697acb,01190,
quarter,2018-Q1,False,8,5,38,4.145454545,1,8,0.4446644342,ds_cbdf3834368e,ds_16b6be697acb,01190,
quarter,2018-Q1,False,9,4,38,4.145454545,1,8,-0.07568756326,ds_cbdf3834368e,ds_16b6be697acb,01190,
quarter,2018-Q1,False,10,4,38,4.145454545,1,8,-0.07568756326,ds_cbdf3834368e,ds_16b6be697acb,01190,
quarter,2018-Q1,False,11,3,38,4.145454545,1,8,-0.5960395607,ds_cbdf3834368e,ds_16b6be697acb,01190,
quarter,2018-Q1,False,12,2,38,4.145454545,1,8,-1.116391558,ds_cbdf3834368e,ds_16b6be697acb,01190,
quarter,2018-Q1,False,13,2,38,4.145454545,1,8,-1.116391558,ds_cbdf3834368e,ds_16b6be697acb,01190,
quarter,2018-Q1,False,14,4,38,4.145454545,1,8,-0.07568756326,ds_cbdf3834368e,ds_16b6be697acb,01190,
quarter,2018-Q1,False,15,5,38,4.145454545,1,8,0.4446644342,ds_cbdf3834368e,ds_16b6be697acb,01190,
quarter,2018-Q1,False,16,3,38,4.145454545,1,8,-0.5960395607,ds_cbdf3834368e,ds_16b6be697acb,01190,
quarter,2018-Q1,False,17,3,38,4.145454545,1,8,-0.5960395607,ds_cbdf3834368e,ds_16b6be697acb,01190,
quarter,2018-Q1,False,18,2,38,4.145454545,1,8,-1.116391558,ds_cbdf3834368e,ds_16b6be697acb,01190,
quarter,2018-Q1,False,19,2,38,4.145454545,1,8,-1.116391558,ds_cbdf3834368e,ds_16b6be697acb,01190,
quarter,2018-Q1,False,20,4,38,4.145454545,1,8,-0.07568756326,ds_cbdf3834368e,ds_16b6be697acb,01190,
quarter,2018-Q1,False,21,4,38,4.145454545,1,8,-0.07568756326,ds_cbdf3834368e,ds_16b6be697acb,01190,
quarter,2018-Q1,False,22,3,38,4.145454545,1,8,-0.5960395607,ds_cbdf3834368e,ds_16b6be697acb,01190,
quarter,2018-Q1,False,23,4,38,4.145454545,1,8,-0.07568756326,ds_cbdf3834368e,ds_16b6be697acb,01190,
quarter,2018-Q1,False,24,6,38,4.145454545,1,8,0.9650164316,ds_cbdf3834368e,ds_16b6be697acb,01190,
quarter,2018-Q1,False,25,4,38,4.145454545,1,8,-0.07568756326,ds_cbdf3834368e,ds_16b6be697acb,01190,
quarter,2018-Q1,False,26,3,38,4.145454545,1,8,-0.5960395607,ds_cbdf3834368e,ds_16b6be697acb,01190,
quarter,2018-Q1,False,27,3,38,4.145454545,1,8,-0.5960395607,ds_cbdf3834368e,ds_16b6be697acb,01190,
quarter,2018-Q1,False,28,6,38,4.145454545,1,8,0.9650164316,ds_cbdf3834368e,ds_16b6be697acb,01190,
quarter,2018-Q1,False,29,4,38,4.145454545,1,8,-0.07568756326,ds_cbdf3834368e,ds_16b6be697acb,01190,
quarter,2018-Q1,False,30,5,38,4.145454545,1,8,0.4446644342,ds_cbdf3834368e,ds_16b6be697acb,01190,
quarter,2018-Q1,False,31,4,38,4.145454545,1,8,-0.07568756326,ds_cbdf3834368e,ds_16b6be697acb,01190,
quarter,2018-Q1,False,32,3,38,4.145454545,1,8,-0.5960395607,ds_cbdf3834368e,ds_16b6be697acb,01190,
quarter,2018-Q1,False,33,2,38,4.145454545,1,8,-1.116391558,ds_cbdf3834368e,ds_16b6be697acb,01190,
quarter,2018-Q1,False,34,2,38,4.145454545,1,8,-1.116391558,ds_cbdf3834368e,ds_16b6be697acb,01190,
quarter,2018-Q1,False,35,6,38,4.145454545,1,8,0.9650164316,ds_cbdf3834368e,ds_16b6be697acb,01190,
quarter,2018-Q1,False,36,4,38,4.145454545,1,8,-0.07568756326,ds_cbdf3834368e,ds_16b6be697acb,01190,
quarter,2018-Q1,False,37,4,38,4.145454545,1,8,-0.07568756326,ds_cbdf3834368e,ds_16b6be697acb,01190,
quarter,2018-Q1,False,38,3,38,4.145454545,1,8,-0.5960395607,ds_cbdf3834368e,ds_16b6be697acb,01190,
quarter,2018-Q1,False,39,4,38,4.145454545,1,8,-0.07568756326,ds_cbdf3834368e,ds_16b6be697acb,01190,
quarter,2018-Q1,False,40,3,38,4.145454545,1,8,-0.5960395607,ds_cbdf3834368e,ds_16b6be697acb,01190,
quarter,2018-Q1,False,41,7,38,4.145454545,1,8,1.485368429,ds_cbdf3834368e,ds_16b6be697acb,01190,
quarter,2018-Q1,False,42,4,38,4.145454545,1,8,-0.07568756326,ds_cbdf3834368e,ds_16b6be697acb,01190,
quarter,2018-Q1,False,43,5,38,4.145454545,1,8,0.4446644342,ds_cbdf3834368e,ds_16b6be697acb,01190,
quarter,2018-Q1,False,44,2,38,4.145454545,1,8,-1.116391558,ds_cbdf3834368e,ds_16b6be697acb,01190,
quarter,2018-Q1,False,45,6,38,4.145454545,1,8,0.9650164316,ds_cbdf3834368e,ds_16b6be697acb,01190,
quarter,2018-Q1,False,46,6,38,4.145454545,1,8,0.9650164316,ds_cbdf3834368e,ds_16b6be697acb,01190,
quarter,2018-Q1,False,47,3,38,4.145454545,1,8,-0.5960395607,ds_cbdf3834368e,ds_16b6be697acb,01190,
quarter,2018-Q1,False,48,5,38,4.145454545,1,8,0.4446644342,ds_cbdf3834368e,ds_16b6be697acb,01190,
quarter,2018-Q1,False,49,7,38,4.145454545,1,8,1.485368429,ds_cbdf3834368e,ds_16b6be697acb,01190,
quarter,2018-Q1,False,50,7,38,4.145454545,1,8,1.485368429,ds_cbdf3834368e,ds_16b6be697acb,01190,
quarter,2018-Q1,False,51,4,38,4.145454545,1,8,-0.07568756326,ds_cbdf3834368e,ds_16b6be697acb,01190,
quarter,2018-Q1,False,52,5,38,4.145454545,1,8,0.4446644342,ds_cbdf3834368e,ds_16b6be697acb,01190,
quarter,2018-Q1,False,53,4,38,4.145454545,1,8,-0.07568756326,ds_cbdf3834368e,ds_16b6be697acb,01190,
quarter,2018-Q1,False,54,3,38,4.145454545,1,8,-0.5960395607,ds_cbdf3834368e,ds_16b6be697acb,01190,
quarter,2018-Q1,False,55,6,38,4.145454545,1,8,0.9650164316,ds_cbdf3834368e,ds_16b6be697acb,01190,
quarter,2018-Q2,False,1,3,39,4.254545455,1,8,-0.6443815869,ds_cbdf3834368e,ds_16b6be697acb,01190,
quarter,2018-Q2,False,2,4,39,4.254545455,1,8,-0.1307440901,ds_cbdf3834368e,ds_16b6be697acb,01190,
quarter,2018-Q2,False,3,5,39,4.254545455,1,8,0.3828934067,ds_cbdf3834368e,ds_16b6be697acb,01190,
quarter,2018-Q2,False,4,4,39,4.254545455,1,8,-0.1307440901,ds_cbdf3834368e,ds_16b6be697acb,01190,
quarter,2018-Q2,False,5,2,39,4.254545455,1,8,-1.158019084,ds_cbdf3834368e,ds_16b6be697acb,01190,
quarter,2018-Q2,False,6,3,39,4.254545455,1,8,-0.6443815869,ds_cbdf3834368e,ds_16b6be697acb,01190,
quarter,2018-Q2,False,7,4,39,4.254545455,1,8,-0.1307440901,ds_cbdf3834368e,ds_16b6be697acb,01190,
quarter,2018-Q2,False,8,4,39,4.254545455,1,8,-0.1307440901,ds_cbdf3834368e,ds_16b6be697acb,01190,
quarter,2018-Q2,False,9,4,39,4.254545455,1,8,-0.1307440901,ds_cbdf3834368e,ds_16b6be697acb,01190,
quarter,2018-Q2,False,10,2,39,4.254545455,1,8,-1.158019084,ds_cbdf3834368e,ds_16b6be697acb,01190,
quarter,2018-Q2,False,11,3,39,4.254545455,1,8,-0.6443815869,ds_cbdf3834368e,ds_16b6be697acb,01190,
quarter,2018-Q2,False,12,4,39,4.254545455,1,8,-0.1307440901,ds_cbdf3834368e,ds_16b6be697acb,01190,
quarter,2018-Q2,False,13,4,39,4.254545455,1,8,-0.1307440901,ds_cbdf3834368e,ds_16b6be697acb,01190,
quarter,2018-Q2,False,14,2,39,4.254545455,1,8,-1.158019084,ds_cbdf3834368e,ds_16b6be697acb,01190,
quarter,2018-Q2,False,15,3,39,4.254545455,1,8,-0.6443815869,ds_cbdf3834368e,ds_16b6be697acb,01190,
quarter,2018-Q2,False,16,5,39,4.254545455,1,8,0.3828934067,ds_cbdf3834368e,ds_16b6be697acb,01190,
quarter,2018-Q2,False,17,8,39,4.254545455,1,8,1.923805897,ds_cbdf3834368e,ds_16b6be697acb,01190,
quarter,2018-Q2,False,18,6,39,4.254545455,1,8,0.8965309035,ds_cbdf3834368e,ds_16b6be697acb,01190,
quarter,2018-Q2,False,19,3,39,4.254545455,1,8,-0.6443815869,ds_cbdf3834368e,ds_16b6be697acb,01190,
quarter,2018-Q2,False,20,2,39,4.254545455,1,8,-1.158019084,ds_cbdf3834368e,ds_16b6be697acb,01190,
quarter,2018-Q2,False,21,4,39,4.254545455,1,8,-0.1307440901,ds_cbdf3834368e,ds_16b6be697acb,01190,
quarter,2018-Q2,False,22,3,39,4.254545455,1,8,-0.6443815869,ds_cbdf3834368e,ds_16b6be697acb,01190,
quarter,2018-Q2,False,23,9,39,4.254545455,1,8,2.437443394,ds_cbdf3834368e,ds_16b6be697acb,01190,
quarter,2018-Q2,False,24,5,39,4.254545455,1,8,0.3828934067,ds_cbdf3834368e,ds_16b6be697acb,01190,
quarter,2018-Q2,False,25,7,39,4.254545455,1,8,1.4101684,ds_cbdf3834368e,ds_16b6be697acb,01190,
quarter,2018-Q2,False,26,8,39,4.254545455,1,8,1.923805897,ds_cbdf3834368e,ds_16b6be697acb,01190,
quarter,2018-Q2,False,27,3,39,4.254545455,1,8,-0.6443815869,ds_cbdf3834368e,ds_16b6be697acb,01190,
quarter,2018-Q2,False,28,1,39,4.254545455,1,8,-1.67165658,ds_cbdf3834368e,ds_16b6be697acb,01190,
quarter,2018-Q2,False,29,7,39,4.254545455,1,8,1.4101684,ds_cbdf3834368e,ds_16b6be697acb,01190,
quarter,2018-Q2,False,30,2,39,4.254545455,1,8,-1.158019084,ds_cbdf3834368e,ds_16b6be697acb,01190,
quarter,2018-Q2,False,31,8,39,4.254545455,1,8,1.923805897,ds_cbdf3834368e,ds_16b6be697acb,01190,
quarter,2018-Q2,False,32,6,39,4.254545455,1,8,0.8965309035,ds_cbdf3834368e,ds_16b6be697acb,01190,
quarter,2018-Q2,False,33,8,39,4.254545455,1,8,1.923805897,ds_cbdf3834368e,ds_16b6be697acb,01190,
quarter,2018-Q2,False,34,2,39,4.254545455,1,8,-1.158019084,ds_cbdf3834368e,ds_16b6be697acb,01190,
quarter,2018-Q2,False,35,5,39,4.254545455,1,8,0.3828934067,ds_cbdf3834368e,ds_16b6be697acb,01190,
quarter,2018-Q2,False,36,4,39,4.254545455,1,8,-0.1307440901,ds_cbdf3834368e,ds_16b6be697acb,01190,
quarter,2018-Q2,False,37,5,39,4.254545455,1,8,0.3828934067,ds_cbdf3834368e,ds_16b6be697acb,01190,
quarter,2018-Q2,False,38,5,39,4.254545455,1,8,0.3828934067,ds_cbdf3834368e,ds_16b6be697acb,01190,
quarter,2018-Q2,False,39,5,39,4.254545455,1,8,0.3828934067,ds_cbdf3834368e,ds_16b6be697acb,01190,
quarter,2018-Q2,False,40,4,39,4.254545455,1,8,-0.1307440901,ds_cbdf3834368e,ds_16b6be697acb,01190,
quarter,2018-Q2,False,41,3,39,4.254545455,1,8,-0.6443815869,ds_cbdf3834368e,ds_16b6be697acb,01190,
quarter,2018-Q2,False,42,3,39,4.254545455,1,8,-0.6443815869,ds_cbdf3834368e,ds_16b6be697acb,01190,
quarter,2018-Q2,False,43,4,39,4.254545455,1,8,-0.1307440901,ds_cbdf3834368e,ds_16b6be697acb,01190,
quarter,2018-Q2,False,44,3,39,4.254545455,1,8,-0.6443815869,ds_cbdf3834368e,ds_16b6be697acb,01190,
quarter,2018-Q2,False,45,4,39,4.254545455,1,8,-0.1307440901,ds_cbdf3834368e,ds_16b6be697acb,01190,
quarter,2018-Q2,False,46,6,39,4.254545455,1,8,0.8965309035,ds_cbdf3834368e,ds_16b6be697acb,01190,
quarter,2018-Q2,False,47,3,39,4.254545455,1,8,-0.6443815869,ds_cbdf3834368e,ds_16b6be697acb,01190,
quarter,2018-Q2,False,48,5,39,4.254545455,1,8,0.3828934067,ds_cbdf3834368e,ds_16b6be697acb,01190,
quarter,2018-Q2,False,49,3,39,4.254545455,1,8,-0.6443815869,ds_cbdf3834368e,ds_16b6be697acb,01190,
quarter,2018-Q2,False,50,1,39,4.254545455,1,8,-1.67165658,ds_cbdf3834368e,ds_16b6be697acb,01190,
quarter,2018-Q2,False,51,3,39,4.254545455,1,8,-0.6443815869,ds_cbdf3834368e,ds_16b6be697acb,01190,
quarter,2018-Q2,False,52,4,39,4.254545455,1,8,-0.1307440901,ds_cbdf3834368e,ds_16b6be697acb,01190,
quarter,2018-Q2,False,53,5,39,4.254545455,1,8,0.3828934067,ds_cbdf3834368e,ds_16b6be697acb,01190,
quarter,2018-Q2,False,54,5,39,4.254545455,1,8,0.3828934067,ds_cbdf3834368e,ds_16b6be697acb,01190,
quarter,2018-Q2,False,55,6,39,4.254545455,1,8,0.8965309035,ds_cbdf3834368e,ds_16b6be697acb,01190,
quarter,2018-Q3,False,1,2,39,4.254545455,1,8,-1.158019084,ds_cbdf3834368e,ds_16b6be697acb,01190,
quarter,2018-Q3,False,2,5,39,4.254545455,1,8,0.3828934067,ds_cbdf3834368e,ds_16b6be697acb,01190,
quarter,2018-Q3,False,3,4,39,4.254545455,1,8,-0.1307440901,ds_cbdf3834368e,ds_16b6be697acb,01190,
quarter,2018-Q3,False,4,4,39,4.254545455,1,8,-0.1307440901,ds_cbdf3834368e,ds_16b6be697acb,01190,
quarter,2018-Q3,False,5,4,39,4.254545455,1,8,-0.1307440901,ds_cbdf3834368e,ds_16b6be697acb,01190,
quarter,2018-Q3,False,6,5,39,4.254545455,1,8,0.3828934067,ds_cbdf3834368e,ds_16b6be697acb,01190,
quarter,2018-Q3,False,7,4,39,4.254545455,1,8,-0.1307440901,ds_cbdf3834368e,ds_16b6be697acb,01190,
quarter,2018-Q3,False,8,6,39,4.254545455,1,8,0.8965309035,ds_cbdf3834368e,ds_16b6be697acb,01190,
quarter,2018-Q3,False,9,3,39,4.254545455,1,8,-0.6443815869,ds_cbdf3834368e,ds_16b6be697acb,01190,
quarter,2018-Q3,False,10,4,39,4.254545455,1,8,-0.1307440901,ds_cbdf3834368e,ds_16b6be697acb,01190,
quarter,2018-Q3,False,11,8,39,4.254545455,1,8,1.923805897,ds_cbdf3834368e,ds_16b6be697acb,01190,
quarter,2018-Q3,False,12,5,39,4.254545455,1,8,0.3828934067,ds_cbdf3834368e,ds_16b6be697acb,01190,
quarter,2018-Q3,False,13,3,39,4.254545455,1,8,-0.6443815869,ds_cbdf3834368e,ds_16b6be697acb,01190,
quarter,2018-Q3,False,14,4,39,4.254545455,1,8,-0.1307440901,ds_cbdf3834368e,ds_16b6be697acb,01190,
quarter,2018-Q3,False,15,6,39,4.254545455,1,8,0.8965309035,ds_cbdf3834368e,ds_16b6be697acb,01190,
quarter,2018-Q3,False,16,4,39,4.254545455,1,8,-0.1307440901,ds_cbdf3834368e,ds_16b6be697acb,01190,
quarter,2018-Q3,False,17,5,39,4.254545455,1,8,0.3828934067,ds_cbdf3834368e,ds_16b6be697acb,01190,
quarter,2018-Q3,False,18,4,39,4.254545455,1,8,-0.1307440901,ds_cbdf3834368e,ds_16b6be697acb,01190,
quarter,2018-Q3,False,19,1,39,4.254545455,1,8,-1.67165658,ds_cbdf3834368e,ds_16b6be697acb,01190,
quarter,2018-Q3,False,20,4,39,4.254545455,1,8,-0.1307440901,ds_cbdf3834368e,ds_16b6be697acb,01190,
quarter,2018-Q3,False,21,5,39,4.254545455,1,8,0.3828934067,ds_cbdf3834368e,ds_16b6be697acb,01190,
quarter,2018-Q3,False,22,4,39,4.254545455,1,8,-0.1307440901,ds_cbdf3834368e,ds_16b6be697acb,01190,
quarter,2018-Q3,False,23,2,39,4.254545455,1,8,-1.158019084,ds_cbdf3834368e,ds_16b6be697acb,01190,
quarter,2018-Q3,False,24,7,39,4.254545455,1,8,1.4101684,ds_cbdf3834368e,ds_16b6be697acb,01190,
quarter,2018-Q3,False,25,1,39,4.254545455,1,8,-1.67165658,ds_cbdf3834368e,ds_16b6be697acb,01190,
quarter,2018-Q3,False,26,1,39,4.254545455,1,8,-1.67165658,ds_cbdf3834368e,ds_16b6be697acb,01190,
quarter,2018-Q3,False,27,5,39,4.254545455,1,8,0.3828934067,ds_cbdf3834368e,ds_16b6be697acb,01190,
quarter,2018-Q3,False,28,6,39,4.254545455,1,8,0.8965309035,ds_cbdf3834368e,ds_16b6be697acb,01190,
quarter,2018-Q3,False,29,5,39,4.254545455,1,8,0.3828934067,ds_cbdf3834368e,ds_16b6be697acb,01190,
quarter,2018-Q3,False,30,5,39,4.254545455,1,8,0.3828934067,ds_cbdf3834368e,ds_16b6be697acb,01190,
quarter,2018-Q3,False,31,5,39,4.254545455,1,8,0.3828934067,ds_cbdf3834368e,ds_16b6be697acb,01190,
quarter,2018-Q3,False,32,8,39,4.254545455,1,8,1.923805897,ds_cbdf3834368e,ds_16b6be697acb,01190,
quarter,2018-Q3,False,33,5,39,4.254545455,1,8,0.3828934067,ds_cbdf3834368e,ds_16b6be697acb,01190,
quarter,2018-Q3,False,34,7,39,4.254545455,1,8,1.4101684,ds_cbdf3834368e,ds_16b6be697acb,01190,
quarter,2018-Q3,False,35,3,39,4.254545455,1,8,-0.6443815869,ds_cbdf3834368e,ds_16b6be697acb,01190,
quarter,2018-Q3,False,36,3,39,4.254545455,1,8,-0.6443815869,ds_cbdf3834368e,ds_16b6be697acb,01190,
quarter,2018-Q3,False,37,4,39,4.254545455,1,8,-0.1307440901,ds_cbdf3834368e,ds_16b6be697acb,01190,
quarter,2018-Q3,False,38,3,39,4.254545455,1,8,-0.6443815869,ds_cbdf3834368e,ds_16b6be697acb,01190,
quarter,2018-Q3,False,39,4,39,4.254545455,1,8,-0.1307440901,ds_cbdf3834368e,ds_16b6be697acb,01190,
quarter,2018-Q3,False,40,6,39,4.254545455,1,8,0.8965309035,ds_cbdf3834368e,ds_16b6be697acb,01190,
quarter,2018-Q3,False,41,2,39,4.254545455,1,8,-1.158019084,ds_cbdf3834368e,ds_16b6be697acb,01190,
quarter,2018-Q3,False,42,3,39,4.254545455,1,8,-0.6443815869,ds_cbdf3834368e,ds_16b6be697acb,01190,
quarter,2018-Q3,False,43,3,39,4.254545455,1,8,-0.6443815869,ds_cbdf3834368e,ds_16b6be697acb,01190,
quarter,2018-Q3,False,44,3,39,4.254545455,1,8,-0.6443815869,ds_cbdf3834368e,ds_16b6be697acb,01190,
quarter,2018-Q3,False,45,3,39,4.254545455,1,8,-0.6443815869,ds_cbdf3834368e,ds_16b6be697acb,01190,
quarter,2018-Q3,False,46,6,39,4.254545455,1,8,0.8965309035,ds_cbdf3834368e,ds_16b6be697acb,01190,
quarter,2018-Q3,False,47,4,39,4.254545455,1,8,-0.1307440901,ds_cbdf3834368e,ds_16b6be697acb,01190,
quarter,2018-Q3,False,48,7,39,4.254545455,1,8,1.4101684,ds_cbdf3834368e,ds_16b6be697acb,01190,
quarter,2018-Q3,False,49,8,39,4.254545455,1,8,1.923805897,ds_cbdf3834368e,ds_16b6be697acb,01190,
quarter,2018-Q3,False,50,5,39,4.254545455,1,8,0.3828934067,ds_cbdf3834368e,ds_16b6be697acb,01190,
quarter,2018-Q3,False,51,4,39,4.254545455,1,8,-0.1307440901,ds_cbdf3834368e,ds_16b6be697acb,01190,
quarter,2018-Q3,False,52,2,39,4.254545455,1,8,-1.158019084,ds_cbdf3834368e,ds_16b6be697acb,01190,
quarter,2018-Q3,False,53,4,39,4.254545455,1,8,-0.1307440901,ds_cbdf3834368e,ds_16b6be697acb,01190,
quarter,2018-Q3,False,54,2,39,4.254545455,1,8,-1.158019084,ds_cbdf3834368e,ds_16b6be697acb,01190,
quarter,2018-Q3,False,55,4,39,4.254545455,1,8,-0.1307440901,ds_cbdf3834368e,ds_16b6be697acb,01190,
quarter,2018-Q4,False,1,5,39,4.254545455,1,8,0.3828934067,ds_cbdf3834368e,ds_16b6be697acb,01190,
quarter,2018-Q4,False,2,2,39,4.254545455,1,8,-1.158019084,ds_cbdf3834368e,ds_16b6be697acb,01190,
quarter,2018-Q4,False,3,12,39,4.254545455,1,8,3.978355884,ds_cbdf3834368e,ds_16b6be697acb,01190,
quarter,2018-Q4,False,4,0,39,4.254545455,1,8,-2.185294077,ds_cbdf3834368e,ds_16b6be697acb,01190,
quarter,2018-Q4,False,5,9,39,4.254545455,1,8,2.437443394,ds_cbdf3834368e,ds_16b6be697acb,01190,
quarter,2018-Q4,False,6,3,39,4.254545455,1,8,-0.6443815869,ds_cbdf3834368e,ds_16b6be697acb,01190,
quarter,2018-Q4,False,7,1,39,4.254545455,1,8,-1.67165658,ds_cbdf3834368e,ds_16b6be697acb,01190,
quarter,2018-Q4,False,8,4,39,4.254545455,1,8,-0.1307440901,ds_cbdf3834368e,ds_16b6be697acb,01190,
quarter,2018-Q4,False,9,7,39,4.254545455,1,8,1.4101684,ds_cbdf3834368e,ds_16b6be697acb,01190,
quarter,2018-Q4,False,10,5,39,4.254545455,1,8,0.3828934067,ds_cbdf3834368e,ds_16b6be697acb,01190,
quarter,2018-Q4,False,11,5,39,4.254545455,1,8,0.3828934067,ds_cbdf3834368e,ds_16b6be697acb,01190,
quarter,2018-Q4,False,12,5,39,4.254545455,1,8,0.3828934067,ds_cbdf3834368e,ds_16b6be697acb,01190,
quarter,2018-Q4,False,13,4,39,4.254545455,1,8,-0.1307440901,ds_cbdf3834368e,ds_16b6be697acb,01190,
quarter,2018-Q4,False,14,3,39,4.254545455,1,8,-0.6443815869,ds_cbdf3834368e,ds_16b6be697acb,01190,
quarter,2018-Q4,False,15,3,39,4.254545455,1,8,-0.6443815869,ds_cbdf3834368e,ds_16b6be697acb,01190,
quarter,2018-Q4,False,16,6,39,4.254545455,1,8,0.8965309035,ds_cbdf3834368e,ds_16b6be697acb,01190,
quarter,2018-Q4,False,17,9,39,4.254545455,1,8,2.437443394,ds_cbdf3834368e,ds_16b6be697acb,01190,
quarter,2018-Q4,False,18,0,39,4.254545455,1,8,-2.185294077,ds_cbdf3834368e,ds_16b6be697acb,01190,
quarter,2018-Q4,False,19,2,39,4.254545455,1,8,-1.158019084,ds_cbdf3834368e,ds_16b6be697acb,01190,
quarter,2018-Q4,False,20,3,39,4.254545455,1,8,-0.6443815869,ds_cbdf3834368e,ds_16b6be697acb,01190,
quarter,2018-Q4,False,21,5,39,4.254545455,1,8,0.3828934067,ds_cbdf3834368e,ds_16b6be697acb,01190,
quarter,2018-Q4,False,22,7,39,4.254545455,1,8,1.4101684,ds_cbdf3834368e,ds_16b6be697acb,01190,
quarter,2018-Q4,False,23,10,39,4.254545455,1,8,2.951080891,ds_cbdf3834368e,ds_16b6be697acb,01190,
quarter,2018-Q4,False,24,2,39,4.254545455,1,8,-1.158019084,ds_cbdf3834368e,ds_16b6be697acb,01190,
quarter,2018-Q4,False,25,5,39,4.254545455,1,8,0.3828934067,ds_cbdf3834368e,ds_16b6be697acb,01190,
quarter,2018-Q4,False,26,3,39,4.254545455,1,8,-0.6443815869,ds_cbdf3834368e,ds_16b6be697acb,01190,
quarter,2018-Q4,False,27,4,39,4.254545455,1,8,-0.1307440901,ds_cbdf3834368e,ds_16b6be697acb,01190,
quarter,2018-Q4,False,28,5,39,4.254545455,1,8,0.3828934067,ds_cbdf3834368e,ds_16b6be697acb,01190,
quarter,2018-Q4,False,29,4,39,4.254545455,1,8,-0.1307440901,ds_cbdf3834368e,ds_16b6be697acb,01190,
quarter,2018-Q4,False,30,3,39,4.254545455,1,8,-0.6443815869,ds_cbdf3834368e,ds_16b6be697acb,01190,
quarter,2018-Q4,False,31,3,39,4.254545455,1,8,-0.6443815869,ds_cbdf3834368e,ds_16b6be697acb,01190,
quarter,2018-Q4,False,32,2,39,4.254545455,1,8,-1.158019084,ds_cbdf3834368e,ds_16b6be697acb,01190,
quarter,2018-Q4,False,33,5,39,4.254545455,1,8,0.3828934067,ds_cbdf3834368e,ds_16b6be697acb,01190,
quarter,2018-Q4,False,34,4,39,4.254545455,1,8,-0.1307440901,ds_cbdf3834368e,ds_16b6be697acb,01190,
quarter,2018-Q4,False,35,3,39,4.254545455,1,8,-0.6443815869,ds_cbdf3834368e,ds_16b6be697acb,01190,
quarter,2018-Q4,False,36,2,39,4.254545455,1,8,-1.158019084,ds_cbdf3834368e,ds_16b6be697acb,01190,
quarter,2018-Q4,False,37,4,39,4.254545455,1,8,-0.1307440901,ds_cbdf3834368e,ds_16b6be697acb,01190,
quarter,2018-Q4,False,38,0,39,4.254545455,1,8,-2.185294077,ds_cbdf3834368e,ds_16b6be697acb,01190,
quarter,2018-Q4,False,39,6,39,4.254545455,1,8,0.8965309035,ds_cbdf3834368e,ds_16b6be697acb,01190,
quarter,2018-Q4,False,40,3,39,4.254545455,1,8,-0.6443815869,ds_cbdf3834368e,ds_16b6be697acb,01190,
quarter,2018-Q4,False,41,2,39,4.254545455,1,8,-1.158019084,ds_cbdf3834368e,ds_16b6be697acb,01190,
quarter,2018-Q4,False,42,9,39,4.254545455,1,8,2.437443394,ds_cbdf3834368e,ds_16b6be697acb,01190,
quarter,2018-Q4,False,43,3,39,4.254545455,1,8,-0.6443815869,ds_cbdf3834368e,ds_16b6be697acb,01190,
quarter,2018-Q4,False,44,8,39,4.254545455,1,8,1.923805897,ds_cbdf3834368e,ds_16b6be697acb,01190,
quarter,2018-Q4,False,45,3,39,4.254545455,1,8,-0.6443815869,ds_cbdf3834368e,ds_16b6be697acb,01190,
quarter,2018-Q4,False,46,3,39,4.254545455,1,8,-0.6443815869,ds_cbdf3834368e,ds_16b6be697acb,01190,
quarter,2018-Q4,False,47,5,39,4.254545455,1,8,0.3828934067,ds_cbdf3834368e,ds_16b6be697acb,01190,
quarter,2018-Q4,False,48,4,39,4.254545455,1,8,-0.1307440901,ds_cbdf3834368e,ds_16b6be697acb,01190,
quarter,2018-Q4,False,49,7,39,4.254545455,1,8,1.4101684,ds_cbdf3834368e,ds_16b6be697acb,01190,
quarter,2018-Q4,False,50,3,39,4.254545455,1,8,-0.6443815869,ds_cbdf3834368e,ds_16b6be697acb,01190,
quarter,2018-Q4,False,51,4,39,4.254545455,1,8,-0.1307440901,ds_cbdf3834368e,ds_16b6be697acb,01190,
quarter,2018-Q4,False,52,6,39,4.254545455,1,8,0.8965309035,ds_cbdf3834368e,ds_16b6be697acb,01190,
quarter,2018-Q4,False,53,3,39,4.254545455,1,8,-0.6443815869,ds_cbdf3834368e,ds_16b6be697acb,01190,
quarter,2018-Q4,False,54,3,39,4.254545455,1,8,-0.6443815869,ds_cbdf3834368e,ds_16b6be697acb,01190,
quarter,2018-Q4,False,55,3,39,4.254545455,1,8,-0.6443815869,ds_cbdf3834368e,ds_16b6be697acb,01190,
quarter,2019-Q1,False,1,4,38,4.145454545,1,8,-0.07568756326,ds_cbdf3834368e,ds_16b6be697acb,01190,
quarter,2019-Q1,False,2,4,38,4.145454545,1,8,-0.07568756326,ds_cbdf3834368e,ds_16b6be697acb,01190,
quarter,2019-Q1,False,3,6,38,4.145454545,1,8,0.9650164316,ds_cbdf3834368e,ds_16b6be697acb,01190,
quarter,2019-Q1,False,4,2,38,4.145454545,1,8,-1.116391558,ds_cbdf3834368e,ds_16b6be697acb,01190,
quarter,2019-Q1,False,5,2,38,4.145454545,1,8,-1.116391558,ds_cbdf3834368e,ds_16b6be697acb,01190,
quarter,2019-Q1,False,6,1,38,4.145454545,1,8,-1.636743556,ds_cbdf3834368e,ds_16b6be697acb,01190,
quarter,2019-Q1,False,7,2,38,4.145454545,1,8,-1.116391558,ds_cbdf3834368e,ds_16b6be697acb,01190,
quarter,2019-Q1,False,8,4,38,4.145454545,1,8,-0.07568756326,ds_cbdf3834368e,ds_16b6be697acb,01190,
quarter,2019-Q1,False,9,4,38,4.145454545,1,8,-0.07568756326,ds_cbdf3834368e,ds_16b6be697acb,01190,
quarter,2019-Q1,False,10,4,38,4.145454545,1,8,-0.07568756326,ds_cbdf3834368e,ds_16b6be697acb,01190,
quarter,2019-Q1,False,11,4,38,4.145454545,1,8,-0.07568756326,ds_cbdf3834368e,ds_16b6be697acb,01190,
quarter,2019-Q1,False,12,3,38,4.145454545,1,8,-0.5960395607,ds_cbdf3834368e,ds_16b6be697acb,01190,
quarter,2019-Q1,False,13,4,38,4.145454545,1,8,-0.07568756326,ds_cbdf3834368e,ds_16b6be697acb,01190,
quarter,2019-Q1,False,14,6,38,4.145454545,1,8,0.9650164316,ds_cbdf3834368e,ds_16b6be697acb,01190,
quarter,2019-Q1,False,15,8,38,4.145454545,1,8,2.005720426,ds_cbdf3834368e,ds_16b6be697acb,01190,
quarter,2019-Q1,False,16,3,38,4.145454545,1,8,-0.5960395607,ds_cbdf3834368e,ds_16b6be697acb,01190,
quarter,2019-Q1,False,17,1,38,4.145454545,1,8,-1.636743556,ds_cbdf3834368e,ds_16b6be697acb,01190,
quarter,2019-Q1,False,18,6,38,4.145454545,1,8,0.9650164316,ds_cbdf3834368e,ds_16b6be697acb,01190,
quarter,2019-Q1,False,19,5,38,4.145454545,1,8,0.4446644342,ds_cbdf3834368e,ds_16b6be697acb,01190,
quarter,2019-Q1,False,20,6,38,4.145454545,1,8,0.9650164316,ds_cbdf3834368e,ds_16b6be697acb,01190,
quarter,2019-Q1,False,21,2,38,4.145454545,1,8,-1.116391558,ds_cbdf3834368e,ds_16b6be697acb,01190,
quarter,2019-Q1,False,22,6,38,4.145454545,1,8,0.9650164316,ds_cbdf3834368e,ds_16b6be697acb,01190,
quarter,2019-Q1,False,23,4,38,4.145454545,1,8,-0.07568756326,ds_cbdf3834368e,ds_16b6be697acb,01190,
quarter,2019-Q1,False,24,2,38,4.145454545,1,8,-1.116391558,ds_cbdf3834368e,ds_16b6be697acb,01190,
quarter,2019-Q1,False,25,1,38,4.145454545,1,8,-1.636743556,ds_cbdf3834368e,ds_16b6be697acb,01190,
quarter,2019-Q1,False,26,4,38,4.145454545,1,8,-0.07568756326,ds_cbdf3834368e,ds_16b6be697acb,01190,
quarter,2019-Q1,False,27,4,38,4.145454545,1,8,-0.07568756326,ds_cbdf3834368e,ds_16b6be697acb,01190,
quarter,2019-Q1,False,28,5,38,4.145454545,1,8,0.4446644342,ds_cbdf3834368e,ds_16b6be697acb,01190,
quarter,2019-Q1,False,29,4,38,4.145454545,1,8,-0.07568756326,ds_cbdf3834368e,ds_16b6be697acb,01190,
quarter,2019-Q1,False,30,3,38,4.145454545,1,8,-0.5960395607,ds_cbdf3834368e,ds_16b6be697acb,01190,
quarter,2019-Q1,False,31,4,38,4.145454545,1,8,-0.07568756326,ds_cbdf3834368e,ds_16b6be697acb,01190,
quarter,2019-Q1,False,32,4,38,4.145454545,1,8,-0.07568756326,ds_cbdf3834368e,ds_16b6be697acb,01190,
quarter,2019-Q1,False,33,2,38,4.145454545,1,8,-1.116391558,ds_cbdf3834368e,ds_16b6be697acb,01190,
quarter,2019-Q1,False,34,8,38,4.145454545,1,8,2.005720426,ds_cbdf3834368e,ds_16b6be697acb,01190,
quarter,2019-Q1,False,35,9,38,4.145454545,1,8,2.526072424,ds_cbdf3834368e,ds_16b6be697acb,01190,
quarter,2019-Q1,False,36,1,38,4.145454545,1,8,-1.636743556,ds_cbdf3834368e,ds_16b6be697acb,01190,
quarter,2019-Q1,False,37,4,38,4.145454545,1,8,-0.07568756326,ds_cbdf3834368e,ds_16b6be697acb,01190,
quarter,2019-Q1,False,38,2,38,4.145454545,1,8,-1.116391558,ds_cbdf3834368e,ds_16b6be697acb,01190,
quarter,2019-Q1,False,39,1,38,4.145454545,1,8,-1.636743556,ds_cbdf3834368e,ds_16b6be697acb,01190,
quarter,2019-Q1,False,40,7,38,4.145454545,1,8,1.485368429,ds_cbdf3834368e,ds_16b6be697acb,01190,
quarter,2019-Q1,False,41,4,38,4.145454545,1,8,-0.07568756326,ds_cbdf3834368e,ds_16b6be697acb,01190,
quarter,2019-Q1,False,42,5,38,4.145454545,1,8,0.4446644342,ds_cbdf3834368e,ds_16b6be697acb,01190,
quarter,2019-Q1,False,43,5,38,4.145454545,1,8,0.4446644342,ds_cbdf3834368e,ds_16b6be697acb,01190,
quarter,2019-Q1,False,44,8,38,4.145454545,1,8,2.005720426,ds_cbdf3834368e,ds_16b6be697acb,01190,
quarter,2019-Q1,False,45,4,38,4.145454545,1,8,-0.07568756326,ds_cbdf3834368e,ds_16b6be697acb,01190,
quarter,2019-Q1,False,46,7,38,4.145454545,1,8,1.485368429,ds_cbdf3834368e,ds_16b6be697acb,01190,
quarter,2019-Q1,False,47,4,38,4.145454545,1,8,-0.07568756326,ds_cbdf3834368e,ds_16b6be697acb,01190,
quarter,2019-Q1,False,48,4,38,4.145454545,1,8,-0.07568756326,ds_cbdf3834368e,ds_16b6be697acb,01190,
quarter,2019-Q1,False,49,5,38,4.145454545,1,8,0.4446644342,ds_cbdf3834368e,ds_16b6be697acb,01190,
quarter,2019-Q1,False,50,3,38,4.145454545,1,8,-0.5960395607,ds_cbdf3834368e,ds_16b6be697acb,01190,
quarter,2019-Q1,False,51,2,38,4.145454545,1,8,-1.116391558,ds_cbdf3834368e,ds_16b6be697acb,01190,
quarter,2019-Q1,False,52,4,38,4.145454545,1,8,-0.07568756326,ds_cbdf3834368e,ds_16b6be697acb,01190,
quarter,2019-Q1,False,53,7,38,4.145454545,1,8,1.485368429,ds_cbdf3834368e,ds_16b6be697acb,01190,
quarter,2019-Q1,False,54,4,38,4.145454545,1,8,-0.07568756326,ds_cbdf3834368e,ds_16b6be697acb,01190,
quarter,2019-Q1,False,55,6,38,4.145454545,1,8,0.9650164316,ds_cbdf3834368e,ds_16b6be697acb,01190,
quarter,2019-Q2,False,1,6,39,4.254545455,1,8,0.8965309035,ds_cbdf3834368e,ds_16b6be697acb,01190,
quarter,2019-Q2,False,2,4,39,4.254545455,1,8,-0.1307440901,ds_cbdf3834368e,ds_16b6be697acb,01190,
quarter,2019-Q2,False,3,4,39,4.254545455,1,8,-0.1307440901,ds_cbdf3834368e,ds_16b6be697acb,01190,
quarter,2019-Q2,False,4,2,39,4.254545455,1,8,-1.158019084,ds_cbdf3834368e,ds_16b6be697acb,01190,
quarter,2019-Q2,False,5,2,39,4.254545455,1,8,-1.158019084,ds_cbdf3834368e,ds_16b6be697acb,01190,
quarter,2019-Q2,False,6,6,39,4.254545455,1,8,0.8965309035,ds_cbdf3834368e,ds_16b6be697acb,01190,
quarter,2019-Q2,False,7,2,39,4.254545455,1,8,-1.158019084,ds_cbdf3834368e,ds_16b6be697acb,01190,
quarter,2019-Q2,False,8,6,39,4.254545455,1,8,0.8965309035,ds_cbdf3834368e,ds_16b6be697acb,01190,
quarter,2019-Q2,False,9,7,39,4.254545455,1,8,1.4101684,ds_cbdf3834368e,ds_16b6be697acb,01190,
quarter,2019-Q2,False,10,8,39,4.254545455,1,8,1.923805897,ds_cbdf3834368e,ds_16b6be697acb,01190,
quarter,2019-Q2,False,11,4,39,4.254545455,1,8,-0.1307440901,ds_cbdf3834368e,ds_16b6be697acb,01190,
quarter,2019-Q2,False,12,3,39,4.254545455,1,8,-0.6443815869,ds_cbdf3834368e,ds_16b6be697acb,01190,
quarter,2019-Q2,False,13,7,39,4.254545455,1,8,1.4101684,ds_cbdf3834368e,ds_16b6be697acb,01190,
quarter,2019-Q2,False,14,2,39,4.254545455,1,8,-1.158019084,ds_cbdf3834368e,ds_16b6be697acb,01190,
quarter,2019-Q2,False,15,5,39,4.254545455,1,8,0.3828934067,ds_cbdf3834368e,ds_16b6be697acb,01190,
quarter,2019-Q2,False,16,4,39,4.254545455,1,8,-0.1307440901,ds_cbdf3834368e,ds_16b6be697acb,01190,
quarter,2019-Q2,False,17,3,39,4.254545455,1,8,-0.6443815869,ds_cbdf3834368e,ds_16b6be697acb,01190,
quarter,2019-Q2,False,18,2,39,4.254545455,1,8,-1.158019084,ds_cbdf3834368e,ds_16b6be697acb,01190,
quarter,2019-Q2,False,19,3,39,4.254545455,1,8,-0.6443815869,ds_cbdf3834368e,ds_16b6be697acb,01190,
quarter,2019-Q2,False,20,7,39,4.254545455,1,8,1.4101684,ds_cbdf3834368e,ds_16b6be697acb,01190,
quarter,2019-Q2,False,21,5,39,4.254545455,1,8,0.3828934067,ds_cbdf3834368e,ds_16b6be697acb,01190,
quarter,2019-Q2,False,22,7,39,4.254545455,1,8,1.4101684,ds_cbdf3834368e,ds_16b6be697acb,01190,
quarter,2019-Q2,False,23,5,39,4.254545455,1,8,0.3828934067,ds_cbdf3834368e,ds_16b6be697acb,01190,
quarter,2019-Q2,False,24,5,39,4.254545455,1,8,0.3828934067,ds_cbdf3834368e,ds_16b6be697acb,01190,
quarter,2019-Q2,False,25,0,39,4.254545455,1,8,-2.185294077,ds_cbdf3834368e,ds_16b6be697acb,01190,
quarter,2019-Q2,False,26,7,39,4.254545455,1,8,1.4101684,ds_cbdf3834368e,ds_16b6be697acb,01190,
quarter,2019-Q2,False,27,1,39,4.254545455,1,8,-1.67165658,ds_cbdf3834368e,ds_16b6be697acb,01190,
quarter,2019-Q2,False,28,3,39,4.254545455,1,8,-0.6443815869,ds_cbdf3834368e,ds_16b6be697acb,01190,
quarter,2019-Q2,False,29,6,39,4.254545455,1,8,0.8965309035,ds_cbdf3834368e,ds_16b6be697acb,01190,
quarter,2019-Q2,False,30,5,39,4.254545455,1,8,0.3828934067,ds_cbdf3834368e,ds_16b6be697acb,01190,
quarter,2019-Q2,False,31,8,39,4.254545455,1,8,1.923805897,ds_cbdf3834368e,ds_16b6be697acb,01190,
quarter,2019-Q2,False,32,4,39,4.254545455,1,8,-0.1307440901,ds_cbdf3834368e,ds_16b6be697acb,01190,
quarter,2019-Q2,False,33,9,39,4.254545455,1,8,2.437443394,ds_cbdf3834368e,ds_16b6be697acb,01190,
quarter,2019-Q2,False,34,3,39,4.254545455,1,8,-0.6443815869,ds_cbdf3834368e,ds_16b6be697acb,01190,
quarter,2019-Q2,False,35,3,39,4.254545455,1,8,-0.6443815869,ds_cbdf3834368e,ds_16b6be697acb,01190,
quarter,2019-Q2,False,36,5,39,4.254545455,1,8,0.3828934067,ds_cbdf3834368e,ds_16b6be697acb,01190,
quarter,2019-Q2,False,37,4,39,4.254545455,1,8,-0.1307440901,ds_cbdf3834368e,ds_16b6be697acb,01190,
quarter,2019-Q2,False,38,3,39,4.254545455,1,8,-0.6443815869,ds_cbdf3834368e,ds_16b6be697acb,01190,
quarter,2019-Q2,False,39,0,39,4.254545455,1,8,-2.185294077,ds_cbdf3834368e,ds_16b6be697acb,01190,
quarter,2019-Q2,False,40,7,39,4.254545455,1,8,1.4101684,ds_cbdf3834368e,ds_16b6be697acb,01190,
quarter,2019-Q2,False,41,5,39,4.254545455,1,8,0.3828934067,ds_cbdf3834368e,ds_16b6be697acb,01190,
quarter,2019-Q2,False,42,3,39,4.254545455,1,8,-0.6443815869,ds_cbdf3834368e,ds_16b6be697acb,01190,
quarter,2019-Q2,False,43,4,39,4.254545455,1,8,-0.1307440901,ds_cbdf3834368e,ds_16b6be697acb,01190,
quarter,2019-Q2,False,44,3,39,4.254545455,1,8,-0.6443815869,ds_cbdf3834368e,ds_16b6be697acb,01190,
quarter,2019-Q2,False,45,4,39,4.254545455,1,8,-0.1307440901,ds_cbdf3834368e,ds_16b6be697acb,01190,
quarter,2019-Q2,False,46,2,39,4.254545455,1,8,-1.158019084,ds_cbdf3834368e,ds_16b6be697acb,01190,
quarter,2019-Q2,False,47,3,39,4.254545455,1,8,-0.6443815869,ds_cbdf3834368e,ds_16b6be697acb,01190,
quarter,2019-Q2,False,48,3,39,4.254545455,1,8,-0.6443815869,ds_cbdf3834368e,ds_16b6be697acb,01190,
quarter,2019-Q2,False,49,7,39,4.254545455,1,8,1.4101684,ds_cbdf3834368e,ds_16b6be697acb,01190,
quarter,2019-Q2,False,50,2,39,4.254545455,1,8,-1.158019084,ds_cbdf3834368e,ds_16b6be697acb,01190,
quarter,2019-Q2,False,51,4,39,4.254545455,1,8,-0.1307440901,ds_cbdf3834368e,ds_16b6be697acb,01190,
quarter,2019-Q2,False,52,2,39,4.254545455,1,8,-1.158019084,ds_cbdf3834368e,ds_16b6be697acb,01190,
quarter,2019-Q2,False,53,6,39,4.254545455,1,8,0.8965309035,ds_cbdf3834368e,ds_16b6be697acb,01190,
quarter,2019-Q2,False,54,4,39,4.254545455,1,8,-0.1307440901,ds_cbdf3834368e,ds_16b6be697acb,01190,
quarter,2019-Q2,False,55,5,39,4.254545455,1,8,0.3828934067,ds_cbdf3834368e,ds_16b6be697acb,01190,
quarter,2019-Q3,False,1,2,39,4.254545455,1,8,-1.158019084,ds_cbdf3834368e,ds_16b6be697acb,01190,
quarter,2019-Q3,False,2,4,39,4.254545455,1,8,-0.1307440901,ds_cbdf3834368e,ds_16b6be697acb,01190,
quarter,2019-Q3,False,3,4,39,4.254545455,1,8,-0.1307440901,ds_cbdf3834368e,ds_16b6be697acb,01190,
quarter,2019-Q3,False,4,7,39,4.254545455,1,8,1.4101684,ds_cbdf3834368e,ds_16b6be697acb,01190,
quarter,2019-Q3,False,5,5,39,4.254545455,1,8,0.3828934067,ds_cbdf3834368e,ds_16b6be697acb,01190,
quarter,2019-Q3,False,6,3,39,4.254545455,1,8,-0.6443815869,ds_cbdf3834368e,ds_16b6be697acb,01190,
quarter,2019-Q3,False,7,4,39,4.254545455,1,8,-0.1307440901,ds_cbdf3834368e,ds_16b6be697acb,01190,
quarter,2019-Q3,False,8,4,39,4.254545455,1,8,-0.1307440901,ds_cbdf3834368e,ds_16b6be697acb,01190,
quarter,2019-Q3,False,9,5,39,4.254545455,1,8,0.3828934067,ds_cbdf3834368e,ds_16b6be697acb,01190,
quarter,2019-Q3,False,10,4,39,4.254545455,1,8,-0.1307440901,ds_cbdf3834368e,ds_16b6be697acb,01190,
quarter,2019-Q3,False,11,3,39,4.254545455,1,8,-0.6443815869,ds_cbdf3834368e,ds_16b6be697acb,01190,
quarter,2019-Q3,False,12,5,39,4.254545455,1,8,0.3828934067,ds_cbdf3834368e,ds_16b6be697acb,01190,
quarter,2019-Q3,False,13,3,39,4.254545455,1,8,-0.6443815869,ds_cbdf3834368e,ds_16b6be697acb,01190,
quarter,2019-Q3,False,14,3,39,4.254545455,1,8,-0.6443815869,ds_cbdf3834368e,ds_16b6be697acb,01190,
quarter,2019-Q3,False,15,2,39,4.254545455,1,8,-1.158019084,ds_cbdf3834368e,ds_16b6be697acb,01190,
quarter,2019-Q3,False,16,3,39,4.254545455,1,8,-0.6443815869,ds_cbdf3834368e,ds_16b6be697acb,01190,
quarter,2019-Q3,False,17,5,39,4.254545455,1,8,0.3828934067,ds_cbdf3834368e,ds_16b6be697acb,01190,
quarter,2019-Q3,False,18,4,39,4.254545455,1,8,-0.1307440901,ds_cbdf3834368e,ds_16b6be697acb,01190,
quarter,2019-Q3,False,19,5,39,4.254545455,1,8,0.3828934067,ds_cbdf3834368e,ds_16b6be697acb,01190,
quarter,2019-Q3,False,20,4,39,4.254545455,1,8,-0.1307440901,ds_cbdf3834368e,ds_16b6be697acb,01190,
quarter,2019-Q3,False,21,4,39,4.254545455,1,8,-0.1307440901,ds_cbdf3834368e,ds_16b6be697acb,01190,
quarter,2019-Q3,False,22,2,39,4.254545455,1,8,-1.158019084,ds_cbdf3834368e,ds_16b6be697acb,01190,
quarter,2019-Q3,False,23,5,39,4.254545455,1,8,0.3828934067,ds_cbdf3834368e,ds_16b6be697acb,01190,
quarter,2019-Q3,False,24,4,39,4.254545455,1,8,-0.1307440901,ds_cbdf3834368e,ds_16b6be697acb,01190,
quarter,2019-Q3,False,25,5,39,4.254545455,1,8,0.3828934067,ds_cbdf3834368e,ds_16b6be697acb,01190,
quarter,2019-Q3,False,26,5,39,4.254545455,1,8,0.3828934067,ds_cbdf3834368e,ds_16b6be697acb,01190,
quarter,2019-Q3,False,27,4,39,4.254545455,1,8,-0.1307440901,ds_cbdf3834368e,ds_16b6be697acb,01190,
quarter,2019-Q3,False,28,0,39,4.254545455,1,8,-2.185294077,ds_cbdf3834368e,ds_16b6be697acb,01190,
quarter,2019-Q3,False,29,6,39,4.254545455,1,8,0.8965309035,ds_cbdf3834368e,ds_16b6be697acb,01190,
quarter,2019-Q3,False,30,5,39,4.254545455,1,8,0.3828934067,ds_cbdf3834368e,ds_16b6be697acb,01190,
quarter,2019-Q3,False,31,5,39,4.254545455,1,8,0.3828934067,ds_cbdf3834368e,ds_16b6be697acb,01190,
quarter,2019-Q3,False,32,7,39,4.254545455,1,8,1.4101684,ds_cbdf3834368e,ds_16b6be697acb,01190,
quarter,2019-Q3,False,33,7,39,4.254545455,1,8,1.4101684,ds_cbdf3834368e,ds_16b6be697acb,01190,
quarter,2019-Q3,False,34,3,39,4.254545455,1,8,-0.6443815869,ds_cbdf3834368e,ds_16b6be697acb,01190,
quarter,2019-Q3,False,35,3,39,4.254545455,1,8,-0.6443815869,ds_cbdf3834368e,ds_16b6be697acb,01190,
quarter,2019-Q3,False,36,3,39,4.254545455,1,8,-0.6443815869,ds_cbdf3834368e,ds_16b6be697acb,01190,
quarter,2019-Q3,False,37,0,39,4.254545455,1,8,-2.185294077,ds_cbdf3834368e,ds_16b6be697acb,01190,
quarter,2019-Q3,False,38,6,39,4.254545455,1,8,0.8965309035,ds_cbdf3834368e,ds_16b6be697acb,01190,
quarter,2019-Q3,False,39,9,39,4.254545455,1,8,2.437443394,ds_cbdf3834368e,ds_16b6be697acb,01190,
quarter,2019-Q3,False,40,6,39,4.254545455,1,8,0.8965309035,ds_cbdf3834368e,ds_16b6be697acb,01190,
quarter,2019-Q3,False,41,5,39,4.254545455,1,8,0.3828934067,ds_cbdf3834368e,ds_16b6be697acb,01190,
quarter,2019-Q3,False,42,6,39,4.254545455,1,8,0.8965309035,ds_cbdf3834368e,ds_16b6be697acb,01190,
quarter,2019-Q3,False,43,4,39,4.254545455,1,8,-0.1307440901,ds_cbdf3834368e,ds_16b6be697acb,01190,
quarter,2019-Q3,False,44,2,39,4.254545455,1,8,-1.158019084,ds_cbdf3834368e,ds_16b6be697acb,01190,
quarter,2019-Q3,False,45,7,39,4.254545455,1,8,1.4101684,ds_cbdf3834368e,ds_16b6be697acb,01190,
quarter,2019-Q3,False,46,4,39,4.254545455,1,8,-0.1307440901,ds_cbdf3834368e,ds_16b6be697acb,01190,
quarter,2019-Q3,False,47,3,39,4.254545455,1,8,-0.6443815869,ds_cbdf3834368e,ds_16b6be697acb,01190,
quarter,2019-Q3,False,48,4,39,4.254545455,1,8,-0.1307440901,ds_cbdf3834368e,ds_16b6be697acb,01190,
quarter,2019-Q3,False,49,3,39,4.254545455,1,8,-0.6443815869,ds_cbdf3834368e,ds_16b6be697acb,01190,
quarter,2019-Q3,False,50,4,39,4.254545455,1,8,-0.1307440901,ds_cbdf3834368e,ds_16b6be697acb,01190,
quarter,2019-Q3,False,51,5,39,4.254545455,1,8,0.3828934067,ds_cbdf3834368e,ds_16b6be697acb,01190,
quarter,2019-Q3,False,52,7,39,4.254545455,1,8,1.4101684,ds_cbdf3834368e,ds_16b6be697acb,01190,
quarter,2019-Q3,False,53,4,39,4.254545455,1,8,-0.1307440901,ds_cbdf3834368e,ds_16b6be697acb,01190,
quarter,2019-Q3,False,54,5,39,4.254545455,1,8,0.3828934067,ds_cbdf3834368e,ds_16b6be697acb,01190,
quarter,2019-Q3,False,55,3,39,4.254545455,1,8,-0.6443815869,ds_cbdf3834368e,ds_16b6be697acb,01190,
quarter,2019-Q4,False,1,5,40,4.363636364,1,9,0.3227486122,ds_cbdf3834368e,ds_16b6be697acb,01190,
quarter,2019-Q4,False,2,3,40,4.363636364,1,9,-0.691604169,ds_cbdf3834368e,ds_16b6be697acb,01190,
quarter,2019-Q4,False,3,4,40,4.363636364,1,9,-0.1844277784,ds_cbdf3834368e,ds_16b6be697acb,01190,
quarter,2019-Q4,False,4,3,40,4.363636364,1,9,-0.691604169,ds_cbdf3834368e,ds_16b6be697acb,01190,
quarter,2019-Q4,False,5,6,40,4.363636364,1,9,0.8299250028,ds_cbdf3834368e,ds_16b6be697acb,01190,
quarter,2019-Q4,False,6,4,40,4.363636364,1,9,-0.1844277784,ds_cbdf3834368e,ds_16b6be697acb,01190,
quarter,2019-Q4,False,7,4,40,4.363636364,1,9,-0.1844277784,ds_cbdf3834368e,ds_16b6be697acb,01190,
quarter,2019-Q4,False,8,5,40,4.363636364,1,9,0.3227486122,ds_cbdf3834368e,ds_16b6be697acb,01190,
quarter,2019-Q4,False,9,6,40,4.363636364,1,9,0.8299250028,ds_cbdf3834368e,ds_16b6be697acb,01190,
quarter,2019-Q4,False,10,5,40,4.363636364,1,9,0.3227486122,ds_cbdf3834368e,ds_16b6be697acb,01190,
quarter,2019-Q4,False,11,2,40,4.363636364,1,9,-1.19878056,ds_cbdf3834368e,ds_16b6be697acb,01190,
quarter,2019-Q4,False,12,5,40,4.363636364,1,9,0.3227486122,ds_cbdf3834368e,ds_16b6be697acb,01190,
quarter,2019-Q4,False,13,0,40,4.363636364,1,9,-2.213133341,ds_cbdf3834368e,ds_16b6be697acb,01190,
quarter,2019-Q4,False,14,3,40,4.363636364,1,9,-0.691604169,ds_cbdf3834368e,ds_16b6be697acb,01190,
quarter,2019-Q4,False,15,3,40,4.363636364,1,9,-0.691604169,ds_cbdf3834368e,ds_16b6be697acb,01190,
quarter,2019-Q4,False,16,6,40,4.363636364,1,9,0.8299250028,ds_cbdf3834368e,ds_16b6be697acb,01190,
quarter,2019-Q4,False,17,4,40,4.363636364,1,9,-0.1844277784,ds_cbdf3834368e,ds_16b6be697acb,01190,
quarter,2019-Q4,False,18,7,40,4.363636364,1,9,1.337101393,ds_cbdf3834368e,ds_16b6be697acb,01190,
quarter,2019-Q4,False,19,5,40,4.363636364,1,9,0.3227486122,ds_cbdf3834368e,ds_16b6be697acb,01190,
quarter,2019-Q4,False,20,3,40,4.363636364,1,9,-0.691604169,ds_cbdf3834368e,ds_16b6be697acb,01190,
quarter,2019-Q4,False,21,5,40,4.363636364,1,9,0.3227486122,ds_cbdf3834368e,ds_16b6be697acb,01190,
quarter,2019-Q4,False,22,7,40,4.363636364,1,9,1.337101393,ds_cbdf3834368e,ds_16b6be697acb,01190,
quarter,2019-Q4,False,23,2,40,4.363636364,1,9,-1.19878056,ds_cbdf3834368e,ds_16b6be697acb,01190,
quarter,2019-Q4,False,24,2,40,4.363636364,1,9,-1.19878056,ds_cbdf3834368e,ds_16b6be697acb,01190,
quarter,2019-Q4,False,25,2,40,4.363636364,1,9,-1.19878056,ds_cbdf3834368e,ds_16b6be697acb,01190,
quarter,2019-Q4,False,26,6,40,4.363636364,1,9,0.8299250028,ds_cbdf3834368e,ds_16b6be697acb,01190,
quarter,2019-Q4,False,27,3,40,4.363636364,1,9,-0.691604169,ds_cbdf3834368e,ds_16b6be697acb,01190,
quarter,2019-Q4,False,28,4,40,4.363636364,1,9,-0.1844277784,ds_cbdf3834368e,ds_16b6be697acb,01190,
quarter,2019-Q4,False,29,7,40,4.363636364,1,9,1.337101393,ds_cbdf3834368e,ds_16b6be697acb,01190,
quarter,2019-Q4,False,30,4,40,4.363636364,1,9,-0.1844277784,ds_cbdf3834368e,ds_16b6be697acb,01190,
quarter,2019-Q4,False,31,2,40,4.363636364,1,9,-1.19878056,ds_cbdf3834368e,ds_16b6be697acb,01190,
quarter,2019-Q4,False,32,2,40,4.363636364,1,9,-1.19878056,ds_cbdf3834368e,ds_16b6be697acb,01190,
quarter,2019-Q4,False,33,3,40,4.363636364,1,9,-0.691604169,ds_cbdf3834368e,ds_16b6be697acb,01190,
quarter,2019-Q4,False,34,6,40,4.363636364,1,9,0.8299250028,ds_cbdf3834368e,ds_16b6be697acb,01190,
quarter,2019-Q4,False,35,4,40,4.363636364,1,9,-0.1844277784,ds_cbdf3834368e,ds_16b6be697acb,01190,
quarter,2019-Q4,False,36,5,40,4.363636364,1,9,0.3227486122,ds_cbdf3834368e,ds_16b6be697acb,01190,
quarter,2019-Q4,False,37,6,40,4.363636364,1,9,0.8299250028,ds_cbdf3834368e,ds_16b6be697acb,01190,
quarter,2019-Q4,False,38,5,40,4.363636364,1,9,0.3227486122,ds_cbdf3834368e,ds_16b6be697acb,01190,
quarter,2019-Q4,False,39,3,40,4.363636364,1,9,-0.691604169,ds_cbdf3834368e,ds_16b6be697acb,01190,
quarter,2019-Q4,False,40,4,40,4.363636364,1,9,-0.1844277784,ds_cbdf3834368e,ds_16b6be697acb,01190,
quarter,2019-Q4,False,41,6,40,4.363636364,1,9,0.8299250028,ds_cbdf3834368e,ds_16b6be697acb,01190,
quarter,2019-Q4,False,42,8,40,4.363636364,1,9,1.844277784,ds_cbdf3834368e,ds_16b6be697acb,01190,
quarter,2019-Q4,False,43,4,40,4.363636364,1,9,-0.1844277784,ds_cbdf3834368e,ds_16b6be697acb,01190,
quarter,2019-Q4,False,44,5,40,4.363636364,1,9,0.3227486122,ds_cbdf3834368e,ds_16b6be697acb,01190,
quarter,2019-Q4,False,45,2,40,4.363636364,1,9,-1.19878056,ds_cbdf3834368e,ds_16b6be697acb,01190,
quarter,2019-Q4,False,46,1,40,4.363636364,1,9,-1.70595695,ds_cbdf3834368e,ds_16b6be697acb,01190,
quarter,2019-Q4,False,47,6,40,4.363636364,1,9,0.8299250028,ds_cbdf3834368e,ds_16b6be697acb,01190,
quarter,2019-Q4,False,48,5,40,4.363636364,1,9,0.3227486122,ds_cbdf3834368e,ds_16b6be697acb,01190,
quarter,2019-Q4,False,49,4,40,4.363636364,1,9,-0.1844277784,ds_cbdf3834368e,ds_16b6be697acb,01190,
quarter,2019-Q4,False,50,10,40,4.363636364,1,9,2.858630565,ds_cbdf3834368e,ds_16b6be697acb,01190,
quarter,2019-Q4,False,51,6,40,4.363636364,1,9,0.8299250028,ds_cbdf3834368e,ds_16b6be697acb,01190,
quarter,2019-Q4,False,52,3,40,4.363636364,1,9,-0.691604169,ds_cbdf3834368e,ds_16b6be697acb,01190,
quarter,2019-Q4,False,53,6,40,4.363636364,1,9,0.8299250028,ds_cbdf3834368e,ds_16b6be697acb,01190,
quarter,2019-Q4,False,54,1,40,4.363636364,1,9,-1.70595695,ds_cbdf3834368e,ds_16b6be697acb,01190,
quarter,2019-Q4,False,55,8,40,4.363636364,1,9,1.844277784,ds_cbdf3834368e,ds_16b6be697acb,01190,
quarter,2020-Q1,False,1,4,38,4.145454545,1,8,-0.07568756326,ds_cbdf3834368e,ds_16b6be697acb,01190,
quarter,2020-Q1,False,2,2,38,4.145454545,1,8,-1.116391558,ds_cbdf3834368e,ds_16b6be697acb,01190,
quarter,2020-Q1,False,3,6,38,4.145454545,1,8,0.9650164316,ds_cbdf3834368e,ds_16b6be697acb,01190,
quarter,2020-Q1,False,4,3,38,4.145454545,1,8,-0.5960395607,ds_cbdf3834368e,ds_16b6be697acb,01190,
quarter,2020-Q1,False,5,2,38,4.145454545,1,8,-1.116391558,ds_cbdf3834368e,ds_16b6be697acb,01190,
quarter,2020-Q1,False,6,1,38,4.145454545,1,8,-1.636743556,ds_cbdf3834368e,ds_16b6be697acb,01190,
quarter,2020-Q1,False,7,2,38,4.145454545,1,8,-1.116391558,ds_cbdf3834368e,ds_16b6be697acb,01190,
quarter,2020-Q1,False,8,4,38,4.145454545,1,8,-0.07568756326,ds_cbdf3834368e,ds_16b6be697acb,01190,
quarter,2020-Q1,False,9,5,38,4.145454545,1,8,0.4446644342,ds_cbdf3834368e,ds_16b6be697acb,01190,
quarter,2020-Q1,False,10,4,38,4.145454545,1,8,-0.07568756326,ds_cbdf3834368e,ds_16b6be697acb,01190,
quarter,2020-Q1,False,11,8,38,4.145454545,1,8,2.005720426,ds_cbdf3834368e,ds_16b6be697acb,01190,
quarter,2020-Q1,False,12,6,38,4.145454545,1,8,0.9650164316,ds_cbdf3834368e,ds_16b6be697acb,01190,
quarter,2020-Q1,False,13,4,38,4.145454545,1,8,-0.07568756326,ds_cbdf3834368e,ds_16b6be697acb,01190,
quarter,2020-Q1,False,14,8,38,4.145454545,1,8,2.005720426,ds_cbdf3834368e,ds_16b6be697acb,01190,
quarter,2020-Q1,False,15,2,38,4.145454545,1,8,-1.116391558,ds_cbdf3834368e,ds_16b6be697acb,01190,
quarter,2020-Q1,False,16,1,38,4.145454545,1,8,-1.636743556,ds_cbdf3834368e,ds_16b6be697acb,01190,
quarter,2020-Q1,False,17,5,38,4.145454545,1,8,0.4446644342,ds_cbdf3834368e,ds_16b6be697acb,01190,
quarter,2020-Q1,False,18,6,38,4.145454545,1,8,0.9650164316,ds_cbdf3834368e,ds_16b6be697acb,01190,
quarter,2020-Q1,False,19,5,38,4.145454545,1,8,0.4446644342,ds_cbdf3834368e,ds_16b6be697acb,01190,
quarter,2020-Q1,False,20,6,38,4.145454545,1,8,0.9650164316,ds_cbdf3834368e,ds_16b6be697acb,01190,
quarter,2020-Q1,False,21,6,38,4.145454545,1,8,0.9650164316,ds_cbdf3834368e,ds_16b6be697acb,01190,
quarter,2020-Q1,False,22,1,38,4.145454545,1,8,-1.636743556,ds_cbdf3834368e,ds_16b6be697acb,01190,
quarter,2020-Q1,False,23,4,38,4.145454545,1,8,-0.07568756326,ds_cbdf3834368e,ds_16b6be697acb,01190,
quarter,2020-Q1,False,24,3,38,4.145454545,1,8,-0.5960395607,ds_cbdf3834368e,ds_16b6be697acb,01190,
quarter,2020-Q1,False,25,6,38,4.145454545,1,8,0.9650164316,ds_cbdf3834368e,ds_16b6be697acb,01190,
quarter,2020-Q1,False,26,5,38,4.145454545,1,8,0.4446644342,ds_cbdf3834368e,ds_16b6be697acb,01190,
quarter,2020-Q1,False,27,3,38,4.145454545,1,8,-0.5960395607,ds_cbdf3834368e,ds_16b6be697acb,01190,
quarter,2020-Q1,False,28,2,38,4.145454545,1,8,-1.116391558,ds_cbdf3834368e,ds_16b6be697acb,01190,
quarter,2020-Q1,False,29,4,38,4.145454545,1,8,-0.07568756326,ds_cbdf3834368e,ds_16b6be697acb,01190,
quarter,2020-Q1,False,30,3,38,4.145454545,1,8,-0.5960395607,ds_cbdf3834368e,ds_16b6be697acb,01190,
quarter,2020-Q1,False,31,4,38,4.145454545,1,8,-0.07568756326,ds_cbdf3834368e,ds_16b6be697acb,01190,
quarter,2020-Q1,False,32,5,38,4.145454545,1,8,0.4446644342,ds_cbdf3834368e,ds_16b6be697acb,01190,
quarter,2020-Q1,False,33,5,38,4.145454545,1,8,0.4446644342,ds_cbdf3834368e,ds_16b6be697acb,01190,
quarter,2020-Q1,False,34,4,38,4.145454545,1,8,-0.07568756326,ds_cbdf3834368e,ds_16b6be697acb,01190,
quarter,2020-Q1,False,35,4,38,4.145454545,1,8,-0.07568756326,ds_cbdf3834368e,ds_16b6be697acb,01190,
quarter,2020-Q1,False,36,7,38,4.145454545,1,8,1.485368429,ds_cbdf3834368e,ds_16b6be697acb,01190,
quarter,2020-Q1,False,37,2,38,4.145454545,1,8,-1.116391558,ds_cbdf3834368e,ds_16b6be697acb,01190,
quarter,2020-Q1,False,38,2,38,4.145454545,1,8,-1.116391558,ds_cbdf3834368e,ds_16b6be697acb,01190,
quarter,2020-Q1,False,39,4,38,4.145454545,1,8,-0.07568756326,ds_cbdf3834368e,ds_16b6be697acb,01190,
quarter,2020-Q1,False,40,7,38,4.145454545,1,8,1.485368429,ds_cbdf3834368e,ds_16b6be697acb,01190,
quarter,2020-Q1,False,41,4,38,4.145454545,1,8,-0.07568756326,ds_cbdf3834368e,ds_16b6be697acb,01190,
quarter,2020-Q1,False,42,4,38,4.145454545,1,8,-0.07568756326,ds_cbdf3834368e,ds_16b6be697acb,01190,
quarter,2020-Q1,False,43,5,38,4.145454545,1,8,0.4446644342,ds_cbdf3834368e,ds_16b6be697acb,01190,
quarter,2020-Q1,False,44,2,38,4.145454545,1,8,-1.116391558,ds_cbdf3834368e,ds_16b6be697acb,01190,
quarter,2020-Q1,False,45,3,38,4.145454545,1,8,-0.5960395607,ds_cbdf3834368e,ds_16b6be697acb,01190,
quarter,2020-Q1,False,46,1,38,4.145454545,1,8,-1.636743556,ds_cbdf3834368e,ds_16b6be697acb,01190,
quarter,2020-Q1,False,47,6,38,4.145454545,1,8,0.9650164316,ds_cbdf3834368e,ds_16b6be697acb,01190,
quarter,2020-Q1,False,48,3,38,4.145454545,1,8,-0.5960395607,ds_cbdf3834368e,ds_16b6be697acb,01190,
quarter,2020-Q1,False,49,7,38,4.145454545,1,8,1.485368429,ds_cbdf3834368e,ds_16b6be697acb,01190,
quarter,2020-Q1,False,50,3,38,4.145454545,1,8,-0.5960395607,ds_cbdf3834368e,ds_16b6be697acb,01190,
quarter,2020-Q1,False,51,4,38,4.145454545,1,8,-0.07568756326,ds_cbdf3834368e,ds_16b6be697acb,01190,
quarter,2020-Q1,False,52,5,38,4.145454545,1,8,0.4446644342,ds_cbdf3834368e,ds_16b6be697acb,01190,
quarter,2020-Q1,False,53,3,38,4.145454545,1,8,-0.5960395607,ds_cbdf3834368e,ds_16b6be697acb,01190,
quarter,2020-Q1,False,54,8,38,4.145454545,1,8,2.005720426,ds_cbdf3834368e,ds_16b6be697acb,01190,
quarter,2020-Q1,False,55,5,38,4.145454545,1,8,0.4446644342,ds_cbdf3834368e,ds_16b6be697acb,01190,
quarter,2020-Q2,False,1,4,29,3.163636364,0,7,0.4981787144,ds_cbdf3834368e,ds_16b6be697acb,01190,
quarter,2020-Q2,False,2,5,29,3.163636364,0,7,1.093827177,ds_cbdf3834368e,ds_16b6be697acb,01190,
quarter,2020-Q2,False,3,2,29,3.163636364,0,7,-0.6931182113,ds_cbdf3834368e,ds_16b6be697acb,01190,
quarter,2020-Q2,False,4,6,29,3.163636364,0,7,1.68947564,ds_cbdf3834368e,ds_16b6be697acb,01190,
quarter,2020-Q2,False,5,4,29,3.163636364,0,7,0.4981787144,ds_cbdf3834368e,ds_16b6be697acb,01190,
quarter,2020-Q2,False,6,4,29,3.163636364,0,7,0.4981787144,ds_cbdf3834368e,ds_16b6be697acb,01190,
quarter,2020-Q2,False,7,2,29,3.163636364,0,7,-0.6931182113,ds_cbdf3834368e,ds_16b6be697acb,01190,
quarter,2020-Q2,False,8,4,29,3.163636364,0,7,0.4981787144,ds_cbdf3834368e,ds_16b6be697acb,01190,
quarter,2020-Q2,False,9,5,29,3.163636364,0,7,1.093827177,ds_cbdf3834368e,ds_16b6be697acb,01190,
quarter,2020-Q2,False,10,2,29,3.163636364,0,7,-0.6931182113,ds_cbdf3834368e,ds_16b6be697acb,01190,
quarter,2020-Q2,False,11,3,29,3.163636364,0,7,-0.09746974846,ds_cbdf3834368e,ds_16b6be697acb,01190,
quarter,2020-Q2,False,12,6,29,3.163636364,0,7,1.68947564,ds_cbdf3834368e,ds_16b6be697acb,01190,
quarter,2020-Q2,False,13,3,29,3.163636364,0,7,-0.09746974846,ds_cbdf3834368e,ds_16b6be697acb,01190,
quarter,2020-Q2,False,14,0,29,3.163636364,0,7,-1.884415137,ds_cbdf3834368e,ds_16b6be697acb,01190,
quarter,2020-Q2,False,15,4,29,3.163636364,0,7,0.4981787144,ds_cbdf3834368e,ds_16b6be697acb,01190,
quarter,2020-Q2,False,16,5,29,3.163636364,0,7,1.093827177,ds_cbdf3834368e,ds_16b6be697acb,01190,
quarter,2020-Q2,False,17,0,29,3.163636364,0,7,-1.884415137,ds_cbdf3834368e,ds_16b6be697acb,01190,
quarter,2020-Q2,False,18,6,29,3.163636364,0,7,1.68947564,ds_cbdf3834368e,ds_16b6be697acb,01190,
quarter,2020-Q2,False,19,7,29,3.163636364,0,7,2.285124103,ds_cbdf3834368e,ds_16b6be697acb,01190,
quarter,2020-Q2,False,20,2,29,3.163636364,0,7,-0.6931182113,ds_cbdf3834368e,ds_16b6be697acb,01190,
quarter,2020-Q2,False,21,3,29,3.163636364,0,7,-0.09746974846,ds_cbdf3834368e,ds_16b6be697acb,01190,
quarter,2020-Q2,False,22,2,29,3.163636364,0,7,-0.6931182113,ds_cbdf3834368e,ds_16b6be697acb,01190,
quarter,2020-Q2,False,23,3,29,3.163636364,0,7,-0.09746974846,ds_cbdf3834368e,ds_16b6be697acb,01190,
quarter,2020-Q2,False,24,3,29,3.163636364,0,7,-0.09746974846,ds_cbdf3834368e,ds_16b6be697acb,01190,
quarter,2020-Q2,False,25,3,29,3.163636364,0,7,-0.09746974846,ds_cbdf3834368e,ds_16b6be697acb,01190,
quarter,2020-Q2,False,26,0,29,3.163636364,0,7,-1.884415137,ds_cbdf3834368e,ds_16b6be697acb,01190,
quarter,2020-Q2,False,27,3,29,3.163636364,0,7,-0.09746974846,ds_cbdf3834368e,ds_16b6be697acb,01190,
quarter,2020-Q2,False,28,2,29,3.163636364,0,7,-0.6931182113,ds_cbdf3834368e,ds_16b6be697acb,01190,
quarter,2020-Q2,False,29,1,29,3.163636364,0,7,-1.288766674,ds_cbdf3834368e,ds_16b6be697acb,01190,
quarter,2020-Q2,False,30,6,29,3.163636364,0,7,1.68947564,ds_cbdf3834368e,ds_16b6be697acb,01190,
quarter,2020-Q2,False,31,2,29,3.163636364,0,7,-0.6931182113,ds_cbdf3834368e,ds_16b6be697acb,01190,
quarter,2020-Q2,False,32,4,29,3.163636364,0,7,0.4981787144,ds_cbdf3834368e,ds_16b6be697acb,01190,
quarter,2020-Q2,False,33,3,29,3.163636364,0,7,-0.09746974846,ds_cbdf3834368e,ds_16b6be697acb,01190,
quarter,2020-Q2,False,34,3,29,3.163636364,0,7,-0.09746974846,ds_cbdf3834368e,ds_16b6be697acb,01190,
quarter,2020-Q2,False,35,3,29,3.163636364,0,7,-0.09746974846,ds_cbdf3834368e,ds_16b6be697acb,01190,
quarter,2020-Q2,False,36,0,29,3.163636364,0,7,-1.884415137,ds_cbdf3834368e,ds_16b6be697acb,01190,
quarter,2020-Q2,False,37,0,29,3.163636364,0,7,-1.884415137,ds_cbdf3834368e,ds_16b6be697acb,01190,
quarter,2020-Q2,False,38,3,29,3.163636364,0,7,-0.09746974846,ds_cbdf3834368e,ds_16b6be697acb,01190,
quarter,2020-Q2,False,39,3,29,3.163636364,0,7,-0.09746974846,ds_cbdf3834368e,ds_16b6be697acb,01190,
quarter,2020-Q2,False,40,1,29,3.163636364,0,7,-1.288766674,ds_cbdf3834368e,ds_16b6be697acb,01190,
quarter,2020-Q2,False,41,2,29,3.163636364,0,7,-0.6931182113,ds_cbdf3834368e,ds_16b6be697acb,01190,
quarter,2020-Q2,False,42,3,29,3.163636364,0,7,-0.09746974846,ds_cbdf3834368e,ds_16b6be697acb,01190,
quarter,2020-Q2,False,43,3,29,3.163636364,0,7,-0.09746974846,ds_cbdf3834368e,ds_16b6be697acb,01190,
quarter,2020-Q2,False,44,3,29,3.163636364,0,7,-0.09746974846,ds_cbdf3834368e,ds_16b6be697acb,01190,
quarter,2020-Q2,False,45,2,29,3.163636364,0,7,-0.6931182113,ds_cbdf3834368e,ds_16b6be697acb,01190,
quarter,2020-Q2,False,46,4,29,3.163636364,0,7,0.4981787144,ds_cbdf3834368e,ds_16b6be697acb,01190,
quarter,2020-Q2,False,47,4,29,3.163636364,0,7,0.4981787144,ds_cbdf3834368e,ds_16b6be697acb,01190,
quarter,2020-Q2,False,48,3,29,3.163636364,0,7,-0.09746974846,ds_cbdf3834368e,ds_16b6be697acb,01190,
quarter,2020-Q2,False,49,3,29,3.163636364,0,7,-0.09746974846,ds_cbdf3834368e,ds_16b6be697acb,01190,
quarter,2020-Q2,False,50,4,29,3.163636364,0,7,0.4981787144,ds_cbdf3834368e,ds_16b6be697acb,01190,
quarter,2020-Q2,False,51,2,29,3.163636364,0,7,-0.6931182113,ds_cbdf3834368e,ds_16b6be697acb,01190,
quarter,2020-Q2,False,52,3,29,3.163636364,0,7,-0.09746974846,ds_cbdf3834368e,ds_16b6be697acb,01190,
quarter,2020-Q2,False,53,5,29,3.163636364,0,7,1.093827177,ds_cbdf3834368e,ds_16b6be697acb,01190,
quarter,2020-Q2,False,54,5,29,3.163636364,0,7,1.093827177,ds_cbdf3834368e,ds_16b6be697acb,01190,
quarter,2020-Q2,False,55,6,29,3.163636364,0,7,1.68947564,ds_cbdf3834368e,ds_16b6be697acb,01190,
quarter,2020-Q3,False,1,5,38,4.145454545,1,8,0.4446644342,ds_cbdf3834368e,ds_16b6be697acb,01190,
quarter,2020-Q3,False,2,4,38,4.145454545,1,8,-0.07568756326,ds_cbdf3834368e,ds_16b6be697acb,01190,
quarter,2020-Q3,False,3,7,38,4.145454545,1,8,1.485368429,ds_cbdf3834368e,ds_16b6be697acb,01190,
quarter,2020-Q3,False,4,5,38,4.145454545,1,8,0.4446644342,ds_cbdf3834368e,ds_16b6be697acb,01190,
quarter,2020-Q3,False,5,5,38,4.145454545,1,8,0.4446644342,ds_cbdf3834368e,ds_16b6be697acb,01190,
quarter,2020-Q3,False,6,4,38,4.145454545,1,8,-0.07568756326,ds_cbdf3834368e,ds_16b6be697acb,01190,
quarter,2020-Q3,False,7,6,38,4.145454545,1,8,0.9650164316,ds_cbdf3834368e,ds_16b6be697acb,01190,
quarter,2020-Q3,False,8,2,38,4.145454545,1,8,-1.116391558,ds_cbdf3834368e,ds_16b6be697acb,01190,
quarter,2020-Q3,False,9,3,38,4.145454545,1,8,-0.5960395607,ds_cbdf3834368e,ds_16b6be697acb,01190,
quarter,2020-Q3,False,10,5,38,4.145454545,1,8,0.4446644342,ds_cbdf3834368e,ds_16b6be697acb,01190,
quarter,2020-Q3,False,11,5,38,4.145454545,1,8,0.4446644342,ds_cbdf3834368e,ds_16b6be697acb,01190,
quarter,2020-Q3,False,12,5,38,4.145454545,1,8,0.4446644342,ds_cbdf3834368e,ds_16b6be697acb,01190,
quarter,2020-Q3,False,13,5,38,4.145454545,1,8,0.4446644342,ds_cbdf3834368e,ds_16b6be697acb,01190,
quarter,2020-Q3,False,14,5,38,4.145454545,1,8,0.4446644342,ds_cbdf3834368e,ds_16b6be697acb,01190,
quarter,2020-Q3,False,15,4,38,4.145454545,1,8,-0.07568756326,ds_cbdf3834368e,ds_16b6be697acb,01190,
quarter,2020-Q3,False,16,1,38,4.145454545,1,8,-1.636743556,ds_cbdf3834368e,ds_16b6be697acb,01190,
quarter,2020-Q3,False,17,2,38,4.145454545,1,8,-1.116391558,ds_cbdf3834368e,ds_16b6be697acb,01190,
quarter,2020-Q3,False,18,6,38,4.145454545,1,8,0.9650164316,ds_cbdf3834368e,ds_16b6be697acb,01190,
quarter,2020-Q3,False,19,2,38,4.145454545,1,8,-1.116391558,ds_cbdf3834368e,ds_16b6be697acb,01190,
quarter,2020-Q3,False,20,7,38,4.145454545,1,8,1.485368429,ds_cbdf3834368e,ds_16b6be697acb,01190,
quarter,2020-Q3,False,21,5,38,4.145454545,1,8,0.4446644342,ds_cbdf3834368e,ds_16b6be697acb,01190,
quarter,2020-Q3,False,22,7,38,4.145454545,1,8,1.485368429,ds_cbdf3834368e,ds_16b6be697acb,01190,
quarter,2020-Q3,False,23,0,38,4.145454545,1,8,-2.157095553,ds_cbdf3834368e,ds_16b6be697acb,01190,
quarter,2020-Q3,False,24,7,38,4.145454545,1,8,1.485368429,ds_cbdf3834368e,ds_16b6be697acb,01190,
quarter,2020-Q3,False,25,2,38,4.145454545,1,8,-1.116391558,ds_cbdf3834368e,ds_16b6be697acb,01190,
quarter,2020-Q3,False,26,6,38,4.145454545,1,8,0.9650164316,ds_cbdf3834368e,ds_16b6be697acb,01190,
quarter,2020-Q3,False,27,2,38,4.145454545,1,8,-1.116391558,ds_cbdf3834368e,ds_16b6be697acb,01190,
quarter,2020-Q3,False,28,6,38,4.145454545,1,8,0.9650164316,ds_cbdf3834368e,ds_16b6be697acb,01190,
quarter,2020-Q3,False,29,5,38,4.145454545,1,8,0.4446644342,ds_cbdf3834368e,ds_16b6be697acb,01190,
quarter,2020-Q3,False,30,5,38,4.145454545,1,8,0.4446644342,ds_cbdf3834368e,ds_16b6be697acb,01190,
quarter,2020-Q3,False,31,5,38,4.145454545,1,8,0.4446644342,ds_cbdf3834368e,ds_16b6be697acb,01190,
quarter,2020-Q3,False,32,5,38,4.145454545,1,8,0.4446644342,ds_cbdf3834368e,ds_16b6be697acb,01190,
quarter,2020-Q3,False,33,2,38,4.145454545,1,8,-1.116391558,ds_cbdf3834368e,ds_16b6be697acb,01190,
quarter,2020-Q3,False,34,3,38,4.145454545,1,8,-0.5960395607,ds_cbdf3834368e,ds_16b6be697acb,01190,
quarter,2020-Q3,False,35,5,38,4.145454545,1,8,0.4446644342,ds_cbdf3834368e,ds_16b6be697acb,01190,
quarter,2020-Q3,False,36,4,38,4.145454545,1,8,-0.07568756326,ds_cbdf3834368e,ds_16b6be697acb,01190,
quarter,2020-Q3,False,37,2,38,4.145454545,1,8,-1.116391558,ds_cbdf3834368e,ds_16b6be697acb,01190,
quarter,2020-Q3,False,38,4,38,4.145454545,1,8,-0.07568756326,ds_cbdf3834368e,ds_16b6be697acb,01190,
quarter,2020-Q3,False,39,1,38,4.145454545,1,8,-1.636743556,ds_cbdf3834368e,ds_16b6be697acb,01190,
quarter,2020-Q3,False,40,2,38,4.145454545,1,8,-1.116391558,ds_cbdf3834368e,ds_16b6be697acb,01190,
quarter,2020-Q3,False,41,4,38,4.145454545,1,8,-0.07568756326,ds_cbdf3834368e,ds_16b6be697acb,01190,
quarter,2020-Q3,False,42,1,38,4.145454545,1,8,-1.636743556,ds_cbdf3834368e,ds_16b6be697acb,01190,
quarter,2020-Q3,False,43,3,38,4.145454545,1,8,-0.5960395607,ds_cbdf3834368e,ds_16b6be697acb,01190,
quarter,2020-Q3,False,44,7,38,4.145454545,1,8,1.485368429,ds_cbdf3834368e,ds_16b6be697acb,01190,
quarter,2020-Q3,False,45,3,38,4.145454545,1,8,-0.5960395607,ds_cbdf3834368e,ds_16b6be697acb,01190,
quarter,2020-Q3,False,46,2,38,4.145454545,1,8,-1.116391558,ds_cbdf3834368e,ds_16b6be697acb,01190,
quarter,2020-Q3,False,47,5,38,4.145454545,1,8,0.4446644342,ds_cbdf3834368e,ds_16b6be697acb,01190,
quarter,2020-Q3,False,48,4,38,4.145454545,1,8,-0.07568756326,ds_cbdf3834368e,ds_16b6be697acb,01190,
quarter,2020-Q3,False,49,3,38,4.145454545,1,8,-0.5960395607,ds_cbdf3834368e,ds_16b6be697acb,01190,
quarter,2020-Q3,False,50,2,38,4.145454545,1,8,-1.116391558,ds_cbdf3834368e,ds_16b6be697acb,01190,
quarter,2020-Q3,False,51,5,38,4.145454545,1,8,0.4446644342,ds_cbdf3834368e,ds_16b6be697acb,01190,
quarter,2020-Q3,False,52,5,38,4.145454545,1,8,0.4446644342,ds_cbdf3834368e,ds_16b6be697acb,01190,
quarter,2020-Q3,False,53,9,38,4.145454545,1,8,2.526072424,ds_cbdf3834368e,ds_16b6be697acb,01190,
quarter,2020-Q3,False,54,6,38,4.145454545,1,8,0.9650164316,ds_cbdf3834368e,ds_16b6be697acb,01190,
quarter,2020-Q3,False,55,3,38,4.145454545,1,8,-0.5960395607,ds_cbdf3834368e,ds_16b6be697acb,01190,
quarter,2020-Q4,False,1,3,40,4.363636364,1,9,-0.691604169,ds_cbdf3834368e,ds_16b6be697acb,01190,
quarter,2020-Q4,False,2,6,40,4.363636364,1,9,0.8299250028,ds_cbdf3834368e,ds_16b6be697acb,01190,
quarter,2020-Q4,False,3,6,40,4.363636364,1,9,0.8299250028,ds_cbdf3834368e,ds_16b6be697acb,01190,
quarter,2020-Q4,False,4,3,40,4.363636364,1,9,-0.691604169,ds_cbdf3834368e,ds_16b6be697acb,01190,
quarter,2020-Q4,False,5,4,40,4.363636364,1,9,-0.1844277784,ds_cbdf3834368e,ds_16b6be697acb,01190,
quarter,2020-Q4,False,6,4,40,4.363636364,1,9,-0.1844277784,ds_cbdf3834368e,ds_16b6be697acb,01190,
quarter,2020-Q4,False,7,2,40,4.363636364,1,9,-1.19878056,ds_cbdf3834368e,ds_16b6be697acb,01190,
quarter,2020-Q4,False,8,5,40,4.363636364,1,9,0.3227486122,ds_cbdf3834368e,ds_16b6be697acb,01190,
quarter,2020-Q4,False,9,1,40,4.363636364,1,9,-1.70595695,ds_cbdf3834368e,ds_16b6be697acb,01190,
quarter,2020-Q4,False,10,6,40,4.363636364,1,9,0.8299250028,ds_cbdf3834368e,ds_16b6be697acb,01190,
quarter,2020-Q4,False,11,7,40,4.363636364,1,9,1.337101393,ds_cbdf3834368e,ds_16b6be697acb,01190,
quarter,2020-Q4,False,12,7,40,4.363636364,1,9,1.337101393,ds_cbdf3834368e,ds_16b6be697acb,01190,
quarter,2020-Q4,False,13,1,40,4.363636364,1,9,-1.70595695,ds_cbdf3834368e,ds_16b6be697acb,01190,
quarter,2020-Q4,False,14,7,40,4.363636364,1,9,1.337101393,ds_cbdf3834368e,ds_16b6be697acb,01190,
quarter,2020-Q4,False,15,5,40,4.363636364,1,9,0.3227486122,ds_cbdf3834368e,ds_16b6be697acb,01190,
quarter,2020-Q4,False,16,2,40,4.363636364,1,9,-1.19878056,ds_cbdf3834368e,ds_16b6be697acb,01190,
quarter,2020-Q4,False,17,3,40,4.363636364,1,9,-0.691604169,ds_cbdf3834368e,ds_16b6be697acb,01190,
quarter,2020-Q4,False,18,4,40,4.363636364,1,9,-0.1844277784,ds_cbdf3834368e,ds_16b6be697acb,01190,
quarter,2020-Q4,False,19,9,40,4.363636364,1,9,2.351454174,ds_cbdf3834368e,ds_16b6be697acb,01190,
quarter,2020-Q4,False,20,7,40,4.363636364,1,9,1.337101393,ds_cbdf3834368e,ds_16b6be697acb,01190,
quarter,2020-Q4,False,21,4,40,4.363636364,1,9,-0.1844277784,ds_cbdf3834368e,ds_16b6be697acb,01190,
quarter,2020-Q4,False,22,5,40,4.363636364,1,9,0.3227486122,ds_cbdf3834368e,ds_16b6be697acb,01190,
quarter,2020-Q4,False,23,3,40,4.363636364,1,9,-0.691604169,ds_cbdf3834368e,ds_16b6be697acb,01190,
quarter,2020-Q4,False,24,3,40,4.363636364,1,9,-0.691604169,ds_cbdf3834368e,ds_16b6be697acb,01190,
quarter,2020-Q4,False,25,4,40,4.363636364,1,9,-0.1844277784,ds_cbdf3834368e,ds_16b6be697acb,01190,
quarter,2020-Q4,False,26,1,40,4.363636364,1,9,-1.70595695,ds_cbdf3834368e,ds_16b6be697acb,01190,
quarter,2020-Q4,False,27,5,40,4.363636364,1,9,0.3227486122,ds_cbdf3834368e,ds_16b6be697acb,01190,
quarter,2020-Q4,False,28,4,40,4.363636364,1,9,-0.1844277784,ds_cbdf3834368e,ds_16b6be697acb,01190,
quarter,2020-Q4,False,29,5,40,4.363636364,1,9,0.3227486122,ds_cbdf3834368e,ds_16b6be697acb,01190,
quarter,2020-Q4,False,30,2,40,4.363636364,1,9,-1.19878056,ds_cbdf3834368e,ds_16b6be697acb,01190,
quarter,2020-Q4,False,31,3,40,4.363636364,1,9,-0.691604169,ds_cbdf3834368e,ds_16b6be697acb,01190,
quarter,2020-Q4,False,32,5,40,4.363636364,1,9,0.3227486122,ds_cbdf3834368e,ds_16b6be697acb,01190,
quarter,2020-Q4,False,33,6,40,4.363636364,1,9,0.8299250028,ds_cbdf3834368e,ds_16b6be697acb,01190,
quarter,2020-Q4,False,34,7,40,4.363636364,1,9,1.337101393,ds_cbdf3834368e,ds_16b6be697acb,01190,
quarter,2020-Q4,False,35,3,40,4.363636364,1,9,-0.691604169,ds_cbdf3834368e,ds_16b6be697acb,01190,
quarter,2020-Q4,False,36,6,40,4.363636364,1,9,0.8299250028,ds_cbdf3834368e,ds_16b6be697acb,01190,
quarter,2020-Q4,False,37,4,40,4.363636364,1,9,-0.1844277784,ds_cbdf3834368e,ds_16b6be697acb,01190,
quarter,2020-Q4,False,38,9,40,4.363636364,1,9,2.351454174,ds_cbdf3834368e,ds_16b6be697acb,01190,
quarter,2020-Q4,False,39,3,40,4.363636364,1,9,-0.691604169,ds_cbdf3834368e,ds_16b6be697acb,01190,
quarter,2020-Q4,False,40,2,40,4.363636364,1,9,-1.19878056,ds_cbdf3834368e,ds_16b6be697acb,01190,
quarter,2020-Q4,False,41,7,40,4.363636364,1,9,1.337101393,ds_cbdf3834368e,ds_16b6be697acb,01190,
quarter,2020-Q4,False,42,1,40,4.363636364,1,9,-1.70595695,ds_cbdf3834368e,ds_16b6be697acb,01190,
quarter,2020-Q4,False,43,4,40,4.363636364,1,9,-0.1844277784,ds_cbdf3834368e,ds_16b6be697acb,01190,
quarter,2020-Q4,False,44,5,40,4.363636364,1,9,0.3227486122,ds_cbdf3834368e,ds_16b6be697acb,01190,
quarter,2020-Q4,False,45,5,40,4.363636364,1,9,0.3227486122,ds_cbdf3834368e,ds_16b6be697acb,01190,
quarter,2020-Q4,False,46,2,40,4.363636364,1,9,-1.19878056,ds_cbdf3834368e,ds_16b6be697acb,01190,
quarter,2020-Q4,False,47,4,40,4.363636364,1,9,-0.1844277784,ds_cbdf3834368e,ds_16b6be697acb,01190,
quarter,2020-Q4,False,48,6,40,4.363636364,1,9,0.8299250028,ds_cbdf3834368e,ds_16b6be697acb,01190,
quarter,2020-Q4,False,49,6,40,4.363636364,1,9,0.8299250028,ds_cbdf3834368e,ds_16b6be697acb,01190,
quarter,2020-Q4,False,50,3,40,4.363636364,1,9,-0.691604169,ds_cbdf3834368e,ds_16b6be697acb,01190,
quarter,2020-Q4,False,51,6,40,4.363636364,1,9,0.8299250028,ds_cbdf3834368e,ds_16b6be697acb,01190,
quarter,2020-Q4,False,52,5,40,4.363636364,1,9,0.3227486122,ds_cbdf3834368e,ds_16b6be697acb,01190,
quarter,2020-Q4,False,53,4,40,4.363636364,1,9,-0.1844277784,ds_cbdf3834368e,ds_16b6be697acb,01190,
quarter,2020-Q4,False,54,6,40,4.363636364,1,9,0.8299250028,ds_cbdf3834368e,ds_16b6be697acb,01190,
quarter,2020-Q4,False,55,0,40,4.363636364,1,9,-2.213133341,ds_cbdf3834368e,ds_16b6be697acb,01190,
quarter,2021-Q1,False,1,2,37,4.036363636,1,8,-1.073849688,ds_cbdf3834368e,ds_16b6be697acb,01190,
quarter,2021-Q1,False,2,5,37,4.036363636,1,8,0.5081610132,ds_cbdf3834368e,ds_16b6be697acb,01190,
quarter,2021-Q1,False,3,3,37,4.036363636,1,8,-0.5465127878,ds_cbdf3834368e,ds_16b6be697acb,01190,
quarter,2021-Q1,False,4,6,37,4.036363636,1,8,1.035497914,ds_cbdf3834368e,ds_16b6be697acb,01190,
quarter,2021-Q1,False,5,5,37,4.036363636,1,8,0.5081610132,ds_cbdf3834368e,ds_16b6be697acb,01190,
quarter,2021-Q1,False,6,2,37,4.036363636,1,8,-1.073849688,ds_cbdf3834368e,ds_16b6be697acb,01190,
quarter,2021-Q1,False,7,6,37,4.036363636,1,8,1.035497914,ds_cbdf3834368e,ds_16b6be697acb,01190,
quarter,2021-Q1,False,8,0,37,4.036363636,1,8,-2.128523489,ds_cbdf3834368e,ds_16b6be697acb,01190,
quarter,2021-Q1,False,9,5,37,4.036363636,1,8,0.5081610132,ds_cbdf3834368e,ds_16b6be697acb,01190,
quarter,2021-Q1,False,10,3,37,4.036363636,1,8,-0.5465127878,ds_cbdf3834368e,ds_16b6be697acb,01190,
quarter,2021-Q1,False,11,6,37,4.036363636,1,8,1.035497914,ds_cbdf3834368e,ds_16b6be697acb,01190,
quarter,2021-Q1,False,12,2,37,4.036363636,1,8,-1.073849688,ds_cbdf3834368e,ds_16b6be697acb,01190,
quarter,2021-Q1,False,13,3,37,4.036363636,1,8,-0.5465127878,ds_cbdf3834368e,ds_16b6be697acb,01190,
quarter,2021-Q1,False,14,1,37,4.036363636,1,8,-1.601186589,ds_cbdf3834368e,ds_16b6be697acb,01190,
quarter,2021-Q1,False,15,3,37,4.036363636,1,8,-0.5465127878,ds_cbdf3834368e,ds_16b6be697acb,01190,
quarter,2021-Q1,False,16,4,37,4.036363636,1,8,-0.01917588729,ds_cbdf3834368e,ds_16b6be697acb,01190,
quarter,2021-Q1,False,17,5,37,4.036363636,1,8,0.5081610132,ds_cbdf3834368e,ds_16b6be697acb,01190,
quarter,2021-Q1,False,18,4,37,4.036363636,1,8,-0.01917588729,ds_cbdf3834368e,ds_16b6be697acb,01190,
quarter,2021-Q1,False,19,8,37,4.036363636,1,8,2.090171715,ds_cbdf3834368e,ds_16b6be697acb,01190,
quarter,2021-Q1,False,20,6,37,4.036363636,1,8,1.035497914,ds_cbdf3834368e,ds_16b6be697acb,01190,
quarter,2021-Q1,False,21,5,37,4.036363636,1,8,0.5081610132,ds_cbdf3834368e,ds_16b6be697acb,01190,
quarter,2021-Q1,False,22,6,37,4.036363636,1,8,1.035497914,ds_cbdf3834368e,ds_16b6be697acb,01190,
quarter,2021-Q1,False,23,7,37,4.036363636,1,8,1.562834814,ds_cbdf3834368e,ds_16b6be697acb,01190,
quarter,2021-Q1,False,24,5,37,4.036363636,1,8,0.5081610132,ds_cbdf3834368e,ds_16b6be697acb,01190,
quarter,2021-Q1,False,25,3,37,4.036363636,1,8,-0.5465127878,ds_cbdf3834368e,ds_16b6be697acb,01190,
quarter,2021-Q1,False,26,3,37,4.036363636,1,8,-0.5465127878,ds_cbdf3834368e,ds_16b6be697acb,01190,
quarter,2021-Q1,False,27,0,37,4.036363636,1,8,-2.128523489,ds_cbdf3834368e,ds_16b6be697acb,01190,
quarter,2021-Q1,False,28,2,37,4.036363636,1,8,-1.073849688,ds_cbdf3834368e,ds_16b6be697acb,01190,
quarter,2021-Q1,False,29,8,37,4.036363636,1,8,2.090171715,ds_cbdf3834368e,ds_16b6be697acb,01190,
quarter,2021-Q1,False,30,2,37,4.036363636,1,8,-1.073849688,ds_cbdf3834368e,ds_16b6be697acb,01190,
quarter,2021-Q1,False,31,6,37,4.036363636,1,8,1.035497914,ds_cbdf3834368e,ds_16b6be697acb,01190,
quarter,2021-Q1,False,32,5,37,4.036363636,1,8,0.5081610132,ds_cbdf3834368e,ds_16b6be697acb,01190,
quarter,2021-Q1,False,33,3,37,4.036363636,1,8,-0.5465127878,ds_cbdf3834368e,ds_16b6be697acb,01190,
quarter,2021-Q1,False,34,6,37,4.036363636,1,8,1.035497914,ds_cbdf3834368e,ds_16b6be697acb,01190,
quarter,2021-Q1,False,35,4,37,4.036363636,1,8,-0.01917588729,ds_cbdf3834368e,ds_16b6be697acb,01190,
quarter,2021-Q1,False,36,4,37,4.036363636,1,8,-0.01917588729,ds_cbdf3834368e,ds_16b6be697acb,01190,
quarter,2021-Q1,False,37,1,37,4.036363636,1,8,-1.601186589,ds_cbdf3834368e,ds_16b6be697acb,01190,
quarter,2021-Q1,False,38,2,37,4.036363636,1,8,-1.073849688,ds_cbdf3834368e,ds_16b6be697acb,01190,
quarter,2021-Q1,False,39,4,37,4.036363636,1,8,-0.01917588729,ds_cbdf3834368e,ds_16b6be697acb,01190,
quarter,2021-Q1,False,40,3,37,4.036363636,1,8,-0.5465127878,ds_cbdf3834368e,ds_16b6be697acb,01190,
quarter,2021-Q1,False,41,4,37,4.036363636,1,8,-0.01917588729,ds_cbdf3834368e,ds_16b6be697acb,01190,
quarter,2021-Q1,False,42,4,37,4.036363636,1,8,-0.01917588729,ds_cbdf3834368e,ds_16b6be697acb,01190,
quarter,2021-Q1,False,43,3,37,4.036363636,1,8,-0.5465127878,ds_cbdf3834368e,ds_16b6be697acb,01190,
quarter,2021-Q1,False,44,7,37,4.036363636,1,8,1.562834814,ds_cbdf3834368e,ds_16b6be697acb,01190,
quarter,2021-Q1,False,45,5,37,4.036363636,1,8,0.5081610132,ds_cbdf3834368e,ds_16b6be697acb,01190,
quarter,2021-Q1,False,46,6,37,4.036363636,1,8,1.035497914,ds_cbdf3834368e,ds_16b6be697acb,01190,
quarter,2021-Q1,False,47,5,37,4.036363636,1,8,0.5081610132,ds_cbdf3834368e,ds_16b6be697acb,01190,
quarter,2021-Q1,False,48,4,37,4.036363636,1,8,-0.01917588729,ds_cbdf3834368e,ds_16b6be697acb,01190,
quarter,2021-Q1,False,49,2,37,4.036363636,1,8,-1.073849688,ds_cbdf3834368e,ds_16b6be697acb,01190,
quarter,2021-Q1,False,50,3,37,4.036363636,1,8,-0.5465127878,ds_cbdf3834368e,ds_16b6be697acb,01190,
quarter,2021-Q1,False,51,5,37,4.036363636,1,8,0.5081610132,ds_cbdf3834368e,ds_16b6be697acb,01190,
quarter,2021-Q1,False,52,2,37,4.036363636,1,8,-1.073849688,ds_cbdf3834368e,ds_16b6be697acb,01190,
quarter,2021-Q1,False,53,5,37,4.036363636,1,8,0.5081610132,ds_cbdf3834368e,ds_16b6be697acb,01190,
quarter,2021-Q1,False,54,5,37,4.036363636,1,8,0.5081610132,ds_cbdf3834368e,ds_16b6be697acb,01190,
quarter,2021-Q1,False,55,4,37,4.036363636,1,8,-0.01917588729,ds_cbdf3834368e,ds_16b6be697acb,01190,
quarter,2021-Q2,False,1,4,39,4.254545455,1,8,-0.1307440901,ds_cbdf3834368e,ds_16b6be697acb,01190,
quarter,2021-Q2,False,2,2,39,4.254545455,1,8,-1.158019084,ds_cbdf3834368e,ds_16b6be697acb,01190,
quarter,2021-Q2,False,3,7,39,4.254545455,1,8,1.4101684,ds_cbdf3834368e,ds_16b6be697acb,01190,
quarter,2021-Q2,False,4,5,39,4.254545455,1,8,0.3828934067,ds_cbdf3834368e,ds_16b6be697acb,01190,
quarter,2021-Q2,False,5,5,39,4.254545455,1,8,0.3828934067,ds_cbdf3834368e,ds_16b6be697acb,01190,
quarter,2021-Q2,False,6,5,39,4.254545455,1,8,0.3828934067,ds_cbdf3834368e,ds_16b6be697acb,01190,
quarter,2021-Q2,False,7,6,39,4.254545455,1,8,0.8965309035,ds_cbdf3834368e,ds_16b6be697acb,01190,
quarter,2021-Q2,False,8,3,39,4.254545455,1,8,-0.6443815869,ds_cbdf3834368e,ds_16b6be697acb,01190,
quarter,2021-Q2,False,9,3,39,4.254545455,1,8,-0.6443815869,ds_cbdf3834368e,ds_16b6be697acb,01190,
quarter,2021-Q2,False,10,2,39,4.254545455,1,8,-1.158019084,ds_cbdf3834368e,ds_16b6be697acb,01190,
quarter,2021-Q2,False,11,5,39,4.254545455,1,8,0.3828934067,ds_cbdf3834368e,ds_16b6be697acb,01190,
quarter,2021-Q2,False,12,3,39,4.254545455,1,8,-0.6443815869,ds_cbdf3834368e,ds_16b6be697acb,01190,
quarter,2021-Q2,False,13,5,39,4.254545455,1,8,0.3828934067,ds_cbdf3834368e,ds_16b6be697acb,01190,
quarter,2021-Q2,False,14,6,39,4.254545455,1,8,0.8965309035,ds_cbdf3834368e,ds_16b6be697acb,01190,
quarter,2021-Q2,False,15,3,39,4.254545455,1,8,-0.6443815869,ds_cbdf3834368e,ds_16b6be697acb,01190,
quarter,2021-Q2,False,16,7,39,4.254545455,1,8,1.4101684,ds_cbdf3834368e,ds_16b6be697acb,01190,
quarter,2021-Q2,False,17,5,39,4.254545455,1,8,0.3828934067,ds_cbdf3834368e,ds_16b6be697acb,01190,
quarter,2021-Q2,False,18,5,39,4.254545455,1,8,0.3828934067,ds_cbdf3834368e,ds_16b6be697acb,01190,
quarter,2021-Q2,False,19,2,39,4.254545455,1,8,-1.158019084,ds_cbdf3834368e,ds_16b6be697acb,01190,
quarter,2021-Q2,False,20,2,39,4.254545455,1,8,-1.158019084,ds_cbdf3834368e,ds_16b6be697acb,01190,
quarter,2021-Q2,False,21,3,39,4.254545455,1,8,-0.6443815869,ds_cbdf3834368e,ds_16b6be697acb,01190,
quarter,2021-Q2,False,22,8,39,4.254545455,1,8,1.923805897,ds_cbdf3834368e,ds_16b6be697acb,01190,
quarter,2021-Q2,False,23,4,39,4.254545455,1,8,-0.1307440901,ds_cbdf3834368e,ds_16b6be697acb,01190,
quarter,2021-Q2,False,24,8,39,4.254545455,1,8,1.923805897,ds_cbdf3834368e,ds_16b6be697acb,01190,
quarter,2021-Q2,False,25,6,39,4.254545455,1,8,0.8965309035,ds_cbdf3834368e,ds_16b6be697acb,01190,
quarter,2021-Q2,False,26,3,39,4.254545455,1,8,-0.6443815869,ds_cbdf3834368e,ds_16b6be697acb,01190,
quarter,2021-Q2,False,27,8,39,4.254545455,1,8,1.923805897,ds_cbdf3834368e,ds_16b6be697acb,01190,
quarter,2021-Q2,False,28,3,39,4.254545455,1,8,-0.6443815869,ds_cbdf3834368e,ds_16b6be697acb,01190,
quarter,2021-Q2,False,29,1,39,4.254545455,1,8,-1.67165658,ds_cbdf3834368e,ds_16b6be697acb,01190,
quarter,2021-Q2,False,30,2,39,4.254545455,1,8,-1.158019084,ds_cbdf3834368e,ds_16b6be697acb,01190,
quarter,2021-Q2,False,31,2,39,4.254545455,1,8,-1.158019084,ds_cbdf3834368e,ds_16b6be697acb,01190,
quarter,2021-Q2,False,32,3,39,4.254545455,1,8,-0.6443815869,ds_cbdf3834368e,ds_16b6be697acb,01190,
quarter,2021-Q2,False,33,6,39,4.254545455,1,8,0.8965309035,ds_cbdf3834368e,ds_16b6be697acb,01190,
quarter,2021-Q2,False,34,3,39,4.254545455,1,8,-0.6443815869,ds_cbdf3834368e,ds_16b6be697acb,01190,
quarter,2021-Q2,False,35,2,39,4.254545455,1,8,-1.158019084,ds_cbdf3834368e,ds_16b6be697acb,01190,
quarter,2021-Q2,False,36,2,39,4.254545455,1,8,-1.158019084,ds_cbdf3834368e,ds_16b6be697acb,01190,
quarter,2021-Q2,False,37,4,39,4.254545455,1,8,-0.1307440901,ds_cbdf3834368e,ds_16b6be697acb,01190,
quarter,2021-Q2,False,38,6,39,4.254545455,1,8,0.8965309035,ds_cbdf3834368e,ds_16b6be697acb,01190,
quarter,2021-Q2,False,39,4,39,4.254545455,1,8,-0.1307440901,ds_cbdf3834368e,ds_16b6be697acb,01190,
quarter,2021-Q2,False,40,1,39,4.254545455,1,8,-1.67165658,ds_cbdf3834368e,ds_16b6be697acb,01190,
quarter,2021-Q2,False,41,9,39,4.254545455,1,8,2.437443394,ds_cbdf3834368e,ds_16b6be697acb,01190,
quarter,2021-Q2,False,42,7,39,4.254545455,1,8,1.4101684,ds_cbdf3834368e,ds_16b6be697acb,01190,
quarter,2021-Q2,False,43,6,39,4.254545455,1,8,0.8965309035,ds_cbdf3834368e,ds_16b6be697acb,01190,
quarter,2021-Q2,False,44,8,39,4.254545455,1,8,1.923805897,ds_cbdf3834368e,ds_16b6be697acb,01190,
quarter,2021-Q2,False,45,5,39,4.254545455,1,8,0.3828934067,ds_cbdf3834368e,ds_16b6be697acb,01190,
quarter,2021-Q2,False,46,5,39,4.254545455,1,8,0.3828934067,ds_cbdf3834368e,ds_16b6be697acb,01190,
quarter,2021-Q2,False,47,5,39,4.254545455,1,8,0.3828934067,ds_cbdf3834368e,ds_16b6be697acb,01190,
quarter,2021-Q2,False,48,3,39,4.254545455,1,8,-0.6443815869,ds_cbdf3834368e,ds_16b6be697acb,01190,
quarter,2021-Q2,False,49,3,39,4.254545455,1,8,-0.6443815869,ds_cbdf3834368e,ds_16b6be697acb,01190,
quarter,2021-Q2,False,50,0,39,4.254545455,1,8,-2.185294077,ds_cbdf3834368e,ds_16b6be697acb,01190,
quarter,2021-Q2,False,51,3,39,4.254545455,1,8,-0.6443815869,ds_cbdf3834368e,ds_16b6be697acb,01190,
quarter,2021-Q2,False,52,3,39,4.254545455,1,8,-0.6443815869,ds_cbdf3834368e,ds_16b6be697acb,01190,
quarter,2021-Q2,False,53,3,39,4.254545455,1,8,-0.6443815869,ds_cbdf3834368e,ds_16b6be697acb,01190,
quarter,2021-Q2,False,54,4,39,4.254545455,1,8,-0.1307440901,ds_cbdf3834368e,ds_16b6be697acb,01190,
quarter,2021-Q2,False,55,6,39,4.254545455,1,8,0.8965309035,ds_cbdf3834368e,ds_16b6be697acb,01190,
quarter,2021-Q3,False,1,1,29,3.163636364,0,7,-1.288766674,ds_cbdf3834368e,ds_16b6be697acb,01190,
quarter,2021-Q3,False,2,4,29,3.163636364,0,7,0.4981787144,ds_cbdf3834368e,ds_16b6be697acb,01190,
quarter,2021-Q3,False,3,3,29,3.163636364,0,7,-0.09746974846,ds_cbdf3834368e,ds_16b6be697acb,01190,
quarter,2021-Q3,False,4,4,29,3.163636364,0,7,0.4981787144,ds_cbdf3834368e,ds_16b6be697acb,01190,
quarter,2021-Q3,False,5,2,29,3.163636364,0,7,-0.6931182113,ds_cbdf3834368e,ds_16b6be697acb,01190,
quarter,2021-Q3,False,6,2,29,3.163636364,0,7,-0.6931182113,ds_cbdf3834368e,ds_16b6be697acb,01190,
quarter,2021-Q3,False,7,7,29,3.163636364,0,7,2.285124103,ds_cbdf3834368e,ds_16b6be697acb,01190,
quarter,2021-Q3,False,8,5,29,3.163636364,0,7,1.093827177,ds_cbdf3834368e,ds_16b6be697acb,01190,
quarter,2021-Q3,False,9,1,29,3.163636364,0,7,-1.288766674,ds_cbdf3834368e,ds_16b6be697acb,01190,
quarter,2021-Q3,False,10,3,29,3.163636364,0,7,-0.09746974846,ds_cbdf3834368e,ds_16b6be697acb,01190,
quarter,2021-Q3,False,11,5,29,3.163636364,0,7,1.093827177,ds_cbdf3834368e,ds_16b6be697acb,01190,
quarter,2021-Q3,False,12,4,29,3.163636364,0,7,0.4981787144,ds_cbdf3834368e,ds_16b6be697acb,01190,
quarter,2021-Q3,False,13,2,29,3.163636364,0,7,-0.6931182113,ds_cbdf3834368e,ds_16b6be697acb,01190,
quarter,2021-Q3,False,14,1,29,3.163636364,0,7,-1.288766674,ds_cbdf3834368e,ds_16b6be697acb,01190,
quarter,2021-Q3,False,15,3,29,3.163636364,0,7,-0.09746974846,ds_cbdf3834368e,ds_16b6be697acb,01190,
quarter,2021-Q3,False,16,3,29,3.163636364,0,7,-0.09746974846,ds_cbdf3834368e,ds_16b6be697acb,01190,
quarter,2021-Q3,False,17,5,29,3.163636364,0,7,1.093827177,ds_cbdf3834368e,ds_16b6be697acb,01190,
quarter,2021-Q3,False,18,3,29,3.163636364,0,7,-0.09746974846,ds_cbdf3834368e,ds_16b6be697acb,01190,
quarter,2021-Q3,False,19,1,29,3.163636364,0,7,-1.288766674,ds_cbdf3834368e,ds_16b6be697acb,01190,
quarter,2021-Q3,False,20,7,29,3.163636364,0,7,2.285124103,ds_cbdf3834368e,ds_16b6be697acb,01190,
quarter,2021-Q3,False,21,3,29,3.163636364,0,7,-0.09746974846,ds_cbdf3834368e,ds_16b6be697acb,01190,
quarter,2021-Q3,False,22,4,29,3.163636364,0,7,0.4981787144,ds_cbdf3834368e,ds_16b6be697acb,01190,
quarter,2021-Q3,False,23,2,29,3.163636364,0,7,-0.6931182113,ds_cbdf3834368e,ds_16b6be697acb,01190,
quarter,2021-Q3,False,24,4,29,3.163636364,0,7,0.4981787144,ds_cbdf3834368e,ds_16b6be697acb,01190,
quarter,2021-Q3,False,25,4,29,3.163636364,0,7,0.4981787144,ds_cbdf3834368e,ds_16b6be697acb,01190,
quarter,2021-Q3,False,26,4,29,3.163636364,0,7,0.4981787144,ds_cbdf3834368e,ds_16b6be697acb,01190,
quarter,2021-Q3,False,27,5,29,3.163636364,0,7,1.093827177,ds_cbdf3834368e,ds_16b6be697acb,01190,
quarter,2021-Q3,False,28,2,29,3.163636364,0,7,-0.6931182113,ds_cbdf3834368e,ds_16b6be697acb,01190,
quarter,2021-Q3,False,29,0,29,3.163636364,0,7,-1.884415137,ds_cbdf3834368e,ds_16b6be697acb,01190,
quarter,2021-Q3,False,30,7,29,3.163636364,0,7,2.285124103,ds_cbdf3834368e,ds_16b6be697acb,01190,
quarter,2021-Q3,False,31,1,29,3.163636364,0,7,-1.288766674,ds_cbdf3834368e,ds_16b6be697acb,01190,
quarter,2021-Q3,False,32,3,29,3.163636364,0,7,-0.09746974846,ds_cbdf3834368e,ds_16b6be697acb,01190,
quarter,2021-Q3,False,33,0,29,3.163636364,0,7,-1.884415137,ds_cbdf3834368e,ds_16b6be697acb,01190,
quarter,2021-Q3,False,34,3,29,3.163636364,0,7,-0.09746974846,ds_cbdf3834368e,ds_16b6be697acb,01190,
quarter,2021-Q3,False,35,2,29,3.163636364,0,7,-0.6931182113,ds_cbdf3834368e,ds_16b6be697acb,01190,
quarter,2021-Q3,False,36,1,29,3.163636364,0,7,-1.288766674,ds_cbdf3834368e,ds_16b6be697acb,01190,
quarter,2021-Q3,False,37,3,29,3.163636364,0,7,-0.09746974846,ds_cbdf3834368e,ds_16b6be697acb,01190,
quarter,2021-Q3,False,38,2,29,3.163636364,0,7,-0.6931182113,ds_cbdf3834368e,ds_16b6be697acb,01190,
quarter,2021-Q3,False,39,3,29,3.163636364,0,7,-0.09746974846,ds_cbdf3834368e,ds_16b6be697acb,01190,
quarter,2021-Q3,False,40,4,29,3.163636364,0,7,0.4981787144,ds_cbdf3834368e,ds_16b6be697acb,01190,
quarter,2021-Q3,False,41,0,29,3.163636364,0,7,-1.884415137,ds_cbdf3834368e,ds_16b6be697acb,01190,
quarter,2021-Q3,False,42,4,29,3.163636364,0,7,0.4981787144,ds_cbdf3834368e,ds_16b6be697acb,01190,
quarter,2021-Q3,False,43,7,29,3.163636364,0,7,2.285124103,ds_cbdf3834368e,ds_16b6be697acb,01190,
quarter,2021-Q3,False,44,4,29,3.163636364,0,7,0.4981787144,ds_cbdf3834368e,ds_16b6be697acb,01190,
quarter,2021-Q3,False,45,2,29,3.163636364,0,7,-0.6931182113,ds_cbdf3834368e,ds_16b6be697acb,01190,
quarter,2021-Q3,False,46,3,29,3.163636364,0,7,-0.09746974846,ds_cbdf3834368e,ds_16b6be697acb,01190,
quarter,2021-Q3,False,47,4,29,3.163636364,0,7,0.4981787144,ds_cbdf3834368e,ds_16b6be697acb,01190,
quarter,2021-Q3,False,48,4,29,3.163636364,0,7,0.4981787144,ds_cbdf3834368e,ds_16b6be697acb,01190,
quarter,2021-Q3,False,49,4,29,3.163636364,0,7,0.4981787144,ds_cbdf3834368e,ds_16b6be697acb,01190,
quarter,2021-Q3,False,50,4,29,3.163636364,0,7,0.4981787144,ds_cbdf3834368e,ds_16b6be697acb,01190,
quarter,2021-Q3,False,51,5,29,3.163636364,0,7,1.093827177,ds_cbdf3834368e,ds_16b6be697acb,01190,
quarter,2021-Q3,False,52,2,29,3.163636364,0,7,-0.6931182113,ds_cbdf3834368e,ds_16b6be697acb,01190,
quarter,2021-Q3,False,53,3,29,3.163636364,0,7,-0.09746974846,ds_cbdf3834368e,ds_16b6be697acb,01190,
quarter,2021-Q3,False,54,2,29,3.163636364,0,7,-0.6931182113,ds_cbdf3834368e,ds_16b6be697acb,01190,
quarter,2021-Q3,False,55,3,29,3.163636364,0,7,-0.09746974846,ds_cbdf3834368e,ds_16b6be697acb,01190,
quarter,2021-Q4,False,1,1,39,4.254545455,1,8,-1.67165658,ds_cbdf3834368e,ds_16b6be697acb,01190,
quarter,2021-Q4,False,2,2,39,4.254545455,1,8,-1.158019084,ds_cbdf3834368e,ds_16b6be697acb,01190,
quarter,2021-Q4,False,3,5,39,4.254545455,1,8,0.3828934067,ds_cbdf3834368e,ds_16b6be697acb,01190,
quarter,2021-Q4,False,4,3,39,4.254545455,1,8,-0.6443815869,ds_cbdf3834368e,ds_16b6be697acb,01190,
quarter,2021-Q4,False,5,5,39,4.254545455,1,8,0.3828934067,ds_cbdf3834368e,ds_16b6be697acb,01190,
quarter,2021-Q4,False,6,8,39,4.254545455,1,8,1.923805897,ds_cbdf3834368e,ds_16b6be697acb,01190,
quarter,2021-Q4,False,7,3,39,4.254545455,1,8,-0.6443815869,ds_cbdf3834368e,ds_16b6be697acb,01190,
quarter,2021-Q4,False,8,5,39,4.254545455,1,8,0.3828934067,ds_cbdf3834368e,ds_16b6be697acb,01190,
quarter,2021-Q4,False,9,7,39,4.254545455,1,8,1.4101684,ds_cbdf3834368e,ds_16b6be697acb,01190,
quarter,2021-Q4,False,10,3,39,4.254545455,1,8,-0.6443815869,ds_cbdf3834368e,ds_16b6be697acb,01190,
quarter,2021-Q4,False,11,2,39,4.254545455,1,8,-1.158019084,ds_cbdf3834368e,ds_16b6be697acb,01190,
quarter,2021-Q4,False,12,2,39,4.254545455,1,8,-1.158019084,ds_cbdf3834368e,ds_16b6be697acb,01190,
quarter,2021-Q4,False,13,2,39,4.254545455,1,8,-1.158019084,ds_cbdf3834368e,ds_16b6be697acb,01190,
quarter,2021-Q4,False,14,2,39,4.254545455,1,8,-1.158019084,ds_cbdf3834368e,ds_16b6be697acb,01190,
quarter,2021-Q4,False,15,2,39,4.254545455,1,8,-1.158019084,ds_cbdf3834368e,ds_16b6be697acb,01190,
quarter,2021-Q4,False,16,3,39,4.254545455,1,8,-0.6443815869,ds_cbdf3834368e,ds_16b6be697acb,01190,
quarter,2021-Q4,False,17,4,39,4.254545455,1,8,-0.1307440901,ds_cbdf3834368e,ds_16b6be697acb,01190,
quarter,2021-Q4,False,18,3,39,4.254545455,1,8,-0.6443815869,ds_cbdf3834368e,ds_16b6be697acb,01190,
quarter,2021-Q4,False,19,7,39,4.254545455,1,8,1.4101684,ds_cbdf3834368e,ds_16b6be697acb,01190,
quarter,2021-Q4,False,20,0,39,4.254545455,1,8,-2.185294077,ds_cbdf3834368e,ds_16b6be697acb,01190,
quarter,2021-Q4,False,21,5,39,4.254545455,1,8,0.3828934067,ds_cbdf3834368e,ds_16b6be697acb,01190,
quarter,2021-Q4,False,22,7,39,4.254545455,1,8,1.4101684,ds_cbdf3834368e,ds_16b6be697acb,01190,
quarter,2021-Q4,False,23,5,39,4.254545455,1,8,0.3828934067,ds_cbdf3834368e,ds_16b6be697acb,01190,
quarter,2021-Q4,False,24,6,39,4.254545455,1,8,0.8965309035,ds_cbdf3834368e,ds_16b6be697acb,01190,
quarter,2021-Q4,False,25,6,39,4.254545455,1,8,0.8965309035,ds_cbdf3834368e,ds_16b6be697acb,01190,
quarter,2021-Q4,False,26,4,39,4.254545455,1,8,-0.1307440901,ds_cbdf3834368e,ds_16b6be697acb,01190,
quarter,2021-Q4,False,27,2,39,4.254545455,1,8,-1.158019084,ds_cbdf3834368e,ds_16b6be697acb,01190,
quarter,2021-Q4,False,28,6,39,4.254545455,1,8,0.8965309035,ds_cbdf3834368e,ds_16b6be697acb,01190,
quarter,2021-Q4,False,29,6,39,4.254545455,1,8,0.8965309035,ds_cbdf3834368e,ds_16b6be697acb,01190,
quarter,2021-Q4,False,30,4,39,4.254545455,1,8,-0.1307440901,ds_cbdf3834368e,ds_16b6be697acb,01190,
quarter,2021-Q4,False,31,9,39,4.254545455,1,8,2.437443394,ds_cbdf3834368e,ds_16b6be697acb,01190,
quarter,2021-Q4,False,32,6,39,4.254545455,1,8,0.8965309035,ds_cbdf3834368e,ds_16b6be697acb,01190,
quarter,2021-Q4,False,33,7,39,4.254545455,1,8,1.4101684,ds_cbdf3834368e,ds_16b6be697acb,01190,
quarter,2021-Q4,False,34,3,39,4.254545455,1,8,-0.6443815869,ds_cbdf3834368e,ds_16b6be697acb,01190,
quarter,2021-Q4,False,35,3,39,4.254545455,1,8,-0.6443815869,ds_cbdf3834368e,ds_16b6be697acb,01190,
quarter,2021-Q4,False,36,3,39,4.254545455,1,8,-0.6443815869,ds_cbdf3834368e,ds_16b6be697acb,01190,
quarter,2021-Q4,False,37,5,39,4.254545455,1,8,0.3828934067,ds_cbdf3834368e,ds_16b6be697acb,01190,
quarter,2021-Q4,False,38,5,39,4.254545455,1,8,0.3828934067,ds_cbdf3834368e,ds_16b6be697acb,01190,
quarter,2021-Q4,False,39,4,39,4.254545455,1,8,-0.1307440901,ds_cbdf3834368e,ds_16b6be697acb,01190,
quarter,2021-Q4,False,40,4,39,4.254545455,1,8,-0.1307440901,ds_cbdf3834368e,ds_16b6be697acb,01190,
quarter,2021-Q4,False,41,8,39,4.254545455,1,8,1.923805897,ds_cbdf3834368e,ds_16b6be697acb,01190,
quarter,2021-Q4,False,42,3,39,4.254545455,1,8,-0.6443815869,ds_cbdf3834368e,ds_16b6be697acb,01190,
quarter,2021-Q4,False,43,3,39,4.254545455,1,8,-0.6443815869,ds_cbdf3834368e,ds_16b6be697acb,01190,
quarter,2021-Q4,False,44,4,39,4.254545455,1,8,-0.1307440901,ds_cbdf3834368e,ds_16b6be697acb,01190,
quarter,2021-Q4,False,45,3,39,4.254545455,1,8,-0.6443815869,ds_cbdf3834368e,ds_16b6be697acb,01190,
quarter,2021-Q4,False,46,6,39,4.254545455,1,8,0.8965309035,ds_cbdf3834368e,ds_16b6be697acb,01190,
quarter,2021-Q4,False,47,2,39,4.254545455,1,8,-1.158019084,ds_cbdf3834368e,ds_16b6be697acb,01190,
quarter,2021-Q4,False,48,4,39,4.254545455,1,8,-0.1307440901,ds_cbdf3834368e,ds_16b6be697acb,01190,
quarter,2021-Q4,False,49,6,39,4.254545455,1,8,0.8965309035,ds_cbdf3834368e,ds_16b6be697acb,01190,
quarter,2021-Q4,False,50,7,39,4.254545455,1,8,1.4101684,ds_cbdf3834368e,ds_16b6be697acb,01190,
quarter,2021-Q4,False,51,7,39,4.254545455,1,8,1.4101684,ds_cbdf3834368e,ds_16b6be697acb,01190,
quarter,2021-Q4,False,52,1,39,4.254545455,1,8,-1.67165658,ds_cbdf3834368e,ds_16b6be697acb,01190,
quarter,2021-Q4,False,53,4,39,4.254545455,1,8,-0.1307440901,ds_cbdf3834368e,ds_16b6be697acb,01190,
quarter,2021-Q4,False,54,3,39,4.254545455,1,8,-0.6443815869,ds_cbdf3834368e,ds_16b6be697acb,01190,
quarter,2021-Q4,False,55,4,39,4.254545455,1,8,-0.1307440901,ds_cbdf3834368e,ds_16b6be697acb,01190,
quarter,2022-Q1,False,1,7,38,4.145454545,1,8,1.485368429,ds_cbdf3834368e,ds_16b6be697acb,01190,
quarter,2022-Q1,False,2,3,38,4.145454545,1,8,-0.5960395607,ds_cbdf3834368e,ds_16b6be697acb,01190,
quarter,2022-Q1,False,3,3,38,4.145454545,1,8,-0.5960395607,ds_cbdf3834368e,ds_16b6be697acb,01190,
quarter,2022-Q1,False,4,4,38,4.145454545,1,8,-0.07568756326,ds_cbdf3834368e,ds_16b6be697acb,01190,
quarter,2022-Q1,False,5,7,38,4.145454545,1,8,1.485368429,ds_cbdf3834368e,ds_16b6be697acb,01190,
quarter,2022-Q1,False,6,7,38,4.145454545,1,8,1.485368429,ds_cbdf3834368e,ds_16b6be697acb,01190,
quarter,2022-Q1,False,7,2,38,4.145454545,1,8,-1.116391558,ds_cbdf3834368e,ds_16b6be697acb,01190,
quarter,2022-Q1,False,8,6,38,4.145454545,1,8,0.9650164316,ds_cbdf3834368e,ds_16b6be697acb,01190,
quarter,2022-Q1,False,9,2,38,4.145454545,1,8,-1.116391558,ds_cbdf3834368e,ds_16b6be697acb,01190,
quarter,2022-Q1,False,10,2,38,4.145454545,1,8,-1.116391558,ds_cbdf3834368e,ds_16b6be697acb,01190,
quarter,2022-Q1,False,11,3,38,4.145454545,1,8,-0.5960395607,ds_cbdf3834368e,ds_16b6be697acb,01190,
quarter,2022-Q1,False,12,7,38,4.145454545,1,8,1.485368429,ds_cbdf3834368e,ds_16b6be697acb,01190,
quarter,2022-Q1,False,13,1,38,4.145454545,1,8,-1.636743556,ds_cbdf3834368e,ds_16b6be697acb,01190,
quarter,2022-Q1,False,14,5,38,4.145454545,1,8,0.4446644342,ds_cbdf3834368e,ds_16b6be697acb,01190,
quarter,2022-Q1,False,15,6,38,4.145454545,1,8,0.9650164316,ds_cbdf3834368e,ds_16b6be697acb,01190,
quarter,2022-Q1,False,16,9,38,4.145454545,1,8,2.526072424,ds_cbdf3834368e,ds_16b6be697acb,01190,
quarter,2022-Q1,False,17,6,38,4.145454545,1,8,0.9650164316,ds_cbdf3834368e,ds_16b6be697acb,01190,
quarter,2022-Q1,False,18,3,38,4.145454545,1,8,-0.5960395607,ds_cbdf3834368e,ds_16b6be697acb,01190,
quarter,2022-Q1,False,19,3,38,4.145454545,1,8,-0.5960395607,ds_cbdf3834368e,ds_16b6be697acb,01190,
quarter,2022-Q1,False,20,3,38,4.145454545,1,8,-0.5960395607,ds_cbdf3834368e,ds_16b6be697acb,01190,
quarter,2022-Q1,False,21,4,38,4.145454545,1,8,-0.07568756326,ds_cbdf3834368e,ds_16b6be697acb,01190,
quarter,2022-Q1,False,22,2,38,4.145454545,1,8,-1.116391558,ds_cbdf3834368e,ds_16b6be697acb,01190,
quarter,2022-Q1,False,23,4,38,4.145454545,1,8,-0.07568756326,ds_cbdf3834368e,ds_16b6be697acb,01190,
quarter,2022-Q1,False,24,5,38,4.145454545,1,8,0.4446644342,ds_cbdf3834368e,ds_16b6be697acb,01190,
quarter,2022-Q1,False,25,9,38,4.145454545,1,8,2.526072424,ds_cbdf3834368e,ds_16b6be697acb,01190,
quarter,2022-Q1,False,26,7,38,4.145454545,1,8,1.485368429,ds_cbdf3834368e,ds_16b6be697acb,01190,
quarter,2022-Q1,False,27,0,38,4.145454545,1,8,-2.157095553,ds_cbdf3834368e,ds_16b6be697acb,01190,
quarter,2022-Q1,False,28,6,38,4.145454545,1,8,0.9650164316,ds_cbdf3834368e,ds_16b6be697acb,01190,
quarter,2022-Q1,False,29,3,38,4.145454545,1,8,-0.5960395607,ds_cbdf3834368e,ds_16b6be697acb,01190,
quarter,2022-Q1,False,30,5,38,4.145454545,1,8,0.4446644342,ds_cbdf3834368e,ds_16b6be697acb,01190,
quarter,2022-Q1,False,31,3,38,4.145454545,1,8,-0.5960395607,ds_cbdf3834368e,ds_16b6be697acb,01190,
quarter,2022-Q1,False,32,5,38,4.145454545,1,8,0.4446644342,ds_cbdf3834368e,ds_16b6be697acb,01190,
quarter,2022-Q1,False,33,5,38,4.145454545,1,8,0.4446644342,ds_cbdf3834368e,ds_16b6be697acb,01190,
quarter,2022-Q1,False,34,3,38,4.145454545,1,8,-0.5960395607,ds_cbdf3834368e,ds_16b6be697acb,01190,
quarter,2022-Q1,False,35,4,38,4.145454545,1,8,-0.07568756326,ds_cbdf3834368e,ds_16b6be697acb,01190,
quarter,2022-Q1,False,36,4,38,4.145454545,1,8,-0.07568756326,ds_cbdf3834368e,ds_16b6be697acb,01190,
quarter,2022-Q1,False,37,5,38,4.145454545,1,8,0.4446644342,ds_cbdf3834368e,ds_16b6be697acb,01190,
quarter,2022-Q1,False,38,1,38,4.145454545,1,8,-1.636743556,ds_cbdf3834368e,ds_16b6be697acb,01190,
quarter,2022-Q1,False,39,4,38,4.145454545,1,8,-0.07568756326,ds_cbdf3834368e,ds_16b6be697acb,01190,
quarter,2022-Q1,False,40,4,38,4.145454545,1,8,-0.07568756326,ds_cbdf3834368e,ds_16b6be697acb,01190,
quarter,2022-Q1,False,41,4,38,4.145454545,1,8,-0.07568756326,ds_cbdf3834368e,ds_16b6be697acb,01190,
quarter,2022-Q1,False,42,6,38,4.145454545,1,8,0.9650164316,ds_cbdf3834368e,ds_16b6be697acb,01190,
quarter,2022-Q1,False,43,5,38,4.145454545,1,8,0.4446644342,ds_cbdf3834368e,ds_16b6be697acb,01190,
quarter,2022-Q1,False,44,2,38,4.145454545,1,8,-1.116391558,ds_cbdf3834368e,ds_16b6be697acb,01190,
quarter,2022-Q1,False,45,3,38,4.145454545,1,8,-0.5960395607,ds_cbdf3834368e,ds_16b6be697acb,01190,
quarter,2022-Q1,False,46,8,38,4.145454545,1,8,2.005720426,ds_cbdf3834368e,ds_16b6be697acb,01190,
quarter,2022-Q1,False,47,3,38,4.145454545,1,8,-0.5960395607,ds_cbdf3834368e,ds_16b6be697acb,01190,
quarter,2022-Q1,False,48,5,38,4.145454545,1,8,0.4446644342,ds_cbdf3834368e,ds_16b6be697acb,01190,
quarter,2022-Q1,False,49,6,38,4.145454545,1,8,0.9650164316,ds_cbdf3834368e,ds_16b6be697acb,01190,
quarter,2022-Q1,False,50,1,38,4.145454545,1,8,-1.636743556,ds_cbdf3834368e,ds_16b6be697acb,01190,
quarter,2022-Q1,False,51,5,38,4.145454545,1,8,0.4446644342,ds_cbdf3834368e,ds_16b6be697acb,01190,
quarter,2022-Q1,False,52,3,38,4.145454545,1,8,-0.5960395607,ds_cbdf3834368e,ds_16b6be697acb,01190,
quarter,2022-Q1,False,53,1,38,4.145454545,1,8,-1.636743556,ds_cbdf3834368e,ds_16b6be697acb,01190,
quarter,2022-Q1,False,54,1,38,4.145454545,1,8,-1.636743556,ds_cbdf3834368e,ds_16b6be697acb,01190,
quarter,2022-Q1,False,55,3,38,4.145454545,1,8,-0.5960395607,ds_cbdf3834368e,ds_16b6be697acb,01190,
quarter,2022-Q2,False,1,2,39,4.254545455,1,8,-1.158019084,ds_cbdf3834368e,ds_16b6be697acb,01190,
quarter,2022-Q2,False,2,4,39,4.254545455,1,8,-0.1307440901,ds_cbdf3834368e,ds_16b6be697acb,01190,
quarter,2022-Q2,False,3,4,39,4.254545455,1,8,-0.1307440901,ds_cbdf3834368e,ds_16b6be697acb,01190,
quarter,2022-Q2,False,4,3,39,4.254545455,1,8,-0.6443815869,ds_cbdf3834368e,ds_16b6be697acb,01190,
quarter,2022-Q2,False,5,4,39,4.254545455,1,8,-0.1307440901,ds_cbdf3834368e,ds_16b6be697acb,01190,
quarter,2022-Q2,False,6,3,39,4.254545455,1,8,-0.6443815869,ds_cbdf3834368e,ds_16b6be697acb,01190,
quarter,2022-Q2,False,7,2,39,4.254545455,1,8,-1.158019084,ds_cbdf3834368e,ds_16b6be697acb,01190,
quarter,2022-Q2,False,8,2,39,4.254545455,1,8,-1.158019084,ds_cbdf3834368e,ds_16b6be697acb,01190,
quarter,2022-Q2,False,9,4,39,4.254545455,1,8,-0.1307440901,ds_cbdf3834368e,ds_16b6be697acb,01190,
quarter,2022-Q2,False,10,3,39,4.254545455,1,8,-0.6443815869,ds_cbdf3834368e,ds_16b6be697acb,01190,
quarter,2022-Q2,False,11,5,39,4.254545455,1,8,0.3828934067,ds_cbdf3834368e,ds_16b6be697acb,01190,
quarter,2022-Q2,False,12,1,39,4.254545455,1,8,-1.67165658,ds_cbdf3834368e,ds_16b6be697acb,01190,
quarter,2022-Q2,False,13,3,39,4.254545455,1,8,-0.6443815869,ds_cbdf3834368e,ds_16b6be697acb,01190,
quarter,2022-Q2,False,14,3,39,4.254545455,1,8,-0.6443815869,ds_cbdf3834368e,ds_16b6be697acb,01190,
quarter,2022-Q2,False,15,5,39,4.254545455,1,8,0.3828934067,ds_cbdf3834368e,ds_16b6be697acb,01190,
quarter,2022-Q2,False,16,2,39,4.254545455,1,8,-1.158019084,ds_cbdf3834368e,ds_16b6be697acb,01190,
quarter,2022-Q2,False,17,4,39,4.254545455,1,8,-0.1307440901,ds_cbdf3834368e,ds_16b6be697acb,01190,
quarter,2022-Q2,False,18,6,39,4.254545455,1,8,0.8965309035,ds_cbdf3834368e,ds_16b6be697acb,01190,
quarter,2022-Q2,False,19,4,39,4.254545455,1,8,-0.1307440901,ds_cbdf3834368e,ds_16b6be697acb,01190,
quarter,2022-Q2,False,20,1,39,4.254545455,1,8,-1.67165658,ds_cbdf3834368e,ds_16b6be697acb,01190,
quarter,2022-Q2,False,21,4,39,4.254545455,1,8,-0.1307440901,ds_cbdf3834368e,ds_16b6be697acb,01190,
quarter,2022-Q2,False,22,5,39,4.254545455,1,8,0.3828934067,ds_cbdf3834368e,ds_16b6be697acb,01190,
quarter,2022-Q2,False,23,3,39,4.254545455,1,8,-0.6443815869,ds_cbdf3834368e,ds_16b6be697acb,01190,
quarter,2022-Q2,False,24,4,39,4.254545455,1,8,-0.1307440901,ds_cbdf3834368e,ds_16b6be697acb,01190,
quarter,2022-Q2,False,25,6,39,4.254545455,1,8,0.8965309035,ds_cbdf3834368e,ds_16b6be697acb,01190,
quarter,2022-Q2,False,26,2,39,4.254545455,1,8,-1.158019084,ds_cbdf3834368e,ds_16b6be697acb,01190,
quarter,2022-Q2,False,27,5,39,4.254545455,1,8,0.3828934067,ds_cbdf3834368e,ds_16b6be697acb,01190,
quarter,2022-Q2,False,28,5,39,4.254545455,1,8,0.3828934067,ds_cbdf3834368e,ds_16b6be697acb,01190,
quarter,2022-Q2,False,29,5,39,4.254545455,1,8,0.3828934067,ds_cbdf3834368e,ds_16b6be697acb,01190,
quarter,2022-Q2,False,30,6,39,4.254545455,1,8,0.8965309035,ds_cbdf3834368e,ds_16b6be697acb,01190,
quarter,2022-Q2,False,31,5,39,4.254545455,1,8,0.3828934067,ds_cbdf3834368e,ds_16b6be697acb,01190,
quarter,2022-Q2,False,32,9,39,4.254545455,1,8,2.437443394,ds_cbdf3834368e,ds_16b6be697acb,01190,
quarter,2022-Q2,False,33,4,39,4.254545455,1,8,-0.1307440901,ds_cbdf3834368e,ds_16b6be697acb,01190,
quarter,2022-Q2,False,34,6,39,4.254545455,1,8,0.8965309035,ds_cbdf3834368e,ds_16b6be697acb,01190,
quarter,2022-Q2,False,35,3,39,4.254545455,1,8,-0.6443815869,ds_cbdf3834368e,ds_16b6be697acb,01190,
quarter,2022-Q2,False,36,5,39,4.254545455,1,8,0.3828934067,ds_cbdf3834368e,ds_16b6be697acb,01190,
quarter,2022-Q2,False,37,3,39,4.254545455,1,8,-0.6443815869,ds_cbdf3834368e,ds_16b6be697acb,01190,
quarter,2022-Q2,False,38,6,39,4.254545455,1,8,0.8965309035,ds_cbdf3834368e,ds_16b6be697acb,01190,
quarter,2022-Q2,False,39,4,39,4.254545455,1,8,-0.1307440901,ds_cbdf3834368e,ds_16b6be697acb,01190,
quarter,2022-Q2,False,40,5,39,4.254545455,1,8,0.3828934067,ds_cbdf3834368e,ds_16b6be697acb,01190,
quarter,2022-Q2,False,41,4,39,4.254545455,1,8,-0.1307440901,ds_cbdf3834368e,ds_16b6be697acb,01190,
quarter,2022-Q2,False,42,4,39,4.254545455,1,8,-0.1307440901,ds_cbdf3834368e,ds_16b6be697acb,01190,
quarter,2022-Q2,False,43,9,39,4.254545455,1,8,2.437443394,ds_cbdf3834368e,ds_16b6be697acb,01190,
quarter,2022-Q2,False,44,6,39,4.254545455,1,8,0.8965309035,ds_cbdf3834368e,ds_16b6be697acb,01190,
quarter,2022-Q2,False,45,6,39,4.254545455,1,8,0.8965309035,ds_cbdf3834368e,ds_16b6be697acb,01190,
quarter,2022-Q2,False,46,4,39,4.254545455,1,8,-0.1307440901,ds_cbdf3834368e,ds_16b6be697acb,01190,
quarter,2022-Q2,False,47,7,39,4.254545455,1,8,1.4101684,ds_cbdf3834368e,ds_16b6be697acb,01190,
quarter,2022-Q2,False,48,4,39,4.254545455,1,8,-0.1307440901,ds_cbdf3834368e,ds_16b6be697acb,01190,
quarter,2022-Q2,False,49,4,39,4.254545455,1,8,-0.1307440901,ds_cbdf3834368e,ds_16b6be697acb,01190,
quarter,2022-Q2,False,50,5,39,4.254545455,1,8,0.3828934067,ds_cbdf3834368e,ds_16b6be697acb,01190,
quarter,2022-Q2,False,51,5,39,4.254545455,1,8,0.3828934067,ds_cbdf3834368e,ds_16b6be697acb,01190,
quarter,2022-Q2,False,52,2,39,4.254545455,1,8,-1.158019084,ds_cbdf3834368e,ds_16b6be697acb,01190,
quarter,2022-Q2,False,53,5,39,4.254545455,1,8,0.3828934067,ds_cbdf3834368e,ds_16b6be697acb,01190,
quarter,2022-Q2,False,54,4,39,4.254545455,1,8,-0.1307440901,ds_cbdf3834368e,ds_16b6be697acb,01190,
quarter,2022-Q2,False,55,5,39,4.254545455,1,8,0.3828934067,ds_cbdf3834368e,ds_16b6be697acb,01190,
quarter,2022-Q3,False,1,5,39,4.254545455,1,8,0.3828934067,ds_cbdf3834368e,ds_16b6be697acb,01190,
quarter,2022-Q3,False,2,4,39,4.254545455,1,8,-0.1307440901,ds_cbdf3834368e,ds_16b6be697acb,01190,
quarter,2022-Q3,False,3,1,39,4.254545455,1,8,-1.67165658,ds_cbdf3834368e,ds_16b6be697acb,01190,
quarter,2022-Q3,False,4,3,39,4.254545455,1,8,-0.6443815869,ds_cbdf3834368e,ds_16b6be697acb,01190,
quarter,2022-Q3,False,5,9,39,4.254545455,1,8,2.437443394,ds_cbdf3834368e,ds_16b6be697acb,01190,
quarter,2022-Q3,False,6,5,39,4.254545455,1,8,0.3828934067,ds_cbdf3834368e,ds_16b6be697acb,01190,
quarter,2022-Q3,False,7,2,39,4.254545455,1,8,-1.158019084,ds_cbdf3834368e,ds_16b6be697acb,01190,
quarter,2022-Q3,False,8,7,39,4.254545455,1,8,1.4101684,ds_cbdf3834368e,ds_16b6be697acb,01190,
quarter,2022-Q3,False,9,6,39,4.254545455,1,8,0.8965309035,ds_cbdf3834368e,ds_16b6be697acb,01190,
quarter,2022-Q3,False,10,3,39,4.254545455,1,8,-0.6443815869,ds_cbdf3834368e,ds_16b6be697acb,01190,
quarter,2022-Q3,False,11,3,39,4.254545455,1,8,-0.6443815869,ds_cbdf3834368e,ds_16b6be697acb,01190,
quarter,2022-Q3,False,12,4,39,4.254545455,1,8,-0.1307440901,ds_cbdf3834368e,ds_16b6be697acb,01190,
quarter,2022-Q3,False,13,7,39,4.254545455,1,8,1.4101684,ds_cbdf3834368e,ds_16b6be697acb,01190,
quarter,2022-Q3,False,14,3,39,4.254545455,1,8,-0.6443815869,ds_cbdf3834368e,ds_16b6be697acb,01190,
quarter,2022-Q3,False,15,2,39,4.254545455,1,8,-1.158019084,ds_cbdf3834368e,ds_16b6be697acb,01190,
quarter,2022-Q3,False,16,1,39,4.254545455,1,8,-1.67165658,ds_cbdf3834368e,ds_16b6be697acb,01190,
quarter,2022-Q3,False,17,3,39,4.254545455,1,8,-0.6443815869,ds_cbdf3834368e,ds_16b6be697acb,01190,
quarter,2022-Q3,False,18,4,39,4.254545455,1,8,-0.1307440901,ds_cbdf3834368e,ds_16b6be697acb,01190,
quarter,2022-Q3,False,19,7,39,4.254545455,1,8,1.4101684,ds_cbdf3834368e,ds_16b6be697acb,01190,
quarter,2022-Q3,False,20,2,39,4.254545455,1,8,-1.158019084,ds_cbdf3834368e,ds_16b6be697acb,01190,
quarter,2022-Q3,False,21,5,39,4.254545455,1,8,0.3828934067,ds_cbdf3834368e,ds_16b6be697acb,01190,
quarter,2022-Q3,False,22,1,39,4.254545455,1,8,-1.67165658,ds_cbdf3834368e,ds_16b6be697acb,01190,
quarter,2022-Q3,False,23,3,39,4.254545455,1,8,-0.6443815869,ds_cbdf3834368e,ds_16b6be697acb,01190,
quarter,2022-Q3,False,24,4,39,4.254545455,1,8,-0.1307440901,ds_cbdf3834368e,ds_16b6be697acb,01190,
quarter,2022-Q3,False,25,3,39,4.254545455,1,8,-0.6443815869,ds_cbdf3834368e,ds_16b6be697acb,01190,
quarter,2022-Q3,False,26,2,39,4.254545455,1,8,-1.158019084,ds_cbdf3834368e,ds_16b6be697acb,01190,
quarter,2022-Q3,False,27,7,39,4.254545455,1,8,1.4101684,ds_cbdf3834368e,ds_16b6be697acb,01190,
quarter,2022-Q3,False,28,5,39,4.254545455,1,8,0.3828934067,ds_cbdf3834368e,ds_16b6be697acb,01190,
quarter,2022-Q3,False,29,8,39,4.254545455,1,8,1.923805897,ds_cbdf3834368e,ds_16b6be697acb,01190,
quarter,2022-Q3,False,30,4,39,4.254545455,1,8,-0.1307440901,ds_cbdf3834368e,ds_16b6be697acb,01190,
quarter,2022-Q3,False,31,3,39,4.254545455,1,8,-0.6443815869,ds_cbdf3834368e,ds_16b6be697acb,01190,
quarter,2022-Q3,False,32,6,39,4.254545455,1,8,0.8965309035,ds_cbdf3834368e,ds_16b6be697acb,01190,
quarter,2022-Q3,False,33,5,39,4.254545455,1,8,0.3828934067,ds_cbdf3834368e,ds_16b6be697acb,01190,
quarter,2022-Q3,False,34,4,39,4.254545455,1,8,-0.1307440901,ds_cbdf3834368e,ds_16b6be697acb,01190,
quarter,2022-Q3,False,35,4,39,4.254545455,1,8,-0.1307440901,ds_cbdf3834368e,ds_16b6be697acb,01190,
quarter,2022-Q3,False,36,3,39,4.254545455,1,8,-0.6443815869,ds_cbdf3834368e,ds_16b6be697acb,01190,
quarter,2022-Q3,False,37,4,39,4.254545455,1,8,-0.1307440901,ds_cbdf3834368e,ds_16b6be697acb,01190,
quarter,2022-Q3,False,38,2,39,4.254545455,1,8,-1.158019084,ds_cbdf3834368e,ds_16b6be697acb,01190,
quarter,2022-Q3,False,39,6,39,4.254545455,1,8,0.8965309035,ds_cbdf3834368e,ds_16b6be697acb,01190,
quarter,2022-Q3,False,40,7,39,4.254545455,1,8,1.4101684,ds_cbdf3834368e,ds_16b6be697acb,01190,
quarter,2022-Q3,False,41,7,39,4.254545455,1,8,1.4101684,ds_cbdf3834368e,ds_16b6be697acb,01190,
quarter,2022-Q3,False,42,4,39,4.254545455,1,8,-0.1307440901,ds_cbdf3834368e,ds_16b6be697acb,01190,
quarter,2022-Q3,False,43,4,39,4.254545455,1,8,-0.1307440901,ds_cbdf3834368e,ds_16b6be697acb,01190,
quarter,2022-Q3,False,44,4,39,4.254545455,1,8,-0.1307440901,ds_cbdf3834368e,ds_16b6be697acb,01190,
quarter,2022-Q3,False,45,2,39,4.254545455,1,8,-1.158019084,ds_cbdf3834368e,ds_16b6be697acb,01190,
quarter,2022-Q3,False,46,3,39,4.254545455,1,8,-0.6443815869,ds_cbdf3834368e,ds_16b6be697acb,01190,
quarter,2022-Q3,False,47,8,39,4.254545455,1,8,1.923805897,ds_cbdf3834368e,ds_16b6be697acb,01190,
quarter,2022-Q3,False,48,6,39,4.254545455,1,8,0.8965309035,ds_cbdf3834368e,ds_16b6be697acb,01190,
quarter,2022-Q3,False,49,2,39,4.254545455,1,8,-1.158019084,ds_cbdf3834368e,ds_16b6be697acb,01190,
quarter,2022-Q3,False,50,2,39,4.254545455,1,8,-1.158019084,ds_cbdf3834368e,ds_16b6be697acb,01190,
quarter,2022-Q3,False,51,4,39,4.254545455,1,8,-0.1307440901,ds_cbdf3834368e,ds_16b6be697acb,01190,
quarter,2022-Q3,False,52,6,39,4.254545455,1,8,0.8965309035,ds_cbdf3834368e,ds_16b6be697acb,01190,
quarter,2022-Q3,False,53,5,39,4.254545455,1,8,0.3828934067,ds_cbdf3834368e,ds_16b6be697acb,01190,
quarter,2022-Q3,False,54,5,39,4.254545455,1,8,0.3828934067,ds_cbdf3834368e,ds_16b6be697acb,01190,
quarter,2022-Q3,False,55,5,39,4.254545455,1,8,0.3828934067,ds_cbdf3834368e,ds_16b6be697acb,01190,
quarter,2022-Q4,False,1,5,40,4.363636364,1,9,0.3227486122,ds_cbdf3834368e,ds_16b6be697acb,01190,
quarter,2022-Q4,False,2,5,40,4.363636364,1,9,0.3227486122,ds_cbdf3834368e,ds_16b6be697acb,01190,
quarter,2022-Q4,False,3,4,40,4.363636364,1,9,-0.1844277784,ds_cbdf3834368e,ds_16b6be697acb,01190,
quarter,2022-Q4,False,4,2,40,4.363636364,1,9,-1.19878056,ds_cbdf3834368e,ds_16b6be697acb,01190,
quarter,2022-Q4,False,5,2,40,4.363636364,1,9,-1.19878056,ds_cbdf3834368e,ds_16b6be697acb,01190,
quarter,2022-Q4,False,6,6,40,4.363636364,1,9,0.8299250028,ds_cbdf3834368e,ds_16b6be697acb,01190,
quarter,2022-Q4,False,7,1,40,4.363636364,1,9,-1.70595695,ds_cbdf3834368e,ds_16b6be697acb,01190,
quarter,2022-Q4,False,8,8,40,4.363636364,1,9,1.844277784,ds_cbdf3834368e,ds_16b6be697acb,01190,
quarter,2022-Q4,False,9,3,40,4.363636364,1,9,-0.691604169,ds_cbdf3834368e,ds_16b6be697acb,01190,
quarter,2022-Q4,False,10,5,40,4.363636364,1,9,0.3227486122,ds_cbdf3834368e,ds_16b6be697acb,01190,
quarter,2022-Q4,False,11,7,40,4.363636364,1,9,1.337101393,ds_cbdf3834368e,ds_16b6be697acb,01190,
quarter,2022-Q4,False,12,5,40,4.363636364,1,9,0.3227486122,ds_cbdf3834368e,ds_16b6be697acb,01190,
quarter,2022-Q4,False,13,6,40,4.363636364,1,9,0.8299250028,ds_cbdf3834368e,ds_16b6be697acb,01190,
quarter,2022-Q4,False,14,5,40,4.363636364,1,9,0.3227486122,ds_cbdf3834368e,ds_16b6be697acb,01190,
quarter,2022-Q4,False,15,6,40,4.363636364,1,9,0.8299250028,ds_cbdf3834368e,ds_16b6be697acb,01190,
quarter,2022-Q4,False,16,4,40,4.363636364,1,9,-0.1844277784,ds_cbdf3834368e,ds_16b6be697acb,01190,
quarter,2022-Q4,False,17,4,40,4.363636364,1,9,-0.1844277784,ds_cbdf3834368e,ds_16b6be697acb,01190,
quarter,2022-Q4,False,18,5,40,4.363636364,1,9,0.3227486122,ds_cbdf3834368e,ds_16b6be697acb,01190,
quarter,2022-Q4,False,19,6,40,4.363636364,1,9,0.8299250028,ds_cbdf3834368e,ds_16b6be697acb,01190,
quarter,2022-Q4,False,20,6,40,4.363636364,1,9,0.8299250028,ds_cbdf3834368e,ds_16b6be697acb,01190,
quarter,2022-Q4,False,21,2,40,4.363636364,1,9,-1.19878056,ds_cbdf3834368e,ds_16b6be697acb,01190,
quarter,2022-Q4,False,22,8,40,4.363636364,1,9,1.844277784,ds_cbdf3834368e,ds_16b6be697acb,01190,
quarter,2022-Q4,False,23,7,40,4.363636364,1,9,1.337101393,ds_cbdf3834368e,ds_16b6be697acb,01190,
quarter,2022-Q4,False,24,2,40,4.363636364,1,9,-1.19878056,ds_cbdf3834368e,ds_16b6be697acb,01190,
quarter,2022-Q4,False,25,4,40,4.363636364,1,9,-0.1844277784,ds_cbdf3834368e,ds_16b6be697acb,01190,
quarter,2022-Q4,False,26,4,40,4.363636364,1,9,-0.1844277784,ds_cbdf3834368e,ds_16b6be697acb,01190,
quarter,2022-Q4,False,27,6,40,4.363636364,1,9,0.8299250028,ds_cbdf3834368e,ds_16b6be697acb,01190,
quarter,2022-Q4,False,28,1,40,4.363636364,1,9,-1.70595695,ds_cbdf3834368e,ds_16b6be697acb,01190,
quarter,2022-Q4,False,29,4,40,4.363636364,1,9,-0.1844277784,ds_cbdf3834368e,ds_16b6be697acb,01190,
quarter,2022-Q4,False,30,5,40,4.363636364,1,9,0.3227486122,ds_cbdf3834368e,ds_16b6be697acb,01190,
quarter,2022-Q4,False,31,4,40,4.363636364,1,9,-0.1844277784,ds_cbdf3834368e,ds_16b6be697acb,01190,
quarter,2022-Q4,False,32,0,40,4.363636364,1,9,-2.213133341,ds_cbdf3834368e,ds_16b6be697acb,01190,
quarter,2022-Q4,False,33,4,40,4.363636364,1,9,-0.1844277784,ds_cbdf3834368e,ds_16b6be697acb,01190,
quarter,2022-Q4,False,34,4,40,4.363636364,1,9,-0.1844277784,ds_cbdf3834368e,ds_16b6be697acb,01190,
quarter,2022-Q4,False,35,5,40,4.363636364,1,9,0.3227486122,ds_cbdf3834368e,ds_16b6be697acb,01190,
quarter,2022-Q4,False,36,4,40,4.363636364,1,9,-0.1844277784,ds_cbdf3834368e,ds_16b6be697acb,01190,
quarter,2022-Q4,False,37,3,40,4.363636364,1,9,-0.691604169,ds_cbdf3834368e,ds_16b6be697acb,01190,
quarter,2022-Q4,False,38,4,40,4.363636364,1,9,-0.1844277784,ds_cbdf3834368e,ds_16b6be697acb,01190,
quarter,2022-Q4,False,39,3,40,4.363636364,1,9,-0.691604169,ds_cbdf3834368e,ds_16b6be697acb,01190,
quarter,2022-Q4,False,40,1,40,4.363636364,1,9,-1.70595695,ds_cbdf3834368e,ds_16b6be697acb,01190,
quarter,2022-Q4,False,41,5,40,4.363636364,1,9,0.3227486122,ds_cbdf3834368e,ds_16b6be697acb,01190,
quarter,2022-Q4,False,42,7,40,4.363636364,1,9,1.337101393,ds_cbdf3834368e,ds_16b6be697acb,01190,
quarter,2022-Q4,False,43,3,40,4.363636364,1,9,-0.691604169,ds_cbdf3834368e,ds_16b6be697acb,01190,
quarter,2022-Q4,False,44,5,40,4.363636364,1,9,0.3227486122,ds_cbdf3834368e,ds_16b6be697acb,01190,
quarter,2022-Q4,False,45,6,40,4.363636364,1,9,0.8299250028,ds_cbdf3834368e,ds_16b6be697acb,01190,
quarter,2022-Q4,False,46,5,40,4.363636364,1,9,0.3227486122,ds_cbdf3834368e,ds_16b6be697acb,01190,
quarter,2022-Q4,False,47,3,40,4.363636364,1,9,-0.691604169,ds_cbdf3834368e,ds_16b6be697acb,01190,
quarter,2022-Q4,False,48,6,40,4.363636364,1,9,0.8299250028,ds_cbdf3834368e,ds_16b6be697acb,01190,
quarter,2022-Q4,False,49,2,40,4.363636364,1,9,-1.19878056,ds_cbdf3834368e,ds_16b6be697acb,01190,
quarter,2022-Q4,False,50,2,40,4.363636364,1,9,-1.19878056,ds_cbdf3834368e,ds_16b6be697acb,01190,
quarter,2022-Q4,False,51,7,40,4.363636364,1,9,1.337101393,ds_cbdf3834368e,ds_16b6be697acb,01190,
quarter,2022-Q4,False,52,9,40,4.363636364,1,9,2.351454174,ds_cbdf3834368e,ds_16b6be697acb,01190,
quarter,2022-Q4,False,53,5,40,4.363636364,1,9,0.3227486122,ds_cbdf3834368e,ds_16b6be697acb,01190,
quarter,2022-Q4,False,54,2,40,4.363636364,1,9,-1.19878056,ds_cbdf3834368e,ds_16b6be697acb,01190,
quarter,2022-Q4,False,55,3,40,4.363636364,1,9,-0.691604169,ds_cbdf3834368e,ds_16b6be697acb,01190,
quarter,2023-Q1,False,1,6,37,4.036363636,1,8,1.035497914,ds_cbdf3834368e,ds_16b6be697acb,01190,
quarter,2023-Q1,False,2,3,37,4.036363636,1,8,-0.5465127878,ds_cbdf3834368e,ds_16b6be697acb,01190,
quarter,2023-Q1,False,3,5,37,4.036363636,1,8,0.5081610132,ds_cbdf3834368e,ds_16b6be697acb,01190,
quarter,2023-Q1,False,4,4,37,4.036363636,1,8,-0.01917588729,ds_cbdf3834368e,ds_16b6be697acb,01190,
quarter,2023-Q1,False,5,6,37,4.036363636,1,8,1.035497914,ds_cbdf3834368e,ds_16b6be697acb,01190,
quarter,2023-Q1,False,6,5,37,4.036363636,1,8,0.5081610132,ds_cbdf3834368e,ds_16b6be697acb,01190,
quarter,2023-Q1,False,7,3,37,4.036363636,1,8,-0.5465127878,ds_cbdf3834368e,ds_16b6be697acb,01190,
quarter,2023-Q1,False,8,4,37,4.036363636,1,8,-0.01917588729,ds_cbdf3834368e,ds_16b6be697acb,01190,
quarter,2023-Q1,False,9,6,37,4.036363636,1,8,1.035497914,ds_cbdf3834368e,ds_16b6be697acb,01190,
quarter,2023-Q1,False,10,4,37,4.036363636,1,8,-0.01917588729,ds_cbdf3834368e,ds_16b6be697acb,01190,
quarter,2023-Q1,False,11,3,37,4.036363636,1,8,-0.5465127878,ds_cbdf3834368e,ds_16b6be697acb,01190,
quarter,2023-Q1,False,12,6,37,4.036363636,1,8,1.035497914,ds_cbdf3834368e,ds_16b6be697acb,01190,
quarter,2023-Q1,False,13,5,37,4.036363636,1,8,0.5081610132,ds_cbdf3834368e,ds_16b6be697acb,01190,
quarter,2023-Q1,False,14,6,37,4.036363636,1,8,1.035497914,ds_cbdf3834368e,ds_16b6be697acb,01190,
quarter,2023-Q1,False,15,4,37,4.036363636,1,8,-0.01917588729,ds_cbdf3834368e,ds_16b6be697acb,01190,
quarter,2023-Q1,False,16,1,37,4.036363636,1,8,-1.601186589,ds_cbdf3834368e,ds_16b6be697acb,01190,
quarter,2023-Q1,False,17,3,37,4.036363636,1,8,-0.5465127878,ds_cbdf3834368e,ds_16b6be697acb,01190,
quarter,2023-Q1,False,18,4,37,4.036363636,1,8,-0.01917588729,ds_cbdf3834368e,ds_16b6be697acb,01190,
quarter,2023-Q1,False,19,1,37,4.036363636,1,8,-1.601186589,ds_cbdf3834368e,ds_16b6be697acb,01190,
quarter,2023-Q1,False,20,4,37,4.036363636,1,8,-0.01917588729,ds_cbdf3834368e,ds_16b6be697acb,01190,
quarter,2023-Q1,False,21,5,37,4.036363636,1,8,0.5081610132,ds_cbdf3834368e,ds_16b6be697acb,01190,
quarter,2023-Q1,False,22,5,37,4.036363636,1,8,0.5081610132,ds_cbdf3834368e,ds_16b6be697acb,01190,
quarter,2023-Q1,False,23,7,37,4.036363636,1,8,1.562834814,ds_cbdf3834368e,ds_16b6be697acb,01190,
quarter,2023-Q1,False,24,5,37,4.036363636,1,8,0.5081610132,ds_cbdf3834368e,ds_16b6be697acb,01190,
quarter,2023-Q1,False,25,2,37,4.036363636,1,8,-1.073849688,ds_cbdf3834368e,ds_16b6be697acb,01190,
quarter,2023-Q1,False,26,1,37,4.036363636,1,8,-1.601186589,ds_cbdf3834368e,ds_16b6be697acb,01190,
quarter,2023-Q1,False,27,4,37,4.036363636,1,8,-0.01917588729,ds_cbdf3834368e,ds_16b6be697acb,01190,
quarter,2023-Q1,False,28,2,37,4.036363636,1,8,-1.073849688,ds_cbdf3834368e,ds_16b6be697acb,01190,
quarter,2023-Q1,False,29,7,37,4.036363636,1,8,1.562834814,ds_cbdf3834368e,ds_16b6be697acb,01190,
quarter,2023-Q1,False,30,7,37,4.036363636,1,8,1.562834814,ds_cbdf3834368e,ds_16b6be697acb,01190,
quarter,2023-Q1,False,31,3,37,4.036363636,1,8,-0.5465127878,ds_cbdf3834368e,ds_16b6be697acb,01190,
quarter,2023-Q1,False,32,5,37,4.036363636,1,8,0.5081610132,ds_cbdf3834368e,ds_16b6be697acb,01190,
quarter,2023-Q1,False,33,6,37,4.036363636,1,8,1.035497914,ds_cbdf3834368e,ds_16b6be697acb,01190,
quarter,2023-Q1,False,34,4,37,4.036363636,1,8,-0.01917588729,ds_cbdf3834368e,ds_16b6be697acb,01190,
quarter,2023-Q1,False,35,2,37,4.036363636,1,8,-1.073849688,ds_cbdf3834368e,ds_16b6be697acb,01190,
quarter,2023-Q1,False,36,2,37,4.036363636,1,8,-1.073849688,ds_cbdf3834368e,ds_16b6be697acb,01190,
quarter,2023-Q1,False,37,3,37,4.036363636,1,8,-0.5465127878,ds_cbdf3834368e,ds_16b6be697acb,01190,
quarter,2023-Q1,False,38,5,37,4.036363636,1,8,0.5081610132,ds_cbdf3834368e,ds_16b6be697acb,01190,
quarter,2023-Q1,False,39,3,37,4.036363636,1,8,-0.5465127878,ds_cbdf3834368e,ds_16b6be697acb,01190,
quarter,2023-Q1,False,40,2,37,4.036363636,1,8,-1.073849688,ds_cbdf3834368e,ds_16b6be697acb,01190,
quarter,2023-Q1,False,41,3,37,4.036363636,1,8,-0.5465127878,ds_cbdf3834368e,ds_16b6be697acb,01190,
quarter,2023-Q1,False,42,0,37,4.036363636,1,8,-2.128523489,ds_cbdf3834368e,ds_16b6be697acb,01190,
quarter,2023-Q1,False,43,7,37,4.036363636,1,8,1.562834814,ds_cbdf3834368e,ds_16b6be697acb,01190,
quarter,2023-Q1,False,44,3,37,4.036363636,1,8,-0.5465127878,ds_cbdf3834368e,ds_16b6be697acb,01190,
quarter,2023-Q1,False,45,4,37,4.036363636,1,8,-0.01917588729,ds_cbdf3834368e,ds_16b6be697acb,01190,
quarter,2023-Q1,False,46,2,37,4.036363636,1,8,-1.073849688,ds_cbdf3834368e,ds_16b6be697acb,01190,
quarter,2023-Q1,False,47,4,37,4.036363636,1,8,-0.01917588729,ds_cbdf3834368e,ds_16b6be697acb,01190,
quarter,2023-Q1,False,48,5,37,4.036363636,1,8,0.5081610132,ds_cbdf3834368e,ds_16b6be697acb,01190,
quarter,2023-Q1,False,49,5,37,4.036363636,1,8,0.5081610132,ds_cbdf3834368e,ds_16b6be697acb,01190,
quarter,2023-Q1,False,50,6,37,4.036363636,1,8,1.035497914,ds_cbdf3834368e,ds_16b6be697acb,01190,
quarter,2023-Q1,False,51,3,37,4.036363636,1,8,-0.5465127878,ds_cbdf3834368e,ds_16b6be697acb,01190,
quarter,2023-Q1,False,52,4,37,4.036363636,1,8,-0.01917588729,ds_cbdf3834368e,ds_16b6be697acb,01190,
quarter,2023-Q1,False,53,5,37,4.036363636,1,8,0.5081610132,ds_cbdf3834368e,ds_16b6be697acb,01190,
quarter,2023-Q1,False,54,5,37,4.036363636,1,8,0.5081610132,ds_cbdf3834368e,ds_16b6be697acb,01190,
quarter,2023-Q1,False,55,3,37,4.036363636,1,8,-0.5465127878,ds_cbdf3834368e,ds_16b6be697acb,01190,
quarter,2023-Q2,False,1,7,39,4.254545455,1,8,1.4101684,ds_cbdf3834368e,ds_16b6be697acb,01190,
quarter,2023-Q2,False,2,3,39,4.254545455,1,8,-0.6443815869,ds_cbdf3834368e,ds_16b6be697acb,01190,
quarter,2023-Q2,False,3,3,39,4.254545455,1,8,-0.6443815869,ds_cbdf3834368e,ds_16b6be697acb,01190,
quarter,2023-Q2,False,4,3,39,4.254545455,1,8,-0.6443815869,ds_cbdf3834368e,ds_16b6be697acb,01190,
quarter,2023-Q2,False,5,0,39,4.254545455,1,8,-2.185294077,ds_cbdf3834368e,ds_16b6be697acb,01190,
quarter,2023-Q2,False,6,2,39,4.254545455,1,8,-1.158019084,ds_cbdf3834368e,ds_16b6be697acb,01190,
quarter,2023-Q2,False,7,5,39,4.254545455,1,8,0.3828934067,ds_cbdf3834368e,ds_16b6be697acb,01190,
quarter,2023-Q2,False,8,3,39,4.254545455,1,8,-0.6443815869,ds_cbdf3834368e,ds_16b6be697acb,01190,
quarter,2023-Q2,False,9,4,39,4.254545455,1,8,-0.1307440901,ds_cbdf3834368e,ds_16b6be697acb,01190,
quarter,2023-Q2,False,10,5,39,4.254545455,1,8,0.3828934067,ds_cbdf3834368e,ds_16b6be697acb,01190,
quarter,2023-Q2,False,11,6,39,4.254545455,1,8,0.8965309035,ds_cbdf3834368e,ds_16b6be697acb,01190,
quarter,2023-Q2,False,12,5,39,4.254545455,1,8,0.3828934067,ds_cbdf3834368e,ds_16b6be697acb,01190,
quarter,2023-Q2,False,13,5,39,4.254545455,1,8,0.3828934067,ds_cbdf3834368e,ds_16b6be697acb,01190,
quarter,2023-Q2,False,14,7,39,4.254545455,1,8,1.4101684,ds_cbdf3834368e,ds_16b6be697acb,01190,
quarter,2023-Q2,False,15,2,39,4.254545455,1,8,-1.158019084,ds_cbdf3834368e,ds_16b6be697acb,01190,
quarter,2023-Q2,False,16,4,39,4.254545455,1,8,-0.1307440901,ds_cbdf3834368e,ds_16b6be697acb,01190,
quarter,2023-Q2,False,17,3,39,4.254545455,1,8,-0.6443815869,ds_cbdf3834368e,ds_16b6be697acb,01190,
quarter,2023-Q2,False,18,7,39,4.254545455,1,8,1.4101684,ds_cbdf3834368e,ds_16b6be697acb,01190,
quarter,2023-Q2,False,19,4,39,4.254545455,1,8,-0.1307440901,ds_cbdf3834368e,ds_16b6be697acb,01190,
quarter,2023-Q2,False,20,1,39,4.254545455,1,8,-1.67165658,ds_cbdf3834368e,ds_16b6be697acb,01190,
quarter,2023-Q2,False,21,2,39,4.254545455,1,8,-1.158019084,ds_cbdf3834368e,ds_16b6be697acb,01190,
quarter,2023-Q2,False,22,4,39,4.254545455,1,8,-0.1307440901,ds_cbdf3834368e,ds_16b6be697acb,01190,
quarter,2023-Q2,False,23,7,39,4.254545455,1,8,1.4101684,ds_cbdf3834368e,ds_16b6be697acb,01190,
quarter,2023-Q2,False,24,5,39,4.254545455,1,8,0.3828934067,ds_cbdf3834368e,ds_16b6be697acb,01190,
quarter,2023-Q2,False,25,3,39,4.254545455,1,8,-0.6443815869,ds_cbdf3834368e,ds_16b6be697acb,01190,
quarter,2023-Q2,False,26,3,39,4.254545455,1,8,-0.6443815869,ds_cbdf3834368e,ds_16b6be697acb,01190,
quarter,2023-Q2,False,27,5,39,4.254545455,1,8,0.3828934067,ds_cbdf3834368e,ds_16b6be697acb,01190,
quarter,2023-Q2,False,28,9,39,4.254545455,1,8,2.437443394,ds_cbdf3834368e,ds_16b6be697acb,01190,
quarter,2023-Q2,False,29,1,39,4.254545455,1,8,-1.67165658,ds_cbdf3834368e,ds_16b6be697acb,01190,
quarter,2023-Q2,False,30,4,39,4.254545455,1,8,-0.1307440901,ds_cbdf3834368e,ds_16b6be697acb,01190,
quarter,2023-Q2,False,31,2,39,4.254545455,1,8,-1.158019084,ds_cbdf3834368e,ds_16b6be697acb,01190,
quarter,2023-Q2,False,32,3,39,4.254545455,1,8,-0.6443815869,ds_cbdf3834368e,ds_16b6be697acb,01190,
quarter,2023-Q2,False,33,5,39,4.254545455,1,8,0.3828934067,ds_cbdf3834368e,ds_16b6be697acb,01190,
quarter,2023-Q2,False,34,6,39,4.254545455,1,8,0.8965309035,ds_cbdf3834368e,ds_16b6be697acb,01190,
quarter,2023-Q2,False,35,8,39,4.254545455,1,8,1.923805897,ds_cbdf3834368e,ds_16b6be697acb,01190,
quarter,2023-Q2,False,36,6,39,4.254545455,1,8,0.8965309035,ds_cbdf3834368e,ds_16b6be697acb,01190,
quarter,2023-Q2,False,37,2,39,4.254545455,1,8,-1.158019084,ds_cbdf3834368e,ds_16b6be697acb,01190,
quarter,2023-Q2,False,38,4,39,4.254545455,1,8,-0.1307440901,ds_cbdf3834368e,ds_16b6be697acb,01190,
quarter,2023-Q2,False,39,5,39,4.254545455,1,8,0.3828934067,ds_cbdf3834368e,ds_16b6be697acb,01190,
quarter,2023-Q2,False,40,5,39,4.254545455,1,8,0.3828934067,ds_cbdf3834368e,ds_16b6be697acb,01190,
quarter,2023-Q2,False,41,7,39,4.254545455,1,8,1.4101684,ds_cbdf3834368e,ds_16b6be697acb,01190,
quarter,2023-Q2,False,42,4,39,4.254545455,1,8,-0.1307440901,ds_cbdf3834368e,ds_16b6be697acb,01190,
quarter,2023-Q2,False,43,5,39,4.254545455,1,8,0.3828934067,ds_cbdf3834368e,ds_16b6be697acb,01190,
quarter,2023-Q2,False,44,4,39,4.254545455,1,8,-0.1307440901,ds_cbdf3834368e,ds_16b6be697acb,01190,
quarter,2023-Q2,False,45,4,39,4.254545455,1,8,-0.1307440901,ds_cbdf3834368e,ds_16b6be697acb,01190,
quarter,2023-Q2,False,46,6,39,4.254545455,1,8,0.8965309035,ds_cbdf3834368e,ds_16b6be697acb,01190,
quarter,2023-Q2,False,47,5,39,4.254545455,1,8,0.3828934067,ds_cbdf3834368e,ds_16b6be697acb,01190,
quarter,2023-Q2,False,48,3,39,4.254545455,1,8,-0.6443815869,ds_cbdf3834368e,ds_16b6be697acb,01190,
quarter,2023-Q2,False,49,2,39,4.254545455,1,8,-1.158019084,ds_cbdf3834368e,ds_16b6be697acb,01190,
quarter,2023-Q2,False,50,4,39,4.254545455,1,8,-0.1307440901,ds_cbdf3834368e,ds_16b6be697acb,01190,
quarter,2023-Q2,False,51,6,39,4.254545455,1,8,0.8965309035,ds_cbdf3834368e,ds_16b6be697acb,01190,
quarter,2023-Q2,False,52,4,39,4.254545455,1,8,-0.1307440901,ds_cbdf3834368e,ds_16b6be697acb,01190,
quarter,2023-Q2,False,53,5,39,4.254545455,1,8,0.3828934067,ds_cbdf3834368e,ds_16b6be697acb,01190,
quarter,2023-Q2,False,54,4,39,4.254545455,1,8,-0.1307440901,ds_cbdf3834368e,ds_16b6be697acb,01190,
quarter,2023-Q2,False,55,3,39,4.254545455,1,8,-0.6443815869,ds_cbdf3834368e,ds_16b6be697acb,01190,
quarter,2023-Q3,False,1,4,40,4.363636364,1,9,-0.1844277784,ds_cbdf3834368e,ds_16b6be697acb,01190,
quarter,2023-Q3,False,2,3,40,4.363636364,1,9,-0.691604169,ds_cbdf3834368e,ds_16b6be697acb,01190,
quarter,2023-Q3,False,3,5,40,4.363636364,1,9,0.3227486122,ds_cbdf3834368e,ds_16b6be697acb,01190,
quarter,2023-Q3,False,4,6,40,4.363636364,1,9,0.8299250028,ds_cbdf3834368e,ds_16b6be697acb,01190,
quarter,2023-Q3,False,5,5,40,4.363636364,1,9,0.3227486122,ds_cbdf3834368e,ds_16b6be697acb,01190,
quarter,2023-Q3,False,6,4,40,4.363636364,1,9,-0.1844277784,ds_cbdf3834368e,ds_16b6be697acb,01190,
quarter,2023-Q3,False,7,2,40,4.363636364,1,9,-1.19878056,ds_cbdf3834368e,ds_16b6be697acb,01190,
quarter,2023-Q3,False,8,3,40,4.363636364,1,9,-0.691604169,ds_cbdf3834368e,ds_16b6be697acb,01190,
quarter,2023-Q3,False,9,2,40,4.363636364,1,9,-1.19878056,ds_cbdf3834368e,ds_16b6be697acb,01190,
quarter,2023-Q3,False,10,3,40,4.363636364,1,9,-0.691604169,ds_cbdf3834368e,ds_16b6be697acb,01190,
quarter,2023-Q3,False,11,3,40,4.363636364,1,9,-0.691604169,ds_cbdf3834368e,ds_16b6be697acb,01190,
quarter,2023-Q3,False,12,5,40,4.363636364,1,9,0.3227486122,ds_cbdf3834368e,ds_16b6be697acb,01190,
quarter,2023-Q3,False,13,7,40,4.363636364,1,9,1.337101393,ds_cbdf3834368e,ds_16b6be697acb,01190,
quarter,2023-Q3,False,14,3,40,4.363636364,1,9,-0.691604169,ds_cbdf3834368e,ds_16b6be697acb,01190,
quarter,2023-Q3,False,15,2,40,4.363636364,1,9,-1.19878056,ds_cbdf3834368e,ds_16b6be697acb,01190,
quarter,2023-Q3,False,16,3,40,4.363636364,1,9,-0.691604169,ds_cbdf3834368e,ds_16b6be697acb,01190,
quarter,2023-Q3,False,17,1,40,4.363636364,1,9,-1.70595695,ds_cbdf3834368e,ds_16b6be697acb,01190,
quarter,2023-Q3,False,18,1,40,4.363636364,1,9,-1.70595695,ds_cbdf3834368e,ds_16b6be697acb,01190,
quarter,2023-Q3,False,19,4,40,4.363636364,1,9,-0.1844277784,ds_cbdf3834368e,ds_16b6be697acb,01190,
quarter,2023-Q3,False,20,7,40,4.363636364,1,9,1.337101393,ds_cbdf3834368e,ds_16b6be697acb,01190,
quarter,2023-Q3,False,21,0,40,4.363636364,1,9,-2.213133341,ds_cbdf3834368e,ds_16b6be697acb,01190,
quarter,2023-Q3,False,22,5,40,4.363636364,1,9,0.3227486122,ds_cbdf3834368e,ds_16b6be697acb,01190,
quarter,2023-Q3,False,23,7,40,4.363636364,1,9,1.337101393,ds_cbdf3834368e,ds_16b6be697acb,01190,
quarter,2023-Q3,False,24,4,40,4.363636364,1,9,-0.1844277784,ds_cbdf3834368e,ds_16b6be697acb,01190,
quarter,2023-Q3,False,25,8,40,4.363636364,1,9,1.844277784,ds_cbdf3834368e,ds_16b6be697acb,01190,
quarter,2023-Q3,False,26,3,40,4.363636364,1,9,-0.691604169,ds_cbdf3834368e,ds_16b6be697acb,01190,
quarter,2023-Q3,False,27,5,40,4.363636364,1,9,0.3227486122,ds_cbdf3834368e,ds_16b6be697acb,01190,
quarter,2023-Q3,False,28,1,40,4.363636364,1,9,-1.70595695,ds_cbdf3834368e,ds_16b6be697acb,01190,
quarter,2023-Q3,False,29,4,40,4.363636364,1,9,-0.1844277784,ds_cbdf3834368e,ds_16b6be697acb,01190,
quarter,2023-Q3,False,30,2,40,4.363636364,1,9,-1.19878056,ds_cbdf3834368e,ds_16b6be697acb,01190,
quarter,2023-Q3,False,31,4,40,4.363636364,1,9,-0.1844277784,ds_cbdf3834368e,ds_16b6be697acb,01190,
quarter,2023-Q3,False,32,4,40,4.363636364,1,9,-0.1844277784,ds_cbdf3834368e,ds_16b6be697acb,01190,
quarter,2023-Q3,False,33,6,40,4.363636364,1,9,0.8299250028,ds_cbdf3834368e,ds_16b6be697acb,01190,
quarter,2023-Q3,False,34,7,40,4.363636364,1,9,1.337101393,ds_cbdf3834368e,ds_16b6be697acb,01190,
quarter,2023-Q3,False,35,3,40,4.363636364,1,9,-0.691604169,ds_cbdf3834368e,ds_16b6be697acb,01190,
quarter,2023-Q3,False,36,7,40,4.363636364,1,9,1.337101393,ds_cbdf3834368e,ds_16b6be697acb,01190,
quarter,2023-Q3,False,37,4,40,4.363636364,1,9,-0.1844277784,ds_cbdf3834368e,ds_16b6be697acb,01190,
quarter,2023-Q3,False,38,5,40,4.363636364,1,9,0.3227486122,ds_cbdf3834368e,ds_16b6be697acb,01190,
quarter,2023-Q3,False,39,5,40,4.363636364,1,9,0.3227486122,ds_cbdf3834368e,ds_16b6be697acb,01190,
quarter,2023-Q3,False,40,6,40,4.363636364,1,9,0.8299250028,ds_cbdf3834368e,ds_16b6be697acb,01190,
quarter,2023-Q3,False,41,3,40,4.363636364,1,9,-0.691604169,ds_cbdf3834368e,ds_16b6be697acb,01190,
quarter,2023-Q3,False,42,7,40,4.363636364,1,9,1.337101393,ds_cbdf3834368e,ds_16b6be697acb,01190,
quarter,2023-Q3,False,43,6,40,4.363636364,1,9,0.8299250028,ds_cbdf3834368e,ds_16b6be697acb,01190,
quarter,2023-Q3,False,44,6,40,4.363636364,1,9,0.8299250028,ds_cbdf3834368e,ds_16b6be697acb,01190,
quarter,2023-Q3,False,45,9,40,4.363636364,1,9,2.351454174,ds_cbdf3834368e,ds_16b6be697acb,01190,
quarter,2023-Q3,False,46,4,40,4.363636364,1,9,-0.1844277784,ds_cbdf3834368e,ds_16b6be697acb,01190,
quarter,2023-Q3,False,47,7,40,4.363636364,1,9,1.337101393,ds_cbdf3834368e,ds_16b6be697acb,01190,
quarter,2023-Q3,False,48,4,40,4.363636364,1,9,-0.1844277784,ds_cbdf3834368e,ds_16b6be697acb,01190,
quarter,2023-Q3,False,49,5,40,4.363636364,1,9,0.3227486122,ds_cbdf3834368e,ds_16b6be697acb,01190,
quarter,2023-Q3,False,50,7,40,4.363636364,1,9,1.337101393,ds_cbdf3834368e,ds_16b6be697acb,01190,
quarter,2023-Q3,False,51,7,40,4.363636364,1,9,1.337101393,ds_cbdf3834368e,ds_16b6be697acb,01190,
quarter,2023-Q3,False,52,5,40,4.363636364,1,9,0.3227486122,ds_cbdf3834368e,ds_16b6be697acb,01190,
quarter,2023-Q3,False,53,2,40,4.363636364,1,9,-1.19878056,ds_cbdf3834368e,ds_16b6be697acb,01190,
quarter,2023-Q3,False,54,2,40,4.363636364,1,9,-1.19878056,ds_cbdf3834368e,ds_16b6be697acb,01190,
quarter,2023-Q3,False,55,3,40,4.363636364,1,9,-0.691604169,ds_cbdf3834368e,ds_16b6be697acb,01190,
quarter,2023-Q4,False,1,5,39,4.254545455,1,8,0.3828934067,ds_cbdf3834368e,ds_16b6be697acb,01190,
quarter,2023-Q4,False,2,2,39,4.254545455,1,8,-1.158019084,ds_cbdf3834368e,ds_16b6be697acb,01190,
quarter,2023-Q4,False,3,4,39,4.254545455,1,8,-0.1307440901,ds_cbdf3834368e,ds_16b6be697acb,01190,
quarter,2023-Q4,False,4,5,39,4.254545455,1,8,0.3828934067,ds_cbdf3834368e,ds_16b6be697acb,01190,
quarter,2023-Q4,False,5,2,39,4.254545455,1,8,-1.158019084,ds_cbdf3834368e,ds_16b6be697acb,01190,
quarter,2023-Q4,False,6,4,39,4.254545455,1,8,-0.1307440901,ds_cbdf3834368e,ds_16b6be697acb,01190,
quarter,2023-Q4,False,7,4,39,4.254545455,1,8,-0.1307440901,ds_cbdf3834368e,ds_16b6be697acb,01190,
quarter,2023-Q4,False,8,3,39,4.254545455,1,8,-0.6443815869,ds_cbdf3834368e,ds_16b6be697acb,01190,
quarter,2023-Q4,False,9,9,39,4.254545455,1,8,2.437443394,ds_cbdf3834368e,ds_16b6be697acb,01190,
quarter,2023-Q4,False,10,7,39,4.254545455,1,8,1.4101684,ds_cbdf3834368e,ds_16b6be697acb,01190,
quarter,2023-Q4,False,11,3,39,4.254545455,1,8,-0.6443815869,ds_cbdf3834368e,ds_16b6be697acb,01190,
quarter,2023-Q4,False,12,4,39,4.254545455,1,8,-0.1307440901,ds_cbdf3834368e,ds_16b6be697acb,01190,
quarter,2023-Q4,False,13,5,39,4.254545455,1,8,0.3828934067,ds_cbdf3834368e,ds_16b6be697acb,01190,
quarter,2023-Q4,False,14,6,39,4.254545455,1,8,0.8965309035,ds_cbdf3834368e,ds_16b6be697acb,01190,
quarter,2023-Q4,False,15,5,39,4.254545455,1,8,0.3828934067,ds_cbdf3834368e,ds_16b6be697acb,01190,
quarter,2023-Q4,False,16,4,39,4.254545455,1,8,-0.1307440901,ds_cbdf3834368e,ds_16b6be697acb,01190,
quarter,2023-Q4,False,17,6,39,4.254545455,1,8,0.8965309035,ds_cbdf3834368e,ds_16b6be697acb,01190,
quarter,2023-Q4,False,18,2,39,4.254545455,1,8,-1.158019084,ds_cbdf3834368e,ds_16b6be697acb,01190,
quarter,2023-Q4,False,19,2,39,4.254545455,1,8,-1.158019084,ds_cbdf3834368e,ds_16b6be697acb,01190,
quarter,2023-Q4,False,20,5,39,4.254545455,1,8,0.3828934067,ds_cbdf3834368e,ds_16b6be697acb,01190,
quarter,2023-Q4,False,21,5,39,4.254545455,1,8,0.3828934067,ds_cbdf3834368e,ds_16b6be697acb,01190,
quarter,2023-Q4,False,22,4,39,4.254545455,1,8,-0.1307440901,ds_cbdf3834368e,ds_16b6be697acb,01190,
quarter,2023-Q4,False,23,4,39,4.254545455,1,8,-0.1307440901,ds_cbdf3834368e,ds_16b6be697acb,01190,
quarter,2023-Q4,False,24,4,39,4.254545455,1,8,-0.1307440901,ds_cbdf3834368e,ds_16b6be697acb,01190,
quarter,2023-Q4,False,25,2,39,4.254545455,1,8,-1.158019084,ds_cbdf3834368e,ds_16b6be697acb,01190,
quarter,2023-Q4,False,26,6,39,4.254545455,1,8,0.8965309035,ds_cbdf3834368e,ds_16b6be697acb,01190,
quarter,2023-Q4,False,27,3,39,4.254545455,1,8,-0.6443815869,ds_cbdf3834368e,ds_16b6be697acb,01190,
quarter,2023-Q4,False,28,6,39,4.254545455,1,8,0.8965309035,ds_cbdf3834368e,ds_16b6be697acb,01190,
quarter,2023-Q4,False,29,5,39,4.254545455,1,8,0.3828934067,ds_cbdf3834368e,ds_16b6be697acb,01190,
quarter,2023-Q4,False,30,2,39,4.254545455,1,8,-1.158019084,ds_cbdf3834368e,ds_16b6be697acb,01190,
quarter,2023-Q4,False,31,1,39,4.254545455,1,8,-1.67165658,ds_cbdf3834368e,ds_16b6be697acb,01190,
quarter,2023-Q4,False,32,4,39,4.254545455,1,8,-0.1307440901,ds_cbdf3834368e,ds_16b6be697acb,01190,
quarter,2023-Q4,False,33,5,39,4.254545455,1,8,0.3828934067,ds_cbdf3834368e,ds_16b6be697acb,01190,
quarter,2023-Q4,False,34,7,39,4.254545455,1,8,1.4101684,ds_cbdf3834368e,ds_16b6be697acb,01190,
quarter,2023-Q4,False,35,4,39,4.254545455,1,8,-0.1307440901,ds_cbdf3834368e,ds_16b6be697acb,01190,
quarter,2023-Q4,False,36,3,39,4.254545455,1,8,-0.6443815869,ds_cbdf3834368e,ds_16b6be697acb,01190,
quarter,2023-Q4,False,37,8,39,4.254545455,1,8,1.923805897,ds_cbdf3834368e,ds_16b6be697acb,01190,
quarter,2023-Q4,False,38,3,39,4.254545455,1,8,-0.6443815869,ds_cbdf3834368e,ds_16b6be697acb,01190,
quarter,2023-Q4,False,39,5,39,4.254545455,1,8,0.3828934067,ds_cbdf3834368e,ds_16b6be697acb,01190,
quarter,2023-Q4,False,40,4,39,4.254545455,1,8,-0.1307440901,ds_cbdf3834368e,ds_16b6be697acb,01190,
quarter,2023-Q4,False,41,3,39,4.254545455,1,8,-0.6443815869,ds_cbdf3834368e,ds_16b6be697acb,01190,
quarter,2023-Q4,False,42,2,39,4.254545455,1,8,-1.158019084,ds_cbdf3834368e,ds_16b6be697acb,01190,
quarter,2023-Q4,False,43,3,39,4.254545455,1,8,-0.6443815869,ds_cbdf3834368e,ds_16b6be697acb,01190,
quarter,2023-Q4,False,44,4,39,4.254545455,1,8,-0.1307440901,ds_cbdf3834368e,ds_16b6be697acb,01190,
quarter,2023-Q4,False,45,1,39,4.254545455,1,8,-1.67165658,ds_cbdf3834368e,ds_16b6be697acb,01190,
quarter,2023-Q4,False,46,5,39,4.254545455,1,8,0.3828934067,ds_cbdf3834368e,ds_16b6be697acb,01190,
quarter,2023-Q4,False,47,9,39,4.254545455,1,8,2.437443394,ds_cbdf3834368e,ds_16b6be697acb,01190,
quarter,2023-Q4,False,48,9,39,4.254545455,1,8,2.437443394,ds_cbdf3834368e,ds_16b6be697acb,01190,
quarter,2023-Q4,False,49,2,39,4.254545455,1,8,-1.158019084,ds_cbdf3834368e,ds_16b6be697acb,01190,
quarter,2023-Q4,False,50,5,39,4.254545455,1,8,0.3828934067,ds_cbdf3834368e,ds_16b6be697acb,01190,
quarter,2023-Q4,False,51,3,39,4.254545455,1,8,-0.6443815869,ds_cbdf3834368e,ds_16b6be697acb,01190,
quarter,2023-Q4,False,52,8,39,4.254545455,1,8,1.923805897,ds_cbdf3834368e,ds_16b6be697acb,01190,
quarter,2023-Q4,False,53,4,39,4.254545455,1,8,-0.1307440901,ds_cbdf3834368e,ds_16b6be697acb,01190,
quarter,2023-Q4,False,54,1,39,4.254545455,1,8,-1.67165658,ds_cbdf3834368e,ds_16b6be697acb,01190,
quarter,2023-Q4,False,55,3,39,4.254545455,1,8,-0.6443815869,ds_cbdf3834368e,ds_16b6be697acb,01190,
quarter,2024-Q1,False,1,6,38,4.145454545,1,8,0.9650164316,ds_cbdf3834368e,ds_16b6be697acb,01190,
quarter,2024-Q1,False,2,3,38,4.145454545,1,8,-0.5960395607,ds_cbdf3834368e,ds_16b6be697acb,01190,
quarter,2024-Q1,False,3,4,38,4.145454545,1,8,-0.07568756326,ds_cbdf3834368e,ds_16b6be697acb,01190,
quarter,2024-Q1,False,4,3,38,4.145454545,1,8,-0.5960395607,ds_cbdf3834368e,ds_16b6be697acb,01190,
quarter,2024-Q1,False,5,2,38,4.145454545,1,8,-1.116391558,ds_cbdf3834368e,ds_16b6be697acb,01190,
quarter,2024-Q1,False,6,5,38,4.145454545,1,8,0.4446644342,ds_cbdf3834368e,ds_16b6be697acb,01190,
quarter,2024-Q1,False,7,6,38,4.145454545,1,8,0.9650164316,ds_cbdf3834368e,ds_16b6be697acb,01190,
quarter,2024-Q1,False,8,8,38,4.145454545,1,8,2.005720426,ds_cbdf3834368e,ds_16b6be697acb,01190,
quarter,2024-Q1,False,9,1,38,4.145454545,1,8,-1.636743556,ds_cbdf3834368e,ds_16b6be697acb,01190,
quarter,2024-Q1,False,10,3,38,4.145454545,1,8,-0.5960395607,ds_cbdf3834368e,ds_16b6be697acb,01190,
quarter,2024-Q1,False,11,3,38,4.145454545,1,8,-0.5960395607,ds_cbdf3834368e,ds_16b6be697acb,01190,
quarter,2024-Q1,False,12,5,38,4.145454545,1,8,0.4446644342,ds_cbdf3834368e,ds_16b6be697acb,01190,
quarter,2024-Q1,False,13,9,38,4.145454545,1,8,2.526072424,ds_cbdf3834368e,ds_16b6be697acb,01190,
quarter,2024-Q1,False,14,3,38,4.145454545,1,8,-0.5960395607,ds_cbdf3834368e,ds_16b6be697acb,01190,
quarter,2024-Q1,False,15,1,38,4.145454545,1,8,-1.636743556,ds_cbdf3834368e,ds_16b6be697acb,01190,
quarter,2024-Q1,False,16,2,38,4.145454545,1,8,-1.116391558,ds_cbdf3834368e,ds_16b6be697acb,01190,
quarter,2024-Q1,False,17,5,38,4.145454545,1,8,0.4446644342,ds_cbdf3834368e,ds_16b6be697acb,01190,
quarter,2024-Q1,False,18,6,38,4.145454545,1,8,0.9650164316,ds_cbdf3834368e,ds_16b6be697acb,01190,
quarter,2024-Q1,False,19,4,38,4.145454545,1,8,-0.07568756326,ds_cbdf3834368e,ds_16b6be697acb,01190,
quarter,2024-Q1,False,20,5,38,4.145454545,1,8,0.4446644342,ds_cbdf3834368e,ds_16b6be697acb,01190,
quarter,2024-Q1,False,21,5,38,4.145454545,1,8,0.4446644342,ds_cbdf3834368e,ds_16b6be697acb,01190,
quarter,2024-Q1,False,22,6,38,4.145454545,1,8,0.9650164316,ds_cbdf3834368e,ds_16b6be697acb,01190,
quarter,2024-Q1,False,23,3,38,4.145454545,1,8,-0.5960395607,ds_cbdf3834368e,ds_16b6be697acb,01190,
quarter,2024-Q1,False,24,3,38,4.145454545,1,8,-0.5960395607,ds_cbdf3834368e,ds_16b6be697acb,01190,
quarter,2024-Q1,False,25,3,38,4.145454545,1,8,-0.5960395607,ds_cbdf3834368e,ds_16b6be697acb,01190,
quarter,2024-Q1,False,26,4,38,4.145454545,1,8,-0.07568756326,ds_cbdf3834368e,ds_16b6be697acb,01190,
quarter,2024-Q1,False,27,6,38,4.145454545,1,8,0.9650164316,ds_cbdf3834368e,ds_16b6be697acb,01190,
quarter,2024-Q1,False,28,1,38,4.145454545,1,8,-1.636743556,ds_cbdf3834368e,ds_16b6be697acb,01190,
quarter,2024-Q1,False,29,2,38,4.145454545,1,8,-1.116391558,ds_cbdf3834368e,ds_16b6be697acb,01190,
quarter,2024-Q1,False,30,1,38,4.145454545,1,8,-1.636743556,ds_cbdf3834368e,ds_16b6be697acb,01190,
quarter,2024-Q1,False,31,5,38,4.145454545,1,8,0.4446644342,ds_cbdf3834368e,ds_16b6be697acb,01190,
quarter,2024-Q1,False,32,4,38,4.145454545,1,8,-0.07568756326,ds_cbdf3834368e,ds_16b6be697acb,01190,
quarter,2024-Q1,False,33,2,38,4.145454545,1,8,-1.116391558,ds_cbdf3834368e,ds_16b6be697acb,01190,
quarter,2024-Q1,False,34,6,38,4.145454545,1,8,0.9650164316,ds_cbdf3834368e,ds_16b6be697acb,01190,
quarter,2024-Q1,False,35,5,38,4.145454545,1,8,0.4446644342,ds_cbdf3834368e,ds_16b6be697acb,01190,
quarter,2024-Q1,False,36,3,38,4.145454545,1,8,-0.5960395607,ds_cbdf3834368e,ds_16b6be697acb,01190,
quarter,2024-Q1,False,37,2,38,4.145454545,1,8,-1.116391558,ds_cbdf3834368e,ds_16b6be697acb,01190,
quarter,2024-Q1,False,38,10,38,4.145454545,1,8,3.046424421,ds_cbdf3834368e,ds_16b6be697acb,01190,
quarter,2024-Q1,False,39,1,38,4.145454545,1,8,-1.636743556,ds_cbdf3834368e,ds_16b6be697acb,01190,
quarter,2024-Q1,False,40,5,38,4.145454545,1,8,0.4446644342,ds_cbdf3834368e,ds_16b6be697acb,01190,
quarter,2024-Q1,False,41,3,38,4.145454545,1,8,-0.5960395607,ds_cbdf3834368e,ds_16b6be697acb,01190,
quarter,2024-Q1,False,42,4,38,4.145454545,1,8,-0.07568756326,ds_cbdf3834368e,ds_16b6be697acb,01190,
quarter,2024-Q1,False,43,4,38,4.145454545,1,8,-0.07568756326,ds_cbdf3834368e,ds_16b6be697acb,01190,
quarter,2024-Q1,False,44,3,38,4.145454545,1,8,-0.5960395607,ds_cbdf3834368e,ds_16b6be697acb,01190,
quarter,2024-Q1,False,45,3,38,4.145454545,1,8,-0.5960395607,ds_cbdf3834368e,ds_16b6be697acb,01190,
quarter,2024-Q1,False,46,6,38,4.145454545,1,8,0.9650164316,ds_cbdf3834368e,ds_16b6be697acb,01190,
quarter,2024-Q1,False,47,1,38,4.145454545,1,8,-1.636743556,ds_cbdf3834368e,ds_16b6be697acb,01190,
quarter,2024-Q1,False,48,3,38,4.145454545,1,8,-0.5960395607,ds_cbdf3834368e,ds_16b6be697acb,01190,
quarter,2024-Q1,False,49,7,38,4.145454545,1,8,1.485368429,ds_cbdf3834368e,ds_16b6be697acb,01190,
quarter,2024-Q1,False,50,3,38,4.145454545,1,8,-0.5960395607,ds_cbdf3834368e,ds_16b6be697acb,01190,
quarter,2024-Q1,False,51,5,38,4.145454545,1,8,0.4446644342,ds_cbdf3834368e,ds_16b6be697acb,01190,
quarter,2024-Q1,False,52,8,38,4.145454545,1,8,2.005720426,ds_cbdf3834368e,ds_16b6be697acb,01190,
quarter,2024-Q1,False,53,4,38,4.145454545,1,8,-0.07568756326,ds_cbdf3834368e,ds_16b6be697acb,01190,
quarter,2024-Q1,False,54,5,38,4.145454545,1,8,0.4446644342,ds_cbdf3834368e,ds_16b6be697acb,01190,
quarter,2024-Q1,False,55,8,38,4.145454545,1,8,2.005720426,ds_cbdf3834368e,ds_16b6be697acb,01190,
quarter,2024-Q2,False,1,8,39,4.254545455,1,8,1.923805897,ds_cbdf3834368e,ds_16b6be697acb,01190,
quarter,2024-Q2,False,2,3,39,4.254545455,1,8,-0.6443815869,ds_cbdf3834368e,ds_16b6be697acb,01190,
quarter,2024-Q2,False,3,4,39,4.254545455,1,8,-0.1307440901,ds_cbdf3834368e,ds_16b6be697acb,01190,
quarter,2024-Q2,False,4,2,39,4.254545455,1,8,-1.158019084,ds_cbdf3834368e,ds_16b6be697acb,01190,
quarter,2024-Q2,False,5,5,39,4.254545455,1,8,0.3828934067,ds_cbdf3834368e,ds_16b6be697acb,01190,
quarter,2024-Q2,False,6,3,39,4.254545455,1,8,-0.6443815869,ds_cbdf3834368e,ds_16b6be697acb,01190,
quarter,2024-Q2,False,7,4,39,4.254545455,1,8,-0.1307440901,ds_cbdf3834368e,ds_16b6be697acb,01190,
quarter,2024-Q2,False,8,4,39,4.254545455,1,8,-0.1307440901,ds_cbdf3834368e,ds_16b6be697acb,01190,
quarter,2024-Q2,False,9,2,39,4.254545455,1,8,-1.158019084,ds_cbdf3834368e,ds_16b6be697acb,01190,
quarter,2024-Q2,False,10,3,39,4.254545455,1,8,-0.6443815869,ds_cbdf3834368e,ds_16b6be697acb,01190,
quarter,2024-Q2,False,11,1,39,4.254545455,1,8,-1.67165658,ds_cbdf3834368e,ds_16b6be697acb,01190,
quarter,2024-Q2,False,12,7,39,4.254545455,1,8,1.4101684,ds_cbdf3834368e,ds_16b6be697acb,01190,
quarter,2024-Q2,False,13,7,39,4.254545455,1,8,1.4101684,ds_cbdf3834368e,ds_16b6be697acb,01190,
quarter,2024-Q2,False,14,2,39,4.254545455,1,8,-1.158019084,ds_cbdf3834368e,ds_16b6be697acb,01190,
quarter,2024-Q2,False,15,3,39,4.254545455,1,8,-0.6443815869,ds_cbdf3834368e,ds_16b6be697acb,01190,
quarter,2024-Q2,False,16,4,39,4.254545455,1,8,-0.1307440901,ds_cbdf3834368e,ds_16b6be697acb,01190,
quarter,2024-Q2,False,17,2,39,4.254545455,1,8,-1.158019084,ds_cbdf3834368e,ds_16b6be697acb,01190,
quarter,2024-Q2,False,18,4,39,4.254545455,1,8,-0.1307440901,ds_cbdf3834368e,ds_16b6be697acb,01190,
quarter,2024-Q2,False,19,3,39,4.254545455,1,8,-0.6443815869,ds_cbdf3834368e,ds_16b6be697acb,01190,
quarter,2024-Q2,False,20,6,39,4.254545455,1,8,0.8965309035,ds_cbdf3834368e,ds_16b6be697acb,01190,
quarter,2024-Q2,False,21,5,39,4.254545455,1,8,0.3828934067,ds_cbdf3834368e,ds_16b6be697acb,01190,
quarter,2024-Q2,False,22,2,39,4.254545455,1,8,-1.158019084,ds_cbdf3834368e,ds_16b6be697acb,01190,
quarter,2024-Q2,False,23,4,39,4.254545455,1,8,-0.1307440901,ds_cbdf3834368e,ds_16b6be697acb,01190,
quarter,2024-Q2,False,24,1,39,4.254545455,1,8,-1.67165658,ds_cbdf3834368e,ds_16b6be697acb,01190,
quarter,2024-Q2,False,25,7,39,4.254545455,1,8,1.4101684,ds_cbdf3834368e,ds_16b6be697acb,01190,
quarter,2024-Q2,False,26,4,39,4.254545455,1,8,-0.1307440901,ds_cbdf3834368e,ds_16b6be697acb,01190,
quarter,2024-Q2,False,27,7,39,4.254545455,1,8,1.4101684,ds_cbdf3834368e,ds_16b6be697acb,01190,
quarter,2024-Q2,False,28,0,39,4.254545455,1,8,-2.185294077,ds_cbdf3834368e,ds_16b6be697acb,01190,
quarter,2024-Q2,False,29,3,39,4.254545455,1,8,-0.6443815869,ds_cbdf3834368e,ds_16b6be697acb,01190,
quarter,2024-Q2,False,30,4,39,4.254545455,1,8,-0.1307440901,ds_cbdf3834368e,ds_16b6be697acb,01190,
quarter,2024-Q2,False,31,3,39,4.254545455,1,8,-0.6443815869,ds_cbdf3834368e,ds_16b6be697acb,01190,
quarter,2024-Q2,False,32,6,39,4.254545455,1,8,0.8965309035,ds_cbdf3834368e,ds_16b6be697acb,01190,
quarter,2024-Q2,False,33,5,39,4.254545455,1,8,0.3828934067,ds_cbdf3834368e,ds_16b6be697acb,01190,
quarter,2024-Q2,False,34,3,39,4.254545455,1,8,-0.6443815869,ds_cbdf3834368e,ds_16b6be697acb,01190,
quarter,2024-Q2,False,35,5,39,4.254545455,1,8,0.3828934067,ds_cbdf3834368e,ds_16b6be697acb,01190,
quarter,2024-Q2,False,36,5,39,4.254545455,1,8,0.3828934067,ds_cbdf3834368e,ds_16b6be697acb,01190,
quarter,2024-Q2,False,37,3,39,4.254545455,1,8,-0.6443815869,ds_cbdf3834368e,ds_16b6be697acb,01190,
quarter,2024-Q2,False,38,6,39,4.254545455,1,8,0.8965309035,ds_cbdf3834368e,ds_16b6be697acb,01190,
quarter,2024-Q2,False,39,7,39,4.254545455,1,8,1.4101684,ds_cbdf3834368e,ds_16b6be697acb,01190,
quarter,2024-Q2,False,40,6,39,4.254545455,1,8,0.8965309035,ds_cbdf3834368e,ds_16b6be697acb,01190,
quarter,2024-Q2,False,41,5,39,4.254545455,1,8,0.3828934067,ds_cbdf3834368e,ds_16b6be697acb,01190,
quarter,2024-Q2,False,42,4,39,4.254545455,1,8,-0.1307440901,ds_cbdf3834368e,ds_16b6be697acb,01190,
quarter,2024-Q2,False,43,9,39,4.254545455,1,8,2.437443394,ds_cbdf3834368e,ds_16b6be697acb,01190,
quarter,2024-Q2,False,44,3,39,4.254545455,1,8,-0.6443815869,ds_cbdf3834368e,ds_16b6be697acb,01190,
quarter,2024-Q2,False,45,4,39,4.254545455,1,8,-0.1307440901,ds_cbdf3834368e,ds_16b6be697acb,01190,
quarter,2024-Q2,False,46,7,39,4.254545455,1,8,1.4101684,ds_cbdf3834368e,ds_16b6be697acb,01190,
quarter,2024-Q2,False,47,6,39,4.254545455,1,8,0.8965309035,ds_cbdf3834368e,ds_16b6be697acb,01190,
quarter,2024-Q2,False,48,4,39,4.254545455,1,8,-0.1307440901,ds_cbdf3834368e,ds_16b6be697acb,01190,
quarter,2024-Q2,False,49,5,39,4.254545455,1,8,0.3828934067,ds_cbdf3834368e,ds_16b6be697acb,01190,
quarter,2024-Q2,False,50,2,39,4.254545455,1,8,-1.158019084,ds_cbdf3834368e,ds_16b6be697acb,01190,
quarter,2024-Q2,False,51,6,39,4.254545455,1,8,0.8965309035,ds_cbdf3834368e,ds_16b6be697acb,01190,
quarter,2024-Q2,False,52,4,39,4.254545455,1,8,-0.1307440901,ds_cbdf3834368e,ds_16b6be697acb,01190,
quarter,2024-Q2,False,53,2,39,4.254545455,1,8,-1.158019084,ds_cbdf3834368e,ds_16b6be697acb,01190,
quarter,2024-Q2,False,54,6,39,4.254545455,1,8,0.8965309035,ds_cbdf3834368e,ds_16b6be697acb,01190,
quarter,2024-Q2,False,55,4,39,4.254545455,1,8,-0.1307440901,ds_cbdf3834368e,ds_16b6be697acb,01190,
quarter,2024-Q3,False,1,3,39,4.254545455,1,8,-0.6443815869,ds_cbdf3834368e,ds_16b6be697acb,01190,
quarter,2024-Q3,False,2,6,39,4.254545455,1,8,0.8965309035,ds_cbdf3834368e,ds_16b6be697acb,01190,
quarter,2024-Q3,False,3,3,39,4.254545455,1,8,-0.6443815869,ds_cbdf3834368e,ds_16b6be697acb,01190,
quarter,2024-Q3,False,4,2,39,4.254545455,1,8,-1.158019084,ds_cbdf3834368e,ds_16b6be697acb,01190,
quarter,2024-Q3,False,5,3,39,4.254545455,1,8,-0.6443815869,ds_cbdf3834368e,ds_16b6be697acb,01190,
quarter,2024-Q3,False,6,4,39,4.254545455,1,8,-0.1307440901,ds_cbdf3834368e,ds_16b6be697acb,01190,
quarter,2024-Q3,False,7,3,39,4.254545455,1,8,-0.6443815869,ds_cbdf3834368e,ds_16b6be697acb,01190,
quarter,2024-Q3,False,8,8,39,4.254545455,1,8,1.923805897,ds_cbdf3834368e,ds_16b6be697acb,01190,
quarter,2024-Q3,False,9,5,39,4.254545455,1,8,0.3828934067,ds_cbdf3834368e,ds_16b6be697acb,01190,
quarter,2024-Q3,False,10,5,39,4.254545455,1,8,0.3828934067,ds_cbdf3834368e,ds_16b6be697acb,01190,
quarter,2024-Q3,False,11,7,39,4.254545455,1,8,1.4101684,ds_cbdf3834368e,ds_16b6be697acb,01190,
quarter,2024-Q3,False,12,5,39,4.254545455,1,8,0.3828934067,ds_cbdf3834368e,ds_16b6be697acb,01190,
quarter,2024-Q3,False,13,3,39,4.254545455,1,8,-0.6443815869,ds_cbdf3834368e,ds_16b6be697acb,01190,
quarter,2024-Q3,False,14,2,39,4.254545455,1,8,-1.158019084,ds_cbdf3834368e,ds_16b6be697acb,01190,
quarter,2024-Q3,False,15,2,39,4.254545455,1,8,-1.158019084,ds_cbdf3834368e,ds_16b6be697acb,01190,
quarter,2024-Q3,False,16,1,39,4.254545455,1,8,-1.67165658,ds_cbdf3834368e,ds_16b6be697acb,01190,
quarter,2024-Q3,False,17,4,39,4.254545455,1,8,-0.1307440901,ds_cbdf3834368e,ds_16b6be697acb,01190,
quarter,2024-Q3,False,18,4,39,4.254545455,1,8,-0.1307440901,ds_cbdf3834368e,ds_16b6be697acb,01190,
quarter,2024-Q3,False,19,1,39,4.254545455,1,8,-1.67165658,ds_cbdf3834368e,ds_16b6be697acb,01190,
quarter,2024-Q3,False,20,8,39,4.254545455,1,8,1.923805897,ds_cbdf3834368e,ds_16b6be697acb,01190,
quarter,2024-Q3,False,21,5,39,4.254545455,1,8,0.3828934067,ds_cbdf3834368e,ds_16b6be697acb,01190,
quarter,2024-Q3,False,22,7,39,4.254545455,1,8,1.4101684,ds_cbdf3834368e,ds_16b6be697acb,01190,
quarter,2024-Q3,False,23,7,39,4.254545455,1,8,1.4101684,ds_cbdf3834368e,ds_16b6be697acb,01190,
quarter,2024-Q3,False,24,4,39,4.254545455,1,8,-0.1307440901,ds_cbdf3834368e,ds_16b6be697acb,01190,
quarter,2024-Q3,False,25,4,39,4.254545455,1,8,-0.1307440901,ds_cbdf3834368e,ds_16b6be697acb,01190,
quarter,2024-Q3,False,26,3,39,4.254545455,1,8,-0.6443815869,ds_cbdf3834368e,ds_16b6be697acb,01190,
quarter,2024-Q3,False,27,1,39,4.254545455,1,8,-1.67165658,ds_cbdf3834368e,ds_16b6be697acb,01190,
quarter,2024-Q3,False,28,3,39,4.254545455,1,8,-0.6443815869,ds_cbdf3834368e,ds_16b6be697acb,01190,
quarter,2024-Q3,False,29,6,39,4.254545455,1,8,0.8965309035,ds_cbdf3834368e,ds_16b6be697acb,01190,
quarter,2024-Q3,False,30,1,39,4.254545455,1,8,-1.67165658,ds_cbdf3834368e,ds_16b6be697acb,01190,
quarter,2024-Q3,False,31,4,39,4.254545455,1,8,-0.1307440901,ds_cbdf3834368e,ds_16b6be697acb,01190,
quarter,2024-Q3,False,32,6,39,4.254545455,1,8,0.8965309035,ds_cbdf3834368e,ds_16b6be697acb,01190,
quarter,2024-Q3,False,33,4,39,4.254545455,1,8,-0.1307440901,ds_cbdf3834368e,ds_16b6be697acb,01190,
quarter,2024-Q3,False,34,8,39,4.254545455,1,8,1.923805897,ds_cbdf3834368e,ds_16b6be697acb,01190,
quarter,2024-Q3,False,35,2,39,4.254545455,1,8,-1.158019084,ds_cbdf3834368e,ds_16b6be697acb,01190,
quarter,2024-Q3,False,36,3,39,4.254545455,1,8,-0.6443815869,ds_cbdf3834368e,ds_16b6be697acb,01190,
quarter,2024-Q3,False,37,4,39,4.254545455,1,8,-0.1307440901,ds_cbdf3834368e,ds_16b6be697acb,01190,
quarter,2024-Q3,False,38,6,39,4.254545455,1,8,0.8965309035,ds_cbdf3834368e,ds_16b6be697acb,01190,
quarter,2024-Q3,False,39,6,39,4.254545455,1,8,0.8965309035,ds_cbdf3834368e,ds_16b6be697acb,01190,
quarter,2024-Q3,False,40,7,39,4.254545455,1,8,1.4101684,ds_cbdf3834368e,ds_16b6be697acb,01190,
quarter,2024-Q3,False,41,6,39,4.254545455,1,8,0.8965309035,ds_cbdf3834368e,ds_16b6be697acb,01190,
quarter,2024-Q3,False,42,4,39,4.254545455,1,8,-0.1307440901,ds_cbdf3834368e,ds_16b6be697acb,01190,
quarter,2024-Q3,False,43,2,39,4.254545455,1,8,-1.158019084,ds_cbdf3834368e,ds_16b6be697acb,01190,
quarter,2024-Q3,False,44,3,39,4.254545455,1,8,-0.6443815869,ds_cbdf3834368e,ds_16b6be697acb,01190,
quarter,2024-Q3,False,45,4,39,4.254545455,1,8,-0.1307440901,ds_cbdf3834368e,ds_16b6be697acb,01190,
quarter,2024-Q3,False,46,5,39,4.254545455,1,8,0.3828934067,ds_cbdf3834368e,ds_16b6be697acb,01190,
quarter,2024-Q3,False,47,3,39,4.254545455,1,8,-0.6443815869,ds_cbdf3834368e,ds_16b6be697acb,01190,
quarter,2024-Q3,False,48,6,39,4.254545455,1,8,0.8965309035,ds_cbdf3834368e,ds_16b6be697acb,01190,
quarter,2024-Q3,False,49,2,39,4.254545455,1,8,-1.158019084,ds_cbdf3834368e,ds_16b6be697acb,01190,
quarter,2024-Q3,False,50,2,39,4.254545455,1,8,-1.158019084,ds_cbdf3834368e,ds_16b6be697acb,01190,
quarter,2024-Q3,False,51,5,39,4.254545455,1,8,0.3828934067,ds_cbdf3834368e,ds_16b6be697acb,01190,
quarter,2024-Q3,False,52,3,39,4.254545455,1,8,-0.6443815869,ds_cbdf3834368e,ds_16b6be697acb,01190,
quarter,2024-Q3,False,53,5,39,4.254545455,1,8,0.3828934067,ds_cbdf3834368e,ds_16b6be697acb,01190,
quarter,2024-Q3,False,54,7,39,4.254545455,1,8,1.4101684,ds_cbdf3834368e,ds_16b6be697acb,01190,
quarter,2024-Q3,False,55,7,39,4.254545455,1,8,1.4101684,ds_cbdf3834368e,ds_16b6be697acb,01190,
quarter,2024-Q4,False,1,4,40,4.363636364,1,9,-0.1844277784,ds_cbdf3834368e,ds_16b6be697acb,01190,
quarter,2024-Q4,False,2,3,40,4.363636364,1,9,-0.691604169,ds_cbdf3834368e,ds_16b6be697acb,01190,
quarter,2024-Q4,False,3,3,40,4.363636364,1,9,-0.691604169,ds_cbdf3834368e,ds_16b6be697acb,01190,
quarter,2024-Q4,False,4,4,40,4.363636364,1,9,-0.1844277784,ds_cbdf3834368e,ds_16b6be697acb,01190,
quarter,2024-Q4,False,5,4,40,4.363636364,1,9,-0.1844277784,ds_cbdf3834368e,ds_16b6be697acb,01190,
quarter,2024-Q4,False,6,5,40,4.363636364,1,9,0.3227486122,ds_cbdf3834368e,ds_16b6be697acb,01190,
quarter,2024-Q4,False,7,1,40,4.363636364,1,9,-1.70595695,ds_cbdf3834368e,ds_16b6be697acb,01190,
quarter,2024-Q4,False,8,2,40,4.363636364,1,9,-1.19878056,ds_cbdf3834368e,ds_16b6be697acb,01190,
quarter,2024-Q4,False,9,5,40,4.363636364,1,9,0.3227486122,ds_cbdf3834368e,ds_16b6be697acb,01190,
quarter,2024-Q4,False,10,4,40,4.363636364,1,9,-0.1844277784,ds_cbdf3834368e,ds_16b6be697acb,01190,
quarter,2024-Q4,False,11,4,40,4.363636364,1,9,-0.1844277784,ds_cbdf3834368e,ds_16b6be697acb,01190,
quarter,2024-Q4,False,12,3,40,4.363636364,1,9,-0.691604169,ds_cbdf3834368e,ds_16b6be697acb,01190,
quarter,2024-Q4,False,13,2,40,4.363636364,1,9,-1.19878056,ds_cbdf3834368e,ds_16b6be697acb,01190,
quarter,2024-Q4,False,14,5,40,4.363636364,1,9,0.3227486122,ds_cbdf3834368e,ds_16b6be697acb,01190,
quarter,2024-Q4,False,15,4,40,4.363636364,1,9,-0.1844277784,ds_cbdf3834368e,ds_16b6be697acb,01190,
quarter,2024-Q4,False,16,8,40,4.363636364,1,9,1.844277784,ds_cbdf3834368e,ds_16b6be697acb,01190,
quarter,2024-Q4,False,17,7,40,4.363636364,1,9,1.337101393,ds_cbdf3834368e,ds_16b6be697acb,01190,
quarter,2024-Q4,False,18,4,40,4.363636364,1,9,-0.1844277784,ds_cbdf3834368e,ds_16b6be697acb,01190,
quarter,2024-Q4,False,19,6,40,4.363636364,1,9,0.8299250028,ds_cbdf3834368e,ds_16b6be697acb,01190,
quarter,2024-Q4,False,20,5,40,4.363636364,1,9,0.3227486122,ds_cbdf3834368e,ds_16b6be697acb,01190,
quarter,2024-Q4,False,21,5,40,4.363636364,1,9,0.3227486122,ds_cbdf3834368e,ds_16b6be697acb,01190,
quarter,2024-Q4,False,22,5,40,4.363636364,1,9,0.3227486122,ds_cbdf3834368e,ds_16b6be697acb,01190,
quarter,2024-Q4,False,23,1,40,4.363636364,1,9,-1.70595695,ds_cbdf3834368e,ds_16b6be697acb,01190,
quarter,2024-Q4,False,24,5,40,4.363636364,1,9,0.3227486122,ds_cbdf3834368e,ds_16b6be697acb,01190,
quarter,2024-Q4,False,25,3,40,4.363636364,1,9,-0.691604169,ds_cbdf3834368e,ds_16b6be697acb,01190,
quarter,2024-Q4,False,26,5,40,4.363636364,1,9,0.3227486122,ds_cbdf3834368e,ds_16b6be697acb,01190,
quarter,2024-Q4,False,27,4,40,4.363636364,1,9,-0.1844277784,ds_cbdf3834368e,ds_16b6be697acb,01190,
quarter,2024-Q4,False,28,2,40,4.363636364,1,9,-1.19878056,ds_cbdf3834368e,ds_16b6be697acb,01190,
quarter,2024-Q4,False,29,9,40,4.363636364,1,9,2.351454174,ds_cbdf3834368e,ds_16b6be697acb,01190,
quarter,2024-Q4,False,30,3,40,4.363636364,1,9,-0.691604169,ds_cbdf3834368e,ds_16b6be697acb,01190,
quarter,2024-Q4,False,31,6,40,4.363636364,1,9,0.8299250028,ds_cbdf3834368e,ds_16b6be697acb,01190,
quarter,2024-Q4,False,32,4,40,4.363636364,1,9,-0.1844277784,ds_cbdf3834368e,ds_16b6be697acb,01190,
quarter,2024-Q4,False,33,4,40,4.363636364,1,9,-0.1844277784,ds_cbdf3834368e,ds_16b6be697acb,01190,
quarter,2024-Q4,False,34,5,40,4.363636364,1,9,0.3227486122,ds_cbdf3834368e,ds_16b6be697acb,01190,
quarter,2024-Q4,False,35,3,40,4.363636364,1,9,-0.691604169,ds_cbdf3834368e,ds_16b6be697acb,01190,
quarter,2024-Q4,False,36,3,40,4.363636364,1,9,-0.691604169,ds_cbdf3834368e,ds_16b6be697acb,01190,
quarter,2024-Q4,False,37,4,40,4.363636364,1,9,-0.1844277784,ds_cbdf3834368e,ds_16b6be697acb,01190,
quarter,2024-Q4,False,38,5,40,4.363636364,1,9,0.3227486122,ds_cbdf3834368e,ds_16b6be697acb,01190,
quarter,2024-Q4,False,39,7,40,4.363636364,1,9,1.337101393,ds_cbdf3834368e,ds_16b6be697acb,01190,
quarter,2024-Q4,False,40,4,40,4.363636364,1,9,-0.1844277784,ds_cbdf3834368e,ds_16b6be697acb,01190,
quarter,2024-Q4,False,41,8,40,4.363636364,1,9,1.844277784,ds_cbdf3834368e,ds_16b6be697acb,01190,
quarter,2024-Q4,False,42,7,40,4.363636364,1,9,1.337101393,ds_cbdf3834368e,ds_16b6be697acb,01190,
quarter,2024-Q4,False,43,5,40,4.363636364,1,9,0.3227486122,ds_cbdf3834368e,ds_16b6be697acb,01190,
quarter,2024-Q4,False,44,4,40,4.363636364,1,9,-0.1844277784,ds_cbdf3834368e,ds_16b6be697acb,01190,
quarter,2024-Q4,False,45,2,40,4.363636364,1,9,-1.19878056,ds_cbdf3834368e,ds_16b6be697acb,01190,
quarter,2024-Q4,False,46,3,40,4.363636364,1,9,-0.691604169,ds_cbdf3834368e,ds_16b6be697acb,01190,
quarter,2024-Q4,False,47,4,40,4.363636364,1,9,-0.1844277784,ds_cbdf3834368e,ds_16b6be697acb,01190,
quarter,2024-Q4,False,48,4,40,4.363636364,1,9,-0.1844277784,ds_cbdf3834368e,ds_16b6be697acb,01190,
quarter,2024-Q4,False,49,3,40,4.363636364,1,9,-0.691604169,ds_cbdf3834368e,ds_16b6be697acb,01190,
quarter,2024-Q4,False,50,4,40,4.363636364,1,9,-0.1844277784,ds_cbdf3834368e,ds_16b6be697acb,01190,
quarter,2024-Q4,False,51,11,40,4.363636364,1,9,3.365806956,ds_cbdf3834368e,ds_16b6be697acb,01190,
quarter,2024-Q4,False,52,4,40,4.363636364,1,9,-0.1844277784,ds_cbdf3834368e,ds_16b6be697acb,01190,
quarter,2024-Q4,False,53,5,40,4.363636364,1,9,0.3227486122,ds_cbdf3834368e,ds_16b6be697acb,01190,
quarter,2024-Q4,False,54,4,40,4.363636364,1,9,-0.1844277784,ds_cbdf3834368e,ds_16b6be697acb,01190,
quarter,2024-Q4,False,55,2,40,4.363636364,1,9,-1.19878056,ds_cbdf3834368e,ds_16b6be697acb,01190,
quarter,2025-Q1,False,1,8,37,4.036363636,1,8,2.090171715,ds_cbdf3834368e,ds_16b6be697acb,01190,
quarter,2025-Q1,False,2,4,37,4.036363636,1,8,-0.01917588729,ds_cbdf3834368e,ds_16b6be697acb,01190,
quarter,2025-Q1,False,3,2,37,4.036363636,1,8,-1.073849688,ds_cbdf3834368e,ds_16b6be697acb,01190,
quarter,2025-Q1,False,4,3,37,4.036363636,1,8,-0.5465127878,ds_cbdf3834368e,ds_16b6be697acb,01190,
quarter,2025-Q1,False,5,5,37,4.036363636,1,8,0.5081610132,ds_cbdf3834368e,ds_16b6be697acb,01190,
quarter,2025-Q1,False,6,0,37,4.036363636,1,8,-2.128523489,ds_cbdf3834368e,ds_16b6be697acb,01190,
quarter,2025-Q1,False,7,4,37,4.036363636,1,8,-0.01917588729,ds_cbdf3834368e,ds_16b6be697acb,01190,
quarter,2025-Q1,False,8,4,37,4.036363636,1,8,-0.01917588729,ds_cbdf3834368e,ds_16b6be697acb,01190,
quarter,2025-Q1,False,9,3,37,4.036363636,1,8,-0.5465127878,ds_cbdf3834368e,ds_16b6be697acb,01190,
quarter,2025-Q1,False,10,5,37,4.036363636,1,8,0.5081610132,ds_cbdf3834368e,ds_16b6be697acb,01190,
quarter,2025-Q1,False,11,7,37,4.036363636,1,8,1.562834814,ds_cbdf3834368e,ds_16b6be697acb,01190,
quarter,2025-Q1,False,12,2,37,4.036363636,1,8,-1.073849688,ds_cbdf3834368e,ds_16b6be697acb,01190,
quarter,2025-Q1,False,13,5,37,4.036363636,1,8,0.5081610132,ds_cbdf3834368e,ds_16b6be697acb,01190,
quarter,2025-Q1,False,14,4,37,4.036363636,1,8,-0.01917588729,ds_cbdf3834368e,ds_16b6be697acb,01190,
quarter,2025-Q1,False,15,1,37,4.036363636,1,8,-1.601186589,ds_cbdf3834368e,ds_16b6be697acb,01190,
quarter,2025-Q1,False,16,3,37,4.036363636,1,8,-0.5465127878,ds_cbdf3834368e,ds_16b6be697acb,01190,
quarter,2025-Q1,False,17,3,37,4.036363636,1,8,-0.5465127878,ds_cbdf3834368e,ds_16b6be697acb,01190,
quarter,2025-Q1,False,18,6,37,4.036363636,1,8,1.035497914,ds_cbdf3834368e,ds_16b6be697acb,01190,
quarter,2025-Q1,False,19,1,37,4.036363636,1,8,-1.601186589,ds_cbdf3834368e,ds_16b6be697acb,01190,
quarter,2025-Q1,False,20,2,37,4.036363636,1,8,-1.073849688,ds_cbdf3834368e,ds_16b6be697acb,01190,
quarter,2025-Q1,False,21,7,37,4.036363636,1,8,1.562834814,ds_cbdf3834368e,ds_16b6be697acb,01190,
quarter,2025-Q1,False,22,7,37,4.036363636,1,8,1.562834814,ds_cbdf3834368e,ds_16b6be697acb,01190,
quarter,2025-Q1,False,23,4,37,4.036363636,1,8,-0.01917588729,ds_cbdf3834368e,ds_16b6be697acb,01190,
quarter,2025-Q1,False,24,5,37,4.036363636,1,8,0.5081610132,ds_cbdf3834368e,ds_16b6be697acb,01190,
quarter,2025-Q1,False,25,2,37,4.036363636,1,8,-1.073849688,ds_cbdf3834368e,ds_16b6be697acb,01190,
quarter,2025-Q1,False,26,5,37,4.036363636,1,8,0.5081610132,ds_cbdf3834368e,ds_16b6be697acb,01190,
quarter,2025-Q1,False,27,2,37,4.036363636,1,8,-1.073849688,ds_cbdf3834368e,ds_16b6be697acb,01190,
quarter,2025-Q1,False,28,4,37,4.036363636,1,8,-0.01917588729,ds_cbdf3834368e,ds_16b6be697acb,01190,
quarter,2025-Q1,False,29,5,37,4.036363636,1,8,0.5081610132,ds_cbdf3834368e,ds_16b6be697acb,01190,
quarter,2025-Q1,False,30,6,37,4.036363636,1,8,1.035497914,ds_cbdf3834368e,ds_16b6be697acb,01190,
quarter,2025-Q1,False,31,5,37,4.036363636,1,8,0.5081610132,ds_cbdf3834368e,ds_16b6be697acb,01190,
quarter,2025-Q1,False,32,1,37,4.036363636,1,8,-1.601186589,ds_cbdf3834368e,ds_16b6be697acb,01190,
quarter,2025-Q1,False,33,1,37,4.036363636,1,8,-1.601186589,ds_cbdf3834368e,ds_16b6be697acb,01190,
quarter,2025-Q1,False,34,5,37,4.036363636,1,8,0.5081610132,ds_cbdf3834368e,ds_16b6be697acb,01190,
quarter,2025-Q1,False,35,2,37,4.036363636,1,8,-1.073849688,ds_cbdf3834368e,ds_16b6be697acb,01190,
quarter,2025-Q1,False,36,4,37,4.036363636,1,8,-0.01917588729,ds_cbdf3834368e,ds_16b6be697acb,01190,
quarter,2025-Q1,False,37,5,37,4.036363636,1,8,0.5081610132,ds_cbdf3834368e,ds_16b6be697acb,01190,
quarter,2025-Q1,False,38,4,37,4.036363636,1,8,-0.01917588729,ds_cbdf3834368e,ds_16b6be697acb,01190,
quarter,2025-Q1,False,39,4,37,4.036363636,1,8,-0.01917588729,ds_cbdf3834368e,ds_16b6be697acb,01190,
quarter,2025-Q1,False,40,7,37,4.036363636,1,8,1.562834814,ds_cbdf3834368e,ds_16b6be697acb,01190,
quarter,2025-Q1,False,41,5,37,4.036363636,1,8,0.5081610132,ds_cbdf3834368e,ds_16b6be697acb,01190,
quarter,2025-Q1,False,42,4,37,4.036363636,1,8,-0.01917588729,ds_cbdf3834368e,ds_16b6be697acb,01190,
quarter,2025-Q1,False,43,6,37,4.036363636,1,8,1.035497914,ds_cbdf3834368e,ds_16b6be697acb,01190,
quarter,2025-Q1,False,44,2,37,4.036363636,1,8,-1.073849688,ds_cbdf3834368e,ds_16b6be697acb,01190,
quarter,2025-Q1,False,45,5,37,4.036363636,1,8,0.5081610132,ds_cbdf3834368e,ds_16b6be697acb,01190,
quarter,2025-Q1,False,46,2,37,4.036363636,1,8,-1.073849688,ds_cbdf3834368e,ds_16b6be697acb,01190,
quarter,2025-Q1,False,47,5,37,4.036363636,1,8,0.5081610132,ds_cbdf3834368e,ds_16b6be697acb,01190,
quarter,2025-Q1,False,48,5,37,4.036363636,1,8,0.5081610132,ds_cbdf3834368e,ds_16b6be697acb,01190,
quarter,2025-Q1,False,49,2,37,4.036363636,1,8,-1.073849688,ds_cbdf3834368e,ds_16b6be697acb,01190,
quarter,2025-Q1,False,50,6,37,4.036363636,1,8,1.035497914,ds_cbdf3834368e,ds_16b6be697acb,01190,
quarter,2025-Q1,False,51,6,37,4.036363636,1,8,1.035497914,ds_cbdf3834368e,ds_16b6be697acb,01190,
quarter,2025-Q1,False,52,5,37,4.036363636,1,8,0.5081610132,ds_cbdf3834368e,ds_16b6be697acb,01190,
quarter,2025-Q1,False,53,6,37,4.036363636,1,8,1.035497914,ds_cbdf3834368e,ds_16b6be697acb,01190,
quarter,2025-Q1,False,54,3,37,4.036363636,1,8,-0.5465127878,ds_cbdf3834368e,ds_16b6be697acb,01190,
quarter,2025-Q1,False,55,3,37,4.036363636,1,8,-0.5465127878,ds_cbdf3834368e,ds_16b6be697acb,01190,
quarter,2025-Q2,True,1,2,20,2.181818182,0,5,-0.1304101327,ds_cbdf3834368e,ds_16b6be697acb,01190,
quarter,2025-Q2,True,2,1,20,2.181818182,0,5,-0.8476658628,ds_cbdf3834368e,ds_16b6be697acb,01190,
quarter,2025-Q2,True,3,5,20,2.181818182,0,5,2.021357057,ds_cbdf3834368e,ds_16b6be697acb,01190,
quarter,2025-Q2,True,4,0,20,2.181818182,0,5,-1.564921593,ds_cbdf3834368e,ds_16b6be697acb,01190,
quarter,2025-Q2,True,5,1,20,2.181818182,0,5,-0.8476658628,ds_cbdf3834368e,ds_16b6be697acb,01190,
quarter,2025-Q2,True,6,1,20,2.181818182,0,5,-0.8476658628,ds_cbdf3834368e,ds_16b6be697acb,01190,
quarter,2025-Q2,True,7,3,20,2.181818182,0,5,0.5868455973,ds_cbdf3834368e,ds_16b6be697acb,01190,
quarter,2025-Q2,True,8,2,20,2.181818182,0,5,-0.1304101327,ds_cbdf3834368e,ds_16b6be697acb,01190,
quarter,2025-Q2,True,9,1,20,2.181818182,0,5,-0.8476658628,ds_cbdf3834368e,ds_16b6be697acb,01190,
quarter,2025-Q2,True,10,2,20,2.181818182,0,5,-0.1304101327,ds_cbdf3834368e,ds_16b6be697acb,01190,
quarter,2025-Q2,True,11,1,20,2.181818182,0,5,-0.8476658628,ds_cbdf3834368e,ds_16b6be697acb,01190,
quarter,2025-Q2,True,12,1,20,2.181818182,0,5,-0.8476658628,ds_cbdf3834368e,ds_16b6be697acb,01190,
quarter,2025-Q2,True,13,3,20,2.181818182,0,5,0.5868455973,ds_cbdf3834368e,ds_16b6be697acb,01190,
quarter,2025-Q2,True,14,4,20,2.181818182,0,5,1.304101327,ds_cbdf3834368e,ds_16b6be697acb,01190,
quarter,2025-Q2,True,15,6,20,2.181818182,0,5,2.738612788,ds_cbdf3834368e,ds_16b6be697acb,01190,
quarter,2025-Q2,True,16,3,20,2.181818182,0,5,0.5868455973,ds_cbdf3834368e,ds_16b6be697acb,01190,
quarter,2025-Q2,True,17,2,20,2.181818182,0,5,-0.1304101327,ds_cbdf3834368e,ds_16b6be697acb,01190,
quarter,2025-Q2,True,18,1,20,2.181818182,0,5,-0.8476658628,ds_cbdf3834368e,ds_16b6be697acb,01190,
quarter,2025-Q2,True,19,4,20,2.181818182,0,5,1.304101327,ds_cbdf3834368e,ds_16b6be697acb,01190,
quarter,2025-Q2,True,20,1,20,2.181818182,0,5,-0.8476658628,ds_cbdf3834368e,ds_16b6be697acb,01190,
quarter,2025-Q2,True,21,1,20,2.181818182,0,5,-0.8476658628,ds_cbdf3834368e,ds_16b6be697acb,01190,
quarter,2025-Q2,True,22,0,20,2.181818182,0,5,-1.564921593,ds_cbdf3834368e,ds_16b6be697acb,01190,
quarter,2025-Q2,True,23,3,20,2.181818182,0,5,0.5868455973,ds_cbdf3834368e,ds_16b6be697acb,01190,
quarter,2025-Q2,True,24,3,20,2.181818182,0,5,0.5868455973,ds_cbdf3834368e,ds_16b6be697acb,01190,
quarter,2025-Q2,True,25,2,20,2.181818182,0,5,-0.1304101327,ds_cbdf3834368e,ds_16b6be697acb,01190,
quarter,2025-Q2,True,26,2,20,2.181818182,0,5,-0.1304101327,ds_cbdf3834368e,ds_16b6be697acb,01190,
quarter,2025-Q2,True,27,1,20,2.181818182,0,5,-0.8476658628,ds_cbdf3834368e,ds_16b6be697acb,01190,
quarter,2025-Q2,True,28,3,20,2.181818182,0,5,0.5868455973,ds_cbdf3834368e,ds_16b6be697acb,01190,
quarter,2025-Q2,True,29,3,20,2.181818182,0,5,0.5868455973,ds_cbdf3834368e,ds_16b6be697acb,01190,
quarter,2025-Q2,True,30,1,20,2.181818182,0,5,-0.8476658628,ds_cbdf3834368e,ds_16b6be697acb,01190,
quarter,2025-Q2,True,31,1,20,2.181818182,0,5,-0.8476658628,ds_cbdf3834368e,ds_16b6be697acb,01190,
quarter,2025-Q2,True,32,2,20,2.181818182,0,5,-0.1304101327,ds_cbdf3834368e,ds_16b6be697acb,01190,
quarter,2025-Q2,True,33,2,20,2.181818182,0,5,-0.1304101327,ds_cbdf3834368e,ds_16b6be697acb,01190,
quarter,2025-Q2,True,34,3,20,2.181818182,0,5,0.5868455973,ds_cbdf3834368e,ds_16b6be697acb,01190,
quarter,2025-Q2,True,35,0,20,2.181818182,0,5,-1.564921593,ds_cbdf3834368e,ds_16b6be697acb,01190,
quarter,2025-Q2,True,36,1,20,2.181818182,0,5,-0.8476658628,ds_cbdf3834368e,ds_16b6be697acb,01190,
quarter,2025-Q2,True,37,4,20,2.181818182,0,5,1.304101327,ds_cbdf3834368e,ds_16b6be697acb,01190,
quarter,2025-Q2,True,38,1,20,2.181818182,0,5,-0.8476658628,ds_cbdf3834368e,ds_16b6be697acb,01190,
quarter,2025-Q2,True,39,5,20,2.181818182,0,5,2.021357057,ds_cbdf3834368e,ds_16b6be697acb,01190,
quarter,2025-Q2,True,40,3,20,2.181818182,0,5,0.5868455973,ds_cbdf3834368e,ds_16b6be697acb,01190,
quarter,2025-Q2,True,41,5,20,2.181818182,0,5,2.021357057,ds_cbdf3834368e,ds_16b6be697acb,01190,
quarter,2025-Q2,True,42,6,20,2.181818182,0,5,2.738612788,ds_cbdf3834368e,ds_16b6be697acb,01190,
quarter,2025-Q2,True,43,2,20,2.181818182,0,5,-0.1304101327,ds_cbdf3834368e,ds_16b6be697acb,01190,
quarter,2025-Q2,True,44,1,20,2.181818182,0,5,-0.8476658628,ds_cbdf3834368e,ds_16b6be697acb,01190,
quarter,2025-Q2,True,45,1,20,2.181818182,0,5,-0.8476658628,ds_cbdf3834368e,ds_16b6be697acb,01190,
quarter,2025-Q2,True,46,0,20,2.181818182,0,5,-1.564921593,ds_cbdf3834368e,ds_16b6be697acb,01190,
quarter,2025-Q2,True,47,3,20,2.181818182,0,5,0.5868455973,ds_cbdf3834368e,ds_16b6be697acb,01190,
quarter,2025-Q2,True,48,2,20,2.181818182,0,5,-0.1304101327,ds_cbdf3834368e,ds_16b6be697acb,01190,
quarter,2025-Q2,True,49,3,20,2.181818182,0,5,0.5868455973,ds_cbdf3834368e,ds_16b6be697acb,01190,
quarter,2025-Q2,True,50,3,20,2.181818182,0,5,0.5868455973,ds_cbdf3834368e,ds_16b6be697acb,01190,
quarter,2025-Q2,True,51,2,20,2.181818182,0,5,-0.1304101327,ds_cbdf3834368e,ds_16b6be697acb,01190,
quarter,2025-Q2,True,52,2,20,2.181818182,0,5,-0.1304101327,ds_cbdf3834368e,ds_16b6be697acb,01190,
quarter,2025-Q2,True,53,1,20,2.181818182,0,5,-0.8476658628,ds_cbdf3834368e,ds_16b6be697acb,01190,
quarter,2025-Q2,True,54,2,20,2.181818182,0,5,-0.1304101327,ds_cbdf3834368e,ds_16b6be697acb,01190,
quarter,2025-Q2,True,55,2,20,2.181818182,0,5,-0.1304101327,ds_cbdf3834368e,ds_16b6be697acb,01190,
year,2017,True,1,8,66,7.2,3,12,0.3158690277,ds_cbdf3834368e,ds_16b6be697acb,01190,
year,2017,True,2,9,66,7.2,3,12,0.7107053122,ds_cbdf3834368e,ds_16b6be697acb,01190,
year,2017,True,3,7,66,7.2,3,12,-0.07896725691,ds_cbdf3834368e,ds_16b6be697acb,01190,
year,2017,True,4,5,66,7.2,3,12,-0.868639826,ds_cbdf3834368e,ds_16b6be697acb,01190,
year,2017,True,5,9,66,7.2,3,12,0.7107053122,ds_cbdf3834368e,ds_16b6be697acb,01190,
year,2017,True,6,5,66,7.2,3,12,-0.868639826,ds_cbdf3834368e,ds_16b6be697acb,01190,
year,2017,True,7,8,66,7.2,3,12,0.3158690277,ds_cbdf3834368e,ds_16b6be697acb,01190,
year,2017,True,8,9,66,7.2,3,12,0.7107053122,ds_cbdf3834368e,ds_16b6be697acb,01190,
year,2017,True,9,11,66,7.2,3,12,1.500377881,ds_cbdf3834368e,ds_16b6be697acb,01190,
year,2017,True,10,5,66,7.2,3,12,-0.868639826,ds_cbdf3834368e,ds_16b6be697acb,01190,
year,2017,True,11,10,66,7.2,3,12,1.105541597,ds_cbdf3834368e,ds_16b6be697acb,01190,
year,2017,True,12,10,66,7.2,3,12,1.105541597,ds_cbdf3834368e,ds_16b6be697acb,01190,
year,2017,True,13,9,66,7.2,3,12,0.7107053122,ds_cbdf3834368e,ds_16b6be697acb,01190,
year,2017,True,14,5,66,7.2,3,12,-0.868639826,ds_cbdf3834368e,ds_16b6be697acb,01190,
year,2017,True,15,6,66,7.2,3,12,-0.4738035415,ds_cbdf3834368e,ds_16b6be697acb,01190,
year,2017,True,16,6,66,7.2,3,12,-0.4738035415,ds_cbdf3834368e,ds_16b6be697acb,01190,
year,2017,True,17,3,66,7.2,3,12,-1.658312395,ds_cbdf3834368e,ds_16b6be697acb,01190,
year,2017,True,18,10,66,7.2,3,12,1.105541597,ds_cbdf3834368e,ds_16b6be697acb,01190,
year,2017,True,19,7,66,7.2,3,12,-0.07896725691,ds_cbdf3834368e,ds_16b6be697acb,01190,
year,2017,True,20,6,66,7.2,3,12,-0.4738035415,ds_cbdf3834368e,ds_16b6be697acb,01190,
year,2017,True,21,4,66,7.2,3,12,-1.263476111,ds_cbdf3834368e,ds_16b6be697acb,01190,
year,2017,True,22,5,66,7.2,3,12,-0.868639826,ds_cbdf3834368e,ds_16b6be697acb,01190,
year,2017,True,23,10,66,7.2,3,12,1.105541597,ds_cbdf3834368e,ds_16b6be697acb,01190,
year,2017,True,24,8,66,7.2,3,12,0.3158690277,ds_cbdf3834368e,ds_16b6be697acb,01190,
year,2017,True,25,6,66,7.2,3,12,-0.4738035415,ds_cbdf3834368e,ds_16b6be697acb,01190,
year,2017,True,26,9,66,7.2,3,12,0.7107053122,ds_cbdf3834368e,ds_16b6be697acb,01190,
year,2017,True,27,6,66,7.2,3,12,-0.4738035415,ds_cbdf3834368e,ds_16b6be697acb,01190,
year,2017,True,28,3,66,7.2,3,12,-1.658312395,ds_cbdf3834368e,ds_16b6be697acb,01190,
year,2017,True,29,5,66,7.2,3,12,-0.868639826,ds_cbdf3834368e,ds_16b6be697acb,01190,
year,2017,True,30,4,66,7.2,3,12,-1.263476111,ds_cbdf3834368e,ds_16b6be697acb,01190,
year,2017,True,31,8,66,7.2,3,12,0.3158690277,ds_cbdf3834368e,ds_16b6be697acb,01190,
year,2017,True,32,11,66,7.2,3,12,1.500377881,ds_cbdf3834368e,ds_16b6be697acb,01190,
year,2017,True,33,3,66,7.2,3,12,-1.658312395,ds_cbdf3834368e,ds_16b6be697acb,01190,
year,2017,True,34,6,66,7.2,3,12,-0.4738035415,ds_cbdf3834368e,ds_16b6be697acb,01190,
year,2017,True,35,11,66,7.2,3,12,1.500377881,ds_cbdf3834368e,ds_16b6be697acb,01190,
year,2017,True,36,13,66,7.2,3,12,2.29005045,ds_cbdf3834368e,ds_16b6be697acb,01190,
year,2017,True,37,10,66,7.2,3,12,1.105541597,ds_cbdf3834368e,ds_16b6be697acb,01190,
year,2017,True,38,6,66,7.2,3,12,-0.4738035415,ds_cbdf3834368e,ds_16b6be697acb,01190,
year,2017,True,39,6,66,7.2,3,12,-0.4738035415,ds_cbdf3834368e,ds_16b6be697acb,01190,
year,2017,True,40,6,66,7.2,3,12,-0.4738035415,ds_cbdf3834368e,ds_16b6be697acb,01190,
year,2017,True,41,10,66,7.2,3,12,1.105541597,ds_cbdf3834368e,ds_16b6be697acb,01190,
year,2017,True,42,8,66,7.2,3,12,0.3158690277,ds_cbdf3834368e,ds_16b6be697acb,01190,
year,2017,True,43,6,66,7.2,3,12,-0.4738035415,ds_cbdf3834368e,ds_16b6be697acb,01190,
year,2017,True,44,11,66,7.2,3,12,1.500377881,ds_cbdf3834368e,ds_16b6be697acb,01190,
year,2017,True,45,6,66,7.2,3,12,-0.4738035415,ds_cbdf3834368e,ds_16b6be697acb,01190,
year,2017,True,46,9,66,7.2,3,12,0.7107053122,ds_cbdf3834368e,ds_16b6be697acb,01190,
year,2017,True,47,6,66,7.2,3,12,-0.4738035415,ds_cbdf3834368e,ds_16b6be697acb,01190,
year,2017,True,48,3,66,7.2,3,12,-1.658312395,ds_cbdf3834368e,ds_16b6be697acb,01190,
year,2017,True,49,7,66,7.2,3,12,-0.07896725691,ds_cbdf3834368e,ds_16b6be697acb,01190,
year,2017,True,50,10,66,7.2,3,12,1.105541597,ds_cbdf3834368e,ds_16b6be697acb,01190,
year,2017,True,51,9,66,7.2,3,12,0.7107053122,ds_cbdf3834368e,ds_16b6be697acb,01190,
year,2017,True,52,6,66,7.2,3,12,-0.4738035415,ds_cbdf3834368e,ds_16b6be697acb,01190,
year,2017,True,53,6,66,7.2,3,12,-0.4738035415,ds_cbdf3834368e,ds_16b6be697acb,01190,
year,2017,True,54,8,66,7.2,3,12,0.3158690277,ds_cbdf3834368e,ds_16b6be697acb,01190,
year,2017,True,55,3,66,7.2,3,12,-1.658312395,ds_cbdf3834368e,ds_16b6be697acb,01190,
year,2018,False,1,18,155,16.90909091,10,25,0.2810682153,ds_cbdf3834368e,ds_16b6be697acb,01190,
year,2018,False,2,15,155,16.90909091,10,25,-0.4918693768,ds_cbdf3834368e,ds_16b6be697acb,01190,
year,2018,False,3,25,155,16.90909091,10,25,2.084589264,ds_cbdf3834368e,ds_16b6be697acb,01190,
year,2018,False,4,13,155,16.90909091,10,25,-1.007161105,ds_cbdf3834368e,ds_16b6be697acb,01190,
year,2018,False,5,18,155,16.90909091,10,25,0.2810682153,ds_cbdf3834368e,ds_16b6be697acb,01190,
year,2018,False,6,13,155,16.90909091,10,25,-1.007161105,ds_cbdf3834368e,ds_16b6be697acb,01190,
year,2018,False,7,17,155,16.90909091,10,25,0.02342235128,ds_cbdf3834368e,ds_16b6be697acb,01190,
year,2018,False,8,19,155,16.90909091,10,25,0.5387140794,ds_cbdf3834368e,ds_16b6be697acb,01190,
year,2018,False,9,18,155,16.90909091,10,25,0.2810682153,ds_cbdf3834368e,ds_16b6be697acb,01190,
year,2018,False,10,15,155,16.90909091,10,25,-0.4918693768,ds_cbdf3834368e,ds_16b6be697acb,01190,
year,2018,False,11,19,155,16.90909091,10,25,0.5387140794,ds_cbdf3834368e,ds_16b6be697acb,01190,
year,2018,False,12,16,155,16.90909091,10,25,-0.2342235128,ds_cbdf3834368e,ds_16b6be697acb,01190,
year,2018,False,13,13,155,16.90909091,10,25,-1.007161105,ds_cbdf3834368e,ds_16b6be697acb,01190,
year,2018,False,14,13,155,16.90909091,10,25,-1.007161105,ds_cbdf3834368e,ds_16b6be697acb,01190,
year,2018,False,15,17,155,16.90909091,10,25,0.02342235128,ds_cbdf3834368e,ds_16b6be697acb,01190,
year,2018,False,16,18,155,16.90909091,10,25,0.2810682153,ds_cbdf3834368e,ds_16b6be697acb,01190,
year,2018,False,17,25,155,16.90909091,10,25,2.084589264,ds_cbdf3834368e,ds_16b6be697acb,01190,
year,2018,False,18,12,155,16.90909091,10,25,-1.264806969,ds_cbdf3834368e,ds_16b6be697acb,01190,
year,2018,False,19,8,155,16.90909091,10,25,-2.295390425,ds_cbdf3834368e,ds_16b6be697acb,01190,
year,2018,False,20,13,155,16.90909091,10,25,-1.007161105,ds_cbdf3834368e,ds_16b6be697acb,01190,
year,2018,False,21,18,155,16.90909091,10,25,0.2810682153,ds_cbdf3834368e,ds_16b6be697acb,01190,
year,2018,False,22,17,155,16.90909091,10,25,0.02342235128,ds_cbdf3834368e,ds_16b6be697acb,01190,
year,2018,False,23,25,155,16.90909091,10,25,2.084589264,ds_cbdf3834368e,ds_16b6be697acb,01190,
year,2018,False,24,20,155,16.90909091,10,25,0.7963599435,ds_cbdf3834368e,ds_16b6be697acb,01190,
year,2018,False,25,17,155,16.90909091,10,25,0.02342235128,ds_cbdf3834368e,ds_16b6be697acb,01190,
year,2018,False,26,15,155,16.90909091,10,25,-0.4918693768,ds_cbdf3834368e,ds_16b6be697acb,01190,
year,2018,False,27,15,155,16.90909091,10,25,-0.4918693768,ds_cbdf3834368e,ds_16b6be697acb,01190,
year,2018,False,28,18,155,16.90909091,10,25,0.2810682153,ds_cbdf3834368e,ds_16b6be697acb,01190,
year,2018,False,29,20,155,16.90909091,10,25,0.7963599435,ds_cbdf3834368e,ds_16b6be697acb,01190,
year,2018,False,30,15,155,16.90909091,10,25,-0.4918693768,ds_cbdf3834368e,ds_16b6be697acb,01190,
year,2018,False,31,20,155,16.90909091,10,25,0.7963599435,ds_cbdf3834368e,ds_16b6be697acb,01190,
year,2018,False,32,19,155,16.90909091,10,25,0.5387140794,ds_cbdf3834368e,ds_16b6be697acb,01190,
year,2018,False,33,20,155,16.90909091,10,25,0.7963599435,ds_cbdf3834368e,ds_16b6be697acb,01190,
year,2018,False,34,15,155,16.90909091,10,25,-0.4918693768,ds_cbdf3834368e,ds_16b6be697acb,01190,
year,2018,False,35,17,155,16.90909091,10,25,0.02342235128,ds_cbdf3834368e,ds_16b6be697acb,01190,
year,2018,False,36,13,155,16.90909091,10,25,-1.007161105,ds_cbdf3834368e,ds_16b6be697acb,01190,
year,2018,False,37,17,155,16.90909091,10,25,0.02342235128,ds_cbdf3834368e,ds_16b6be697acb,01190,
year,2018,False,38,11,155,16.90909091,10,25,-1.522452833,ds_cbdf3834368e,ds_16b6be697acb,01190,
year,2018,False,39,19,155,16.90909091,10,25,0.5387140794,ds_cbdf3834368e,ds_16b6be697acb,01190,
year,2018,False,40,16,155,16.90909091,10,25,-0.2342235128,ds_cbdf3834368e,ds_16b6be697acb,01190,
year,2018,False,41,14,155,16.90909091,10,25,-0.7495152409,ds_cbdf3834368e,ds_16b6be697acb,01190,
year,2018,False,42,19,155,16.90909091,10,25,0.5387140794,ds_cbdf3834368e,ds_16b6be697acb,01190,
year,2018,False,43,15,155,16.90909091,10,25,-0.4918693768,ds_cbdf3834368e,ds_16b6be697acb,01190,
year,2018,False,44,16,155,16.90909091,10,25,-0.2342235128,ds_cbdf3834368e,ds_16b6be697acb,01190,
year,2018,False,45,16,155,16.90909091,10,25,-0.2342235128,ds_cbdf3834368e,ds_16b6be697acb,01190,
year,2018,False,46,21,155,16.90909091,10,25,1.054005808,ds_cbdf3834368e,ds_16b6be697acb,01190,
year,2018,False,47,15,155,16.90909091,10,25,-0.4918693768,ds_cbdf3834368e,ds_16b6be697acb,01190,
year,2018,False,48,21,155,16.90909091,10,25,1.054005808,ds_cbdf3834368e,ds_16b6be697acb,01190,
year,2018,False,49,25,155,16.90909091,10,25,2.084589264,ds_cbdf3834368e,ds_16b6be697acb,01190,
year,2018,False,50,16,155,16.90909091,10,25,-0.2342235128,ds_cbdf3834368e,ds_16b6be697acb,01190,
year,2018,False,51,15,155,16.90909091,10,25,-0.4918693768,ds_cbdf3834368e,ds_16b6be697acb,01190,
year,2018,False,52,17,155,16.90909091,10,25,0.02342235128,ds_cbdf3834368e,ds_16b6be697acb,01190,
year,2018,False,53,16,155,16.90909091,10,25,-0.2342235128,ds_cbdf3834368e,ds_16b6be697acb,01190,
year,2018,False,54,13,155,16.90909091,10,25,-1.007161105,ds_cbdf3834368e,ds_16b6be697acb,01190,
year,2018,False,55,19,155,16.90909091,10,25,0.5387140794,ds_cbdf3834368e,ds_16b6be697acb,01190,
year,2019,False,1,17,156,17.01818182,10,25,-0.004669431789,ds_cbdf3834368e,ds_16b6be697acb,01190,
year,2019,False,2,15,156,17.01818182,10,25,-0.5183069286,ds_cbdf3834368e,ds_16b6be697acb,01190,
year,2019,False,3,18,156,17.01818182,10,25,0.2521493166,ds_cbdf3834368e,ds_16b6be697acb,01190,
year,2019,False,4,14,156,17.01818182,10,25,-0.775125677,ds_cbdf3834368e,ds_16b6be697acb,01190,
year,2019,False,5,15,156,17.01818182,10,25,-0.5183069286,ds_cbdf3834368e,ds_16b6be697acb,01190,
year,2019,False,6,14,156,17.01818182,10,25,-0.775125677,ds_cbdf3834368e,ds_16b6be697acb,01190,
year,2019,False,7,12,156,17.01818182,10,25,-1.288763174,ds_cbdf3834368e,ds_16b6be697acb,01190,
year,2019,False,8,19,156,17.01818182,10,25,0.508968065,ds_cbdf3834368e,ds_16b6be697acb,01190,
year,2019,False,9,22,156,17.01818182,10,25,1.27942431,ds_cbdf3834368e,ds_16b6be697acb,01190,
year,2019,False,10,21,156,17.01818182,10,25,1.022605562,ds_cbdf3834368e,ds_16b6be697acb,01190,
year,2019,False,11,13,156,17.01818182,10,25,-1.031944425,ds_cbdf3834368e,ds_16b6be697acb,01190,
year,2019,False,12,16,156,17.01818182,10,25,-0.2614881802,ds_cbdf3834368e,ds_16b6be697acb,01190,
year,2019,False,13,14,156,17.01818182,10,25,-0.775125677,ds_cbdf3834368e,ds_16b6be697acb,01190,
year,2019,False,14,14,156,17.01818182,10,25,-0.775125677,ds_cbdf3834368e,ds_16b6be697acb,01190,
year,2019,False,15,18,156,17.01818182,10,25,0.2521493166,ds_cbdf3834368e,ds_16b6be697acb,01190,
year,2019,False,16,16,156,17.01818182,10,25,-0.2614881802,ds_cbdf3834368e,ds_16b6be697acb,01190,
year,2019,False,17,13,156,17.01818182,10,25,-1.031944425,ds_cbdf3834368e,ds_16b6be697acb,01190,
year,2019,False,18,19,156,17.01818182,10,25,0.508968065,ds_cbdf3834368e,ds_16b6be697acb,01190,
year,2019,False,19,18,156,17.01818182,10,25,0.2521493166,ds_cbdf3834368e,ds_16b6be697acb,01190,
year,2019,False,20,20,156,17.01818182,10,25,0.7657868134,ds_cbdf3834368e,ds_16b6be697acb,01190,
year,2019,False,21,16,156,17.01818182,10,25,-0.2614881802,ds_cbdf3834368e,ds_16b6be697acb,01190,
year,2019,False,22,22,156,17.01818182,10,25,1.27942431,ds_cbdf3834368e,ds_16b6be697acb,01190,
year,2019,False,23,16,156,17.01818182,10,25,-0.2614881802,ds_cbdf3834368e,ds_16b6be697acb,01190,
year,2019,False,24,13,156,17.01818182,10,25,-1.031944425,ds_cbdf3834368e,ds_16b6be697acb,01190,
year,2019,False,25,8,156,17.01818182,10,25,-2.316038167,ds_cbdf3834368e,ds_16b6be697acb,01190,
year,2019,False,26,22,156,17.01818182,10,25,1.27942431,ds_cbdf3834368e,ds_16b6be697acb,01190,
year,2019,False,27,12,156,17.01818182,10,25,-1.288763174,ds_cbdf3834368e,ds_16b6be697acb,01190,
year,2019,False,28,12,156,17.01818182,10,25,-1.288763174,ds_cbdf3834368e,ds_16b6be697acb,01190,
year,2019,False,29,23,156,17.01818182,10,25,1.536243059,ds_cbdf3834368e,ds_16b6be697acb,01190,
year,2019,False,30,17,156,17.01818182,10,25,-0.004669431789,ds_cbdf3834368e,ds_16b6be697acb,01190,
year,2019,False,31,19,156,17.01818182,10,25,0.508968065,ds_cbdf3834368e,ds_16b6be697acb,01190,
year,2019,False,32,17,156,17.01818182,10,25,-0.004669431789,ds_cbdf3834368e,ds_16b6be697acb,01190,
year,2019,False,33,21,156,17.01818182,10,25,1.022605562,ds_cbdf3834368e,ds_16b6be697acb,01190,
year,2019,False,34,20,156,17.01818182,10,25,0.7657868134,ds_cbdf3834368e,ds_16b6be697acb,01190,
year,2019,False,35,19,156,17.01818182,10,25,0.508968065,ds_cbdf3834368e,ds_16b6be697acb,01190,
year,2019,False,36,14,156,17.01818182,10,25,-0.775125677,ds_cbdf3834368e,ds_16b6be697acb,01190,
year,2019,False,37,14,156,17.01818182,10,25,-0.775125677,ds_cbdf3834368e,ds_16b6be697acb,01190,
year,2019,False,38,16,156,17.01818182,10,25,-0.2614881802,ds_cbdf3834368e,ds_16b6be697acb,01190,
year,2019,False,39,13,156,17.01818182,10,25,-1.031944425,ds_cbdf3834368e,ds_16b6be697acb,01190,
year,2019,False,40,24,156,17.01818182,10,25,1.793061807,ds_cbdf3834368e,ds_16b6be697acb,01190,
year,2019,False,41,20,156,17.01818182,10,25,0.7657868134,ds_cbdf3834368e,ds_16b6be697acb,01190,
year,2019,False,42,22,156,17.01818182,10,25,1.27942431,ds_cbdf3834368e,ds_16b6be697acb,01190,
year,2019,False,43,17,156,17.01818182,10,25,-0.004669431789,ds_cbdf3834368e,ds_16b6be697acb,01190,
year,2019,False,44,18,156,17.01818182,10,25,0.2521493166,ds_cbdf3834368e,ds_16b6be697acb,01190,
year,2019,False,45,17,156,17.01818182,10,25,-0.004669431789,ds_cbdf3834368e,ds_16b6be697acb,01190,
year,2019,False,46,14,156,17.01818182,10,25,-0.775125677,ds_cbdf3834368e,ds_16b6be697acb,01190,
year,2019,False,47,16,156,17.01818182,10,25,-0.2614881802,ds_cbdf3834368e,ds_16b6be697acb,01190,
year,2019,False,48,16,156,17.01818182,10,25,-0.2614881802,ds_cbdf3834368e,ds_16b6be697acb,01190,
year,2019,False,49,19,156,17.01818182,10,25,0.508968065,ds_cbdf3834368e,ds_16b6be697acb,01190,
year,2019,False,50,19,156,17.01818182,10,25,0.508968065,ds_cbdf3834368e,ds_16b6be697acb,01190,
year,2019,False,51,17,156,17.01818182,10,25,-0.004669431789,ds_cbdf3834368e,ds_16b6be697acb,01190,
year,2019,False,52,16,156,17.01818182,10,25,-0.2614881802,ds_cbdf3834368e,ds_16b6be697acb,01190,
year,2019,False,53,23,156,17.01818182,10,25,1.536243059,ds_cbdf3834368e,ds_16b6be697acb,01190,
year,2019,False,54,14,156,17.01818182,10,25,-0.775125677,ds_cbdf3834368e,ds_16b6be697acb,01190,
year,2019,False,55,22,156,17.01818182,10,25,1.27942431,ds_cbdf3834368e,ds_16b6be697acb,01190,
year,2020,False,1,16,145,15.81818182,9,24,0.0484331074,ds_cbdf3834368e,ds_16b6be697acb,01190,
year,2020,False,2,17,145,15.81818182,9,24,0.3148151981,ds_cbdf3834368e,ds_16b6be697acb,01190,
year,2020,False,3,21,145,15.81818182,9,24,1.380343561,ds_cbdf3834368e,ds_16b6be697acb,01190,
year,2020,False,4,17,145,15.81818182,9,24,0.3148151981,ds_cbdf3834368e,ds_16b6be697acb,01190,
year,2020,False,5,15,145,15.81818182,9,24,-0.2179489833,ds_cbdf3834368e,ds_16b6be697acb,01190,
year,2020,False,6,13,145,15.81818182,9,24,-0.7507131647,ds_cbdf3834368e,ds_16b6be697acb,01190,
year,2020,False,7,12,145,15.81818182,9,24,-1.017095255,ds_cbdf3834368e,ds_16b6be697acb,01190,
year,2020,False,8,15,145,15.81818182,9,24,-0.2179489833,ds_cbdf3834368e,ds_16b6be697acb,01190,
year,2020,False,9,14,145,15.81818182,9,24,-0.484331074,ds_cbdf3834368e,ds_16b6be697acb,01190,
year,2020,False,10,17,145,15.81818182,9,24,0.3148151981,ds_cbdf3834368e,ds_16b6be697acb,01190,
year,2020,False,11,23,145,15.81818182,9,24,1.913107742,ds_cbdf3834368e,ds_16b6be697acb,01190,
year,2020,False,12,24,145,15.81818182,9,24,2.179489833,ds_cbdf3834368e,ds_16b6be697acb,01190,
year,2020,False,13,13,145,15.81818182,9,24,-0.7507131647,ds_cbdf3834368e,ds_16b6be697acb,01190,
year,2020,False,14,20,145,15.81818182,9,24,1.11396147,ds_cbdf3834368e,ds_16b6be697acb,01190,
year,2020,False,15,15,145,15.81818182,9,24,-0.2179489833,ds_cbdf3834368e,ds_16b6be697acb,01190,
year,2020,False,16,9,145,15.81818182,9,24,-1.816241528,ds_cbdf3834368e,ds_16b6be697acb,01190,
year,2020,False,17,10,145,15.81818182,9,24,-1.549859437,ds_cbdf3834368e,ds_16b6be697acb,01190,
year,2020,False,18,22,145,15.81818182,9,24,1.646725652,ds_cbdf3834368e,ds_16b6be697acb,01190,
year,2020,False,19,23,145,15.81818182,9,24,1.913107742,ds_cbdf3834368e,ds_16b6be697acb,01190,
year,2020,False,20,22,145,15.81818182,9,24,1.646725652,ds_cbdf3834368e,ds_16b6be697acb,01190,
year,2020,False,21,18,145,15.81818182,9,24,0.5811972888,ds_cbdf3834368e,ds_16b6be697acb,01190,
year,2020,False,22,15,145,15.81818182,9,24,-0.2179489833,ds_cbdf3834368e,ds_16b6be697acb,01190,
year,2020,False,23,10,145,15.81818182,9,24,-1.549859437,ds_cbdf3834368e,ds_16b6be697acb,01190,
year,2020,False,24,16,145,15.81818182,9,24,0.0484331074,ds_cbdf3834368e,ds_16b6be697acb,01190,
year,2020,False,25,15,145,15.81818182,9,24,-0.2179489833,ds_cbdf3834368e,ds_16b6be697acb,01190,
year,2020,False,26,12,145,15.81818182,9,24,-1.017095255,ds_cbdf3834368e,ds_16b6be697acb,01190,
year,2020,False,27,13,145,15.81818182,9,24,-0.7507131647,ds_cbdf3834368e,ds_16b6be697acb,01190,
year,2020,False,28,14,145,15.81818182,9,24,-0.484331074,ds_cbdf3834368e,ds_16b6be697acb,01190,
year,2020,False,29,15,145,15.81818182,9,24,-0.2179489833,ds_cbdf3834368e,ds_16b6be697acb,01190,
year,2020,False,30,16,145,15.81818182,9,24,0.0484331074,ds_cbdf3834368e,ds_16b6be697acb,01190,
year,2020,False,31,14,145,15.81818182,9,24,-0.484331074,ds_cbdf3834368e,ds_16b6be697acb,01190,
year,2020,False,32,19,145,15.81818182,9,24,0.8475793795,ds_cbdf3834368e,ds_16b6be697acb,01190,
year,2020,False,33,16,145,15.81818182,9,24,0.0484331074,ds_cbdf3834368e,ds_16b6be697acb,01190,
year,2020,False,34,17,145,15.81818182,9,24,0.3148151981,ds_cbdf3834368e,ds_16b6be697acb,01190,
year,2020,False,35,15,145,15.81818182,9,24,-0.2179489833,ds_cbdf3834368e,ds_16b6be697acb,01190,
year,2020,False,36,17,145,15.81818182,9,24,0.3148151981,ds_cbdf3834368e,ds_16b6be697acb,01190,
year,2020,False,37,8,145,15.81818182,9,24,-2.082623618,ds_cbdf3834368e,ds_16b6be697acb,01190,
year,2020,False,38,18,145,15.81818182,9,24,0.5811972888,ds_cbdf3834368e,ds_16b6be697acb,01190,
year,2020,False,39,11,145,15.81818182,9,24,-1.283477346,ds_cbdf3834368e,ds_16b6be697acb,01190,
year,2020,False,40,12,145,15.81818182,9,24,-1.017095255,ds_cbdf3834368e,ds_16b6be697acb,01190,
year,2020,False,41,17,145,15.81818182,9,24,0.3148151981,ds_cbdf3834368e,ds_16b6be697acb,01190,
year,2020,False,42,9,145,15.81818182,9,24,-1.816241528,ds_cbdf3834368e,ds_16b6be697acb,01190,
year,2020,False,43,15,145,15.81818182,9,24,-0.2179489833,ds_cbdf3834368e,ds_16b6be697acb,01190,
year,2020,False,44,17,145,15.81818182,9,24,0.3148151981,ds_cbdf3834368e,ds_16b6be697acb,01190,
year,2020,False,45,13,145,15.81818182,9,24,-0.7507131647,ds_cbdf3834368e,ds_16b6be697acb,01190,
year,2020,False,46,9,145,15.81818182,9,24,-1.816241528,ds_cbdf3834368e,ds_16b6be697acb,01190,
year,2020,False,47,19,145,15.81818182,9,24,0.8475793795,ds_cbdf3834368e,ds_16b6be697acb,01190,
year,2020,False,48,16,145,15.81818182,9,24,0.0484331074,ds_cbdf3834368e,ds_16b6be697acb,01190,
year,2020,False,49,19,145,15.81818182,9,24,0.8475793795,ds_cbdf3834368e,ds_16b6be697acb,01190,
year,2020,False,50,12,145,15.81818182,9,24,-1.017095255,ds_cbdf3834368e,ds_16b6be697acb,01190,
year,2020,False,51,17,145,15.81818182,9,24,0.3148151981,ds_cbdf3834368e,ds_16b6be697acb,01190,
year,2020,False,52,18,145,15.81818182,9,24,0.5811972888,ds_cbdf3834368e,ds_16b6be697acb,01190,
year,2020,False,53,21,145,15.81818182,9,24,1.380343561,ds_cbdf3834368e,ds_16b6be697acb,01190,
year,2020,False,54,25,145,15.81818182,9,24,2.445871924,ds_cbdf3834368e,ds_16b6be697acb,01190,
year,2020,False,55,14,145,15.81818182,9,24,-0.484331074,ds_cbdf3834368e,ds_16b6be697acb,01190,
year,2021,False,1,8,144,15.70909091,9,23,-2.060681847,ds_cbdf3834368e,ds_16b6be697acb,01190,
year,2021,False,2,13,144,15.70909091,9,23,-0.7241547057,ds_cbdf3834368e,ds_16b6be697acb,01190,
year,2021,False,3,18,144,15.70909091,9,23,0.6123724357,ds_cbdf3834368e,ds_16b6be697acb,01190,
year,2021,False,4,18,144,15.70909091,9,23,0.6123724357,ds_cbdf3834368e,ds_16b6be697acb,01190,
year,2021,False,5,17,144,15.70909091,9,23,0.3450670074,ds_cbdf3834368e,ds_16b6be697acb,01190,
year,2021,False,6,17,144,15.70909091,9,23,0.3450670074,ds_cbdf3834368e,ds_16b6be697acb,01190,
year,2021,False,7,22,144,15.70909091,9,23,1.681594149,ds_cbdf3834368e,ds_16b6be697acb,01190,
year,2021,False,8,13,144,15.70909091,9,23,-0.7241547057,ds_cbdf3834368e,ds_16b6be697acb,01190,
year,2021,False,9,16,144,15.70909091,9,23,0.07776157914,ds_cbdf3834368e,ds_16b6be697acb,01190,
year,2021,False,10,11,144,15.70909091,9,23,-1.258765562,ds_cbdf3834368e,ds_16b6be697acb,01190,
year,2021,False,11,18,144,15.70909091,9,23,0.6123724357,ds_cbdf3834368e,ds_16b6be697acb,01190,
year,2021,False,12,11,144,15.70909091,9,23,-1.258765562,ds_cbdf3834368e,ds_16b6be697acb,01190,
year,2021,False,13,12,144,15.70909091,9,23,-0.991460134,ds_cbdf3834368e,ds_16b6be697acb,01190,
year,2021,False,14,10,144,15.70909091,9,23,-1.526070991,ds_cbdf3834368e,ds_16b6be697acb,01190,
year,2021,False,15,11,144,15.70909091,9,23,-1.258765562,ds_cbdf3834368e,ds_16b6be697acb,01190,
year,2021,False,16,17,144,15.70909091,9,23,0.3450670074,ds_cbdf3834368e,ds_16b6be697acb,01190,
year,2021,False,17,19,144,15.70909091,9,23,0.879677864,ds_cbdf3834368e,ds_16b6be697acb,01190,
year,2021,False,18,15,144,15.70909091,9,23,-0.1895438491,ds_cbdf3834368e,ds_16b6be697acb,01190,
year,2021,False,19,18,144,15.70909091,9,23,0.6123724357,ds_cbdf3834368e,ds_16b6be697acb,01190,
year,2021,False,20,15,144,15.70909091,9,23,-0.1895438491,ds_cbdf3834368e,ds_16b6be697acb,01190,
year,2021,False,21,16,144,15.70909091,9,23,0.07776157914,ds_cbdf3834368e,ds_16b6be697acb,01190,
year,2021,False,22,25,144,15.70909091,9,23,2.483510434,ds_cbdf3834368e,ds_16b6be697acb,01190,
year,2021,False,23,18,144,15.70909091,9,23,0.6123724357,ds_cbdf3834368e,ds_16b6be697acb,01190,
year,2021,False,24,23,144,15.70909091,9,23,1.948899577,ds_cbdf3834368e,ds_16b6be697acb,01190,
year,2021,False,25,19,144,15.70909091,9,23,0.879677864,ds_cbdf3834368e,ds_16b6be697acb,01190,
year,2021,False,26,14,144,15.70909091,9,23,-0.4568492774,ds_cbdf3834368e,ds_16b6be697acb,01190,
year,2021,False,27,15,144,15.70909091,9,23,-0.1895438491,ds_cbdf3834368e,ds_16b6be697acb,01190,
year,2021,False,28,13,144,15.70909091,9,23,-0.7241547057,ds_cbdf3834368e,ds_16b6be697acb,01190,
year,2021,False,29,15,144,15.70909091,9,23,-0.1895438491,ds_cbdf3834368e,ds_16b6be697acb,01190,
year,2021,False,30,15,144,15.70909091,9,23,-0.1895438491,ds_cbdf3834368e,ds_16b6be697acb,01190,
year,2021,False,31,18,144,15.70909091,9,23,0.6123724357,ds_cbdf3834368e,ds_16b6be697acb,01190,
year,2021,False,32,17,144,15.70909091,9,23,0.3450670074,ds_cbdf3834368e,ds_16b6be697acb,01190,
year,2021,False,33,16,144,15.70909091,9,23,0.07776157914,ds_cbdf3834368e,ds_16b6be697acb,01190,
year,2021,False,34,15,144,15.70909091,9,23,-0.1895438491,ds_cbdf3834368e,ds_16b6be697acb,01190,
year,2021,False,35,11,144,15.70909091,9,23,-1.258765562,ds_cbdf3834368e,ds_16b6be697acb,01190,
year,2021,False,36,10,144,15.70909091,9,23,-1.526070991,ds_cbdf3834368e,ds_16b6be697acb,01190,
year,2021,False,37,13,144,15.70909091,9,23,-0.7241547057,ds_cbdf3834368e,ds_16b6be697acb,01190,
year,2021,False,38,15,144,15.70909091,9,23,-0.1895438491,ds_cbdf3834368e,ds_16b6be697acb,01190,
year,2021,False,39,15,144,15.70909091,9,23,-0.1895438491,ds_cbdf3834368e,ds_16b6be697acb,01190,
year,2021,False,40,12,144,15.70909091,9,23,-0.991460134,ds_cbdf3834368e,ds_16b6be697acb,01190,
year,2021,False,41,21,144,15.70909091,9,23,1.414288721,ds_cbdf3834368e,ds_16b6be697acb,01190,
year,2021,False,42,18,144,15.70909091,9,23,0.6123724357,ds_cbdf3834368e,ds_16b6be697acb,01190,
year,2021,False,43,19,144,15.70909091,9,23,0.879677864,ds_cbdf3834368e,ds_16b6be697acb,01190,
year,2021,False,44,23,144,15.70909091,9,23,1.948899577,ds_cbdf3834368e,ds_16b6be697acb,01190,
year,2021,False,45,15,144,15.70909091,9,23,-0.1895438491,ds_cbdf3834368e,ds_16b6be697acb,01190,
year,2021,False,46,20,144,15.70909091,9,23,1.146983292,ds_cbdf3834368e,ds_16b6be697acb,01190,
year,2021,False,47,16,144,15.70909091,9,23,0.07776157914,ds_cbdf3834368e,ds_16b6be697acb,01190,
year,2021,False,48,15,144,15.70909091,9,23,-0.1895438491,ds_cbdf3834368e,ds_16b6be697acb,01190,
year,2021,False,49,15,144,15.70909091,9,23,-0.1895438491,ds_cbdf3834368e,ds_16b6be697acb,01190,
year,2021,False,50,14,144,15.70909091,9,23,-0.4568492774,ds_cbdf3834368e,ds_16b6be697acb,01190,
year,2021,False,51,20,144,15.70909091,9,23,1.146983292,ds_cbdf3834368e,ds_16b6be697acb,01190,
year,2021,False,52,8,144,15.70909091,9,23,-2.060681847,ds_cbdf3834368e,ds_16b6be697acb,01190,
year,2021,False,53,15,144,15.70909091,9,23,-0.1895438491,ds_cbdf3834368e,ds_16b6be697acb,01190,
year,2021,False,54,14,144,15.70909091,9,23,-0.4568492774,ds_cbdf3834368e,ds_16b6be697acb,01190,
year,2021,False,55,17,144,15.70909091,9,23,0.3450670074,ds_cbdf3834368e,ds_16b6be697acb,01190,
year,2022,False,1,19,156,17.01818182,10,25,0.508968065,ds_cbdf3834368e,ds_16b6be697acb,01190,
year,2022,False,2,16,156,17.01818182,10,25,-0.2614881802,ds_cbdf3834368e,ds_16b6be697acb,01190,
year,2022,False,3,12,156,17.01818182,10,25,-1.288763174,ds_cbdf3834368e,ds_16b6be697acb,01190,
year,2022,False,4,12,156,17.01818182,10,25,-1.288763174,ds_cbdf3834368e,ds_16b6be697acb,01190,
year,2022,False,5,22,156,17.01818182,10,25,1.27942431,ds_cbdf3834368e,ds_16b6be697acb,01190,
year,2022,False,6,21,156,17.01818182,10,25,1.022605562,ds_cbdf3834368e,ds_16b6be697acb,01190,
year,2022,False,7,7,156,17.01818182,10,25,-2.572856916,ds_cbdf3834368e,ds_16b6be697acb,01190,
year,2022,False,8,23,156,17.01818182,10,25,1.536243059,ds_cbdf3834368e,ds_16b6be697acb,01190,
year,2022,False,9,15,156,17.01818182,10,25,-0.5183069286,ds_cbdf3834368e,ds_16b6be697acb,01190,
year,2022,False,10,13,156,17.01818182,10,25,-1.031944425,ds_cbdf3834368e,ds_16b6be697acb,01190,
year,2022,False,11,18,156,17.01818182,10,25,0.2521493166,ds_cbdf3834368e,ds_16b6be697acb,01190,
year,2022,False,12,17,156,17.01818182,10,25,-0.004669431789,ds_cbdf3834368e,ds_16b6be697acb,01190,
year,2022,False,13,17,156,17.01818182,10,25,-0.004669431789,ds_cbdf3834368e,ds_16b6be697acb,01190,
year,2022,False,14,16,156,17.01818182,10,25,-0.2614881802,ds_cbdf3834368e,ds_16b6be697acb,01190,
year,2022,False,15,19,156,17.01818182,10,25,0.508968065,ds_cbdf3834368e,ds_16b6be697acb,01190,
year,2022,False,16,16,156,17.01818182,10,25,-0.2614881802,ds_cbdf3834368e,ds_16b6be697acb,01190,
year,2022,False,17,17,156,17.01818182,10,25,-0.004669431789,ds_cbdf3834368e,ds_16b6be697acb,01190,
year,2022,False,18,18,156,17.01818182,10,25,0.2521493166,ds_cbdf3834368e,ds_16b6be697acb,01190,
year,2022,False,19,20,156,17.01818182,10,25,0.7657868134,ds_cbdf3834368e,ds_16b6be697acb,01190,
year,2022,False,20,12,156,17.01818182,10,25,-1.288763174,ds_cbdf3834368e,ds_16b6be697acb,01190,
year,2022,False,21,15,156,17.01818182,10,25,-0.5183069286,ds_cbdf3834368e,ds_16b6be697acb,01190,
year,2022,False,22,16,156,17.01818182,10,25,-0.2614881802,ds_cbdf3834368e,ds_16b6be697acb,01190,
year,2022,False,23,17,156,17.01818182,10,25,-0.004669431789,ds_cbdf3834368e,ds_16b6be697acb,01190,
year,2022,False,24,15,156,17.01818182,10,25,-0.5183069286,ds_cbdf3834368e,ds_16b6be697acb,01190,
year,2022,False,25,22,156,17.01818182,10,25,1.27942431,ds_cbdf3834368e,ds_16b6be697acb,01190,
year,2022,False,26,15,156,17.01818182,10,25,-0.5183069286,ds_cbdf3834368e,ds_16b6be697acb,01190,
year,2022,False,27,18,156,17.01818182,10,25,0.2521493166,ds_cbdf3834368e,ds_16b6be697acb,01190,
year,2022,False,28,17,156,17.01818182,10,25,-0.004669431789,ds_cbdf3834368e,ds_16b6be697acb,01190,
year,2022,False,29,20,156,17.01818182,10,25,0.7657868134,ds_cbdf3834368e,ds_16b6be697acb,01190,
year,2022,False,30,20,156,17.01818182,10,25,0.7657868134,ds_cbdf3834368e,ds_16b6be697acb,01190,
year,2022,False,31,15,156,17.01818182,10,25,-0.5183069286,ds_cbdf3834368e,ds_16b6be697acb,01190,
year,2022,False,32,20,156,17.01818182,10,25,0.7657868134,ds_cbdf3834368e,ds_16b6be697acb,01190,
year,2022,False,33,18,156,17.01818182,10,25,0.2521493166,ds_cbdf3834368e,ds_16b6be697acb,01190,
year,2022,False,34,17,156,17.01818182,10,25,-0.004669431789,ds_cbdf3834368e,ds_16b6be697acb,01190,
year,2022,False,35,16,156,17.01818182,10,25,-0.2614881802,ds_cbdf3834368e,ds_16b6be697acb,01190,
year,2022,False,36,16,156,17.01818182,10,25,-0.2614881802,ds_cbdf3834368e,ds_16b6be697acb,01190,
year,2022,False,37,15,156,17.01818182,10,25,-0.5183069286,ds_cbdf3834368e,ds_16b6be697acb,01190,
year,2022,False,38,13,156,17.01818182,10,25,-1.031944425,ds_cbdf3834368e,ds_16b6be697acb,01190,
year,2022,False,39,17,156,17.01818182,10,25,-0.004669431789,ds_cbdf3834368e,ds_16b6be697acb,01190,
year,2022,False,40,17,156,17.01818182,10,25,-0.004669431789,ds_cbdf3834368e,ds_16b6be697acb,01190,
year,2022,False,41,20,156,17.01818182,10,25,0.7657868134,ds_cbdf3834368e,ds_16b6be697acb,01190,
year,2022,False,42,21,156,17.01818182,10,25,1.022605562,ds_cbdf3834368e,ds_16b6be697acb,01190,
year,2022,False,43,21,156,17.01818182,10,25,1.022605562,ds_cbdf3834368e,ds_16b6be697acb,01190,
year,2022,False,44,17,156,17.01818182,10,25,-0.004669431789,ds_cbdf3834368e,ds_16b6be697acb,01190,
year,2022,False,45,17,156,17.01818182,10,25,-0.004669431789,ds_cbdf3834368e,ds_16b6be697acb,01190,
year,2022,False,46,20,156,17.01818182,10,25,0.7657868134,ds_cbdf3834368e,ds_16b6be697acb,01190,
year,2022,False,47,21,156,17.01818182,10,25,1.022605562,ds_cbdf3834368e,ds_16b6be697acb,01190,
year,2022,False,48,21,156,17.01818182,10,25,1.022605562,ds_cbdf3834368e,ds_16b6be697acb,01190,
year,2022,False,49,14,156,17.01818182,10,25,-0.775125677,ds_cbdf3834368e,ds_16b6be697acb,01190,
year,2022,False,50,10,156,17.01818182,10,25,-1.802400671,ds_cbdf3834368e,ds_16b6be697acb,01190,
year,2022,False,51,21,156,17.01818182,10,25,1.022605562,ds_cbdf3834368e,ds_16b6be697acb,01190,
year,2022,False,52,20,156,17.01818182,10,25,0.7657868134,ds_cbdf3834368e,ds_16b6be697acb,01190,
year,2022,False,53,16,156,17.01818182,10,25,-0.2614881802,ds_cbdf3834368e,ds_16b6be697acb,01190,
year,2022,False,54,12,156,17.01818182,10,25,-1.288763174,ds_cbdf3834368e,ds_16b6be697acb,01190,
year,2022,False,55,16,156,17.01818182,10,25,-0.2614881802,ds_cbdf3834368e,ds_16b6be697acb,01190,
year,2023,False,1,22,155,16.90909091,10,25,1.311651672,ds_cbdf3834368e,ds_16b6be697acb,01190,
year,2023,False,2,11,155,16.90909091,10,25,-1.522452833,ds_cbdf3834368e,ds_16b6be697acb,01190,
year,2023,False,3,17,155,16.90909091,10,25,0.02342235128,ds_cbdf3834368e,ds_16b6be697acb,01190,
year,2023,False,4,18,155,16.90909091,10,25,0.2810682153,ds_cbdf3834368e,ds_16b6be697acb,01190,
year,2023,False,5,13,155,16.90909091,10,25,-1.007161105,ds_cbdf3834368e,ds_16b6be697acb,01190,
year,2023,False,6,15,155,16.90909091,10,25,-0.4918693768,ds_cbdf3834368e,ds_16b6be697acb,01190,
year,2023,False,7,14,155,16.90909091,10,25,-0.7495152409,ds_cbdf3834368e,ds_16b6be697acb,01190,
year,2023,False,8,13,155,16.90909091,10,25,-1.007161105,ds_cbdf3834368e,ds_16b6be697acb,01190,
year,2023,False,9,21,155,16.90909091,10,25,1.054005808,ds_cbdf3834368e,ds_16b6be697acb,01190,
year,2023,False,10,19,155,16.90909091,10,25,0.5387140794,ds_cbdf3834368e,ds_16b6be697acb,01190,
year,2023,False,11,15,155,16.90909091,10,25,-0.4918693768,ds_cbdf3834368e,ds_16b6be697acb,01190,
year,2023,False,12,20,155,16.90909091,10,25,0.7963599435,ds_cbdf3834368e,ds_16b6be697acb,01190,
year,2023,False,13,22,155,16.90909091,10,25,1.311651672,ds_cbdf3834368e,ds_16b6be697acb,01190,
year,2023,False,14,22,155,16.90909091,10,25,1.311651672,ds_cbdf3834368e,ds_16b6be697acb,01190,
year,2023,False,15,13,155,16.90909091,10,25,-1.007161105,ds_cbdf3834368e,ds_16b6be697acb,01190,
year,2023,False,16,12,155,16.90909091,10,25,-1.264806969,ds_cbdf3834368e,ds_16b6be697acb,01190,
year,2023,False,17,13,155,16.90909091,10,25,-1.007161105,ds_cbdf3834368e,ds_16b6be697acb,01190,
year,2023,False,18,14,155,16.90909091,10,25,-0.7495152409,ds_cbdf3834368e,ds_16b6be697acb,01190,
year,2023,False,19,11,155,16.90909091,10,25,-1.522452833,ds_cbdf3834368e,ds_16b6be697acb,01190,
year,2023,False,20,17,155,16.90909091,10,25,0.02342235128,ds_cbdf3834368e,ds_16b6be697acb,01190,
year,2023,False,21,12,155,16.90909091,10,25,-1.264806969,ds_cbdf3834368e,ds_16b6be697acb,01190,
year,2023,False,22,18,155,16.90909091,10,25,0.2810682153,ds_cbdf3834368e,ds_16b6be697acb,01190,
year,2023,False,23,25,155,16.90909091,10,25,2.084589264,ds_cbdf3834368e,ds_16b6be697acb,01190,
year,2023,False,24,18,155,16.90909091,10,25,0.2810682153,ds_cbdf3834368e,ds_16b6be697acb,01190,
year,2023,False,25,15,155,16.90909091,10,25,-0.4918693768,ds_cbdf3834368e,ds_16b6be697acb,01190,
year,2023,False,26,13,155,16.90909091,10,25,-1.007161105,ds_cbdf3834368e,ds_16b6be697acb,01190,
year,2023,False,27,17,155,16.90909091,10,25,0.02342235128,ds_cbdf3834368e,ds_16b6be697acb,01190,
year,2023,False,28,18,155,16.90909091,10,25,0.2810682153,ds_cbdf3834368e,ds_16b6be697acb,01190,
year,2023,False,29,17,155,16.90909091,10,25,0.02342235128,ds_cbdf3834368e,ds_16b6be697acb,01190,
year,2023,False,30,15,155,16.90909091,10,25,-0.4918693768,ds_cbdf3834368e,ds_16b6be697acb,01190,
year,2023,False,31,10,155,16.90909091,10,25,-1.780098697,ds_cbdf3834368e,ds_16b6be697acb,01190,
year,2023,False,32,16,155,16.90909091,10,25,-0.2342235128,ds_cbdf3834368e,ds_16b6be697acb,01190,
year,2023,False,33,22,155,16.90909091,10,25,1.311651672,ds_cbdf3834368e,ds_16b6be697acb,01190,
year,2023,False,34,24,155,16.90909091,10,25,1.8269434,ds_cbdf3834368e,ds_16b6be697acb,01190,
year,2023,False,35,17,155,16.90909091,10,25,0.02342235128,ds_cbdf3834368e,ds_16b6be697acb,01190,
year,2023,False,36,18,155,16.90909091,10,25,0.2810682153,ds_cbdf3834368e,ds_16b6be697acb,01190,
year,2023,False,37,17,155,16.90909091,10,25,0.02342235128,ds_cbdf3834368e,ds_16b6be697acb,01190,
year,2023,False,38,17,155,16.90909091,10,25,0.02342235128,ds_cbdf3834368e,ds_16b6be697acb,01190,
year,2023,False,39,18,155,16.90909091,10,25,0.2810682153,ds_cbdf3834368e,ds_16b6be697acb,01190,
year,2023,False,40,17,155,16.90909091,10,25,0.02342235128,ds_cbdf3834368e,ds_16b6be697acb,01190,
year,2023,False,41,16,155,16.90909091,10,25,-0.2342235128,ds_cbdf3834368e,ds_16b6be697acb,01190,
year,2023,False,42,13,155,16.90909091,10,25,-1.007161105,ds_cbdf3834368e,ds_16b6be697acb,01190,
year,2023,False,43,21,155,16.90909091,10,25,1.054005808,ds_cbdf3834368e,ds_16b6be697acb,01190,
year,2023,False,44,17,155,16.90909091,10,25,0.02342235128,ds_cbdf3834368e,ds_16b6be697acb,01190,
year,2023,False,45,18,155,16.90909091,10,25,0.2810682153,ds_cbdf3834368e,ds_16b6be697acb,01190,
year,2023,False,46,17,155,16.90909091,10,25,0.02342235128,ds_cbdf3834368e,ds_16b6be697acb,01190,
year,2023,False,47,25,155,16.90909091,10,25,2.084589264,ds_cbdf3834368e,ds_16b6be697acb,01190,
year,2023,False,48,21,155,16.90909091,10,25,1.054005808,ds_cbdf3834368e,ds_16b6be697acb,01190,
year,2023,False,49,14,155,16.90909091,10,25,-0.7495152409,ds_cbdf3834368e,ds_16b6be697acb,01190,
year,2023,False,50,22,155,16.90909091,10,25,1.311651672,ds_cbdf3834368e,ds_16b6be697acb,01190,
year,2023,False,51,19,155,16.90909091,10,25,0.5387140794,ds_cbdf3834368e,ds_16b6be697acb,01190,
year,2023,False,52,21,155,16.90909091,10,25,1.054005808,ds_cbdf3834368e,ds_16b6be697acb,01190,
year,2023,False,53,16,155,16.90909091,10,25,-0.2342235128,ds_cbdf3834368e,ds_16b6be697acb,01190,
year,2023,False,54,12,155,16.90909091,10,25,-1.264806969,ds_cbdf3834368e,ds_16b6be697acb,01190,
year,2023,False,55,12,155,16.90909091,10,25,-1.264806969,ds_cbdf3834368e,ds_16b6be697acb,01190,
year,2024,False,1,21,156,17.01818182,10,25,1.022605562,ds_cbdf3834368e,ds_16b6be697acb,01190,
year,2024,False,2,15,156,17.01818182,10,25,-0.5183069286,ds_cbdf3834368e,ds_16b6be697acb,01190,
year,2024,False,3,14,156,17.01818182,10,25,-0.775125677,ds_cbdf3834368e,ds_16b6be697acb,01190,
year,2024,False,4,11,156,17.01818182,10,25,-1.545581922,ds_cbdf3834368e,ds_16b6be697acb,01190,
year,2024,False,5,14,156,17.01818182,10,25,-0.775125677,ds_cbdf3834368e,ds_16b6be697acb,01190,
year,2024,False,6,17,156,17.01818182,10,25,-0.004669431789,ds_cbdf3834368e,ds_16b6be697acb,01190,
year,2024,False,7,14,156,17.01818182,10,25,-0.775125677,ds_cbdf3834368e,ds_16b6be697acb,01190,
year,2024,False,8,22,156,17.01818182,10,25,1.27942431,ds_cbdf3834368e,ds_16b6be697acb,01190,
year,2024,False,9,13,156,17.01818182,10,25,-1.031944425,ds_cbdf3834368e,ds_16b6be697acb,01190,
year,2024,False,10,15,156,17.01818182,10,25,-0.5183069286,ds_cbdf3834368e,ds_16b6be697acb,01190,
year,2024,False,11,15,156,17.01818182,10,25,-0.5183069286,ds_cbdf3834368e,ds_16b6be697acb,01190,
year,2024,False,12,20,156,17.01818182,10,25,0.7657868134,ds_cbdf3834368e,ds_16b6be697acb,01190,
year,2024,False,13,21,156,17.01818182,10,25,1.022605562,ds_cbdf3834368e,ds_16b6be697acb,01190,
year,2024,False,14,12,156,17.01818182,10,25,-1.288763174,ds_cbdf3834368e,ds_16b6be697acb,01190,
year,2024,False,15,10,156,17.01818182,10,25,-1.802400671,ds_cbdf3834368e,ds_16b6be697acb,01190,
year,2024,False,16,15,156,17.01818182,10,25,-0.5183069286,ds_cbdf3834368e,ds_16b6be697acb,01190,
year,2024,False,17,18,156,17.01818182,10,25,0.2521493166,ds_cbdf3834368e,ds_16b6be697acb,01190,
year,2024,False,18,18,156,17.01818182,10,25,0.2521493166,ds_cbdf3834368e,ds_16b6be697acb,01190,
year,2024,False,19,14,156,17.01818182,10,25,-0.775125677,ds_cbdf3834368e,ds_16b6be697acb,01190,
year,2024,False,20,24,156,17.01818182,10,25,1.793061807,ds_cbdf3834368e,ds_16b6be697acb,01190,
year,2024,False,21,20,156,17.01818182,10,25,0.7657868134,ds_cbdf3834368e,ds_16b6be697acb,01190,
year,2024,False,22,20,156,17.01818182,10,25,0.7657868134,ds_cbdf3834368e,ds_16b6be697acb,01190,
year,2024,False,23,15,156,17.01818182,10,25,-0.5183069286,ds_cbdf3834368e,ds_16b6be697acb,01190,
year,2024,False,24,13,156,17.01818182,10,25,-1.031944425,ds_cbdf3834368e,ds_16b6be697acb,01190,
year,2024,False,25,17,156,17.01818182,10,25,-0.004669431789,ds_cbdf3834368e,ds_16b6be697acb,01190,
year,2024,False,26,16,156,17.01818182,10,25,-0.2614881802,ds_cbdf3834368e,ds_16b6be697acb,01190,
year,2024,False,27,18,156,17.01818182,10,25,0.2521493166,ds_cbdf3834368e,ds_16b6be697acb,01190,
year,2024,False,28,6,156,17.01818182,10,25,-2.829675664,ds_cbdf3834368e,ds_16b6be697acb,01190,
year,2024,False,29,20,156,17.01818182,10,25,0.7657868134,ds_cbdf3834368e,ds_16b6be697acb,01190,
year,2024,False,30,9,156,17.01818182,10,25,-2.059219419,ds_cbdf3834368e,ds_16b6be697acb,01190,
year,2024,False,31,18,156,17.01818182,10,25,0.2521493166,ds_cbdf3834368e,ds_16b6be697acb,01190,
year,2024,False,32,20,156,17.01818182,10,25,0.7657868134,ds_cbdf3834368e,ds_16b6be697acb,01190,
year,2024,False,33,15,156,17.01818182,10,25,-0.5183069286,ds_cbdf3834368e,ds_16b6be697acb,01190,
year,2024,False,34,22,156,17.01818182,10,25,1.27942431,ds_cbdf3834368e,ds_16b6be697acb,01190,
year,2024,False,35,15,156,17.01818182,10,25,-0.5183069286,ds_cbdf3834368e,ds_16b6be697acb,01190,
year,2024,False,36,14,156,17.01818182,10,25,-0.775125677,ds_cbdf3834368e,ds_16b6be697acb,01190,
year,2024,False,37,13,156,17.01818182,10,25,-1.031944425,ds_cbdf3834368e,ds_16b6be697acb,01190,
year,2024,False,38,27,156,17.01818182,10,25,2.563518052,ds_cbdf3834368e,ds_16b6be697acb,01190,
year,2024,False,39,21,156,17.01818182,10,25,1.022605562,ds_cbdf3834368e,ds_16b6be697acb,01190,
year,2024,False,40,22,156,17.01818182,10,25,1.27942431,ds_cbdf3834368e,ds_16b6be697acb,01190,
year,2024,False,41,22,156,17.01818182,10,25,1.27942431,ds_cbdf3834368e,ds_16b6be697acb,01190,
year,2024,False,42,19,156,17.01818182,10,25,0.508968065,ds_cbdf3834368e,ds_16b6be697acb,01190,
year,2024,False,43,20,156,17.01818182,10,25,0.7657868134,ds_cbdf3834368e,ds_16b6be697acb,01190,
year,2024,False,44,13,156,17.01818182,10,25,-1.031944425,ds_cbdf3834368e,ds_16b6be697acb,01190,
year,2024,False,45,13,156,17.01818182,10,25,-1.031944425,ds_cbdf3834368e,ds_16b6be697acb,01190,
year,2024,False,46,21,156,17.01818182,10,25,1.022605562,ds_cbdf3834368e,ds_16b6be697acb,01190,
year,2024,False,47,14,156,17.01818182,10,25,-0.775125677,ds_cbdf3834368e,ds_16b6be697acb,01190,
year,2024,False,48,17,156,17.01818182,10,25,-0.004669431789,ds_cbdf3834368e,ds_16b6be697acb,01190,
year,2024,False,49,17,156,17.01818182,10,25,-0.004669431789,ds_cbdf3834368e,ds_16b6be697acb,01190,
year,2024,False,50,11,156,17.01818182,10,25,-1.545581922,ds_cbdf3834368e,ds_16b6be697acb,01190,
year,2024,False,51,27,156,17.01818182,10,25,2.563518052,ds_cbdf3834368e,ds_16b6be697acb,01190,
year,2024,False,52,19,156,17.01818182,10,25,0.508968065,ds_cbdf3834368e,ds_16b6be697acb,01190,
year,2024,False,53,16,156,17.01818182,10,25,-0.2614881802,ds_cbdf3834368e,ds_16b6be697acb,01190,
year,2024,False,54,22,156,17.01818182,10,25,1.27942431,ds_cbdf3834368e,ds_16b6be697acb,01190,
year,2024,False,55,21,156,17.01818182,10,25,1.022605562,ds_cbdf3834368e,ds_16b6be697acb,01190,
year,2025,True,1,10,57,6.218181818,2,11,1.606764552,ds_cbdf3834368e,ds_16b6be697acb,01190,
year,2025,True,2,5,57,6.218181818,2,11,-0.5175635817,ds_cbdf3834368e,ds_16b6be697acb,01190,
year,2025,True,3,7,57,6.218181818,2,11,0.3321676718,ds_cbdf3834368e,ds_16b6be697acb,01190,
year,2025,True,4,3,57,6.218181818,2,11,-1.367294835,ds_cbdf3834368e,ds_16b6be697acb,01190,
year,2025,True,5,6,57,6.218181818,2,11,-0.09269795493,ds_cbdf3834368e,ds_16b6be697acb,01190,
year,2025,True,6,1,57,6.218181818,2,11,-2.217026089,ds_cbdf3834368e,ds_16b6be697acb,01190,
year,2025,True,7,7,57,6.218181818,2,11,0.3321676718,ds_cbdf3834368e,ds_16b6be697acb,01190,
year,2025,True,8,6,57,6.218181818,2,11,-0.09269795493,ds_cbdf3834368e,ds_16b6be697acb,01190,
year,2025,True,9,4,57,6.218181818,2,11,-0.9424292085,ds_cbdf3834368e,ds_16b6be697acb,01190,
year,2025,True,10,7,57,6.218181818,2,11,0.3321676718,ds_cbdf3834368e,ds_16b6be697acb,01190,
year,2025,True,11,8,57,6.218181818,2,11,0.7570332986,ds_cbdf3834368e,ds_16b6be697acb,01190,
year,2025,True,12,3,57,6.218181818,2,11,-1.367294835,ds_cbdf3834368e,ds_16b6be697acb,01190,
year,2025,True,13,8,57,6.218181818,2,11,0.7570332986,ds_cbdf3834368e,ds_16b6be697acb,01190,
year,2025,True,14,8,57,6.218181818,2,11,0.7570332986,ds_cbdf3834368e,ds_16b6be697acb,01190,
year,2025,True,15,7,57,6.218181818,2,11,0.3321676718,ds_cbdf3834368e,ds_16b6be697acb,01190,
year,2025,True,16,6,57,6.218181818,2,11,-0.09269795493,ds_cbdf3834368e,ds_16b6be697acb,01190,
year,2025,True,17,5,57,6.218181818,2,11,-0.5175635817,ds_cbdf3834368e,ds_16b6be697acb,01190,
year,2025,True,18,7,57,6.218181818,2,11,0.3321676718,ds_cbdf3834368e,ds_16b6be697acb,01190,
year,2025,True,19,5,57,6.218181818,2,11,-0.5175635817,ds_cbdf3834368e,ds_16b6be697acb,01190,
year,2025,True,20,3,57,6.218181818,2,11,-1.367294835,ds_cbdf3834368e,ds_16b6be697acb,01190,
year,2025,True,21,8,57,6.218181818,2,11,0.7570332986,ds_cbdf3834368e,ds_16b6be697acb,01190,
year,2025,True,22,7,57,6.218181818,2,11,0.3321676718,ds_cbdf3834368e,ds_16b6be697acb,01190,
year,2025,True,23,7,57,6.218181818,2,11,0.3321676718,ds_cbdf3834368e,ds_16b6be697acb,01190,
year,2025,True,24,8,57,6.218181818,2,11,0.7570332986,ds_cbdf3834368e,ds_16b6be697acb,01190,
year,2025,True,25,4,57,6.218181818,2,11,-0.9424292085,ds_cbdf3834368e,ds_16b6be697acb,01190,
year,2025,True,26,7,57,6.218181818,2,11,0.3321676718,ds_cbdf3834368e,ds_16b6be697acb,01190,
year,2025,True,27,3,57,6.218181818,2,11,-1.367294835,ds_cbdf3834368e,ds_16b6be697acb,01190,
year,2025,True,28,7,57,6.218181818,2,11,0.3321676718,ds_cbdf3834368e,ds_16b6be697acb,01190,
year,2025,True,29,8,57,6.218181818,2,11,0.7570332986,ds_cbdf3834368e,ds_16b6be697acb,01190,
year,2025,True,30,7,57,6.218181818,2,11,0.3321676718,ds_cbdf3834368e,ds_16b6be697acb,01190,
year,2025,True,31,6,57,6.218181818,2,11,-0.09269795493,ds_cbdf3834368e,ds_16b6be697acb,01190,
year,2025,True,32,3,57,6.218181818,2,11,-1.367294835,ds_cbdf3834368e,ds_16b6be697acb,01190,
year,2025,True,33,3,57,6.218181818,2,11,-1.367294835,ds_cbdf3834368e,ds_16b6be697acb,01190,
year,2025,True,34,8,57,6.218181818,2,11,0.7570332986,ds_cbdf3834368e,ds_16b6be697acb,01190,
year,2025,True,35,2,57,6.218181818,2,11,-1.792160462,ds_cbdf3834368e,ds_16b6be697acb,01190,
year,2025,True,36,5,57,6.218181818,2,11,-0.5175635817,ds_cbdf3834368e,ds_16b6be697acb,01190,
year,2025,True,37,9,57,6.218181818,2,11,1.181898925,ds_cbdf3834368e,ds_16b6be697acb,01190,
year,2025,True,38,5,57,6.218181818,2,11,-0.5175635817,ds_cbdf3834368e,ds_16b6be697acb,01190,
year,2025,True,39,9,57,6.218181818,2,11,1.181898925,ds_cbdf3834368e,ds_16b6be697acb,01190,
year,2025,True,40,10,57,6.218181818,2,11,1.606764552,ds_cbdf3834368e,ds_16b6be697acb,01190,
year,2025,True,41,10,57,6.218181818,2,11,1.606764552,ds_cbdf3834368e,ds_16b6be697acb,01190,
year,2025,True,42,10,57,6.218181818,2,11,1.606764552,ds_cbdf3834368e,ds_16b6be697acb,01190,
year,2025,True,43,8,57,6.218181818,2,11,0.7570332986,ds_cbdf3834368e,ds_16b6be697acb,01190,
year,2025,True,44,3,57,6.218181818,2,11,-1.367294835,ds_cbdf3834368e,ds_16b6be697acb,01190,
year,2025,True,45,6,57,6.218181818,2,11,-0.09269795493,ds_cbdf3834368e,ds_16b6be697acb,01190,
year,2025,True,46,2,57,6.218181818,2,11,-1.792160462,ds_cbdf3834368e,ds_16b6be697acb,01190,
year,2025,True,47,8,57,6.218181818,2,11,0.7570332986,ds_cbdf3834368e,ds_16b6be697acb,01190,
year,2025,True,48,7,57,6.218181818,2,11,0.3321676718,ds_cbdf3834368e,ds_16b6be697acb,01190,
year,2025,True,49,5,57,6.218181818,2,11,-0.5175635817,ds_cbdf3834368e,ds_16b6be697acb,01190,
year,2025,True,50,9,57,6.218181818,2,11,1.181898925,ds_cbdf3834368e,ds_16b6be697acb,01190,
year,2025,True,51,8,57,6.218181818,2,11,0.7570332986,ds_cbdf3834368e,ds_16b6be697acb,01190,
year,2025,True,52,7,57,6.218181818,2,11,0.3321676718,ds_cbdf3834368e,ds_16b6be697acb,01190,
year,2025,True,53,7,57,6.218181818,2,11,0.3321676718,ds_cbdf3834368e,ds_16b6be697acb,01190,
year,2025,True,54,5,57,6.218181818,2,11,-0.5175635817,ds_cbdf3834368e,ds_16b6be697acb,01190,
year,2025,True,55,5,57,6.218181818,2,11,-0.5175635817,ds_cbdf3834368e,ds_16b6be697acb,01190,
