window_end_draw_id,max_z,min_z,mc_max_z_q975,mc_min_z_q025,source_dataset_version,analysis_version,through_draw,override_ref
00050,2.969229956,-2.474358297,3.876494665,-2.474358297,ds_cbdf3834368e,ds_16b6be697acb,01190,
00051,2.969229956,-2.020725942,3.876494665,-2.474358297,ds_cbdf3834368e,ds_16b6be697acb,01190,
00052,2.969229956,-2.020725942,3.876494665,-2.474358297,ds_cbdf3834368e,ds_16b6be697acb,01190,
00053,2.969229956,-2.020725942,3.876494665,-2.474358297,ds_cbdf3834368e,ds_16b6be697acb,01190,
00054,2.515597601,-2.020725942,3.876494665,-2.474358297,ds_cbdf3834368e,ds_16b6be697acb,01190,
00055,2.515597601,-2.020725942,3.876494665,-2.474358297,ds_cbdf3834368e,ds_16b6be697acb,01190,
00056,2.515597601,-2.020725942,3.876494665,-2.474358297,ds_cbdf3834368e,ds_16b6be697acb,01190,
00057,2.515597601,-2.020725942,3.876494665,-2.474358297,ds_cbdf3834368e,ds_16b6be697acb,01190,
00058,2.515597601,-2.020725942,3.876494665,-2.474358297,ds_cbdf3834368e,ds_16b6be697acb,01190,
00059,2.515597601,-1.567093588,3.876494665,-2.474358297,ds_cbdf3834368e,ds_16b6be697acb,01190,
00060,2.515597601,-1.567093588,3.876494665,-2.474358297,ds_cbdf3834368e,ds_16b6be697acb,01190,
00061,2.515597601,-1.567093588,3.876494665,-2.474358297,ds_cbdf3834368e,ds_16b6be697acb,01190,
00062,2.061965247,-1.567093588,3.876494665,-2.474358297,ds_cbdf3834368e,ds_16b6be697acb,01190,
00063,2.061965247,-1.567093588,3.876494665,-2.474358297,ds_cbdf3834368e,ds_16b6be697acb,01190,
00064,2.061965247,-1.567093588,3.876494665,-2.474358297,ds_cbdf3834368e,ds_16b6be697acb,01190,
00065,2.061965247,-1.567093588,3.876494665,-2.474358297,ds_cbdf3834368e,ds_16b6be697acb,01190,
00066,2.061965247,-1.567093588,3.876494665,-2.474358297,ds_cbdf3834368e,ds_16b6be697acb,01190,
00067,2.061965247,-1.567093588,3.876494665,-2.474358297,ds_cbdf3834368e,ds_16b6be697acb,01190,
00068,2.515597601,-1.567093588,3.876494665,-2.474358297,ds_cbdf3834368e,ds_16b6be697acb,01190,
00069,2.969229956,-2.020725942,3.876494665,-2.474358297,ds_cbdf3834368e,ds_16b6be697acb,01190,
00070,2.969229956,-2.020725942,3.876494665,-2.474358297,ds_cbdf3834368e,ds_16b6be697acb,01190,
00071,3.42286231,-2.020725942,3.876494665,-2.474358297,ds_cbdf3834368e,ds_16b6be697acb,01190,
00072,3.42286231,-2.020725942,3.876494665,-2.474358297,ds_cbdf3834368e,ds_16b6be697acb,01190,
00073,3.42286231,-2.020725942,3.876494665,-2.474358297,ds_cbdf3834368e,ds_16b6be697acb,01190,
00074,3.42286231,-2.020725942,3.876494665,-2.474358297,ds_cbdf3834368e,ds_16b6be697acb,01190,
00075,3.42286231,-2.020725942,3.876494665,-2.474358297,ds_cbdf3834368e,ds_16b6be697acb,01190,
00076,3.42286231,-1.567093588,3.876494665,-2.474358297,ds_cbdf3834368e,ds_16b6be697acb,01190,
00077,3.42286231,-2.020725942,3.876494665,-2.474358297,ds_cbdf3834368e,ds_16b6be697acb,01190,
00078,2.969229956,-2.020725942,3.876494665,-2.474358297,ds_cbdf3834368e,ds_16b6be697acb,01190,
00079,2.515597601,-2.020725942,3.876494665,-2.474358297,ds_cbdf3834368e,ds_16b6be697acb,01190,
00080,2.515597601,-2.020725942,3.876494665,-2.474358297,ds_cbdf3834368e,ds_16b6be697acb,01190,
00081,2.515597601,-2.020725942,3.876494665,-2.474358297,ds_cbdf3834368e,ds_16b6be697acb,01190,
00082,2.515597601,-2.020725942,3.876494665,-2.474358297,ds_cbdf3834368e,ds_16b6be697acb,01190,
00083,2.515597601,-2.020725942,3.876494665,-2.474358297,ds_cbdf3834368e,ds_16b6be697acb,01190,
00084,2.061965247,-2.020725942,3.876494665,-2.474358297,ds_cbdf3834368e,ds_16b6be697acb,01190,
00085,2.061965247,-2.474358297,3.876494665,-2.474358297,ds_cbdf3834368e,ds_16b6be697acb,01190,
00086,2.515597601,-2.474358297,3.876494665,-2.474358297,ds_cbdf3834368e,ds_16b6be697acb,01190,
00087,2.515597601,-2.474358297,3.876494665,-2.474358297,ds_cbdf3834368e,ds_16b6be697acb,01190,
00088,2.061965247,-2.474358297,3.876494665,-2.474358297,ds_cbdf3834368e,ds_16b6be697acb,01190,
00089,2.515597601,-2.474358297,3.876494665,-2.474358297,ds_cbdf3834368e,ds_16b6be697acb,01190,
00090,2.061965247,-2.474358297,3.876494665,-2.474358297,ds_cbdf3834368e,ds_16b6be697acb,01190,
00091,2.515597601,-2.020725942,3.876494665,-2.474358297,ds_cbdf3834368e,ds_16b6be697acb,01190,
00092,2.515597601,-2.020725942,3.876494665,-2.474358297,ds_cbdf3834368e,ds_16b6be697acb,01190,
00093,2.515597601,-2.020725942,3.876494665,-2.474358297,ds_cbdf3834368e,ds_16b6be697acb,01190,
00094,2.515597601,-1.567093588,3.876494665,-2.474358297,ds_cbdf3834368e,ds_16b6be697acb,01190,
00095,2.515597601,-2.020725942,3.876494665,-2.474358297,ds_cbdf3834368e,ds_16b6be697acb,01190,
00096,2.515597601,-2.020725942,3.876494665,-2.474358297,ds_cbdf3834368e,ds_16b6be697acb,01190,
00097,2.515597601,-2.020725942,3.876494665,-2.474358297,ds_cbdf3834368e,ds_16b6be697acb,01190,
00098,2.515597601,-2.020725942,3.876494665,-2.474358297,ds_cbdf3834368e,ds_16b6be697acb,01190,
00099,2.515597601,-2.020725942,3.876494665,-2.474358297,ds_cbdf3834368e,ds_16b6be697acb,01190,
00100,2.515597601,-1.567093588,3.876494665,-2.474358297,ds_cbdf3834368e,ds_16b6be697acb,01190,
00101,2.515597601,-1.567093588,3.876494665,-2.474358297,ds_cbdf3834368e,ds_16b6be697acb,01190,
00102,2.515597601,-1.567093588,3.876494665,-2.474358297,ds_cbdf3834368e,ds_16b6be697acb,01190,
00103,2.515597601,-1.567093588,3.876494665,-2.474358297,ds_cbdf3834368e,ds_16b6be697acb,01190,
00104,2.969229956,-1.567093588,3.876494665,-2.474358297,ds_cbdf3834368e,ds_16b6be697acb,01190,
00105,2.969229956,-1.567093588,3.876494665,-2.474358297,ds_cbdf3834368e,ds_16b6be697acb,01190,
00106,3.42286231,-1.567093588,3.876494665,-2.474358297,ds_cbdf3834368e,ds_16b6be697acb,01190,
00107,3.42286231,-1.567093588,3.876494665,-2.474358297,ds_cbdf3834368e,ds_16b6be697acb,01190,
00108,2.969229956,-1.567093588,3.876494665,-2.474358297,ds_cbdf3834368e,ds_16b6be697acb,01190,
00109,2.969229956,-1.567093588,3.876494665,-2.474358297,ds_cbdf3834368e,ds_16b6be697acb,01190,
00110,2.969229956,-1.567093588,3.876494665,-2.474358297,ds_cbdf3834368e,ds_16b6be697acb,01190,
00111,2.969229956,-1.567093588,3.876494665,-2.474358297,ds_cbdf3834368e,ds_16b6be697acb,01190,
00112,2.969229956,-1.567093588,3.876494665,-2.474358297,ds_cbdf3834368e,ds_16b6be697acb,01190,
00113,2.515597601,-1.567093588,3.876494665,-2.474358297,ds_cbdf3834368e,ds_16b6be697acb,01190,
00114,2.061965247,-1.567093588,3.876494665,-2.474358297,ds_cbdf3834368e,ds_16b6be697acb,01190,
00115,1.608332893,-1.567093588,3.876494665,-2.474358297,ds_cbdf3834368e,ds_16b6be697acb,01190,
00116,1.608332893,-1.567093588,3.876494665,-2.474358297,ds_cbdf3834368e,ds_16b6be697acb,01190,
00117,2.061965247,-1.567093588,3.876494665,-2.474358297,ds_cbdf3834368e,ds_16b6be697acb,01190,
00118,1.608332893,-1.567093588,3.876494665,-2.474358297,ds_cbdf3834368e,ds_16b6be697acb,01190,
00119,1.608332893,-1.567093588,3.876494665,-2.474358297,ds_cbdf3834368e,ds_16b6be697acb,01190,
00120,1.608332893,-1.567093588,3.876494665,-2.474358297,ds_cbdf3834368e,ds_16b6be697acb,01190,
00121,1.608332893,-1.567093588,3.876494665,-2.474358297,ds_cbdf3834368e,ds_16b6be697acb,01190,
00122,2.061965247,-1.567093588,3.876494665,-2.474358297,ds_cbdf3834368e,ds_16b6be697acb,01190,
00123,2.061965247,-1.567093588,3.876494665,-2.474358297,ds_cbdf3834368e,ds_16b6be697acb,01190,
00124,2.061965247,-1.567093588,3.876494665,-2.474358297,ds_cbdf3834368e,ds_16b6be697acb,01190,
00125,2.061965247,-1.567093588,3.876494665,-2.474358297,ds_cbdf3834368e,ds_16b6be697acb,01190,
00126,2.061965247,-1.567093588,3.876494665,-2.474358297,ds_cbdf3834368e,ds_16b6be697acb,01190,
00127,1.608332893,-1.567093588,3.876494665,-2.474358297,ds_cbdf3834368e,ds_16b6be697acb,01190,
00128,1.608332893,-1.567093588,3.876494665,-2.474358297,ds_cbdf3834368e,ds_16b6be697acb,01190,
00129,1.608332893,-1.567093588,3.876494665,-2.474358297,ds_cbdf3834368e,ds_16b6be697acb,01190,
00130,2.061965247,-1.567093588,3.876494665,-2.474358297,ds_cbdf3834368e,ds_16b6be697acb,01190,
00131,1.608332893,-1.567093588,3.876494665,-2.474358297,ds_cbdf3834368e,ds_16b6be697acb,01190,
00132,1.608332893,-1.567093588,3.876494665,-2.474358297,ds_cbdf3834368e,ds_16b6be697acb,01190,
00133,1.608332893,-1.567093588,3.876494665,-2.474358297,ds_cbdf3834368e,ds_16b6be697acb,01190,
00134,1.608332893,-1.567093588,3.876494665,-2.474358297,ds_cbdf3834368e,ds_16b6be697acb,01190,
00135,1.608332893,-2.020725942,3.876494665,-2.474358297,ds_cbdf3834368e,ds_16b6be697acb,01190,
00136,1.608332893,-2.020725942,3.876494665,-2.474358297,ds_cbdf3834368e,ds_16b6be697acb,01190,
00137,1.608332893,-1.567093588,3.876494665,-2.474358297,ds_cbdf3834368e,ds_16b6be697acb,01190,
00138,2.061965247,-1.567093588,3.876494665,-2.474358297,ds_cbdf3834368e,ds_16b6be697acb,01190,
00139,2.061965247,-1.567093588,3.876494665,-2.474358297,ds_cbdf3834368e,ds_16b6be697acb,01190,
00140,2.061965247,-1.567093588,3.876494665,-2.474358297,ds_cbdf3834368e,ds_16b6be697acb,01190,
00141,2.061965247,-1.567093588,3.876494665,-2.474358297,ds_cbdf3834368e,ds_16b6be697acb,01190,
00142,2.061965247,-1.567093588,3.876494665,-2.474358297,ds_cbdf3834368e,ds_16b6be697acb,01190,
00143,2.515597601,-1.567093588,3.876494665,-2.474358297,ds_cbdf3834368e,ds_16b6be697acb,01190,
00144,2.061965247,-1.567093588,3.876494665,-2.474358297,ds_cbdf3834368e,ds_16b6be697acb,01190,
00145,2.061965247,-1.567093588,3.876494665,-2.474358297,ds_cbdf3834368e,ds_16b6be697acb,01190,
00146,2.061965247,-1.567093588,3.876494665,-2.474358297,ds_cbdf3834368e,ds_16b6be697acb,01190,
00147,1.608332893,-1.567093588,3.876494665,-2.474358297,ds_cbdf3834368e,ds_16b6be697acb,01190,
00148,1.608332893,-2.020725942,3.876494665,-2.474358297,ds_cbdf3834368e,ds_16b6be697acb,01190,
00149,2.061965247,-2.020725942,3.876494665,-2.474358297,ds_cbdf3834368e,ds_16b6be697acb,01190,
00150,2.061965247,-2.020725942,3.876494665,-2.474358297,ds_cbdf3834368e,ds_16b6be697acb,01190,
00151,2.061965247,-1.567093588,3.876494665,-2.474358297,ds_cbdf3834368e,ds_16b6be697acb,01190,
00152,2.515597601,-1.567093588,3.876494665,-2.474358297,ds_cbdf3834368e,ds_16b6be697acb,01190,
00153,2.515597601,-1.567093588,3.876494665,-2.474358297,ds_cbdf3834368e,ds_16b6be697acb,01190,
00154,2.061965247,-1.567093588,3.876494665,-2.474358297,ds_cbdf3834368e,ds_16b6be697acb,01190,
00155,2.061965247,-1.567093588,3.876494665,-2.474358297,ds_cbdf3834368e,ds_16b6be697acb,01190,
00156,2.061965247,-1.567093588,3.876494665,-2.474358297,ds_cbdf3834368e,ds_16b6be697acb,01190,
00157,2.061965247,-1.567093588,3.876494665,-2.474358297,ds_cbdf3834368e,ds_16b6be697acb,01190,
00158,2.061965247,-1.567093588,3.876494665,-2.474358297,ds_cbdf3834368e,ds_16b6be697acb,01190,
00159,2.061965247,-2.020725942,3.876494665,-2.474358297,ds_cbdf3834368e,ds_16b6be697acb,01190,
00160,2.061965247,-2.020725942,3.876494665,-2.474358297,ds_cbdf3834368e,ds_16b6be697acb,01190,
00161,2.515597601,-2.020725942,3.876494665,-2.474358297,ds_cbdf3834368e,ds_16b6be697acb,01190,
00162,2.515597601,-2.020725942,3.876494665,-2.474358297,ds_cbdf3834368e,ds_16b6be697acb,01190,
00163,2.515597601,-1.567093588,3.876494665,-2.474358297,ds_cbdf3834368e,ds_16b6be697acb,01190,
00164,2.969229956,-1.567093588,3.876494665,-2.474358297,ds_cbdf3834368e,ds_16b6be697acb,01190,
00165,2.969229956,-1.567093588,3.876494665,-2.474358297,ds_cbdf3834368e,ds_16b6be697acb,01190,
00166,2.969229956,-1.567093588,3.876494665,-2.474358297,ds_cbdf3834368e,ds_16b6be697acb,01190,
00167,2.969229956,-1.567093588,3.876494665,-2.474358297,ds_cbdf3834368e,ds_16b6be697acb,01190,
00168,2.515597601,-1.567093588,3.876494665,-2.474358297,ds_cbdf3834368e,ds_16b6be697acb,01190,
00169,2.061965247,-1.567093588,3.876494665,-2.474358297,ds_cbdf3834368e,ds_16b6be697acb,01190,
00170,2.061965247,-1.567093588,3.876494665,-2.474358297,ds_cbdf3834368e,ds_16b6be697acb,01190,
00171,2.061965247,-1.567093588,3.876494665,-2.474358297,ds_cbdf3834368e,ds_16b6be697acb,01190,
00172,2.061965247,-2.020725942,3.876494665,-2.474358297,ds_cbdf3834368e,ds_16b6be697acb,01190,
00173,2.515597601,-2.020725942,3.876494665,-2.474358297,ds_cbdf3834368e,ds_16b6be697acb,01190,
00174,2.515597601,-2.020725942,3.876494665,-2.474358297,ds_cbdf3834368e,ds_16b6be697acb,01190,
00175,2.515597601,-2.020725942,3.876494665,-2.474358297,ds_cbdf3834368e,ds_16b6be697acb,01190,
00176,2.515597601,-2.020725942,3.876494665,-2.474358297,ds_cbdf3834368e,ds_16b6be697acb,01190,
00177,2.515597601,-2.020725942,3.876494665,-2.474358297,ds_cbdf3834368e,ds_16b6be697acb,01190,
00178,2.515597601,-2.020725942,3.876494665,-2.474358297,ds_cbdf3834368e,ds_16b6be697acb,01190,
00179,2.515597601,-1.567093588,3.876494665,-2.474358297,ds_cbdf3834368e,ds_16b6be697acb,01190,
00180,2.515597601,-1.567093588,3.876494665,-2.474358297,ds_cbdf3834368e,ds_16b6be697acb,01190,
00181,2.515597601,-1.567093588,3.876494665,-2.474358297,ds_cbdf3834368e,ds_16b6be697acb,01190,
00182,2.061965247,-1.567093588,3.876494665,-2.474358297,ds_cbdf3834368e,ds_16b6be697acb,01190,
00183,2.061965247,-2.020725942,3.876494665,-2.474358297,ds_cbdf3834368e,ds_16b6be697acb,01190,
00184,2.061965247,-2.020725942,3.876494665,-2.474358297,ds_cbdf3834368e,ds_16b6be697acb,01190,
00185,2.061965247,-2.020725942,3.876494665,-2.474358297,ds_cbdf3834368e,ds_16b6be697acb,01190,
00186,1.608332893,-2.020725942,3.876494665,-2.474358297,ds_cbdf3834368e,ds_16b6be697acb,01190,
00187,1.608332893,-2.020725942,3.876494665,-2.474358297,ds_cbdf3834368e,ds_16b6be697acb,01190,
00188,2.061965247,-2.020725942,3.876494665,-2.474358297,ds_cbdf3834368e,ds_16b6be697acb,01190,
00189,2.061965247,-2.020725942,3.876494665,-2.474358297,ds_cbdf3834368e,ds_16b6be697acb,01190,
00190,2.061965247,-2.020725942,3.876494665,-2.474358297,ds_cbdf3834368e,ds_16b6be697acb,01190,
00191,2.061965247,-2.020725942,3.876494665,-2.474358297,ds_cbdf3834368e,ds_16b6be697acb,01190,
00192,2.061965247,-2.020725942,3.876494665,-2.474358297,ds_cbdf3834368e,ds_16b6be697acb,01190,
00193,2.061965247,-2.020725942,3.876494665,-2.474358297,ds_cbdf3834368e,ds_16b6be697acb,01190,
00194,1.608332893,-2.020725942,3.876494665,-2.474358297,ds_cbdf3834368e,ds_16b6be697acb,01190,
00195,1.608332893,-2.020725942,3.876494665,-2.474358297,ds_cbdf3834368e,ds_16b6be697acb,01190,
00196,2.061965247,-2.020725942,3.876494665,-2.474358297,ds_cbdf3834368e,ds_16b6be697acb,01190,
00197,2.061965247,-2.020725942,3.876494665,-2.474358297,ds_cbdf3834368e,ds_16b6be697acb,01190,
00198,2.061965247,-2.020725942,3.876494665,-2.474358297,ds_cbdf3834368e,ds_16b6be697acb,01190,
00199,2.061965247,-2.020725942,3.876494665,-2.474358297,ds_cbdf3834368e,ds_16b6be697acb,01190,
00200,2.061965247,-2.020725942,3.876494665,-2.474358297,ds_cbdf3834368e,ds_16b6be697acb,01190,
00201,2.061965247,-1.567093588,3.876494665,-2.474358297,ds_cbdf3834368e,ds_16b6be697acb,01190,
00202,2.061965247,-1.567093588,3.876494665,-2.474358297,ds_cbdf3834368e,ds_16b6be697acb,01190,
00203,2.061965247,-1.567093588,3.876494665,-2.474358297,ds_cbdf3834368e,ds_16b6be697acb,01190,
00204,2.061965247,-1.567093588,3.876494665,-2.474358297,ds_cbdf3834368e,ds_16b6be697acb,01190,
00205,2.061965247,-1.567093588,3.876494665,-2.474358297,ds_cbdf3834368e,ds_16b6be697acb,01190,
00206,2.515597601,-1.567093588,3.876494665,-2.474358297,ds_cbdf3834368e,ds_16b6be697acb,01190,
00207,2.969229956,-1.567093588,3.876494665,-2.474358297,ds_cbdf3834368e,ds_16b6be697acb,01190,
00208,2.969229956,-1.567093588,3.876494665,-2.474358297,ds_cbdf3834368e,ds_16b6be697acb,01190,
00209,2.969229956,-1.567093588,3.876494665,-2.474358297,ds_cbdf3834368e,ds_16b6be697acb,01190,
00210,2.969229956,-1.567093588,3.876494665,-2.474358297,ds_cbdf3834368e,ds_16b6be697acb,01190,
00211,2.969229956,-1.567093588,3.876494665,-2.474358297,ds_cbdf3834368e,ds_16b6be697acb,01190,
00212,3.42286231,-2.020725942,3.876494665,-2.474358297,ds_cbdf3834368e,ds_16b6be697acb,01190,
00213,3.42286231,-2.020725942,3.876494665,-2.474358297,ds_cbdf3834368e,ds_16b6be697acb,01190,
00214,3.42286231,-2.020725942,3.876494665,-2.474358297,ds_cbdf3834368e,ds_16b6be697acb,01190,
00215,3.42286231,-2.020725942,3.876494665,-2.474358297,ds_cbdf3834368e,ds_16b6be697acb,01190,
00216,3.42286231,-2.474358297,3.876494665,-2.474358297,ds_cbdf3834368e,ds_16b6be697acb,01190,
00217,3.42286231,-2.474358297,3.876494665,-2.474358297,ds_cbdf3834368e,ds_16b6be697acb,01190,
00218,3.876494665,-2.474358297,3.876494665,-2.474358297,ds_cbdf3834368e,ds_16b6be697acb,01190,
00219,4.330127019,-2.474358297,3.876494665,-2.474358297,ds_cbdf3834368e,ds_16b6be697acb,01190,
00220,4.330127019,-2.474358297,3.876494665,-2.474358297,ds_cbdf3834368e,ds_16b6be697acb,01190,
00221,4.330127019,-2.474358297,3.876494665,-2.474358297,ds_cbdf3834368e,ds_16b6be697acb,01190,
00222,4.330127019,-2.474358297,3.876494665,-2.474358297,ds_cbdf3834368e,ds_16b6be697acb,01190,
00223,4.330127019,-2.474358297,3.876494665,-2.474358297,ds_cbdf3834368e,ds_16b6be697acb,01190,
00224,4.330127019,-2.474358297,3.876494665,-2.474358297,ds_cbdf3834368e,ds_16b6be697acb,01190,
00225,4.783759373,-2.474358297,3.876494665,-2.474358297,ds_cbdf3834368e,ds_16b6be697acb,01190,
00226,4.783759373,-2.474358297,3.876494665,-2.474358297,ds_cbdf3834368e,ds_16b6be697acb,01190,
00227,4.783759373,-2.474358297,3.876494665,-2.474358297,ds_cbdf3834368e,ds_16b6be697acb,01190,
00228,4.330127019,-2.474358297,3.876494665,-2.474358297,ds_cbdf3834368e,ds_16b6be697acb,01190,
00229,4.330127019,-2.474358297,3.876494665,-2.474358297,ds_cbdf3834368e,ds_16b6be697acb,01190,
00230,3.876494665,-2.474358297,3.876494665,-2.474358297,ds_cbdf3834368e,ds_16b6be697acb,01190,
00231,3.876494665,-2.474358297,3.876494665,-2.474358297,ds_cbdf3834368e,ds_16b6be697acb,01190,
00232,3.42286231,-2.474358297,3.876494665,-2.474358297,ds_cbdf3834368e,ds_16b6be697acb,01190,
00233,2.969229956,-2.474358297,3.876494665,-2.474358297,ds_cbdf3834368e,ds_16b6be697acb,01190,
00234,2.515597601,-2.474358297,3.876494665,-2.474358297,ds_cbdf3834368e,ds_16b6be697acb,01190,
00235,2.515597601,-2.474358297,3.876494665,-2.474358297,ds_cbdf3834368e,ds_16b6be697acb,01190,
00236,2.969229956,-2.474358297,3.876494665,-2.474358297,ds_cbdf3834368e,ds_16b6be697acb,01190,
00237,2.969229956,-2.474358297,3.876494665,-2.474358297,ds_cbdf3834368e,ds_16b6be697acb,01190,
00238,2.515597601,-2.474358297,3.876494665,-2.474358297,ds_cbdf3834368e,ds_16b6be697acb,01190,
00239,2.515597601,-2.474358297,3.876494665,-2.474358297,ds_cbdf3834368e,ds_16b6be697acb,01190,
00240,2.515597601,-2.474358297,3.876494665,-2.474358297,ds_cbdf3834368e,ds_16b6be697acb,01190,
00241,2.515597601,-2.474358297,3.876494665,-2.474358297,ds_cbdf3834368e,ds_16b6be697acb,01190,
00242,2.515597601,-2.020725942,3.876494665,-2.474358297,ds_cbdf3834368e,ds_16b6be697acb,01190,
00243,2.515597601,-2.020725942,3.876494665,-2.474358297,ds_cbdf3834368e,ds_16b6be697acb,01190,
00244,2.515597601,-2.020725942,3.876494665,-2.474358297,ds_cbdf3834368e,ds_16b6be697acb,01190,
00245,2.515597601,-2.020725942,3.876494665,-2.474358297,ds_cbdf3834368e,ds_16b6be697acb,01190,
00246,2.061965247,-2.020725942,3.876494665,-2.474358297,ds_cbdf3834368e,ds_16b6be697acb,01190,
00247,2.515597601,-2.020725942,3.876494665,-2.474358297,ds_cbdf3834368e,ds_16b6be697acb,01190,
00248,2.515597601,-2.020725942,3.876494665,-2.474358297,ds_cbdf3834368e,ds_16b6be697acb,01190,
00249,2.515597601,-2.020725942,3.876494665,-2.474358297,ds_cbdf3834368e,ds_16b6be697acb,01190,
00250,2.061965247,-2.020725942,3.876494665,-2.474358297,ds_cbdf3834368e,ds_16b6be697acb,01190,
00251,2.061965247,-2.020725942,3.876494665,-2.474358297,ds_cbdf3834368e,ds_16b6be697acb,01190,
00252,2.515597601,-2.020725942,3.876494665,-2.474358297,ds_cbdf3834368e,ds_16b6be697acb,01190,
00253,2.515597601,-2.020725942,3.876494665,-2.474358297,ds_cbdf3834368e,ds_16b6be697acb,01190,
00254,2.061965247,-2.020725942,3.876494665,-2.474358297,ds_cbdf3834368e,ds_16b6be697acb,01190,
00255,2.061965247,-1.567093588,3.876494665,-2.474358297,ds_cbdf3834368e,ds_16b6be697acb,01190,
00256,2.061965247,-1.567093588,3.876494665,-2.474358297,ds_cbdf3834368e,ds_16b6be697acb,01190,
00257,1.608332893,-1.567093588,3.876494665,-2.474358297,ds_cbdf3834368e,ds_16b6be697acb,01190,
00258,2.061965247,-1.567093588,3.876494665,-2.474358297,ds_cbdf3834368e,ds_16b6be697acb,01190,
00259,2.061965247,-1.567093588,3.876494665,-2.474358297,ds_cbdf3834368e,ds_16b6be697acb,01190,
00260,2.061965247,-1.567093588,3.876494665,-2.474358297,ds_cbdf3834368e,ds_16b6be697acb,01190,
00261,2.061965247,-1.567093588,3.876494665,-2.474358297,ds_cbdf3834368e,ds_16b6be697acb,01190,
00262,2.061965247,-2.020725942,3.876494665,-2.474358297,ds_cbdf3834368e,ds_16b6be697acb,01190,
00263,2.061965247,-2.020725942,3.876494665,-2.474358297,ds_cbdf3834368e,ds_16b6be697acb,01190,
00264,2.061965247,-2.020725942,3.876494665,-2.474358297,ds_cbdf3834368e,ds_16b6be697acb,01190,
00265,2.061965247,-2.020725942,3.876494665,-2.474358297,ds_cbdf3834368e,ds_16b6be697acb,01190,
00266,2.061965247,-2.020725942,3.876494665,-2.474358297,ds_cbdf3834368e,ds_16b6be697acb,01190,
00267,2.061965247,-2.020725942,3.876494665,-2.474358297,ds_cbdf3834368e,ds_16b6be697acb,01190,
00268,2.061965247,-2.020725942,3.876494665,-2.474358297,ds_cbdf3834368e,ds_16b6be697acb,01190,
00269,2.515597601,-2.020725942,3.876494665,-2.474358297,ds_cbdf3834368e,ds_16b6be697acb,01190,
00270,2.061965247,-2.020725942,3.876494665,-2.474358297,ds_cbdf3834368e,ds_16b6be697acb,01190,
00271,2.061965247,-2.020725942,3.876494665,-2.474358297,ds_cbdf3834368e,ds_16b6be697acb,01190,
00272,2.061965247,-2.020725942,3.876494665,-2.474358297,ds_cbdf3834368e,ds_16b6be697acb,01190,
00273,2.061965247,-2.020725942,3.876494665,-2.474358297,ds_cbdf3834368e,ds_16b6be697acb,01190,
00274,2.061965247,-2.020725942,3.876494665,-2.474358297,ds_cbdf3834368e,ds_16b6be697acb,01190,
00275,2.061965247,-2.020725942,3.876494665,-2.474358297,ds_cbdf3834368e,ds_16b6be697acb,01190,
00276,2.061965247,-2.020725942,3.876494665,-2.474358297,ds_cbdf3834368e,ds_16b6be697acb,01190,
00277,2.515597601,-2.020725942,3.876494665,-2.474358297,ds_cbdf3834368e,ds_16b6be697acb,01190,
00278,2.515597601,-2.020725942,3.876494665,-2.474358297,ds_cbdf3834368e,ds_16b6be697acb,01190,
00279,2.515597601,-2.020725942,3.876494665,-2.474358297,ds_cbdf3834368e,ds_16b6be697acb,01190,
00280,2.515597601,-2.020725942,3.876494665,-2.474358297,ds_cbdf3834368e,ds_16b6be697acb,01190,
00281,2.515597601,-2.020725942,3.876494665,-2.474358297,ds_cbdf3834368e,ds_16b6be697acb,01190,
00282,2.515597601,-2.020725942,3.876494665,-2.474358297,ds_cbdf3834368e,ds_16b6be697acb,01190,
00283,2.061965247,-2.020725942,3.876494665,-2.474358297,ds_cbdf3834368e,ds_16b6be697acb,01190,
00284,2.061965247,-2.020725942,3.876494665,-2.474358297,ds_cbdf3834368e,ds_16b6be697acb,01190,
00285,2.061965247,-2.020725942,3.876494665,-2.474358297,ds_cbdf3834368e,ds_16b6be697acb,01190,
00286,2.061965247,-2.020725942,3.876494665,-2.474358297,ds_cbdf3834368e,ds_16b6be697acb,01190,
00287,2.061965247,-2.474358297,3.876494665,-2.474358297,ds_cbdf3834368e,ds_16b6be697acb,01190,
00288,2.061965247,-2.474358297,3.876494665,-2.474358297,ds_cbdf3834368e,ds_16b6be697acb,01190,
00289,2.061965247,-2.020725942,3.876494665,-2.474358297,ds_cbdf3834368e,ds_16b6be697acb,01190,
00290,2.061965247,-2.020725942,3.876494665,-2.474358297,ds_cbdf3834368e,ds_16b6be697acb,01190,
00291,2.061965247,-2.020725942,3.876494665,-2.474358297,ds_cbdf3834368e,ds_16b6be697acb,01190,
00292,2.061965247,-2.020725942,3.876494665,-2.474358297,ds_cbdf3834368e,ds_16b6be697acb,01190,
00293,2.061965247,-2.020725942,3.876494665,-2.474358297,ds_cbdf3834368e,ds_16b6be697acb,01190,
00294,2.061965247,-2.474358297,3.876494665,-2.474358297,ds_cbdf3834368e,ds_16b6be697acb,01190,
00295,2.061965247,-2.474358297,3.876494665,-2.474358297,ds_cbdf3834368e,ds_16b6be697acb,01190,
00296,2.061965247,-2.474358297,3.876494665,-2.474358297,ds_cbdf3834368e,ds_16b6be697acb,01190,
00297,2.061965247,-2.474358297,3.876494665,-2.474358297,ds_cbdf3834368e,ds_16b6be697acb,01190,
00298,2.061965247,-2.474358297,3.876494665,-2.474358297,ds_cbdf3834368e,ds_16b6be697acb,01190,
00299,2.061965247,-2.474358297,3.876494665,-2.474358297,ds_cbdf3834368e,ds_16b6be697acb,01190,
00300,2.061965247,-2.474358297,3.876494665,-2.474358297,ds_cbdf3834368e,ds_16b6be697acb,01190,
00301,2.061965247,-2.020725942,3.876494665,-2.474358297,ds_cbdf3834368e,ds_16b6be697acb,01190,
00302,2.515597601,-2.020725942,3.876494665,-2.474358297,ds_cbdf3834368e,ds_16b6be697acb,01190,
00303,2.061965247,-2.020725942,3.876494665,-2.474358297,ds_cbdf3834368e,ds_16b6be697acb,01190,
00304,2.061965247,-2.020725942,3.876494665,-2.474358297,ds_cbdf3834368e,ds_16b6be697acb,01190,
00305,2.515597601,-2.020725942,3.876494665,-2.474358297,ds_cbdf3834368e,ds_16b6be697acb,01190,
00306,2.515597601,-2.020725942,3.876494665,-2.474358297,ds_cbdf3834368e,ds_16b6be697acb,01190,
00307,2.515597601,-2.020725942,3.876494665,-2.474358297,ds_cbdf3834368e,ds_16b6be697acb,01190,
00308,2.515597601,-2.020725942,3.876494665,-2.474358297,ds_cbdf3834368e,ds_16b6be697acb,01190,
00309,2.515597601,-2.020725942,3.876494665,-2.474358297,ds_cbdf3834368e,ds_16b6be697acb,01190,
00310,2.969229956,-2.020725942,3.876494665,-2.474358297,ds_cbdf3834368e,ds_16b6be697acb,01190,
00311,2.969229956,-2.020725942,3.876494665,-2.474358297,ds_cbdf3834368e,ds_16b6be697acb,01190,
00312,2.969229956,-2.020725942,3.876494665,-2.474358297,ds_cbdf3834368e,ds_16b6be697acb,01190,
00313,2.969229956,-1.567093588,3.876494665,-2.474358297,ds_cbdf3834368e,ds_16b6be697acb,01190,
00314,2.969229956,-1.567093588,3.876494665,-2.474358297,ds_cbdf3834368e,ds_16b6be697acb,01190,
00315,2.969229956,-1.567093588,3.876494665,-2.474358297,ds_cbdf3834368e,ds_16b6be697acb,01190,
00316,2.515597601,-1.567093588,3.876494665,-2.474358297,ds_cbdf3834368e,ds_16b6be697acb,01190,
00317,2.515597601,-1.567093588,3.876494665,-2.474358297,ds_cbdf3834368e,ds_16b6be697acb,01190,
00318,2.515597601,-1.567093588,3.876494665,-2.474358297,ds_cbdf3834368e,ds_16b6be697acb,01190,
00319,2.515597601,-1.567093588,3.876494665,-2.474358297,ds_cbdf3834368e,ds_16b6be697acb,01190,
00320,2.061965247,-1.567093588,3.876494665,-2.474358297,ds_cbdf3834368e,ds_16b6be697acb,01190,
00321,2.061965247,-1.567093588,3.876494665,-2.474358297,ds_cbdf3834368e,ds_16b6be697acb,01190,
00322,2.061965247,-1.567093588,3.876494665,-2.474358297,ds_cbdf3834368e,ds_16b6be697acb,01190,
00323,2.061965247,-1.567093588,3.876494665,-2.474358297,ds_cbdf3834368e,ds_16b6be697acb,01190,
00324,2.061965247,-1.567093588,3.876494665,-2.474358297,ds_cbdf3834368e,ds_16b6be697acb,01190,
00325,2.061965247,-1.567093588,3.876494665,-2.474358297,ds_cbdf3834368e,ds_16b6be697acb,01190,
00326,2.061965247,-1.567093588,3.876494665,-2.474358297,ds_cbdf3834368e,ds_16b6be697acb,01190,
00327,2.061965247,-1.567093588,3.876494665,-2.474358297,ds_cbdf3834368e,ds_16b6be697acb,01190,
00328,2.515597601,-1.567093588,3.876494665,-2.474358297,ds_cbdf3834368e,ds_16b6be697acb,01190,
00329,2.515597601,-2.020725942,3.876494665,-2.474358297,ds_cbdf3834368e,ds_16b6be697acb,01190,
00330,2.515597601,-2.020725942,3.876494665,-2.474358297,ds_cbdf3834368e,ds_16b6be697acb,01190,
00331,2.061965247,-2.020725942,3.876494665,-2.474358297,ds_cbdf3834368e,ds_16b6be697acb,01190,
00332,2.061965247,-2.020725942,3.876494665,-2.474358297,ds_cbdf3834368e,ds_16b6be697acb,01190,
00333,2.061965247,-2.020725942,3.876494665,-2.474358297,ds_cbdf3834368e,ds_16b6be697acb,01190,
00334,1.608332893,-2.020725942,3.876494665,-2.474358297,ds_cbdf3834368e,ds_16b6be697acb,01190,
00335,1.608332893,-2.474358297,3.876494665,-2.474358297,ds_cbdf3834368e,ds_16b6be697acb,01190,
00336,1.608332893,-2.474358297,3.876494665,-2.474358297,ds_cbdf3834368e,ds_16b6be697acb,01190,
00337,1.608332893,-2.474358297,3.876494665,-2.474358297,ds_cbdf3834368e,ds_16b6be697acb,01190,
00338,1.608332893,-2.474358297,3.876494665,-2.474358297,ds_cbdf3834368e,ds_16b6be697acb,01190,
00339,1.608332893,-2.020725942,3.876494665,-2.474358297,ds_cbdf3834368e,ds_16b6be697acb,01190,
00340,1.608332893,-2.020725942,3.876494665,-2.474358297,ds_cbdf3834368e,ds_16b6be697acb,01190,
00341,2.061965247,-2.020725942,3.876494665,-2.474358297,ds_cbdf3834368e,ds_16b6be697acb,01190,
00342,2.061965247,-2.020725942,3.876494665,-2.474358297,ds_cbdf3834368e,ds_16b6be697acb,01190,
00343,2.515597601,-2.020725942,3.876494665,-2.474358297,ds_cbdf3834368e,ds_16b6be697acb,01190,
00344,2.515597601,-2.020725942,3.876494665,-2.474358297,ds_cbdf3834368e,ds_16b6be697acb,01190,
00345,2.515597601,-2.474358297,3.876494665,-2.474358297,ds_cbdf3834368e,ds_16b6be697acb,01190,
00346,2.515597601,-2.474358297,3.876494665,-2.474358297,ds_cbdf3834368e,ds_16b6be697acb,01190,
00347,2.515597601,-2.474358297,3.876494665,-2.474358297,ds_cbdf3834368e,ds_16b6be697acb,01190,
00348,2.515597601,-2.474358297,3.876494665,-2.474358297,ds_cbdf3834368e,ds_16b6be697acb,01190,
00349,2.515597601,-2.474358297,3.876494665,-2.474358297,ds_cbdf3834368e,ds_16b6be697acb,01190,
00350,2.515597601,-2.474358297,3.876494665,-2.474358297,ds_cbdf3834368e,ds_16b6be697acb,01190,
00351,2.061965247,-2.474358297,3.876494665,-2.474358297,ds_cbdf3834368e,ds_16b6be697acb,01190,
00352,2.061965247,-2.474358297,3.876494665,-2.474358297,ds_cbdf3834368e,ds_16b6be697acb,01190,
00353,2.061965247,-2.474358297,3.876494665,-2.474358297,ds_cbdf3834368e,ds_16b6be697acb,01190,
00354,2.061965247,-2.474358297,3.876494665,-2.474358297,ds_cbdf3834368e,ds_16b6be697acb,01190,
00355,2.061965247,-2.474358297,3.876494665,-2.474358297,ds_cbdf3834368e,ds_16b6be697acb,01190,
00356,2.061965247,-2.474358297,3.876494665,-2.474358297,ds_cbdf3834368e,ds_16b6be697acb,01190,
00357,2.061965247,-2.474358297,3.876494665,-2.474358297,ds_cbdf3834368e,ds_16b6be697acb,01190,
00358,1.608332893,-2.474358297,3.876494665,-2.474358297,ds_cbdf3834368e,ds_16b6be697acb,01190,
00359,1.608332893,-2.474358297,3.876494665,-2.474358297,ds_cbdf3834368e,ds_16b6be697acb,01190,
00360,1.608332893,-2.474358297,3.876494665,-2.474358297,ds_cbdf3834368e,ds_16b6be697acb,01190,
00361,1.608332893,-2.474358297,3.876494665,-2.474358297,ds_cbdf3834368e,ds_16b6be697acb,01190,
00362,1.608332893,-2.474358297,3.876494665,-2.474358297,ds_cbdf3834368e,ds_16b6be697acb,01190,
00363,1.608332893,-2.020725942,3.876494665,-2.474358297,ds_cbdf3834368e,ds_16b6be697acb,01190,
00364,1.608332893,-2.020725942,3.876494665,-2.474358297,ds_cbdf3834368e,ds_16b6be697acb,01190,
00365,2.061965247,-2.020725942,3.876494665,-2.474358297,ds_cbdf3834368e,ds_16b6be697acb,01190,
00366,1.608332893,-2.020725942,3.876494665,-2.474358297,ds_cbdf3834368e,ds_16b6be697acb,01190,
00367,2.061965247,-2.020725942,3.876494665,-2.474358297,ds_cbdf3834368e,ds_16b6be697acb,01190,
00368,2.061965247,-2.020725942,3.876494665,-2.474358297,ds_cbdf3834368e,ds_16b6be697acb,01190,
00369,2.061965247,-2.020725942,3.876494665,-2.474358297,ds_cbdf3834368e,ds_16b6be697acb,01190,
00370,2.061965247,-2.020725942,3.876494665,-2.474358297,ds_cbdf3834368e,ds_16b6be697acb,01190,
00371,2.061965247,-2.020725942,3.876494665,-2.474358297,ds_cbdf3834368e,ds_16b6be697acb,01190,
00372,2.061965247,-1.567093588,3.876494665,-2.474358297,ds_cbdf3834368e,ds_16b6be697acb,01190,
00373,2.061965247,-1.567093588,3.876494665,-2.474358297,ds_cbdf3834368e,ds_16b6be697acb,01190,
00374,2.515597601,-1.567093588,3.876494665,-2.474358297,ds_cbdf3834368e,ds_16b6be697acb,01190,
00375,2.515597601,-2.020725942,3.876494665,-2.474358297,ds_cbdf3834368e,ds_16b6be697acb,01190,
00376,2.515597601,-2.474358297,3.876494665,-2.474358297,ds_cbdf3834368e,ds_16b6be697acb,01190,
00377,2.515597601,-2.474358297,3.876494665,-2.474358297,ds_cbdf3834368e,ds_16b6be697acb,01190,
00378,2.515597601,-2.474358297,3.876494665,-2.474358297,ds_cbdf3834368e,ds_16b6be697acb,01190,
00379,2.515597601,-2.474358297,3.876494665,-2.474358297,ds_cbdf3834368e,ds_16b6be697acb,01190,
00380,2.969229956,-2.474358297,3.876494665,-2.474358297,ds_cbdf3834368e,ds_16b6be697acb,01190,
00381,2.515597601,-2.474358297,3.876494665,-2.474358297,ds_cbdf3834368e,ds_16b6be697acb,01190,
00382,2.515597601,-2.474358297,3.876494665,-2.474358297,ds_cbdf3834368e,ds_16b6be697acb,01190,
00383,2.515597601,-2.474358297,3.876494665,-2.474358297,ds_cbdf3834368e,ds_16b6be697acb,01190,
00384,2.515597601,-2.474358297,3.876494665,-2.474358297,ds_cbdf3834368e,ds_16b6be697acb,01190,
00385,2.515597601,-2.020725942,3.876494665,-2.474358297,ds_cbdf3834368e,ds_16b6be697acb,01190,
00386,2.515597601,-2.020725942,3.876494665,-2.474358297,ds_cbdf3834368e,ds_16b6be697acb,01190,
00387,2.515597601,-2.020725942,3.876494665,-2.474358297,ds_cbdf3834368e,ds_16b6be697acb,01190,
00388,2.515597601,-2.020725942,3.876494665,-2.474358297,ds_cbdf3834368e,ds_16b6be697acb,01190,
00389,2.969229956,-2.020725942,3.876494665,-2.474358297,ds_cbdf3834368e,ds_16b6be697acb,01190,
00390,2.969229956,-2.020725942,3.876494665,-2.474358297,ds_cbdf3834368e,ds_16b6be697acb,01190,
00391,2.515597601,-2.020725942,3.876494665,-2.474358297,ds_cbdf3834368e,ds_16b6be697acb,01190,
00392,2.515597601,-1.567093588,3.876494665,-2.474358297,ds_cbdf3834368e,ds_16b6be697acb,01190,
00393,2.515597601,-1.567093588,3.876494665,-2.474358297,ds_cbdf3834368e,ds_16b6be697acb,01190,
00394,2.969229956,-2.020725942,3.876494665,-2.474358297,ds_cbdf3834368e,ds_16b6be697acb,01190,
00395,2.969229956,-2.020725942,3.876494665,-2.474358297,ds_cbdf3834368e,ds_16b6be697acb,01190,
00396,2.969229956,-2.020725942,3.876494665,-2.474358297,ds_cbdf3834368e,ds_16b6be697acb,01190,
00397,2.969229956,-2.020725942,3.876494665,-2.474358297,ds_cbdf3834368e,ds_16b6be697acb,01190,
00398,2.969229956,-2.020725942,3.876494665,-2.474358297,ds_cbdf3834368e,ds_16b6be697acb,01190,
00399,2.515597601,-2.020725942,3.876494665,-2.474358297,ds_cbdf3834368e,ds_16b6be697acb,01190,
00400,2.515597601,-2.020725942,3.876494665,-2.474358297,ds_cbdf3834368e,ds_16b6be697acb,01190,
00401,2.061965247,-2.020725942,3.876494665,-2.474358297,ds_cbdf3834368e,ds_16b6be697acb,01190,
00402,2.061965247,-2.020725942,3.876494665,-2.474358297,ds_cbdf3834368e,ds_16b6be697acb,01190,
00403,2.061965247,-2.020725942,3.876494665,-2.474358297,ds_cbdf3834368e,ds_16b6be697acb,01190,
00404,2.061965247,-2.020725942,3.876494665,-2.474358297,ds_cbdf3834368e,ds_16b6be697acb,01190,
00405,2.061965247,-2.020725942,3.876494665,-2.474358297,ds_cbdf3834368e,ds_16b6be697acb,01190,
00406,2.061965247,-2.020725942,3.876494665,-2.474358297,ds_cbdf3834368e,ds_16b6be697acb,01190,
00407,2.061965247,-2.020725942,3.876494665,-2.474358297,ds_cbdf3834368e,ds_16b6be697acb,01190,
00408,2.061965247,-2.020725942,3.876494665,-2.474358297,ds_cbdf3834368e,ds_16b6be697acb,01190,
00409,2.061965247,-2.020725942,3.876494665,-2.474358297,ds_cbdf3834368e,ds_16b6be697acb,01190,
00410,2.061965247,-2.020725942,3.876494665,-2.474358297,ds_cbdf3834368e,ds_16b6be697acb,01190,
00411,2.061965247,-2.020725942,3.876494665,-2.474358297,ds_cbdf3834368e,ds_16b6be697acb,01190,
00412,2.061965247,-2.020725942,3.876494665,-2.474358297,ds_cbdf3834368e,ds_16b6be697acb,01190,
00413,1.608332893,-2.020725942,3.876494665,-2.474358297,ds_cbdf3834368e,ds_16b6be697acb,01190,
00414,1.608332893,-2.020725942,3.876494665,-2.474358297,ds_cbdf3834368e,ds_16b6be697acb,01190,
00415,1.608332893,-2.020725942,3.876494665,-2.474358297,ds_cbdf3834368e,ds_16b6be697acb,01190,
00416,2.061965247,-2.020725942,3.876494665,-2.474358297,ds_cbdf3834368e,ds_16b6be697acb,01190,
00417,1.608332893,-1.567093588,3.876494665,-2.474358297,ds_cbdf3834368e,ds_16b6be697acb,01190,
00418,1.608332893,-1.567093588,3.876494665,-2.474358297,ds_cbdf3834368e,ds_16b6be697acb,01190,
00419,1.608332893,-1.567093588,3.876494665,-2.474358297,ds_cbdf3834368e,ds_16b6be697acb,01190,
00420,2.061965247,-1.567093588,3.876494665,-2.474358297,ds_cbdf3834368e,ds_16b6be697acb,01190,
00421,2.061965247,-1.567093588,3.876494665,-2.474358297,ds_cbdf3834368e,ds_16b6be697acb,01190,
00422,2.061965247,-1.567093588,3.876494665,-2.474358297,ds_cbdf3834368e,ds_16b6be697acb,01190,
00423,2.061965247,-1.567093588,3.876494665,-2.474358297,ds_cbdf3834368e,ds_16b6be697acb,01190,
00424,2.061965247,-1.567093588,3.876494665,-2.474358297,ds_cbdf3834368e,ds_16b6be697acb,01190,
00425,1.608332893,-1.567093588,3.876494665,-2.474358297,ds_cbdf3834368e,ds_16b6be697acb,01190,
00426,2.061965247,-1.567093588,3.876494665,-2.474358297,ds_cbdf3834368e,ds_16b6be697acb,01190,
00427,1.608332893,-1.567093588,3.876494665,-2.474358297,ds_cbdf3834368e,ds_16b6be697acb,01190,
00428,2.061965247,-1.567093588,3.876494665,-2.474358297,ds_cbdf3834368e,ds_16b6be697acb,01190,
00429,1.608332893,-1.567093588,3.876494665,-2.474358297,ds_cbdf3834368e,ds_16b6be697acb,01190,
00430,2.061965247,-2.020725942,3.876494665,-2.474358297,ds_cbdf3834368e,ds_16b6be697acb,01190,
00431,2.061965247,-2.020725942,3.876494665,-2.474358297,ds_cbdf3834368e,ds_16b6be697acb,01190,
00432,2.061965247,-2.020725942,3.876494665,-2.474358297,ds_cbdf3834368e,ds_16b6be697acb,01190,
00433,2.061965247,-2.020725942,3.876494665,-2.474358297,ds_cbdf3834368e,ds_16b6be697acb,01190,
00434,2.061965247,-2.020725942,3.876494665,-2.474358297,ds_cbdf3834368e,ds_16b6be697acb,01190,
00435,2.061965247,-1.567093588,3.876494665,-2.474358297,ds_cbdf3834368e,ds_16b6be697acb,01190,
00436,2.061965247,-1.567093588,3.876494665,-2.474358297,ds_cbdf3834368e,ds_16b6be697acb,01190,
00437,2.061965247,-1.567093588,3.876494665,-2.474358297,ds_cbdf3834368e,ds_16b6be697acb,01190,
00438,2.061965247,-1.567093588,3.876494665,-2.474358297,ds_cbdf3834368e,ds_16b6be697acb,01190,
00439,1.608332893,-1.567093588,3.876494665,-2.474358297,ds_cbdf3834368e,ds_16b6be697acb,01190,
00440,1.608332893,-1.567093588,3.876494665,-2.474358297,ds_cbdf3834368e,ds_16b6be697acb,01190,
00441,1.608332893,-1.567093588,3.876494665,-2.474358297,ds_cbdf3834368e,ds_16b6be697acb,01190,
00442,2.061965247,-1.567093588,3.876494665,-2.474358297,ds_cbdf3834368e,ds_16b6be697acb,01190,
00443,1.608332893,-1.567093588,3.876494665,-2.474358297,ds_cbdf3834368e,ds_16b6be697acb,01190,
00444,1.608332893,-1.567093588,3.876494665,-2.474358297,ds_cbdf3834368e,ds_16b6be697acb,01190,
00445,1.608332893,-1.567093588,3.876494665,-2.474358297,ds_cbdf3834368e,ds_16b6be697acb,01190,
00446,1.608332893,-2.020725942,3.876494665,-2.474358297,ds_cbdf3834368e,ds_16b6be697acb,01190,
00447,1.608332893,-2.474358297,3.876494665,-2.474358297,ds_cbdf3834368e,ds_16b6be697acb,01190,
00448,1.608332893,-2.474358297,3.876494665,-2.474358297,ds_cbdf3834368e,ds_16b6be697acb,01190,
00449,1.608332893,-2.474358297,3.876494665,-2.474358297,ds_cbdf3834368e,ds_16b6be697acb,01190,
00450,1.608332893,-2.474358297,3.876494665,-2.474358297,ds_cbdf3834368e,ds_16b6be697acb,01190,
00451,1.608332893,-2.474358297,3.876494665,-2.474358297,ds_cbdf3834368e,ds_16b6be697acb,01190,
00452,1.608332893,-2.474358297,3.876494665,-2.474358297,ds_cbdf3834368e,ds_16b6be697acb,01190,
00453,1.608332893,-2.020725942,3.876494665,-2.474358297,ds_cbdf3834368e,ds_16b6be697acb,01190,
00454,2.061965247,-2.020725942,3.876494665,-2.474358297,ds_cbdf3834368e,ds_16b6be697acb,01190,
00455,2.061965247,-2.020725942,3.876494665,-2.474358297,ds_cbdf3834368e,ds_16b6be697acb,01190,
00456,2.061965247,-2.020725942,3.876494665,-2.474358297,ds_cbdf3834368e,ds_16b6be697acb,01190,
00457,2.061965247,-2.020725942,3.876494665,-2.474358297,ds_cbdf3834368e,ds_16b6be697acb,01190,
00458,1.608332893,-2.020725942,3.876494665,-2.474358297,ds_cbdf3834368e,ds_16b6be697acb,01190,
00459,1.608332893,-2.020725942,3.876494665,-2.474358297,ds_cbdf3834368e,ds_16b6be697acb,01190,
00460,1.608332893,-2.020725942,3.876494665,-2.474358297,ds_cbdf3834368e,ds_16b6be697acb,01190,
00461,1.608332893,-2.020725942,3.876494665,-2.474358297,ds_cbdf3834368e,ds_16b6be697acb,01190,
00462,2.061965247,-2.020725942,3.876494665,-2.474358297,ds_cbdf3834368e,ds_16b6be697acb,01190,
00463,2.061965247,-2.020725942,3.876494665,-2.474358297,ds_cbdf3834368e,ds_16b6be697acb,01190,
00464,2.061965247,-2.020725942,3.876494665,-2.474358297,ds_cbdf3834368e,ds_16b6be697acb,01190,
00465,2.061965247,-2.020725942,3.876494665,-2.474358297,ds_cbdf3834368e,ds_16b6be697acb,01190,
00466,2.061965247,-2.020725942,3.876494665,-2.474358297,ds_cbdf3834368e,ds_16b6be697acb,01190,
00467,2.061965247,-2.020725942,3.876494665,-2.474358297,ds_cbdf3834368e,ds_16b6be697acb,01190,
00468,2.061965247,-2.020725942,3.876494665,-2.474358297,ds_cbdf3834368e,ds_16b6be697acb,01190,
00469,2.061965247,-2.020725942,3.876494665,-2.474358297,ds_cbdf3834368e,ds_16b6be697acb,01190,
00470,2.061965247,-2.020725942,3.876494665,-2.474358297,ds_cbdf3834368e,ds_16b6be697acb,01190,
00471,2.061965247,-2.020725942,3.876494665,-2.474358297,ds_cbdf3834368e,ds_16b6be697acb,01190,
00472,2.061965247,-2.020725942,3.876494665,-2.474358297,ds_cbdf3834368e,ds_16b6be697acb,01190,
00473,2.061965247,-2.020725942,3.876494665,-2.474358297,ds_cbdf3834368e,ds_16b6be697acb,01190,
00474,2.061965247,-2.020725942,3.876494665,-2.474358297,ds_cbdf3834368e,ds_16b6be697acb,01190,
00475,2.061965247,-2.020725942,3.876494665,-2.474358297,ds_cbdf3834368e,ds_16b6be697acb,01190,
00476,2.061965247,-1.567093588,3.876494665,-2.474358297,ds_cbdf3834368e,ds_16b6be697acb,01190,
00477,2.515597601,-1.567093588,3.876494665,-2.474358297,ds_cbdf3834368e,ds_16b6be697acb,01190,
00478,2.515597601,-1.567093588,3.876494665,-2.474358297,ds_cbdf3834368e,ds_16b6be697acb,01190,
00479,2.515597601,-2.020725942,3.876494665,-2.474358297,ds_cbdf3834368e,ds_16b6be697acb,01190,
00480,2.969229956,-2.020725942,3.876494665,-2.474358297,ds_cbdf3834368e,ds_16b6be697acb,01190,
00481,2.515597601,-2.020725942,3.876494665,-2.474358297,ds_cbdf3834368e,ds_16b6be697acb,01190,
00482,2.515597601,-2.020725942,3.876494665,-2.474358297,ds_cbdf3834368e,ds_16b6be697acb,01190,
00483,2.515597601,-2.020725942,3.876494665,-2.474358297,ds_cbdf3834368e,ds_16b6be697acb,01190,
00484,2.515597601,-1.567093588,3.876494665,-2.474358297,ds_cbdf3834368e,ds_16b6be697acb,01190,
00485,2.515597601,-2.020725942,3.876494665,-2.474358297,ds_cbdf3834368e,ds_16b6be697acb,01190,
00486,2.515597601,-2.020725942,3.876494665,-2.474358297,ds_cbdf3834368e,ds_16b6be697acb,01190,
00487,2.515597601,-2.020725942,3.876494665,-2.474358297,ds_cbdf3834368e,ds_16b6be697acb,01190,
00488,2.969229956,-2.020725942,3.876494665,-2.474358297,ds_cbdf3834368e,ds_16b6be697acb,01190,
00489,2.969229956,-2.020725942,3.876494665,-2.474358297,ds_cbdf3834368e,ds_16b6be697acb,01190,
00490,2.969229956,-2.020725942,3.876494665,-2.474358297,ds_cbdf3834368e,ds_16b6be697acb,01190,
00491,2.969229956,-2.020725942,3.876494665,-2.474358297,ds_cbdf3834368e,ds_16b6be697acb,01190,
00492,2.969229956,-2.020725942,3.876494665,-2.474358297,ds_cbdf3834368e,ds_16b6be697acb,01190,
00493,2.515597601,-2.020725942,3.876494665,-2.474358297,ds_cbdf3834368e,ds_16b6be697acb,01190,
00494,2.515597601,-2.020725942,3.876494665,-2.474358297,ds_cbdf3834368e,ds_16b6be697acb,01190,
00495,2.515597601,-2.020725942,3.876494665,-2.474358297,ds_cbdf3834368e,ds_16b6be697acb,01190,
00496,2.515597601,-2.020725942,3.876494665,-2.474358297,ds_cbdf3834368e,ds_16b6be697acb,01190,
00497,2.515597601,-2.020725942,3.876494665,-2.474358297,ds_cbdf3834368e,ds_16b6be697acb,01190,
00498,2.061965247,-2.020725942,3.876494665,-2.474358297,ds_cbdf3834368e,ds_16b6be697acb,01190,
00499,2.061965247,-2.020725942,3.876494665,-2.474358297,ds_cbdf3834368e,ds_16b6be697acb,01190,
00500,2.515597601,-2.020725942,3.876494665,-2.474358297,ds_cbdf3834368e,ds_16b6be697acb,01190,
00501,2.515597601,-2.020725942,3.876494665,-2.474358297,ds_cbdf3834368e,ds_16b6be697acb,01190,
00502,2.061965247,-2.020725942,3.876494665,-2.474358297,ds_cbdf3834368e,ds_16b6be697acb,01190,
00503,2.061965247,-2.020725942,3.876494665,-2.474358297,ds_cbdf3834368e,ds_16b6be697acb,01190,
00504,2.061965247,-2.020725942,3.876494665,-2.474358297,ds_cbdf3834368e,ds_16b6be697acb,01190,
00505,2.061965247,-2.020725942,3.876494665,-2.474358297,ds_cbdf3834368e,ds_16b6be697acb,01190,
00506,2.515597601,-2.020725942,3.876494665,-2.474358297,ds_cbdf3834368e,ds_16b6be697acb,01190,
00507,2.515597601,-2.020725942,3.876494665,-2.474358297,ds_cbdf3834368e,ds_16b6be697acb,01190,
00508,2.515597601,-2.020725942,3.876494665,-2.474358297,ds_cbdf3834368e,ds_16b6be697acb,01190,
00509,2.515597601,-2.020725942,3.876494665,-2.474358297,ds_cbdf3834368e,ds_16b6be697acb,01190,
00510,2.515597601,-2.020725942,3.876494665,-2.474358297,ds_cbdf3834368e,ds_16b6be697acb,01190,
00511,2.515597601,-2.020725942,3.876494665,-2.474358297,ds_cbdf3834368e,ds_16b6be697acb,01190,
00512,2.061965247,-2.020725942,3.876494665,-2.474358297,ds_cbdf3834368e,ds_16b6be697acb,01190,
00513,2.061965247,-2.020725942,3.876494665,-2.474358297,ds_cbdf3834368e,ds_16b6be697acb,01190,
00514,2.061965247,-2.020725942,3.876494665,-2.474358297,ds_cbdf3834368e,ds_16b6be697acb,01190,
00515,2.061965247,-2.020725942,3.876494665,-2.474358297,ds_cbdf3834368e,ds_16b6be697acb,01190,
00516,2.061965247,-2.020725942,3.876494665,-2.474358297,ds_cbdf3834368e,ds_16b6be697acb,01190,
00517,2.061965247,-2.020725942,3.876494665,-2.474358297,ds_cbdf3834368e,ds_16b6be697acb,01190,
00518,2.061965247,-1.567093588,3.876494665,-2.474358297,ds_cbdf3834368e,ds_16b6be697acb,01190,
00519,2.061965247,-1.567093588,3.876494665,-2.474358297,ds_cbdf3834368e,ds_16b6be697acb,01190,
00520,2.061965247,-1.567093588,3.876494665,-2.474358297,ds_cbdf3834368e,ds_16b6be697acb,01190,
00521,2.061965247,-1.567093588,3.876494665,-2.474358297,ds_cbdf3834368e,ds_16b6be697acb,01190,
00522,1.608332893,-2.020725942,3.876494665,-2.474358297,ds_cbdf3834368e,ds_16b6be697acb,01190,
00523,2.061965247,-2.020725942,3.876494665,-2.474358297,ds_cbdf3834368e,ds_16b6be697acb,01190,
00524,2.061965247,-2.020725942,3.876494665,-2.474358297,ds_cbdf3834368e,ds_16b6be697acb,01190,
00525,2.061965247,-2.020725942,3.876494665,-2.474358297,ds_cbdf3834368e,ds_16b6be697acb,01190,
00526,2.515597601,-2.020725942,3.876494665,-2.474358297,ds_cbdf3834368e,ds_16b6be697acb,01190,
00527,2.969229956,-2.020725942,3.876494665,-2.474358297,ds_cbdf3834368e,ds_16b6be697acb,01190,
00528,2.969229956,-2.020725942,3.876494665,-2.474358297,ds_cbdf3834368e,ds_16b6be697acb,01190,
00529,2.969229956,-2.020725942,3.876494665,-2.474358297,ds_cbdf3834368e,ds_16b6be697acb,01190,
00530,2.969229956,-2.020725942,3.876494665,-2.474358297,ds_cbdf3834368e,ds_16b6be697acb,01190,
00531,2.969229956,-2.020725942,3.876494665,-2.474358297,ds_cbdf3834368e,ds_16b6be697acb,01190,
00532,2.969229956,-2.020725942,3.876494665,-2.474358297,ds_cbdf3834368e,ds_16b6be697acb,01190,
00533,2.515597601,-2.020725942,3.876494665,-2.474358297,ds_cbdf3834368e,ds_16b6be697acb,01190,
00534,2.515597601,-1.567093588,3.876494665,-2.474358297,ds_cbdf3834368e,ds_16b6be697acb,01190,
00535,2.515597601,-1.567093588,3.876494665,-2.474358297,ds_cbdf3834368e,ds_16b6be697acb,01190,
00536,2.515597601,-2.020725942,3.876494665,-2.474358297,ds_cbdf3834368e,ds_16b6be697acb,01190,
00537,2.515597601,-2.020725942,3.876494665,-2.474358297,ds_cbdf3834368e,ds_16b6be697acb,01190,
00538,2.061965247,-2.020725942,3.876494665,-2.474358297,ds_cbdf3834368e,ds_16b6be697acb,01190,
00539,2.061965247,-2.020725942,3.876494665,-2.474358297,ds_cbdf3834368e,ds_16b6be697acb,01190,
00540,2.061965247,-2.020725942,3.876494665,-2.474358297,ds_cbdf3834368e,ds_16b6be697acb,01190,
00541,2.061965247,-2.020725942,3.876494665,-2.474358297,ds_cbdf3834368e,ds_16b6be697acb,01190,
00542,2.061965247,-1.567093588,3.876494665,-2.474358297,ds_cbdf3834368e,ds_16b6be697acb,01190,
00543,2.515597601,-1.567093588,3.876494665,-2.474358297,ds_cbdf3834368e,ds_16b6be697acb,01190,
00544,2.515597601,-1.567093588,3.876494665,-2.474358297,ds_cbdf3834368e,ds_16b6be697acb,01190,
00545,2.969229956,-1.567093588,3.876494665,-2.474358297,ds_cbdf3834368e,ds_16b6be697acb,01190,
00546,2.515597601,-1.567093588,3.876494665,-2.474358297,ds_cbdf3834368e,ds_16b6be697acb,01190,
00547,2.515597601,-1.567093588,3.876494665,-2.474358297,ds_cbdf3834368e,ds_16b6be697acb,01190,
00548,2.515597601,-1.567093588,3.876494665,-2.474358297,ds_cbdf3834368e,ds_16b6be697acb,01190,
00549,2.515597601,-1.567093588,3.876494665,-2.474358297,ds_cbdf3834368e,ds_16b6be697acb,01190,
00550,2.515597601,-1.567093588,3.876494665,-2.474358297,ds_cbdf3834368e,ds_16b6be697acb,01190,
00551,2.515597601,-1.567093588,3.876494665,-2.474358297,ds_cbdf3834368e,ds_16b6be697acb,01190,
00552,2.515597601,-1.567093588,3.876494665,-2.474358297,ds_cbdf3834368e,ds_16b6be697acb,01190,
00553,2.515597601,-1.567093588,3.876494665,-2.474358297,ds_cbdf3834368e,ds_16b6be697acb,01190,
00554,2.515597601,-1.567093588,3.876494665,-2.474358297,ds_cbdf3834368e,ds_16b6be697acb,01190,
00555,2.061965247,-2.020725942,3.876494665,-2.474358297,ds_cbdf3834368e,ds_16b6be697acb,01190,
00556,2.061965247,-2.020725942,3.876494665,-2.474358297,ds_cbdf3834368e,ds_16b6be697acb,01190,
00557,2.061965247,-2.020725942,3.876494665,-2.474358297,ds_cbdf3834368e,ds_16b6be697acb,01190,
00558,2.061965247,-2.020725942,3.876494665,-2.474358297,ds_cbdf3834368e,ds_16b6be697acb,01190,
00559,2.061965247,-2.020725942,3.876494665,-2.474358297,ds_cbdf3834368e,ds_16b6be697acb,01190,
00560,2.061965247,-2.020725942,3.876494665,-2.474358297,ds_cbdf3834368e,ds_16b6be697acb,01190,
00561,2.515597601,-2.020725942,3.876494665,-2.474358297,ds_cbdf3834368e,ds_16b6be697acb,01190,
00562,2.969229956,-2.020725942,3.876494665,-2.474358297,ds_cbdf3834368e,ds_16b6be697acb,01190,
00563,2.515597601,-1.567093588,3.876494665,-2.474358297,ds_cbdf3834368e,ds_16b6be697acb,01190,
00564,2.515597601,-1.567093588,3.876494665,-2.474358297,ds_cbdf3834368e,ds_16b6be697acb,01190,
00565,2.515597601,-1.567093588,3.876494665,-2.474358297,ds_cbdf3834368e,ds_16b6be697acb,01190,
00566,2.515597601,-1.567093588,3.876494665,-2.474358297,ds_cbdf3834368e,ds_16b6be697acb,01190,
00567,2.061965247,-2.020725942,3.876494665,-2.474358297,ds_cbdf3834368e,ds_16b6be697acb,01190,
00568,2.061965247,-2.020725942,3.876494665,-2.474358297,ds_cbdf3834368e,ds_16b6be697acb,01190,
00569,1.608332893,-2.020725942,3.876494665,-2.474358297,ds_cbdf3834368e,ds_16b6be697acb,01190,
00570,2.061965247,-2.020725942,3.876494665,-2.474358297,ds_cbdf3834368e,ds_16b6be697acb,01190,
00571,1.608332893,-2.020725942,3.876494665,-2.474358297,ds_cbdf3834368e,ds_16b6be697acb,01190,
00572,1.608332893,-2.020725942,3.876494665,-2.474358297,ds_cbdf3834368e,ds_16b6be697acb,01190,
00573,1.608332893,-1.567093588,3.876494665,-2.474358297,ds_cbdf3834368e,ds_16b6be697acb,01190,
00574,1.608332893,-1.567093588,3.876494665,-2.474358297,ds_cbdf3834368e,ds_16b6be697acb,01190,
00575,2.061965247,-1.567093588,3.876494665,-2.474358297,ds_cbdf3834368e,ds_16b6be697acb,01190,
00576,2.061965247,-1.567093588,3.876494665,-2.474358297,ds_cbdf3834368e,ds_16b6be697acb,01190,
00577,2.061965247,-1.567093588,3.876494665,-2.474358297,ds_cbdf3834368e,ds_16b6be697acb,01190,
00578,1.608332893,-1.567093588,3.876494665,-2.474358297,ds_cbdf3834368e,ds_16b6be697acb,01190,
00579,1.154700538,-1.567093588,3.876494665,-2.474358297,ds_cbdf3834368e,ds_16b6be697acb,01190,
00580,1.608332893,-1.567093588,3.876494665,-2.474358297,ds_cbdf3834368e,ds_16b6be697acb,01190,
00581,1.154700538,-2.020725942,3.876494665,-2.474358297,ds_cbdf3834368e,ds_16b6be697acb,01190,
00582,1.154700538,-1.567093588,3.876494665,-2.474358297,ds_cbdf3834368e,ds_16b6be697acb,01190,
00583,1.154700538,-1.567093588,3.876494665,-2.474358297,ds_cbdf3834368e,ds_16b6be697acb,01190,
00584,1.608332893,-1.567093588,3.876494665,-2.474358297,ds_cbdf3834368e,ds_16b6be697acb,01190,
00585,1.608332893,-1.567093588,3.876494665,-2.474358297,ds_cbdf3834368e,ds_16b6be697acb,01190,
00586,1.608332893,-1.567093588,3.876494665,-2.474358297,ds_cbdf3834368e,ds_16b6be697acb,01190,
00587,1.608332893,-2.020725942,3.876494665,-2.474358297,ds_cbdf3834368e,ds_16b6be697acb,01190,
00588,1.608332893,-2.020725942,3.876494665,-2.474358297,ds_cbdf3834368e,ds_16b6be697acb,01190,
00589,1.608332893,-2.020725942,3.876494665,-2.474358297,ds_cbdf3834368e,ds_16b6be697acb,01190,
00590,2.061965247,-2.020725942,3.876494665,-2.474358297,ds_cbdf3834368e,ds_16b6be697acb,01190,
00591,2.061965247,-2.020725942,3.876494665,-2.474358297,ds_cbdf3834368e,ds_16b6be697acb,01190,
00592,2.061965247,-2.020725942,3.876494665,-2.474358297,ds_cbdf3834368e,ds_16b6be697acb,01190,
00593,2.061965247,-2.020725942,3.876494665,-2.474358297,ds_cbdf3834368e,ds_16b6be697acb,01190,
00594,2.061965247,-2.020725942,3.876494665,-2.474358297,ds_cbdf3834368e,ds_16b6be697acb,01190,
00595,2.061965247,-2.020725942,3.876494665,-2.474358297,ds_cbdf3834368e,ds_16b6be697acb,01190,
00596,2.515597601,-2.474358297,3.876494665,-2.474358297,ds_cbdf3834368e,ds_16b6be697acb,01190,
00597,2.515597601,-2.474358297,3.876494665,-2.474358297,ds_cbdf3834368e,ds_16b6be697acb,01190,
00598,2.515597601,-2.474358297,3.876494665,-2.474358297,ds_cbdf3834368e,ds_16b6be697acb,01190,
00599,2.061965247,-2.474358297,3.876494665,-2.474358297,ds_cbdf3834368e,ds_16b6be697acb,01190,
00600,2.061965247,-2.020725942,3.876494665,-2.474358297,ds_cbdf3834368e,ds_16b6be697acb,01190,
00601,2.515597601,-2.020725942,3.876494665,-2.474358297,ds_cbdf3834368e,ds_16b6be697acb,01190,
00602,2.515597601,-2.020725942,3.876494665,-2.474358297,ds_cbdf3834368e,ds_16b6be697acb,01190,
00603,2.515597601,-2.020725942,3.876494665,-2.474358297,ds_cbdf3834368e,ds_16b6be697acb,01190,
00604,2.061965247,-2.020725942,3.876494665,-2.474358297,ds_cbdf3834368e,ds_16b6be697acb,01190,
00605,2.061965247,-2.020725942,3.876494665,-2.474358297,ds_cbdf3834368e,ds_16b6be697acb,01190,
00606,2.061965247,-2.020725942,3.876494665,-2.474358297,ds_cbdf3834368e,ds_16b6be697acb,01190,
00607,2.061965247,-2.020725942,3.876494665,-2.474358297,ds_cbdf3834368e,ds_16b6be697acb,01190,
00608,2.061965247,-2.020725942,3.876494665,-2.474358297,ds_cbdf3834368e,ds_16b6be697acb,01190,
00609,2.061965247,-2.020725942,3.876494665,-2.474358297,ds_cbdf3834368e,ds_16b6be697acb,01190,
00610,2.061965247,-2.020725942,3.876494665,-2.474358297,ds_cbdf3834368e,ds_16b6be697acb,01190,
00611,2.061965247,-2.020725942,3.876494665,-2.474358297,ds_cbdf3834368e,ds_16b6be697acb,01190,
00612,2.061965247,-2.020725942,3.876494665,-2.474358297,ds_cbdf3834368e,ds_16b6be697acb,01190,
00613,2.061965247,-2.020725942,3.876494665,-2.474358297,ds_cbdf3834368e,ds_16b6be697acb,01190,
00614,2.061965247,-2.020725942,3.876494665,-2.474358297,ds_cbdf3834368e,ds_16b6be697acb,01190,
00615,2.061965247,-2.020725942,3.876494665,-2.474358297,ds_cbdf3834368e,ds_16b6be697acb,01190,
00616,2.061965247,-2.020725942,3.876494665,-2.474358297,ds_cbdf3834368e,ds_16b6be697acb,01190,
00617,2.061965247,-2.474358297,3.876494665,-2.474358297,ds_cbdf3834368e,ds_16b6be697acb,01190,
00618,2.061965247,-2.474358297,3.876494665,-2.474358297,ds_cbdf3834368e,ds_16b6be697acb,01190,
00619,2.515597601,-2.474358297,3.876494665,-2.474358297,ds_cbdf3834368e,ds_16b6be697acb,01190,
00620,2.515597601,-2.474358297,3.876494665,-2.474358297,ds_cbdf3834368e,ds_16b6be697acb,01190,
00621,2.515597601,-2.474358297,3.876494665,-2.474358297,ds_cbdf3834368e,ds_16b6be697acb,01190,
00622,2.515597601,-2.474358297,3.876494665,-2.474358297,ds_cbdf3834368e,ds_16b6be697acb,01190,
00623,2.515597601,-2.474358297,3.876494665,-2.474358297,ds_cbdf3834368e,ds_16b6be697acb,01190,
00624,2.515597601,-2.474358297,3.876494665,-2.474358297,ds_cbdf3834368e,ds_16b6be697acb,01190,
00625,2.969229956,-2.474358297,3.876494665,-2.474358297,ds_cbdf3834368e,ds_16b6be697acb,01190,
00626,2.969229956,-2.474358297,3.876494665,-2.474358297,ds_cbdf3834368e,ds_16b6be697acb,01190,
00627,2.969229956,-2.474358297,3.876494665,-2.474358297,ds_cbdf3834368e,ds_16b6be697acb,01190,
00628,2.969229956,-2.474358297,3.876494665,-2.474358297,ds_cbdf3834368e,ds_16b6be697acb,01190,
00629,3.42286231,-2.474358297,3.876494665,-2.474358297,ds_cbdf3834368e,ds_16b6be697acb,01190,
00630,3.42286231,-2.474358297,3.876494665,-2.474358297,ds_cbdf3834368e,ds_16b6be697acb,01190,
00631,3.42286231,-2.474358297,3.876494665,-2.474358297,ds_cbdf3834368e,ds_16b6be697acb,01190,
00632,3.42286231,-2.474358297,3.876494665,-2.474358297,ds_cbdf3834368e,ds_16b6be697acb,01190,
00633,2.969229956,-2.474358297,3.876494665,-2.474358297,ds_cbdf3834368e,ds_16b6be697acb,01190,
00634,2.969229956,-2.474358297,3.876494665,-2.474358297,ds_cbdf3834368e,ds_16b6be697acb,01190,
00635,2.515597601,-2.020725942,3.876494665,-2.474358297,ds_cbdf3834368e,ds_16b6be697acb,01190,
00636,2.515597601,-2.020725942,3.876494665,-2.474358297,ds_cbdf3834368e,ds_16b6be697acb,01190,
00637,2.515597601,-2.020725942,3.876494665,-2.474358297,ds_cbdf3834368e,ds_16b6be697acb,01190,
00638,2.515597601,-1.567093588,3.876494665,-2.474358297,ds_cbdf3834368e,ds_16b6be697acb,01190,
00639,2.515597601,-1.567093588,3.876494665,-2.474358297,ds_cbdf3834368e,ds_16b6be697acb,01190,
00640,2.515597601,-1.567093588,3.876494665,-2.474358297,ds_cbdf3834368e,ds_16b6be697acb,01190,
00641,2.061965247,-1.567093588,3.876494665,-2.474358297,ds_cbdf3834368e,ds_16b6be697acb,01190,
00642,2.061965247,-1.567093588,3.876494665,-2.474358297,ds_cbdf3834368e,ds_16b6be697acb,01190,
00643,2.061965247,-1.567093588,3.876494665,-2.474358297,ds_cbdf3834368e,ds_16b6be697acb,01190,
00644,2.061965247,-1.567093588,3.876494665,-2.474358297,ds_cbdf3834368e,ds_16b6be697acb,01190,
00645,2.061965247,-1.567093588,3.876494665,-2.474358297,ds_cbdf3834368e,ds_16b6be697acb,01190,
00646,1.608332893,-1.567093588,3.876494665,-2.474358297,ds_cbdf3834368e,ds_16b6be697acb,01190,
00647,2.061965247,-1.567093588,3.876494665,-2.474358297,ds_cbdf3834368e,ds_16b6be697acb,01190,
00648,2.061965247,-1.567093588,3.876494665,-2.474358297,ds_cbdf3834368e,ds_16b6be697acb,01190,
00649,2.515597601,-2.020725942,3.876494665,-2.474358297,ds_cbdf3834368e,ds_16b6be697acb,01190,
00650,2.515597601,-2.020725942,3.876494665,-2.474358297,ds_cbdf3834368e,ds_16b6be697acb,01190,
00651,2.515597601,-2.020725942,3.876494665,-2.474358297,ds_cbdf3834368e,ds_16b6be697acb,01190,
00652,2.515597601,-2.020725942,3.876494665,-2.474358297,ds_cbdf3834368e,ds_16b6be697acb,01190,
00653,2.515597601,-2.020725942,3.876494665,-2.474358297,ds_cbdf3834368e,ds_16b6be697acb,01190,
00654,2.515597601,-2.020725942,3.876494665,-2.474358297,ds_cbdf3834368e,ds_16b6be697acb,01190,
00655,2.515597601,-2.020725942,3.876494665,-2.474358297,ds_cbdf3834368e,ds_16b6be697acb,01190,
00656,2.515597601,-2.020725942,3.876494665,-2.474358297,ds_cbdf3834368e,ds_16b6be697acb,01190,
00657,2.515597601,-2.020725942,3.876494665,-2.474358297,ds_cbdf3834368e,ds_16b6be697acb,01190,
00658,2.969229956,-2.020725942,3.876494665,-2.474358297,ds_cbdf3834368e,ds_16b6be697acb,01190,
00659,2.515597601,-2.020725942,3.876494665,-2.474358297,ds_cbdf3834368e,ds_16b6be697acb,01190,
00660,2.515597601,-2.020725942,3.876494665,-2.474358297,ds_cbdf3834368e,ds_16b6be697acb,01190,
00661,2.515597601,-2.020725942,3.876494665,-2.474358297,ds_cbdf3834368e,ds_16b6be697acb,01190,
00662,2.061965247,-1.567093588,3.876494665,-2.474358297,ds_cbdf3834368e,ds_16b6be697acb,01190,
00663,2.061965247,-1.567093588,3.876494665,-2.474358297,ds_cbdf3834368e,ds_16b6be697acb,01190,
00664,2.061965247,-1.567093588,3.876494665,-2.474358297,ds_cbdf3834368e,ds_16b6be697acb,01190,
00665,2.061965247,-2.020725942,3.876494665,-2.474358297,ds_cbdf3834368e,ds_16b6be697acb,01190,
00666,2.061965247,-2.020725942,3.876494665,-2.474358297,ds_cbdf3834368e,ds_16b6be697acb,01190,
00667,2.061965247,-2.020725942,3.876494665,-2.474358297,ds_cbdf3834368e,ds_16b6be697acb,01190,
00668,2.061965247,-2.020725942,3.876494665,-2.474358297,ds_cbdf3834368e,ds_16b6be697acb,01190,
00669,2.515597601,-2.020725942,3.876494665,-2.474358297,ds_cbdf3834368e,ds_16b6be697acb,01190,
00670,2.515597601,-2.020725942,3.876494665,-2.474358297,ds_cbdf3834368e,ds_16b6be697acb,01190,
00671,2.515597601,-2.020725942,3.876494665,-2.474358297,ds_cbdf3834368e,ds_16b6be697acb,01190,
00672,2.515597601,-2.020725942,3.876494665,-2.474358297,ds_cbdf3834368e,ds_16b6be697acb,01190,
00673,2.515597601,-2.020725942,3.876494665,-2.474358297,ds_cbdf3834368e,ds_16b6be697acb,01190,
00674,2.515597601,-2.020725942,3.876494665,-2.474358297,ds_cbdf3834368e,ds_16b6be697acb,01190,
00675,2.969229956,-2.020725942,3.876494665,-2.474358297,ds_cbdf3834368e,ds_16b6be697acb,01190,
00676,2.969229956,-2.020725942,3.876494665,-2.474358297,ds_cbdf3834368e,ds_16b6be697acb,01190,
00677,2.969229956,-2.020725942,3.876494665,-2.474358297,ds_cbdf3834368e,ds_16b6be697acb,01190,
00678,2.969229956,-2.020725942,3.876494665,-2.474358297,ds_cbdf3834368e,ds_16b6be697acb,01190,
00679,2.969229956,-2.020725942,3.876494665,-2.474358297,ds_cbdf3834368e,ds_16b6be697acb,01190,
00680,2.969229956,-2.020725942,3.876494665,-2.474358297,ds_cbdf3834368e,ds_16b6be697acb,01190,
00681,2.969229956,-2.020725942,3.876494665,-2.474358297,ds_cbdf3834368e,ds_16b6be697acb,01190,
00682,2.969229956,-2.020725942,3.876494665,-2.474358297,ds_cbdf3834368e,ds_16b6be697acb,01190,
00683,2.515597601,-1.567093588,3.876494665,-2.474358297,ds_cbdf3834368e,ds_16b6be697acb,01190,
00684,2.515597601,-1.567093588,3.876494665,-2.474358297,ds_cbdf3834368e,ds_16b6be697acb,01190,
00685,2.515597601,-1.567093588,3.876494665,-2.474358297,ds_cbdf3834368e,ds_16b6be697acb,01190,
00686,2.515597601,-1.567093588,3.876494665,-2.474358297,ds_cbdf3834368e,ds_16b6be697acb,01190,
00687,2.969229956,-1.567093588,3.876494665,-2.474358297,ds_cbdf3834368e,ds_16b6be697acb,01190,
00688,2.969229956,-1.567093588,3.876494665,-2.474358297,ds_cbdf3834368e,ds_16b6be697acb,01190,
00689,2.969229956,-1.567093588,3.876494665,-2.474358297,ds_cbdf3834368e,ds_16b6be697acb,01190,
00690,2.969229956,-1.567093588,3.876494665,-2.474358297,ds_cbdf3834368e,ds_16b6be697acb,01190,
00691,2.515597601,-1.567093588,3.876494665,-2.474358297,ds_cbdf3834368e,ds_16b6be697acb,01190,
00692,2.515597601,-1.567093588,3.876494665,-2.474358297,ds_cbdf3834368e,ds_16b6be697acb,01190,
00693,2.969229956,-1.567093588,3.876494665,-2.474358297,ds_cbdf3834368e,ds_16b6be697acb,01190,
00694,2.969229956,-1.567093588,3.876494665,-2.474358297,ds_cbdf3834368e,ds_16b6be697acb,01190,
00695,2.969229956,-1.567093588,3.876494665,-2.474358297,ds_cbdf3834368e,ds_16b6be697acb,01190,
00696,2.969229956,-1.567093588,3.876494665,-2.474358297,ds_cbdf3834368e,ds_16b6be697acb,01190,
00697,2.969229956,-2.020725942,3.876494665,-2.474358297,ds_cbdf3834368e,ds_16b6be697acb,01190,
00698,2.969229956,-2.020725942,3.876494665,-2.474358297,ds_cbdf3834368e,ds_16b6be697acb,01190,
00699,2.969229956,-2.020725942,3.876494665,-2.474358297,ds_cbdf3834368e,ds_16b6be697acb,01190,
00700,2.969229956,-2.020725942,3.876494665,-2.474358297,ds_cbdf3834368e,ds_16b6be697acb,01190,
00701,2.969229956,-2.020725942,3.876494665,-2.474358297,ds_cbdf3834368e,ds_16b6be697acb,01190,
00702,2.969229956,-2.020725942,3.876494665,-2.474358297,ds_cbdf3834368e,ds_16b6be697acb,01190,
00703,2.969229956,-2.020725942,3.876494665,-2.474358297,ds_cbdf3834368e,ds_16b6be697acb,01190,
00704,2.969229956,-2.020725942,3.876494665,-2.474358297,ds_cbdf3834368e,ds_16b6be697acb,01190,
00705,2.969229956,-2.020725942,3.876494665,-2.474358297,ds_cbdf3834368e,ds_16b6be697acb,01190,
00706,2.969229956,-2.020725942,3.876494665,-2.474358297,ds_cbdf3834368e,ds_16b6be697acb,01190,
00707,3.42286231,-2.020725942,3.876494665,-2.474358297,ds_cbdf3834368e,ds_16b6be697acb,01190,
00708,3.42286231,-2.020725942,3.876494665,-2.474358297,ds_cbdf3834368e,ds_16b6be697acb,01190,
00709,3.876494665,-2.020725942,3.876494665,-2.474358297,ds_cbdf3834368e,ds_16b6be697acb,01190,
00710,3.876494665,-2.020725942,3.876494665,-2.474358297,ds_cbdf3834368e,ds_16b6be697acb,01190,
00711,3.876494665,-2.020725942,3.876494665,-2.474358297,ds_cbdf3834368e,ds_16b6be697acb,01190,
00712,3.42286231,-2.020725942,3.876494665,-2.474358297,ds_cbdf3834368e,ds_16b6be697acb,01190,
00713,3.42286231,-2.020725942,3.876494665,-2.474358297,ds_cbdf3834368e,ds_16b6be697acb,01190,
00714,2.969229956,-2.020725942,3.876494665,-2.474358297,ds_cbdf3834368e,ds_16b6be697acb,01190,
00715,3.42286231,-2.020725942,3.876494665,-2.474358297,ds_cbdf3834368e,ds_16b6be697acb,01190,
00716,3.42286231,-2.020725942,3.876494665,-2.474358297,ds_cbdf3834368e,ds_16b6be697acb,01190,
00717,2.969229956,-2.020725942,3.876494665,-2.474358297,ds_cbdf3834368e,ds_16b6be697acb,01190,
00718,2.969229956,-2.020725942,3.876494665,-2.474358297,ds_cbdf3834368e,ds_16b6be697acb,01190,
00719,2.969229956,-2.020725942,3.876494665,-2.474358297,ds_cbdf3834368e,ds_16b6be697acb,01190,
00720,2.969229956,-2.474358297,3.876494665,-2.474358297,ds_cbdf3834368e,ds_16b6be697acb,01190,
00721,2.515597601,-2.474358297,3.876494665,-2.474358297,ds_cbdf3834368e,ds_16b6be697acb,01190,
00722,2.515597601,-2.020725942,3.876494665,-2.474358297,ds_cbdf3834368e,ds_16b6be697acb,01190,
00723,2.515597601,-2.020725942,3.876494665,-2.474358297,ds_cbdf3834368e,ds_16b6be697acb,01190,
00724,2.969229956,-2.020725942,3.876494665,-2.474358297,ds_cbdf3834368e,ds_16b6be697acb,01190,
00725,2.969229956,-2.020725942,3.876494665,-2.474358297,ds_cbdf3834368e,ds_16b6be697acb,01190,
00726,2.969229956,-2.020725942,3.876494665,-2.474358297,ds_cbdf3834368e,ds_16b6be697acb,01190,
00727,2.969229956,-1.567093588,3.876494665,-2.474358297,ds_cbdf3834368e,ds_16b6be697acb,01190,
00728,2.969229956,-1.567093588,3.876494665,-2.474358297,ds_cbdf3834368e,ds_16b6be697acb,01190,
00729,2.515597601,-2.020725942,3.876494665,-2.474358297,ds_cbdf3834368e,ds_16b6be697acb,01190,
00730,2.515597601,-2.020725942,3.876494665,-2.474358297,ds_cbdf3834368e,ds_16b6be697acb,01190,
00731,2.515597601,-2.020725942,3.876494665,-2.474358297,ds_cbdf3834368e,ds_16b6be697acb,01190,
00732,2.515597601,-2.020725942,3.876494665,-2.474358297,ds_cbdf3834368e,ds_16b6be697acb,01190,
00733,2.515597601,-2.020725942,3.876494665,-2.474358297,ds_cbdf3834368e,ds_16b6be697acb,01190,
00734,2.515597601,-2.020725942,3.876494665,-2.474358297,ds_cbdf3834368e,ds_16b6be697acb,01190,
00735,2.969229956,-2.020725942,3.876494665,-2.474358297,ds_cbdf3834368e,ds_16b6be697acb,01190,
00736,2.969229956,-2.020725942,3.876494665,-2.474358297,ds_cbdf3834368e,ds_16b6be697acb,01190,
00737,2.969229956,-1.567093588,3.876494665,-2.474358297,ds_cbdf3834368e,ds_16b6be697acb,01190,
00738,2.515597601,-1.567093588,3.876494665,-2.474358297,ds_cbdf3834368e,ds_16b6be697acb,01190,
00739,2.515597601,-1.567093588,3.876494665,-2.474358297,ds_cbdf3834368e,ds_16b6be697acb,01190,
00740,2.515597601,-1.567093588,3.876494665,-2.474358297,ds_cbdf3834368e,ds_16b6be697acb,01190,
00741,2.515597601,-1.567093588,3.876494665,-2.474358297,ds_cbdf3834368e,ds_16b6be697acb,01190,
00742,2.061965247,-1.567093588,3.876494665,-2.474358297,ds_cbdf3834368e,ds_16b6be697acb,01190,
00743,2.061965247,-1.567093588,3.876494665,-2.474358297,ds_cbdf3834368e,ds_16b6be697acb,01190,
00744,2.061965247,-1.567093588,3.876494665,-2.474358297,ds_cbdf3834368e,ds_16b6be697acb,01190,
00745,2.061965247,-1.567093588,3.876494665,-2.474358297,ds_cbdf3834368e,ds_16b6be697acb,01190,
00746,2.515597601,-1.567093588,3.876494665,-2.474358297,ds_cbdf3834368e,ds_16b6be697acb,01190,
00747,2.515597601,-1.567093588,3.876494665,-2.474358297,ds_cbdf3834368e,ds_16b6be697acb,01190,
00748,2.515597601,-1.567093588,3.876494665,-2.474358297,ds_cbdf3834368e,ds_16b6be697acb,01190,
00749,2.515597601,-2.020725942,3.876494665,-2.474358297,ds_cbdf3834368e,ds_16b6be697acb,01190,
00750,2.515597601,-2.020725942,3.876494665,-2.474358297,ds_cbdf3834368e,ds_16b6be697acb,01190,
00751,2.515597601,-2.020725942,3.876494665,-2.474358297,ds_cbdf3834368e,ds_16b6be697acb,01190,
00752,2.515597601,-1.567093588,3.876494665,-2.474358297,ds_cbdf3834368e,ds_16b6be697acb,01190,
00753,2.061965247,-1.567093588,3.876494665,-2.474358297,ds_cbdf3834368e,ds_16b6be697acb,01190,
00754,2.061965247,-1.567093588,3.876494665,-2.474358297,ds_cbdf3834368e,ds_16b6be697acb,01190,
00755,2.061965247,-1.567093588,3.876494665,-2.474358297,ds_cbdf3834368e,ds_16b6be697acb,01190,
00756,2.061965247,-1.567093588,3.876494665,-2.474358297,ds_cbdf3834368e,ds_16b6be697acb,01190,
00757,2.515597601,-1.567093588,3.876494665,-2.474358297,ds_cbdf3834368e,ds_16b6be697acb,01190,
00758,2.515597601,-1.567093588,3.876494665,-2.474358297,ds_cbdf3834368e,ds_16b6be697acb,01190,
00759,2.515597601,-1.567093588,3.876494665,-2.474358297,ds_cbdf3834368e,ds_16b6be697acb,01190,
00760,2.515597601,-1.567093588,3.876494665,-2.474358297,ds_cbdf3834368e,ds_16b6be697acb,01190,
00761,2.515597601,-1.567093588,3.876494665,-2.474358297,ds_cbdf3834368e,ds_16b6be697acb,01190,
00762,2.515597601,-1.567093588,3.876494665,-2.474358297,ds_cbdf3834368e,ds_16b6be697acb,01190,
00763,2.969229956,-2.020725942,3.876494665,-2.474358297,ds_cbdf3834368e,ds_16b6be697acb,01190,
00764,2.969229956,-1.567093588,3.876494665,-2.474358297,ds_cbdf3834368e,ds_16b6be697acb,01190,
00765,2.969229956,-1.567093588,3.876494665,-2.474358297,ds_cbdf3834368e,ds_16b6be697acb,01190,
00766,2.969229956,-1.567093588,3.876494665,-2.474358297,ds_cbdf3834368e,ds_16b6be697acb,01190,
00767,2.969229956,-1.567093588,3.876494665,-2.474358297,ds_cbdf3834368e,ds_16b6be697acb,01190,
00768,2.969229956,-1.567093588,3.876494665,-2.474358297,ds_cbdf3834368e,ds_16b6be697acb,01190,
00769,2.515597601,-1.567093588,3.876494665,-2.474358297,ds_cbdf3834368e,ds_16b6be697acb,01190,
00770,2.515597601,-1.567093588,3.876494665,-2.474358297,ds_cbdf3834368e,ds_16b6be697acb,01190,
00771,2.061965247,-1.567093588,3.876494665,-2.474358297,ds_cbdf3834368e,ds_16b6be697acb,01190,
00772,2.061965247,-1.567093588,3.876494665,-2.474358297,ds_cbdf3834368e,ds_16b6be697acb,01190,
00773,2.061965247,-1.567093588,3.876494665,-2.474358297,ds_cbdf3834368e,ds_16b6be697acb,01190,
00774,2.061965247,-1.567093588,3.876494665,-2.474358297,ds_cbdf3834368e,ds_16b6be697acb,01190,
00775,1.608332893,-2.020725942,3.876494665,-2.474358297,ds_cbdf3834368e,ds_16b6be697acb,01190,
00776,1.608332893,-1.567093588,3.876494665,-2.474358297,ds_cbdf3834368e,ds_16b6be697acb,01190,
00777,2.061965247,-1.567093588,3.876494665,-2.474358297,ds_cbdf3834368e,ds_16b6be697acb,01190,
00778,2.061965247,-1.567093588,3.876494665,-2.474358297,ds_cbdf3834368e,ds_16b6be697acb,01190,
00779,2.061965247,-1.567093588,3.876494665,-2.474358297,ds_cbdf3834368e,ds_16b6be697acb,01190,
00780,2.515597601,-1.567093588,3.876494665,-2.474358297,ds_cbdf3834368e,ds_16b6be697acb,01190,
00781,2.515597601,-1.567093588,3.876494665,-2.474358297,ds_cbdf3834368e,ds_16b6be697acb,01190,
00782,2.515597601,-2.020725942,3.876494665,-2.474358297,ds_cbdf3834368e,ds_16b6be697acb,01190,
00783,2.515597601,-2.020725942,3.876494665,-2.474358297,ds_cbdf3834368e,ds_16b6be697acb,01190,
00784,2.969229956,-2.020725942,3.876494665,-2.474358297,ds_cbdf3834368e,ds_16b6be697acb,01190,
00785,2.969229956,-2.020725942,3.876494665,-2.474358297,ds_cbdf3834368e,ds_16b6be697acb,01190,
00786,2.969229956,-2.020725942,3.876494665,-2.474358297,ds_cbdf3834368e,ds_16b6be697acb,01190,
00787,2.969229956,-2.020725942,3.876494665,-2.474358297,ds_cbdf3834368e,ds_16b6be697acb,01190,
00788,2.969229956,-2.020725942,3.876494665,-2.474358297,ds_cbdf3834368e,ds_16b6be697acb,01190,
00789,2.969229956,-2.020725942,3.876494665,-2.474358297,ds_cbdf3834368e,ds_16b6be697acb,01190,
00790,2.969229956,-2.020725942,3.876494665,-2.474358297,ds_cbdf3834368e,ds_16b6be697acb,01190,
00791,2.969229956,-2.020725942,3.876494665,-2.474358297,ds_cbdf3834368e,ds_16b6be697acb,01190,
00792,2.515597601,-2.020725942,3.876494665,-2.474358297,ds_cbdf3834368e,ds_16b6be697acb,01190,
00793,2.061965247,-2.020725942,3.876494665,-2.474358297,ds_cbdf3834368e,ds_16b6be697acb,01190,
00794,2.061965247,-2.020725942,3.876494665,-2.474358297,ds_cbdf3834368e,ds_16b6be697acb,01190,
00795,2.061965247,-2.020725942,3.876494665,-2.474358297,ds_cbdf3834368e,ds_16b6be697acb,01190,
00796,2.061965247,-2.020725942,3.876494665,-2.474358297,ds_cbdf3834368e,ds_16b6be697acb,01190,
00797,2.515597601,-2.020725942,3.876494665,-2.474358297,ds_cbdf3834368e,ds_16b6be697acb,01190,
00798,2.515597601,-2.020725942,3.876494665,-2.474358297,ds_cbdf3834368e,ds_16b6be697acb,01190,
00799,2.515597601,-2.020725942,3.876494665,-2.474358297,ds_cbdf3834368e,ds_16b6be697acb,01190,
00800,2.969229956,-2.020725942,3.876494665,-2.474358297,ds_cbdf3834368e,ds_16b6be697acb,01190,
00801,2.969229956,-2.020725942,3.876494665,-2.474358297,ds_cbdf3834368e,ds_16b6be697acb,01190,
00802,2.969229956,-1.567093588,3.876494665,-2.474358297,ds_cbdf3834368e,ds_16b6be697acb,01190,
00803,2.969229956,-1.567093588,3.876494665,-2.474358297,ds_cbdf3834368e,ds_16b6be697acb,01190,
00804,2.969229956,-1.567093588,3.876494665,-2.474358297,ds_cbdf3834368e,ds_16b6be697acb,01190,
00805,2.969229956,-1.567093588,3.876494665,-2.474358297,ds_cbdf3834368e,ds_16b6be697acb,01190,
00806,2.969229956,-2.020725942,3.876494665,-2.474358297,ds_cbdf3834368e,ds_16b6be697acb,01190,
00807,2.969229956,-1.567093588,3.876494665,-2.474358297,ds_cbdf3834368e,ds_16b6be697acb,01190,
00808,2.969229956,-1.567093588,3.876494665,-2.474358297,ds_cbdf3834368e,ds_16b6be697acb,01190,
00809,2.969229956,-1.567093588,3.876494665,-2.474358297,ds_cbdf3834368e,ds_16b6be697acb,01190,
00810,2.969229956,-2.020725942,3.876494665,-2.474358297,ds_cbdf3834368e,ds_16b6be697acb,01190,
00811,2.969229956,-2.474358297,3.876494665,-2.474358297,ds_cbdf3834368e,ds_16b6be697acb,01190,
00812,2.515597601,-2.020725942,3.876494665,-2.474358297,ds_cbdf3834368e,ds_16b6be697acb,01190,
00813,2.515597601,-2.020725942,3.876494665,-2.474358297,ds_cbdf3834368e,ds_16b6be697acb,01190,
00814,2.515597601,-2.020725942,3.876494665,-2.474358297,ds_cbdf3834368e,ds_16b6be697acb,01190,
00815,2.515597601,-2.020725942,3.876494665,-2.474358297,ds_cbdf3834368e,ds_16b6be697acb,01190,
00816,2.515597601,-2.020725942,3.876494665,-2.474358297,ds_cbdf3834368e,ds_16b6be697acb,01190,
00817,2.515597601,-2.020725942,3.876494665,-2.474358297,ds_cbdf3834368e,ds_16b6be697acb,01190,
00818,2.515597601,-2.020725942,3.876494665,-2.474358297,ds_cbdf3834368e,ds_16b6be697acb,01190,
00819,2.515597601,-2.020725942,3.876494665,-2.474358297,ds_cbdf3834368e,ds_16b6be697acb,01190,
00820,2.515597601,-2.020725942,3.876494665,-2.474358297,ds_cbdf3834368e,ds_16b6be697acb,01190,
00821,2.969229956,-2.020725942,3.876494665,-2.474358297,ds_cbdf3834368e,ds_16b6be697acb,01190,
00822,2.969229956,-2.020725942,3.876494665,-2.474358297,ds_cbdf3834368e,ds_16b6be697acb,01190,
00823,2.969229956,-2.020725942,3.876494665,-2.474358297,ds_cbdf3834368e,ds_16b6be697acb,01190,
00824,2.515597601,-2.020725942,3.876494665,-2.474358297,ds_cbdf3834368e,ds_16b6be697acb,01190,
00825,2.515597601,-2.020725942,3.876494665,-2.474358297,ds_cbdf3834368e,ds_16b6be697acb,01190,
00826,2.061965247,-2.020725942,3.876494665,-2.474358297,ds_cbdf3834368e,ds_16b6be697acb,01190,
00827,1.608332893,-2.020725942,3.876494665,-2.474358297,ds_cbdf3834368e,ds_16b6be697acb,01190,
00828,1.608332893,-2.020725942,3.876494665,-2.474358297,ds_cbdf3834368e,ds_16b6be697acb,01190,
00829,1.608332893,-2.020725942,3.876494665,-2.474358297,ds_cbdf3834368e,ds_16b6be697acb,01190,
00830,2.061965247,-2.020725942,3.876494665,-2.474358297,ds_cbdf3834368e,ds_16b6be697acb,01190,
00831,2.061965247,-2.020725942,3.876494665,-2.474358297,ds_cbdf3834368e,ds_16b6be697acb,01190,
00832,2.061965247,-2.020725942,3.876494665,-2.474358297,ds_cbdf3834368e,ds_16b6be697acb,01190,
00833,2.061965247,-2.020725942,3.876494665,-2.474358297,ds_cbdf3834368e,ds_16b6be697acb,01190,
00834,2.515597601,-2.020725942,3.876494665,-2.474358297,ds_cbdf3834368e,ds_16b6be697acb,01190,
00835,2.515597601,-2.020725942,3.876494665,-2.474358297,ds_cbdf3834368e,ds_16b6be697acb,01190,
00836,2.515597601,-2.020725942,3.876494665,-2.474358297,ds_cbdf3834368e,ds_16b6be697acb,01190,
00837,2.515597601,-2.474358297,3.876494665,-2.474358297,ds_cbdf3834368e,ds_16b6be697acb,01190,
00838,2.061965247,-2.474358297,3.876494665,-2.474358297,ds_cbdf3834368e,ds_16b6be697acb,01190,
00839,2.515597601,-2.474358297,3.876494665,-2.474358297,ds_cbdf3834368e,ds_16b6be697acb,01190,
00840,2.515597601,-2.474358297,3.876494665,-2.474358297,ds_cbdf3834368e,ds_16b6be697acb,01190,
00841,2.515597601,-2.474358297,3.876494665,-2.474358297,ds_cbdf3834368e,ds_16b6be697acb,01190,
00842,2.061965247,-2.474358297,3.876494665,-2.474358297,ds_cbdf3834368e,ds_16b6be697acb,01190,
00843,2.061965247,-2.474358297,3.876494665,-2.474358297,ds_cbdf3834368e,ds_16b6be697acb,01190,
00844,2.061965247,-2.474358297,3.876494665,-2.474358297,ds_cbdf3834368e,ds_16b6be697acb,01190,
00845,2.061965247,-2.474358297,3.876494665,-2.474358297,ds_cbdf3834368e,ds_16b6be697acb,01190,
00846,2.061965247,-2.474358297,3.876494665,-2.474358297,ds_cbdf3834368e,ds_16b6be697acb,01190,
00847,2.061965247,-2.474358297,3.876494665,-2.474358297,ds_cbdf3834368e,ds_16b6be697acb,01190,
00848,2.061965247,-2.474358297,3.876494665,-2.474358297,ds_cbdf3834368e,ds_16b6be697acb,01190,
00849,2.061965247,-2.474358297,3.876494665,-2.474358297,ds_cbdf3834368e,ds_16b6be697acb,01190,
00850,2.061965247,-2.474358297,3.876494665,-2.474358297,ds_cbdf3834368e,ds_16b6be697acb,01190,
00851,2.061965247,-2.474358297,3.876494665,-2.474358297,ds_cbdf3834368e,ds_16b6be697acb,01190,
00852,2.061965247,-2.474358297,3.876494665,-2.474358297,ds_cbdf3834368e,ds_16b6be697acb,01190,
00853,2.061965247,-2.474358297,3.876494665,-2.474358297,ds_cbdf3834368e,ds_16b6be697acb,01190,
00854,2.061965247,-2.474358297,3.876494665,-2.474358297,ds_cbdf3834368e,ds_16b6be697acb,01190,
00855,2.061965247,-2.474358297,3.876494665,-2.474358297,ds_cbdf3834368e,ds_16b6be697acb,01190,
00856,2.061965247,-2.020725942,3.876494665,-2.474358297,ds_cbdf3834368e,ds_16b6be697acb,01190,
00857,1.608332893,-1.567093588,3.876494665,-2.474358297,ds_cbdf3834368e,ds_16b6be697acb,01190,
00858,1.608332893,-1.567093588,3.876494665,-2.474358297,ds_cbdf3834368e,ds_16b6be697acb,01190,
00859,1.608332893,-1.567093588,3.876494665,-2.474358297,ds_cbdf3834368e,ds_16b6be697acb,01190,
00860,1.608332893,-2.020725942,3.876494665,-2.474358297,ds_cbdf3834368e,ds_16b6be697acb,01190,
00861,1.608332893,-2.020725942,3.876494665,-2.474358297,ds_cbdf3834368e,ds_16b6be697acb,01190,
00862,2.061965247,-2.020725942,3.876494665,-2.474358297,ds_cbdf3834368e,ds_16b6be697acb,01190,
00863,1.608332893,-2.020725942,3.876494665,-2.474358297,ds_cbdf3834368e,ds_16b6be697acb,01190,
00864,1.608332893,-1.567093588,3.876494665,-2.474358297,ds_cbdf3834368e,ds_16b6be697acb,01190,
00865,1.608332893,-1.567093588,3.876494665,-2.474358297,ds_cbdf3834368e,ds_16b6be697acb,01190,
00866,1.608332893,-1.567093588,3.876494665,-2.474358297,ds_cbdf3834368e,ds_16b6be697acb,01190,
00867,1.608332893,-1.567093588,3.876494665,-2.474358297,ds_cbdf3834368e,ds_16b6be697acb,01190,
00868,1.608332893,-1.567093588,3.876494665,-2.474358297,ds_cbdf3834368e,ds_16b6be697acb,01190,
00869,1.608332893,-2.020725942,3.876494665,-2.474358297,ds_cbdf3834368e,ds_16b6be697acb,01190,
00870,1.608332893,-1.567093588,3.876494665,-2.474358297,ds_cbdf3834368e,ds_16b6be697acb,01190,
00871,1.608332893,-1.567093588,3.876494665,-2.474358297,ds_cbdf3834368e,ds_16b6be697acb,01190,
00872,1.608332893,-1.567093588,3.876494665,-2.474358297,ds_cbdf3834368e,ds_16b6be697acb,01190,
00873,1.608332893,-1.567093588,3.876494665,-2.474358297,ds_cbdf3834368e,ds_16b6be697acb,01190,
00874,1.608332893,-1.567093588,3.876494665,-2.474358297,ds_cbdf3834368e,ds_16b6be697acb,01190,
00875,1.608332893,-1.567093588,3.876494665,-2.474358297,ds_cbdf3834368e,ds_16b6be697acb,01190,
00876,1.608332893,-2.020725942,3.876494665,-2.474358297,ds_cbdf3834368e,ds_16b6be697acb,01190,
00877,1.608332893,-1.567093588,3.876494665,-2.474358297,ds_cbdf3834368e,ds_16b6be697acb,01190,
00878,1.608332893,-1.567093588,3.876494665,-2.474358297,ds_cbdf3834368e,ds_16b6be697acb,01190,
00879,1.608332893,-1.567093588,3.876494665,-2.474358297,ds_cbdf3834368e,ds_16b6be697acb,01190,
00880,2.061965247,-1.567093588,3.876494665,-2.474358297,ds_cbdf3834368e,ds_16b6be697acb,01190,
00881,2.061965247,-2.020725942,3.876494665,-2.474358297,ds_cbdf3834368e,ds_16b6be697acb,01190,
00882,2.061965247,-2.020725942,3.876494665,-2.474358297,ds_cbdf3834368e,ds_16b6be697acb,01190,
00883,1.608332893,-2.020725942,3.876494665,-2.474358297,ds_cbdf3834368e,ds_16b6be697acb,01190,
00884,1.608332893,-2.020725942,3.876494665,-2.474358297,ds_cbdf3834368e,ds_16b6be697acb,01190,
00885,2.061965247,-2.020725942,3.876494665,-2.474358297,ds_cbdf3834368e,ds_16b6be697acb,01190,
00886,2.061965247,-2.020725942,3.876494665,-2.474358297,ds_cbdf3834368e,ds_16b6be697acb,01190,
00887,2.061965247,-2.020725942,3.876494665,-2.474358297,ds_cbdf3834368e,ds_16b6be697acb,01190,
00888,2.061965247,-2.020725942,3.876494665,-2.474358297,ds_cbdf3834368e,ds_16b6be697acb,01190,
00889,2.061965247,-2.020725942,3.876494665,-2.474358297,ds_cbdf3834368e,ds_16b6be697acb,01190,
00890,2.061965247,-2.020725942,3.876494665,-2.474358297,ds_cbdf3834368e,ds_16b6be697acb,01190,
00891,2.061965247,-2.474358297,3.876494665,-2.474358297,ds_cbdf3834368e,ds_16b6be697acb,01190,
00892,2.061965247,-2.474358297,3.876494665,-2.474358297,ds_cbdf3834368e,ds_16b6be697acb,01190,
00893,2.061965247,-2.474358297,3.876494665,-2.474358297,ds_cbdf3834368e,ds_16b6be697acb,01190,
00894,2.515597601,-2.474358297,3.876494665,-2.474358297,ds_cbdf3834368e,ds_16b6be697acb,01190,
00895,2.515597601,-2.474358297,3.876494665,-2.474358297,ds_cbdf3834368e,ds_16b6be697acb,01190,
00896,2.515597601,-2.474358297,3.876494665,-2.474358297,ds_cbdf3834368e,ds_16b6be697acb,01190,
00897,2.061965247,-2.474358297,3.876494665,-2.474358297,ds_cbdf3834368e,ds_16b6be697acb,01190,
00898,2.515597601,-2.474358297,3.876494665,-2.474358297,ds_cbdf3834368e,ds_16b6be697acb,01190,
00899,2.515597601,-2.474358297,3.876494665,-2.474358297,ds_cbdf3834368e,ds_16b6be697acb,01190,
00900,2.061965247,-2.474358297,3.876494665,-2.474358297,ds_cbdf3834368e,ds_16b6be697acb,01190,
00901,2.061965247,-2.474358297,3.876494665,-2.474358297,ds_cbdf3834368e,ds_16b6be697acb,01190,
00902,2.061965247,-2.474358297,3.876494665,-2.474358297,ds_cbdf3834368e,ds_16b6be697acb,01190,
00903,2.061965247,-2.474358297,3.876494665,-2.474358297,ds_cbdf3834368e,ds_16b6be697acb,01190,
00904,2.061965247,-2.474358297,3.876494665,-2.474358297,ds_cbdf3834368e,ds_16b6be697acb,01190,
00905,2.061965247,-2.474358297,3.876494665,-2.474358297,ds_cbdf3834368e,ds_16b6be697acb,01190,
00906,2.515597601,-2.474358297,3.876494665,-2.474358297,ds_cbdf3834368e,ds_16b6be697acb,01190,
00907,2.061965247,-2.020725942,3.876494665,-2.474358297,ds_cbdf3834368e,ds_16b6be697acb,01190,
00908,2.061965247,-2.020725942,3.876494665,-2.474358297,ds_cbdf3834368e,ds_16b6be697acb,01190,
00909,2.515597601,-2.020725942,3.876494665,-2.474358297,ds_cbdf3834368e,ds_16b6be697acb,01190,
00910,2.515597601,-2.020725942,3.876494665,-2.474358297,ds_cbdf3834368e,ds_16b6be697acb,01190,
00911,2.969229956,-2.020725942,3.876494665,-2.474358297,ds_cbdf3834368e,ds_16b6be697acb,01190,
00912,2.969229956,-2.020725942,3.876494665,-2.474358297,ds_cbdf3834368e,ds_16b6be697acb,01190,
00913,2.969229956,-2.020725942,3.876494665,-2.474358297,ds_cbdf3834368e,ds_16b6be697acb,01190,
00914,2.969229956,-2.020725942,3.876494665,-2.474358297,ds_cbdf3834368e,ds_16b6be697acb,01190,
00915,2.969229956,-1.567093588,3.876494665,-2.474358297,ds_cbdf3834368e,ds_16b6be697acb,01190,
00916,2.969229956,-1.567093588,3.876494665,-2.474358297,ds_cbdf3834368e,ds_16b6be697acb,01190,
00917,2.969229956,-2.020725942,3.876494665,-2.474358297,ds_cbdf3834368e,ds_16b6be697acb,01190,
00918,2.969229956,-2.020725942,3.876494665,-2.474358297,ds_cbdf3834368e,ds_16b6be697acb,01190,
00919,2.515597601,-2.020725942,3.876494665,-2.474358297,ds_cbdf3834368e,ds_16b6be697acb,01190,
00920,2.061965247,-2.020725942,3.876494665,-2.474358297,ds_cbdf3834368e,ds_16b6be697acb,01190,
00921,2.061965247,-2.020725942,3.876494665,-2.474358297,ds_cbdf3834368e,ds_16b6be697acb,01190,
00922,2.061965247,-2.020725942,3.876494665,-2.474358297,ds_cbdf3834368e,ds_16b6be697acb,01190,
00923,2.061965247,-2.020725942,3.876494665,-2.474358297,ds_cbdf3834368e,ds_16b6be697acb,01190,
00924,2.061965247,-2.020725942,3.876494665,-2.474358297,ds_cbdf3834368e,ds_16b6be697acb,01190,
00925,2.515597601,-2.020725942,3.876494665,-2.474358297,ds_cbdf3834368e,ds_16b6be697acb,01190,
00926,2.515597601,-2.020725942,3.876494665,-2.474358297,ds_cbdf3834368e,ds_16b6be697acb,01190,
00927,2.515597601,-2.020725942,3.876494665,-2.474358297,ds_cbdf3834368e,ds_16b6be697acb,01190,
00928,2.515597601,-2.020725942,3.876494665,-2.474358297,ds_cbdf3834368e,ds_16b6be697acb,01190,
00929,2.515597601,-2.020725942,3.876494665,-2.474358297,ds_cbdf3834368e,ds_16b6be697acb,01190,
00930,2.061965247,-2.020725942,3.876494665,-2.474358297,ds_cbdf3834368e,ds_16b6be697acb,01190,
00931,2.061965247,-2.474358297,3.876494665,-2.474358297,ds_cbdf3834368e,ds_16b6be697acb,01190,
00932,2.061965247,-2.474358297,3.876494665,-2.474358297,ds_cbdf3834368e,ds_16b6be697acb,01190,
00933,2.061965247,-2.474358297,3.876494665,-2.474358297,ds_cbdf3834368e,ds_16b6be697acb,01190,
00934,2.061965247,-2.474358297,3.876494665,-2.474358297,ds_cbdf3834368e,ds_16b6be697acb,01190,
00935,2.061965247,-2.474358297,3.876494665,-2.474358297,ds_cbdf3834368e,ds_16b6be697acb,01190,
00936,2.061965247,-2.474358297,3.876494665,-2.474358297,ds_cbdf3834368e,ds_16b6be697acb,01190,
00937,2.061965247,-2.474358297,3.876494665,-2.474358297,ds_cbdf3834368e,ds_16b6be697acb,01190,
00938,1.608332893,-2.474358297,3.876494665,-2.474358297,ds_cbdf3834368e,ds_16b6be697acb,01190,
00939,1.608332893,-2.474358297,3.876494665,-2.474358297,ds_cbdf3834368e,ds_16b6be697acb,01190,
00940,1.608332893,-2.020725942,3.876494665,-2.474358297,ds_cbdf3834368e,ds_16b6be697acb,01190,
00941,1.608332893,-2.020725942,3.876494665,-2.474358297,ds_cbdf3834368e,ds_16b6be697acb,01190,
00942,2.061965247,-2.020725942,3.876494665,-2.474358297,ds_cbdf3834368e,ds_16b6be697acb,01190,
00943,1.608332893,-2.020725942,3.876494665,-2.474358297,ds_cbdf3834368e,ds_16b6be697acb,01190,
00944,1.608332893,-2.020725942,3.876494665,-2.474358297,ds_cbdf3834368e,ds_16b6be697acb,01190,
00945,2.061965247,-2.020725942,3.876494665,-2.474358297,ds_cbdf3834368e,ds_16b6be697acb,01190,
00946,2.061965247,-2.020725942,3.876494665,-2.474358297,ds_cbdf3834368e,ds_16b6be697acb,01190,
00947,2.515597601,-2.020725942,3.876494665,-2.474358297,ds_cbdf3834368e,ds_16b6be697acb,01190,
00948,2.515597601,-2.020725942,3.876494665,-2.474358297,ds_cbdf3834368e,ds_16b6be697acb,01190,
00949,2.515597601,-2.020725942,3.876494665,-2.474358297,ds_cbdf3834368e,ds_16b6be697acb,01190,
00950,2.969229956,-2.020725942,3.876494665,-2.474358297,ds_cbdf3834368e,ds_16b6be697acb,01190,
00951,2.969229956,-2.020725942,3.876494665,-2.474358297,ds_cbdf3834368e,ds_16b6be697acb,01190,
00952,2.969229956,-2.020725942,3.876494665,-2.474358297,ds_cbdf3834368e,ds_16b6be697acb,01190,
00953,2.969229956,-2.020725942,3.876494665,-2.474358297,ds_cbdf3834368e,ds_16b6be697acb,01190,
00954,2.969229956,-2.020725942,3.876494665,-2.474358297,ds_cbdf3834368e,ds_16b6be697acb,01190,
00955,2.969229956,-2.020725942,3.876494665,-2.474358297,ds_cbdf3834368e,ds_16b6be697acb,01190,
00956,2.515597601,-2.020725942,3.876494665,-2.474358297,ds_cbdf3834368e,ds_16b6be697acb,01190,
00957,2.061965247,-2.020725942,3.876494665,-2.474358297,ds_cbdf3834368e,ds_16b6be697acb,01190,
00958,2.061965247,-2.020725942,3.876494665,-2.474358297,ds_cbdf3834368e,ds_16b6be697acb,01190,
00959,2.061965247,-1.567093588,3.876494665,-2.474358297,ds_cbdf3834368e,ds_16b6be697acb,01190,
00960,2.061965247,-1.567093588,3.876494665,-2.474358297,ds_cbdf3834368e,ds_16b6be697acb,01190,
00961,2.061965247,-1.567093588,3.876494665,-2.474358297,ds_cbdf3834368e,ds_16b6be697acb,01190,
00962,2.061965247,-1.567093588,3.876494665,-2.474358297,ds_cbdf3834368e,ds_16b6be697acb,01190,
00963,2.515597601,-1.567093588,3.876494665,-2.474358297,ds_cbdf3834368e,ds_16b6be697acb,01190,
00964,2.061965247,-1.567093588,3.876494665,-2.474358297,ds_cbdf3834368e,ds_16b6be697acb,01190,
00965,2.061965247,-1.567093588,3.876494665,-2.474358297,ds_cbdf3834368e,ds_16b6be697acb,01190,
00966,2.061965247,-2.020725942,3.876494665,-2.474358297,ds_cbdf3834368e,ds_16b6be697acb,01190,
00967,2.061965247,-2.020725942,3.876494665,-2.474358297,ds_cbdf3834368e,ds_16b6be697acb,01190,
00968,2.061965247,-2.020725942,3.876494665,-2.474358297,ds_cbdf3834368e,ds_16b6be697acb,01190,
00969,2.061965247,-2.020725942,3.876494665,-2.474358297,ds_cbdf3834368e,ds_16b6be697acb,01190,
00970,2.061965247,-2.020725942,3.876494665,-2.474358297,ds_cbdf3834368e,ds_16b6be697acb,01190,
00971,2.061965247,-2.020725942,3.876494665,-2.474358297,ds_cbdf3834368e,ds_16b6be697acb,01190,
00972,2.061965247,-2.020725942,3.876494665,-2.474358297,ds_cbdf3834368e,ds_16b6be697acb,01190,
00973,2.515597601,-1.567093588,3.876494665,-2.474358297,ds_cbdf3834368e,ds_16b6be697acb,01190,
00974,2.515597601,-1.567093588,3.876494665,-2.474358297,ds_cbdf3834368e,ds_16b6be697acb,01190,
00975,2.515597601,-1.567093588,3.876494665,-2.474358297,ds_cbdf3834368e,ds_16b6be697acb,01190,
00976,2.515597601,-1.567093588,3.876494665,-2.474358297,ds_cbdf3834368e,ds_16b6be697acb,01190,
00977,2.515597601,-1.567093588,3.876494665,-2.474358297,ds_cbdf3834368e,ds_16b6be697acb,01190,
00978,2.515597601,-1.567093588,3.876494665,-2.474358297,ds_cbdf3834368e,ds_16b6be697acb,01190,
00979,2.515597601,-1.567093588,3.876494665,-2.474358297,ds_cbdf3834368e,ds_16b6be697acb,01190,
00980,2.515597601,-1.567093588,3.876494665,-2.474358297,ds_cbdf3834368e,ds_16b6be697acb,01190,
00981,2.515597601,-1.567093588,3.876494665,-2.474358297,ds_cbdf3834368e,ds_16b6be697acb,01190,
00982,2.969229956,-1.567093588,3.876494665,-2.474358297,ds_cbdf3834368e,ds_16b6be697acb,01190,
00983,2.515597601,-1.567093588,3.876494665,-2.474358297,ds_cbdf3834368e,ds_16b6be697acb,01190,
00984,2.515597601,-1.567093588,3.876494665,-2.474358297,ds_cbdf3834368e,ds_16b6be697acb,01190,
00985,2.969229956,-1.567093588,3.876494665,-2.474358297,ds_cbdf3834368e,ds_16b6be697acb,01190,
00986,2.969229956,-1.567093588,3.876494665,-2.474358297,ds_cbdf3834368e,ds_16b6be697acb,01190,
00987,2.969229956,-1.567093588,3.876494665,-2.474358297,ds_cbdf3834368e,ds_16b6be697acb,01190,
00988,2.969229956,-1.567093588,3.876494665,-2.474358297,ds_cbdf3834368e,ds_16b6be697acb,01190,
00989,2.969229956,-1.567093588,3.876494665,-2.474358297,ds_cbdf3834368e,ds_16b6be697acb,01190,
00990,3.42286231,-1.567093588,3.876494665,-2.474358297,ds_cbdf3834368e,ds_16b6be697acb,01190,
00991,2.969229956,-1.567093588,3.876494665,-2.474358297,ds_cbdf3834368e,ds_16b6be697acb,01190,
00992,2.969229956,-1.567093588,3.876494665,-2.474358297,ds_cbdf3834368e,ds_16b6be697acb,01190,
00993,2.969229956,-2.020725942,3.876494665,-2.474358297,ds_cbdf3834368e,ds_16b6be697acb,01190,
00994,2.969229956,-2.020725942,3.876494665,-2.474358297,ds_cbdf3834368e,ds_16b6be697acb,01190,
00995,2.969229956,-2.020725942,3.876494665,-2.474358297,ds_cbdf3834368e,ds_16b6be697acb,01190,
00996,2.969229956,-2.020725942,3.876494665,-2.474358297,ds_cbdf3834368e,ds_16b6be697acb,01190,
00997,2.515597601,-2.020725942,3.876494665,-2.474358297,ds_cbdf3834368e,ds_16b6be697acb,01190,
00998,2.969229956,-2.020725942,3.876494665,-2.474358297,ds_cbdf3834368e,ds_16b6be697acb,01190,
00999,2.969229956,-2.020725942,3.876494665,-2.474358297,ds_cbdf3834368e,ds_16b6be697acb,01190,
01000,2.969229956,-2.020725942,3.876494665,-2.474358297,ds_cbdf3834368e,ds_16b6be697acb,01190,
01001,2.969229956,-2.020725942,3.876494665,-2.474358297,ds_cbdf3834368e,ds_16b6be697acb,01190,
01002,3.42286231,-2.020725942,3.876494665,-2.474358297,ds_cbdf3834368e,ds_16b6be697acb,01190,
01003,3.42286231,-2.020725942,3.876494665,-2.474358297,ds_cbdf3834368e,ds_16b6be697acb,01190,
01004,2.969229956,-2.020725942,3.876494665,-2.474358297,ds_cbdf3834368e,ds_16b6be697acb,01190,
01005,2.969229956,-2.020725942,3.876494665,-2.474358297,ds_cbdf3834368e,ds_16b6be697acb,01190,
01006,2.969229956,-2.020725942,3.876494665,-2.474358297,ds_cbdf3834368e,ds_16b6be697acb,01190,
01007,2.969229956,-2.020725942,3.876494665,-2.474358297,ds_cbdf3834368e,ds_16b6be697acb,01190,
01008,2.969229956,-2.020725942,3.876494665,-2.474358297,ds_cbdf3834368e,ds_16b6be697acb,01190,
01009,2.969229956,-2.020725942,3.876494665,-2.474358297,ds_cbdf3834368e,ds_16b6be697acb,01190,
01010,2.969229956,-2.020725942,3.876494665,-2.474358297,ds_cbdf3834368e,ds_16b6be697acb,01190,
01011,2.515597601,-2.020725942,3.876494665,-2.474358297,ds_cbdf3834368e,ds_16b6be697acb,01190,
01012,2.969229956,-1.567093588,3.876494665,-2.474358297,ds_cbdf3834368e,ds_16b6be697acb,01190,
01013,2.969229956,-1.567093588,3.876494665,-2.474358297,ds_cbdf3834368e,ds_16b6be697acb,01190,
01014,2.515597601,-1.567093588,3.876494665,-2.474358297,ds_cbdf3834368e,ds_16b6be697acb,01190,
01015,2.515597601,-1.567093588,3.876494665,-2.474358297,ds_cbdf3834368e,ds_16b6be697acb,01190,
01016,2.969229956,-1.567093588,3.876494665,-2.474358297,ds_cbdf3834368e,ds_16b6be697acb,01190,
01017,2.969229956,-1.567093588,3.876494665,-2.474358297,ds_cbdf3834368e,ds_16b6be697acb,01190,
01018,2.969229956,-1.567093588,3.876494665,-2.474358297,ds_cbdf3834368e,ds_16b6be697acb,01190,
01019,2.969229956,-1.567093588,3.876494665,-2.474358297,ds_cbdf3834368e,ds_16b6be697acb,01190,
01020,2.515597601,-1.567093588,3.876494665,-2.474358297,ds_cbdf3834368e,ds_16b6be697acb,01190,
01021,2.969229956,-1.567093588,3.876494665,-2.474358297,ds_cbdf3834368e,ds_16b6be697acb,01190,
01022,2.969229956,-1.567093588,3.876494665,-2.474358297,ds_cbdf3834368e,ds_16b6be697acb,01190,
01023,2.969229956,-1.567093588,3.876494665,-2.474358297,ds_cbdf3834368e,ds_16b6be697acb,01190,
01024,2.969229956,-1.567093588,3.876494665,-2.474358297,ds_cbdf3834368e,ds_16b6be697acb,01190,
01025,2.969229956,-1.567093588,3.876494665,-2.474358297,ds_cbdf3834368e,ds_16b6be697acb,01190,
01026,3.42286231,-2.020725942,3.876494665,-2.474358297,ds_cbdf3834368e,ds_16b6be697acb,01190,
01027,3.42286231,-2.020725942,3.876494665,-2.474358297,ds_cbdf3834368e,ds_16b6be697acb,01190,
01028,3.42286231,-2.020725942,3.876494665,-2.474358297,ds_cbdf3834368e,ds_16b6be697acb,01190,
01029,3.42286231,-2.020725942,3.876494665,-2.474358297,ds_cbdf3834368e,ds_16b6be697acb,01190,
01030,3.42286231,-2.020725942,3.876494665,-2.474358297,ds_cbdf3834368e,ds_16b6be697acb,01190,
01031,3.42286231,-2.020725942,3.876494665,-2.474358297,ds_cbdf3834368e,ds_16b6be697acb,01190,
01032,3.42286231,-2.020725942,3.876494665,-2.474358297,ds_cbdf3834368e,ds_16b6be697acb,01190,
01033,3.42286231,-2.020725942,3.876494665,-2.474358297,ds_cbdf3834368e,ds_16b6be697acb,01190,
01034,3.42286231,-2.020725942,3.876494665,-2.474358297,ds_cbdf3834368e,ds_16b6be697acb,01190,
01035,2.969229956,-2.020725942,3.876494665,-2.474358297,ds_cbdf3834368e,ds_16b6be697acb,01190,
01036,2.969229956,-2.020725942,3.876494665,-2.474358297,ds_cbdf3834368e,ds_16b6be697acb,01190,
01037,2.969229956,-2.020725942,3.876494665,-2.474358297,ds_cbdf3834368e,ds_16b6be697acb,01190,
01038,2.515597601,-2.020725942,3.876494665,-2.474358297,ds_cbdf3834368e,ds_16b6be697acb,01190,
01039,2.515597601,-2.020725942,3.876494665,-2.474358297,ds_cbdf3834368e,ds_16b6be697acb,01190,
01040,2.515597601,-2.020725942,3.876494665,-2.474358297,ds_cbdf3834368e,ds_16b6be697acb,01190,
01041,2.515597601,-2.020725942,3.876494665,-2.474358297,ds_cbdf3834368e,ds_16b6be697acb,01190,
01042,2.515597601,-2.020725942,3.876494665,-2.474358297,ds_cbdf3834368e,ds_16b6be697acb,01190,
01043,2.515597601,-2.020725942,3.876494665,-2.474358297,ds_cbdf3834368e,ds_16b6be697acb,01190,
01044,2.515597601,-2.020725942,3.876494665,-2.474358297,ds_cbdf3834368e,ds_16b6be697acb,01190,
01045,2.515597601,-2.020725942,3.876494665,-2.474358297,ds_cbdf3834368e,ds_16b6be697acb,01190,
01046,2.515597601,-2.020725942,3.876494665,-2.474358297,ds_cbdf3834368e,ds_16b6be697acb,01190,
01047,2.515597601,-2.020725942,3.876494665,-2.474358297,ds_cbdf3834368e,ds_16b6be697acb,01190,
01048,2.515597601,-2.020725942,3.876494665,-2.474358297,ds_cbdf3834368e,ds_16b6be697acb,01190,
01049,2.515597601,-2.020725942,3.876494665,-2.474358297,ds_cbdf3834368e,ds_16b6be697acb,01190,
01050,2.515597601,-2.020725942,3.876494665,-2.474358297,ds_cbdf3834368e,ds_16b6be697acb,01190,
01051,2.515597601,-2.020725942,3.876494665,-2.474358297,ds_cbdf3834368e,ds_16b6be697acb,01190,
01052,2.969229956,-2.020725942,3.876494665,-2.474358297,ds_cbdf3834368e,ds_16b6be697acb,01190,
01053,2.969229956,-2.020725942,3.876494665,-2.474358297,ds_cbdf3834368e,ds_16b6be697acb,01190,
01054,2.969229956,-2.474358297,3.876494665,-2.474358297,ds_cbdf3834368e,ds_16b6be697acb,01190,
01055,2.515597601,-2.474358297,3.876494665,-2.474358297,ds_cbdf3834368e,ds_16b6be697acb,01190,
01056,2.515597601,-2.474358297,3.876494665,-2.474358297,ds_cbdf3834368e,ds_16b6be697acb,01190,
01057,2.061965247,-2.474358297,3.876494665,-2.474358297,ds_cbdf3834368e,ds_16b6be697acb,01190,
01058,2.061965247,-2.020725942,3.876494665,-2.474358297,ds_cbdf3834368e,ds_16b6be697acb,01190,
01059,2.515597601,-2.020725942,3.876494665,-2.474358297,ds_cbdf3834368e,ds_16b6be697acb,01190,
01060,2.515597601,-2.020725942,3.876494665,-2.474358297,ds_cbdf3834368e,ds_16b6be697acb,01190,
01061,2.515597601,-2.020725942,3.876494665,-2.474358297,ds_cbdf3834368e,ds_16b6be697acb,01190,
01062,2.515597601,-2.020725942,3.876494665,-2.474358297,ds_cbdf3834368e,ds_16b6be697acb,01190,
01063,2.061965247,-2.020725942,3.876494665,-2.474358297,ds_cbdf3834368e,ds_16b6be697acb,01190,
01064,2.061965247,-2.020725942,3.876494665,-2.474358297,ds_cbdf3834368e,ds_16b6be697acb,01190,
01065,2.515597601,-2.020725942,3.876494665,-2.474358297,ds_cbdf3834368e,ds_16b6be697acb,01190,
01066,2.515597601,-2.020725942,3.876494665,-2.474358297,ds_cbdf3834368e,ds_16b6be697acb,01190,
01067,2.515597601,-2.020725942,3.876494665,-2.474358297,ds_cbdf3834368e,ds_16b6be697acb,01190,
01068,2.515597601,-2.020725942,3.876494665,-2.474358297,ds_cbdf3834368e,ds_16b6be697acb,01190,
01069,2.515597601,-2.020725942,3.876494665,-2.474358297,ds_cbdf3834368e,ds_16b6be697acb,01190,
01070,2.515597601,-2.020725942,3.876494665,-2.474358297,ds_cbdf3834368e,ds_16b6be697acb,01190,
01071,2.061965247,-2.020725942,3.876494665,-2.474358297,ds_cbdf3834368e,ds_16b6be697acb,01190,
01072,1.608332893,-2.020725942,3.876494665,-2.474358297,ds_cbdf3834368e,ds_16b6be697acb,01190,
01073,2.061965247,-2.020725942,3.876494665,-2.474358297,ds_cbdf3834368e,ds_16b6be697acb,01190,
01074,2.061965247,-2.020725942,3.876494665,-2.474358297,ds_cbdf3834368e,ds_16b6be697acb,01190,
01075,1.608332893,-2.020725942,3.876494665,-2.474358297,ds_cbdf3834368e,ds_16b6be697acb,01190,
01076,1.608332893,-2.020725942,3.876494665,-2.474358297,ds_cbdf3834368e,ds_16b6be697acb,01190,
01077,1.608332893,-2.020725942,3.876494665,-2.474358297,ds_cbdf3834368e,ds_16b6be697acb,01190,
01078,2.061965247,-2.020725942,3.876494665,-2.474358297,ds_cbdf3834368e,ds_16b6be697acb,01190,
01079,2.061965247,-2.020725942,3.876494665,-2.474358297,ds_cbdf3834368e,ds_16b6be697acb,01190,
01080,2.061965247,-2.020725942,3.876494665,-2.474358297,ds_cbdf3834368e,ds_16b6be697acb,01190,
01081,2.061965247,-2.020725942,3.876494665,-2.474358297,ds_cbdf3834368e,ds_16b6be697acb,01190,
01082,2.061965247,-2.474358297,3.876494665,-2.474358297,ds_cbdf3834368e,ds_16b6be697acb,01190,
01083,2.515597601,-2.474358297,3.876494665,-2.474358297,ds_cbdf3834368e,ds_16b6be697acb,01190,
01084,2.969229956,-2.474358297,3.876494665,-2.474358297,ds_cbdf3834368e,ds_16b6be697acb,01190,
01085,2.515597601,-2.474358297,3.876494665,-2.474358297,ds_cbdf3834368e,ds_16b6be697acb,01190,
01086,2.061965247,-2.020725942,3.876494665,-2.474358297,ds_cbdf3834368e,ds_16b6be697acb,01190,
01087,2.061965247,-2.020725942,3.876494665,-2.474358297,ds_cbdf3834368e,ds_16b6be697acb,01190,
01088,2.061965247,-2.020725942,3.876494665,-2.474358297,ds_cbdf3834368e,ds_16b6be697acb,01190,
01089,2.061965247,-2.020725942,3.876494665,-2.474358297,ds_cbdf3834368e,ds_16b6be697acb,01190,
01090,2.061965247,-1.567093588,3.876494665,-2.474358297,ds_cbdf3834368e,ds_16b6be697acb,01190,
01091,2.061965247,-1.567093588,3.876494665,-2.474358297,ds_cbdf3834368e,ds_16b6be697acb,01190,
01092,2.061965247,-1.567093588,3.876494665,-2.474358297,ds_cbdf3834368e,ds_16b6be697acb,01190,
01093,2.061965247,-2.020725942,3.876494665,-2.474358297,ds_cbdf3834368e,ds_16b6be697acb,01190,
01094,2.061965247,-2.020725942,3.876494665,-2.474358297,ds_cbdf3834368e,ds_16b6be697acb,01190,
01095,2.515597601,-2.020725942,3.876494665,-2.474358297,ds_cbdf3834368e,ds_16b6be697acb,01190,
01096,2.515597601,-2.020725942,3.876494665,-2.474358297,ds_cbdf3834368e,ds_16b6be697acb,01190,
01097,2.515597601,-2.020725942,3.876494665,-2.474358297,ds_cbdf3834368e,ds_16b6be697acb,01190,
01098,2.515597601,-2.020725942,3.876494665,-2.474358297,ds_cbdf3834368e,ds_16b6be697acb,01190,
01099,2.969229956,-2.020725942,3.876494665,-2.474358297,ds_cbdf3834368e,ds_16b6be697acb,01190,
01100,2.515597601,-2.020725942,3.876494665,-2.474358297,ds_cbdf3834368e,ds_16b6be697acb,01190,
01101,2.515597601,-2.020725942,3.876494665,-2.474358297,ds_cbdf3834368e,ds_16b6be697acb,01190,
01102,2.515597601,-2.020725942,3.876494665,-2.474358297,ds_cbdf3834368e,ds_16b6be697acb,01190,
01103,2.515597601,-2.020725942,3.876494665,-2.474358297,ds_cbdf3834368e,ds_16b6be697acb,01190,
01104,2.061965247,-2.020725942,3.876494665,-2.474358297,ds_cbdf3834368e,ds_16b6be697acb,01190,
01105,2.061965247,-2.020725942,3.876494665,-2.474358297,ds_cbdf3834368e,ds_16b6be697acb,01190,
01106,1.608332893,-2.020725942,3.876494665,-2.474358297,ds_cbdf3834368e,ds_16b6be697acb,01190,
01107,1.608332893,-1.567093588,3.876494665,-2.474358297,ds_cbdf3834368e,ds_16b6be697acb,01190,
01108,2.061965247,-1.567093588,3.876494665,-2.474358297,ds_cbdf3834368e,ds_16b6be697acb,01190,
01109,2.061965247,-1.567093588,3.876494665,-2.474358297,ds_cbdf3834368e,ds_16b6be697acb,01190,
01110,2.061965247,-1.567093588,3.876494665,-2.474358297,ds_cbdf3834368e,ds_16b6be697acb,01190,
01111,2.061965247,-1.567093588,3.876494665,-2.474358297,ds_cbdf3834368e,ds_16b6be697acb,01190,
01112,2.061965247,-2.020725942,3.876494665,-2.474358297,ds_cbdf3834368e,ds_16b6be697acb,01190,
01113,2.061965247,-2.020725942,3.876494665,-2.474358297,ds_cbdf3834368e,ds_16b6be697acb,01190,
01114,2.061965247,-2.020725942,3.876494665,-2.474358297,ds_cbdf3834368e,ds_16b6be697acb,01190,
01115,2.061965247,-2.020725942,3.876494665,-2.474358297,ds_cbdf3834368e,ds_16b6be697acb,01190,
01116,2.515597601,-2.020725942,3.876494665,-2.474358297,ds_cbdf3834368e,ds_16b6be697acb,01190,
01117,2.515597601,-2.020725942,3.876494665,-2.474358297,ds_cbdf3834368e,ds_16b6be697acb,01190,
01118,2.515597601,-2.020725942,3.876494665,-2.474358297,ds_cbdf3834368e,ds_16b6be697acb,01190,
01119,2.515597601,-2.020725942,3.876494665,-2.474358297,ds_cbdf3834368e,ds_16b6be697acb,01190,
01120,2.515597601,-2.020725942,3.876494665,-2.474358297,ds_cbdf3834368e,ds_16b6be697acb,01190,
01121,2.061965247,-2.020725942,3.876494665,-2.474358297,ds_cbdf3834368e,ds_16b6be697acb,01190,
01122,2.515597601,-2.020725942,3.876494665,-2.474358297,ds_cbdf3834368e,ds_16b6be697acb,01190,
01123,2.969229956,-2.020725942,3.876494665,-2.474358297,ds_cbdf3834368e,ds_16b6be697acb,01190,
01124,2.969229956,-2.020725942,3.876494665,-2.474358297,ds_cbdf3834368e,ds_16b6be697acb,01190,
01125,2.969229956,-2.020725942,3.876494665,-2.474358297,ds_cbdf3834368e,ds_16b6be697acb,01190,
01126,2.515597601,-2.020725942,3.876494665,-2.474358297,ds_cbdf3834368e,ds_16b6be697acb,01190,
01127,2.515597601,-2.020725942,3.876494665,-2.474358297,ds_cbdf3834368e,ds_16b6be697acb,01190,
01128,2.515597601,-2.020725942,3.876494665,-2.474358297,ds_cbdf3834368e,ds_16b6be697acb,01190,
01129,2.969229956,-2.020725942,3.876494665,-2.474358297,ds_cbdf3834368e,ds_16b6be697acb,01190,
01130,3.42286231,-2.020725942,3.876494665,-2.474358297,ds_cbdf3834368e,ds_16b6be697acb,01190,
01131,2.969229956,-2.020725942,3.876494665,-2.474358297,ds_cbdf3834368e,ds_16b6be697acb,01190,
01132,2.969229956,-2.020725942,3.876494665,-2.474358297,ds_cbdf3834368e,ds_16b6be697acb,01190,
01133,2.969229956,-2.020725942,3.876494665,-2.474358297,ds_cbdf3834368e,ds_16b6be697acb,01190,
01134,2.969229956,-2.020725942,3.876494665,-2.474358297,ds_cbdf3834368e,ds_16b6be697acb,01190,
01135,2.969229956,-2.020725942,3.876494665,-2.474358297,ds_cbdf3834368e,ds_16b6be697acb,01190,
01136,2.969229956,-2.020725942,3.876494665,-2.474358297,ds_cbdf3834368e,ds_16b6be697acb,01190,
01137,2.969229956,-2.020725942,3.876494665,-2.474358297,ds_cbdf3834368e,ds_16b6be697acb,01190,
01138,2.515597601,-2.020725942,3.876494665,-2.474358297,ds_cbdf3834368e,ds_16b6be697acb,01190,
01139,2.515597601,-2.020725942,3.876494665,-2.474358297,ds_cbdf3834368e,ds_16b6be697acb,01190,
01140,2.515597601,-2.020725942,3.876494665,-2.474358297,ds_cbdf3834368e,ds_16b6be697acb,01190,
01141,2.969229956,-2.020725942,3.876494665,-2.474358297,ds_cbdf3834368e,ds_16b6be697acb,01190,
01142,2.969229956,-2.020725942,3.876494665,-2.474358297,ds_cbdf3834368e,ds_16b6be697acb,01190,
01143,3.42286231,-2.020725942,3.876494665,-2.474358297,ds_cbdf3834368e,ds_16b6be697acb,01190,
01144,3.876494665,-2.020725942,3.876494665,-2.474358297,ds_cbdf3834368e,ds_16b6be697acb,01190,
01145,3.876494665,-2.020725942,3.876494665,-2.474358297,ds_cbdf3834368e,ds_16b6be697acb,01190,
01146,3.876494665,-2.020725942,3.876494665,-2.474358297,ds_cbdf3834368e,ds_16b6be697acb,01190,
01147,4.330127019,-2.020725942,3.876494665,-2.474358297,ds_cbdf3834368e,ds_16b6be697acb,01190,
01148,4.330127019,-2.020725942,3.876494665,-2.474358297,ds_cbdf3834368e,ds_16b6be697acb,01190,
01149,3.876494665,-2.020725942,3.876494665,-2.474358297,ds_cbdf3834368e,ds_16b6be697acb,01190,
01150,3.876494665,-2.020725942,3.876494665,-2.474358297,ds_cbdf3834368e,ds_16b6be697acb,01190,
01151,3.876494665,-2.020725942,3.876494665,-2.474358297,ds_cbdf3834368e,ds_16b6be697acb,01190,
01152,3.876494665,-2.020725942,3.876494665,-2.474358297,ds_cbdf3834368e,ds_16b6be697acb,01190,
01153,3.876494665,-2.020725942,3.876494665,-2.474358297,ds_cbdf3834368e,ds_16b6be697acb,01190,
01154,3.876494665,-2.020725942,3.876494665,-2.474358297,ds_cbdf3834368e,ds_16b6be697acb,01190,
01155,3.876494665,-1.567093588,3.876494665,-2.474358297,ds_cbdf3834368e,ds_16b6be697acb,01190,
01156,3.42286231,-1.567093588,3.876494665,-2.474358297,ds_cbdf3834368e,ds_16b6be697acb,01190,
01157,3.42286231,-1.567093588,3.876494665,-2.474358297,ds_cbdf3834368e,ds_16b6be697acb,01190,
01158,3.42286231,-1.567093588,3.876494665,-2.474358297,ds_cbdf3834368e,ds_16b6be697acb,01190,
01159,3.42286231,-1.567093588,3.876494665,-2.474358297,ds_cbdf3834368e,ds_16b6be697acb,01190,
01160,3.42286231,-1.567093588,3.876494665,-2.474358297,ds_cbdf3834368e,ds_16b6be697acb,01190,
01161,2.969229956,-1.567093588,3.876494665,-2.474358297,ds_cbdf3834368e,ds_16b6be697acb,01190,
01162,2.969229956,-1.567093588,3.876494665,-2.474358297,ds_cbdf3834368e,ds_16b6be697acb,01190,
01163,2.969229956,-1.567093588,3.876494665,-2.474358297,ds_cbdf3834368e,ds_16b6be697acb,01190,
01164,2.515597601,-1.567093588,3.876494665,-2.474358297,ds_cbdf3834368e,ds_16b6be697acb,01190,
01165,2.515597601,-1.567093588,3.876494665,-2.474358297,ds_cbdf3834368e,ds_16b6be697acb,01190,
01166,2.515597601,-1.567093588,3.876494665,-2.474358297,ds_cbdf3834368e,ds_16b6be697acb,01190,
01167,2.515597601,-2.020725942,3.876494665,-2.474358297,ds_cbdf3834368e,ds_16b6be697acb,01190,
01168,2.515597601,-2.020725942,3.876494665,-2.474358297,ds_cbdf3834368e,ds_16b6be697acb,01190,
01169,2.061965247,-1.567093588,3.876494665,-2.474358297,ds_cbdf3834368e,ds_16b6be697acb,01190,
01170,1.608332893,-1.567093588,3.876494665,-2.474358297,ds_cbdf3834368e,ds_16b6be697acb,01190,
01171,2.061965247,-1.567093588,3.876494665,-2.474358297,ds_cbdf3834368e,ds_16b6be697acb,01190,
01172,2.061965247,-1.567093588,3.876494665,-2.474358297,ds_cbdf3834368e,ds_16b6be697acb,01190,
01173,2.061965247,-1.567093588,3.876494665,-2.474358297,ds_cbdf3834368e,ds_16b6be697acb,01190,
01174,2.061965247,-1.567093588,3.876494665,-2.474358297,ds_cbdf3834368e,ds_16b6be697acb,01190,
01175,2.061965247,-1.567093588,3.876494665,-2.474358297,ds_cbdf3834368e,ds_16b6be697acb,01190,
01176,2.061965247,-1.567093588,3.876494665,-2.474358297,ds_cbdf3834368e,ds_16b6be697acb,01190,
01177,2.061965247,-1.567093588,3.876494665,-2.474358297,ds_cbdf3834368e,ds_16b6be697acb,01190,
01178,2.061965247,-1.567093588,3.876494665,-2.474358297,ds_cbdf3834368e,ds_16b6be697acb,01190,
01179,2.515597601,-1.567093588,3.876494665,-2.474358297,ds_cbdf3834368e,ds_16b6be697acb,01190,
01180,2.515597601,-1.567093588,3.876494665,-2.474358297,ds_cbdf3834368e,ds_16b6be697acb,01190,
01181,2.515597601,-2.020725942,3.876494665,-2.474358297,ds_cbdf3834368e,ds_16b6be697acb,01190,
01182,2.061965247,-2.474358297,3.876494665,-2.474358297,ds_cbdf3834368e,ds_16b6be697acb,01190,
01183,2.061965247,-2.474358297,3.876494665,-2.474358297,ds_cbdf3834368e,ds_16b6be697acb,01190,
01184,2.061965247,-2.474358297,3.876494665,-2.474358297,ds_cbdf3834368e,ds_16b6be697acb,01190,
01185,2.061965247,-2.474358297,3.876494665,-2.474358297,ds_cbdf3834368e,ds_16b6be697acb,01190,
01186,2.061965247,-2.474358297,3.876494665,-2.474358297,ds_cbdf3834368e,ds_16b6be697acb,01190,
01187,2.061965247,-2.474358297,3.876494665,-2.474358297,ds_cbdf3834368e,ds_16b6be697acb,01190,
01188,2.061965247,-2.474358297,3.876494665,-2.474358297,ds_cbdf3834368e,ds_16b6be697acb,01190,
01189,2.061965247,-2.474358297,3.876494665,-2.474358297,ds_cbdf3834368e,ds_16b6be697acb,01190,
01190,2.061965247,-2.474358297,3.876494665,-2.474358297,ds_cbdf3834368e,ds_16b6be697acb,01190,
