window_end_draw_id,max_z,min_z,mc_max_z_q975,mc_min_z_q025,source_dataset_version,analysis_version,through_draw,override_ref
00100,1.953759676,-1.895438491,3.557592245,-2.857738033,ds_cbdf3834368e,ds_16b6be697acb,01190,
00101,1.953759676,-1.895438491,3.557592245,-2.857738033,ds_cbdf3834368e,ds_16b6be697acb,01190,
00102,1.953759676,-1.895438491,3.557592245,-2.857738033,ds_cbdf3834368e,ds_16b6be697acb,01190,
00103,1.953759676,-1.895438491,3.557592245,-2.857738033,ds_cbdf3834368e,ds_16b6be697acb,01190,
00104,1.953759676,-1.895438491,3.557592245,-2.857738033,ds_cbdf3834368e,ds_16b6be697acb,01190,
00105,1.953759676,-1.895438491,3.557592245,-2.857738033,ds_cbdf3834368e,ds_16b6be697acb,01190,
00106,1.953759676,-1.895438491,3.557592245,-2.857738033,ds_cbdf3834368e,ds_16b6be697acb,01190,
00107,1.953759676,-1.895438491,3.557592245,-2.857738033,ds_cbdf3834368e,ds_16b6be697acb,01190,
00108,2.27452619,-1.895438491,3.557592245,-2.857738033,ds_cbdf3834368e,ds_16b6be697acb,01190,
00109,2.27452619,-1.895438491,3.557592245,-2.857738033,ds_cbdf3834368e,ds_16b6be697acb,01190,
00110,2.27452619,-1.895438491,3.557592245,-2.857738033,ds_cbdf3834368e,ds_16b6be697acb,01190,
00111,2.27452619,-1.895438491,3.557592245,-2.857738033,ds_cbdf3834368e,ds_16b6be697acb,01190,
00112,2.595292704,-1.895438491,3.557592245,-2.857738033,ds_cbdf3834368e,ds_16b6be697acb,01190,
00113,2.595292704,-1.895438491,3.557592245,-2.857738033,ds_cbdf3834368e,ds_16b6be697acb,01190,
00114,2.27452619,-1.895438491,3.557592245,-2.857738033,ds_cbdf3834368e,ds_16b6be697acb,01190,
00115,2.27452619,-1.895438491,3.557592245,-2.857738033,ds_cbdf3834368e,ds_16b6be697acb,01190,
00116,2.27452619,-1.895438491,3.557592245,-2.857738033,ds_cbdf3834368e,ds_16b6be697acb,01190,
00117,2.27452619,-1.895438491,3.557592245,-2.857738033,ds_cbdf3834368e,ds_16b6be697acb,01190,
00118,2.27452619,-1.574671978,3.557592245,-2.857738033,ds_cbdf3834368e,ds_16b6be697acb,01190,
00119,2.27452619,-1.895438491,3.557592245,-2.857738033,ds_cbdf3834368e,ds_16b6be697acb,01190,
00120,2.27452619,-1.895438491,3.557592245,-2.857738033,ds_cbdf3834368e,ds_16b6be697acb,01190,
00121,2.27452619,-1.574671978,3.557592245,-2.857738033,ds_cbdf3834368e,ds_16b6be697acb,01190,
00122,2.27452619,-1.574671978,3.557592245,-2.857738033,ds_cbdf3834368e,ds_16b6be697acb,01190,
00123,2.27452619,-1.253905464,3.557592245,-2.857738033,ds_cbdf3834368e,ds_16b6be697acb,01190,
00124,2.27452619,-1.253905464,3.557592245,-2.857738033,ds_cbdf3834368e,ds_16b6be697acb,01190,
00125,2.595292704,-1.574671978,3.557592245,-2.857738033,ds_cbdf3834368e,ds_16b6be697acb,01190,
00126,2.916059218,-1.574671978,3.557592245,-2.857738033,ds_cbdf3834368e,ds_16b6be697acb,01190,
00127,2.916059218,-1.574671978,3.557592245,-2.857738033,ds_cbdf3834368e,ds_16b6be697acb,01190,
00128,2.595292704,-1.574671978,3.557592245,-2.857738033,ds_cbdf3834368e,ds_16b6be697acb,01190,
00129,2.27452619,-1.574671978,3.557592245,-2.857738033,ds_cbdf3834368e,ds_16b6be697acb,01190,
00130,2.27452619,-1.574671978,3.557592245,-2.857738033,ds_cbdf3834368e,ds_16b6be697acb,01190,
00131,2.27452619,-1.574671978,3.557592245,-2.857738033,ds_cbdf3834368e,ds_16b6be697acb,01190,
00132,2.27452619,-1.574671978,3.557592245,-2.857738033,ds_cbdf3834368e,ds_16b6be697acb,01190,
00133,2.27452619,-1.574671978,3.557592245,-2.857738033,ds_cbdf3834368e,ds_16b6be697acb,01190,
00134,1.953759676,-1.574671978,3.557592245,-2.857738033,ds_cbdf3834368e,ds_16b6be697acb,01190,
00135,2.27452619,-1.574671978,3.557592245,-2.857738033,ds_cbdf3834368e,ds_16b6be697acb,01190,
00136,2.27452619,-1.574671978,3.557592245,-2.857738033,ds_cbdf3834368e,ds_16b6be697acb,01190,
00137,1.953759676,-1.574671978,3.557592245,-2.857738033,ds_cbdf3834368e,ds_16b6be697acb,01190,
00138,1.953759676,-1.574671978,3.557592245,-2.857738033,ds_cbdf3834368e,ds_16b6be697acb,01190,
00139,1.953759676,-1.574671978,3.557592245,-2.857738033,ds_cbdf3834368e,ds_16b6be697acb,01190,
00140,1.953759676,-1.574671978,3.557592245,-2.857738033,ds_cbdf3834368e,ds_16b6be697acb,01190,
00141,1.953759676,-1.574671978,3.557592245,-2.857738033,ds_cbdf3834368e,ds_16b6be697acb,01190,
00142,1.953759676,-1.574671978,3.557592245,-2.857738033,ds_cbdf3834368e,ds_16b6be697acb,01190,
00143,1.953759676,-1.574671978,3.557592245,-2.857738033,ds_cbdf3834368e,ds_16b6be697acb,01190,
00144,1.953759676,-1.574671978,3.557592245,-2.857738033,ds_cbdf3834368e,ds_16b6be697acb,01190,
00145,1.632993162,-1.574671978,3.557592245,-2.857738033,ds_cbdf3834368e,ds_16b6be697acb,01190,
00146,1.632993162,-1.574671978,3.557592245,-2.857738033,ds_cbdf3834368e,ds_16b6be697acb,01190,
00147,1.632993162,-1.574671978,3.557592245,-2.857738033,ds_cbdf3834368e,ds_16b6be697acb,01190,
00148,1.632993162,-1.574671978,3.557592245,-2.857738033,ds_cbdf3834368e,ds_16b6be697acb,01190,
00149,1.632993162,-1.253905464,3.557592245,-2.857738033,ds_cbdf3834368e,ds_16b6be697acb,01190,
00150,1.632993162,-1.253905464,3.557592245,-2.857738033,ds_cbdf3834368e,ds_16b6be697acb,01190,
00151,1.632993162,-1.253905464,3.557592245,-2.857738033,ds_cbdf3834368e,ds_16b6be697acb,01190,
00152,1.953759676,-1.574671978,3.557592245,-2.857738033,ds_cbdf3834368e,ds_16b6be697acb,01190,
00153,1.953759676,-1.574671978,3.557592245,-2.857738033,ds_cbdf3834368e,ds_16b6be697acb,01190,
00154,1.953759676,-1.574671978,3.557592245,-2.857738033,ds_cbdf3834368e,ds_16b6be697acb,01190,
00155,1.953759676,-1.574671978,3.557592245,-2.857738033,ds_cbdf3834368e,ds_16b6be697acb,01190,
00156,1.953759676,-1.574671978,3.557592245,-2.857738033,ds_cbdf3834368e,ds_16b6be697acb,01190,
00157,1.953759676,-1.574671978,3.557592245,-2.857738033,ds_cbdf3834368e,ds_16b6be697acb,01190,
00158,1.632993162,-1.574671978,3.557592245,-2.857738033,ds_cbdf3834368e,ds_16b6be697acb,01190,
00159,1.632993162,-1.574671978,3.557592245,-2.857738033,ds_cbdf3834368e,ds_16b6be697acb,01190,
00160,1.632993162,-1.574671978,3.557592245,-2.857738033,ds_cbdf3834368e,ds_16b6be697acb,01190,
00161,1.953759676,-1.574671978,3.557592245,-2.857738033,ds_cbdf3834368e,ds_16b6be697acb,01190,
00162,1.953759676,-1.574671978,3.557592245,-2.857738033,ds_cbdf3834368e,ds_16b6be697acb,01190,
00163,1.953759676,-1.574671978,3.557592245,-2.857738033,ds_cbdf3834368e,ds_16b6be697acb,01190,
00164,1.953759676,-1.574671978,3.557592245,-2.857738033,ds_cbdf3834368e,ds_16b6be697acb,01190,
00165,1.632993162,-1.574671978,3.557592245,-2.857738033,ds_cbdf3834368e,ds_16b6be697acb,01190,
00166,1.632993162,-1.574671978,3.557592245,-2.857738033,ds_cbdf3834368e,ds_16b6be697acb,01190,
00167,1.632993162,-1.574671978,3.557592245,-2.857738033,ds_cbdf3834368e,ds_16b6be697acb,01190,
00168,1.632993162,-1.574671978,3.557592245,-2.857738033,ds_cbdf3834368e,ds_16b6be697acb,01190,
00169,1.632993162,-1.574671978,3.557592245,-2.857738033,ds_cbdf3834368e,ds_16b6be697acb,01190,
00170,1.632993162,-1.574671978,3.557592245,-2.857738033,ds_cbdf3834368e,ds_16b6be697acb,01190,
00171,1.632993162,-1.574671978,3.557592245,-2.857738033,ds_cbdf3834368e,ds_16b6be697acb,01190,
00172,1.632993162,-1.574671978,3.557592245,-2.857738033,ds_cbdf3834368e,ds_16b6be697acb,01190,
00173,1.953759676,-1.574671978,3.557592245,-2.857738033,ds_cbdf3834368e,ds_16b6be697acb,01190,
00174,1.632993162,-1.574671978,3.557592245,-2.857738033,ds_cbdf3834368e,ds_16b6be697acb,01190,
00175,1.632993162,-1.574671978,3.557592245,-2.857738033,ds_cbdf3834368e,ds_16b6be697acb,01190,
00176,1.632993162,-1.574671978,3.557592245,-2.857738033,ds_cbdf3834368e,ds_16b6be697acb,01190,
00177,1.953759676,-1.574671978,3.557592245,-2.857738033,ds_cbdf3834368e,ds_16b6be697acb,01190,
00178,1.953759676,-1.574671978,3.557592245,-2.857738033,ds_cbdf3834368e,ds_16b6be697acb,01190,
00179,1.953759676,-1.895438491,3.557592245,-2.857738033,ds_cbdf3834368e,ds_16b6be697acb,01190,
00180,1.953759676,-1.895438491,3.557592245,-2.857738033,ds_cbdf3834368e,ds_16b6be697acb,01190,
00181,1.953759676,-1.895438491,3.557592245,-2.857738033,ds_cbdf3834368e,ds_16b6be697acb,01190,
00182,1.953759676,-1.895438491,3.557592245,-2.857738033,ds_cbdf3834368e,ds_16b6be697acb,01190,
00183,2.27452619,-1.895438491,3.557592245,-2.857738033,ds_cbdf3834368e,ds_16b6be697acb,01190,
00184,2.27452619,-2.216205005,3.557592245,-2.857738033,ds_cbdf3834368e,ds_16b6be697acb,01190,
00185,2.27452619,-2.216205005,3.557592245,-2.857738033,ds_cbdf3834368e,ds_16b6be697acb,01190,
00186,2.27452619,-2.216205005,3.557592245,-2.857738033,ds_cbdf3834368e,ds_16b6be697acb,01190,
00187,2.27452619,-2.216205005,3.557592245,-2.857738033,ds_cbdf3834368e,ds_16b6be697acb,01190,
00188,2.27452619,-2.216205005,3.557592245,-2.857738033,ds_cbdf3834368e,ds_16b6be697acb,01190,
00189,2.27452619,-2.216205005,3.557592245,-2.857738033,ds_cbdf3834368e,ds_16b6be697acb,01190,
00190,2.27452619,-2.216205005,3.557592245,-2.857738033,ds_cbdf3834368e,ds_16b6be697acb,01190,
00191,2.27452619,-2.216205005,3.557592245,-2.857738033,ds_cbdf3834368e,ds_16b6be697acb,01190,
00192,2.27452619,-2.216205005,3.557592245,-2.857738033,ds_cbdf3834368e,ds_16b6be697acb,01190,
00193,2.27452619,-2.216205005,3.557592245,-2.857738033,ds_cbdf3834368e,ds_16b6be697acb,01190,
00194,2.27452619,-2.216205005,3.557592245,-2.857738033,ds_cbdf3834368e,ds_16b6be697acb,01190,
00195,2.27452619,-2.216205005,3.557592245,-2.857738033,ds_cbdf3834368e,ds_16b6be697acb,01190,
00196,1.953759676,-2.216205005,3.557592245,-2.857738033,ds_cbdf3834368e,ds_16b6be697acb,01190,
00197,1.953759676,-2.216205005,3.557592245,-2.857738033,ds_cbdf3834368e,ds_16b6be697acb,01190,
00198,1.953759676,-1.895438491,3.557592245,-2.857738033,ds_cbdf3834368e,ds_16b6be697acb,01190,
00199,1.953759676,-1.895438491,3.557592245,-2.857738033,ds_cbdf3834368e,ds_16b6be697acb,01190,
00200,1.953759676,-1.574671978,3.557592245,-2.857738033,ds_cbdf3834368e,ds_16b6be697acb,01190,
00201,1.953759676,-1.574671978,3.557592245,-2.857738033,ds_cbdf3834368e,ds_16b6be697acb,01190,
00202,1.953759676,-1.574671978,3.557592245,-2.857738033,ds_cbdf3834368e,ds_16b6be697acb,01190,
00203,1.953759676,-1.574671978,3.557592245,-2.857738033,ds_cbdf3834368e,ds_16b6be697acb,01190,
00204,1.953759676,-1.574671978,3.557592245,-2.857738033,ds_cbdf3834368e,ds_16b6be697acb,01190,
00205,2.27452619,-1.574671978,3.557592245,-2.857738033,ds_cbdf3834368e,ds_16b6be697acb,01190,
00206,1.953759676,-1.574671978,3.557592245,-2.857738033,ds_cbdf3834368e,ds_16b6be697acb,01190,
00207,1.953759676,-1.574671978,3.557592245,-2.857738033,ds_cbdf3834368e,ds_16b6be697acb,01190,
00208,2.27452619,-1.895438491,3.557592245,-2.857738033,ds_cbdf3834368e,ds_16b6be697acb,01190,
00209,2.27452619,-1.895438491,3.557592245,-2.857738033,ds_cbdf3834368e,ds_16b6be697acb,01190,
00210,2.595292704,-1.895438491,3.557592245,-2.857738033,ds_cbdf3834368e,ds_16b6be697acb,01190,
00211,2.916059218,-1.895438491,3.557592245,-2.857738033,ds_cbdf3834368e,ds_16b6be697acb,01190,
00212,2.916059218,-1.895438491,3.557592245,-2.857738033,ds_cbdf3834368e,ds_16b6be697acb,01190,
00213,2.916059218,-1.895438491,3.557592245,-2.857738033,ds_cbdf3834368e,ds_16b6be697acb,01190,
00214,2.916059218,-1.895438491,3.557592245,-2.857738033,ds_cbdf3834368e,ds_16b6be697acb,01190,
00215,2.595292704,-1.895438491,3.557592245,-2.857738033,ds_cbdf3834368e,ds_16b6be697acb,01190,
00216,2.595292704,-2.216205005,3.557592245,-2.857738033,ds_cbdf3834368e,ds_16b6be697acb,01190,
00217,2.595292704,-2.216205005,3.557592245,-2.857738033,ds_cbdf3834368e,ds_16b6be697acb,01190,
00218,2.916059218,-2.216205005,3.557592245,-2.857738033,ds_cbdf3834368e,ds_16b6be697acb,01190,
00219,3.236825732,-2.216205005,3.557592245,-2.857738033,ds_cbdf3834368e,ds_16b6be697acb,01190,
00220,2.916059218,-2.216205005,3.557592245,-2.857738033,ds_cbdf3834368e,ds_16b6be697acb,01190,
00221,2.916059218,-2.216205005,3.557592245,-2.857738033,ds_cbdf3834368e,ds_16b6be697acb,01190,
00222,2.916059218,-2.216205005,3.557592245,-2.857738033,ds_cbdf3834368e,ds_16b6be697acb,01190,
00223,2.595292704,-2.216205005,3.557592245,-2.857738033,ds_cbdf3834368e,ds_16b6be697acb,01190,
00224,2.595292704,-2.216205005,3.557592245,-2.857738033,ds_cbdf3834368e,ds_16b6be697acb,01190,
00225,2.916059218,-2.216205005,3.557592245,-2.857738033,ds_cbdf3834368e,ds_16b6be697acb,01190,
00226,2.916059218,-2.216205005,3.557592245,-2.857738033,ds_cbdf3834368e,ds_16b6be697acb,01190,
00227,2.916059218,-2.216205005,3.557592245,-2.857738033,ds_cbdf3834368e,ds_16b6be697acb,01190,
00228,2.916059218,-2.216205005,3.557592245,-2.857738033,ds_cbdf3834368e,ds_16b6be697acb,01190,
00229,2.916059218,-2.216205005,3.557592245,-2.857738033,ds_cbdf3834368e,ds_16b6be697acb,01190,
00230,2.595292704,-2.216205005,3.557592245,-2.857738033,ds_cbdf3834368e,ds_16b6be697acb,01190,
00231,2.595292704,-2.216205005,3.557592245,-2.857738033,ds_cbdf3834368e,ds_16b6be697acb,01190,
00232,2.595292704,-1.895438491,3.557592245,-2.857738033,ds_cbdf3834368e,ds_16b6be697acb,01190,
00233,2.595292704,-1.895438491,3.557592245,-2.857738033,ds_cbdf3834368e,ds_16b6be697acb,01190,
00234,2.595292704,-1.895438491,3.557592245,-2.857738033,ds_cbdf3834368e,ds_16b6be697acb,01190,
00235,2.595292704,-1.895438491,3.557592245,-2.857738033,ds_cbdf3834368e,ds_16b6be697acb,01190,
00236,2.27452619,-1.895438491,3.557592245,-2.857738033,ds_cbdf3834368e,ds_16b6be697acb,01190,
00237,2.27452619,-1.895438491,3.557592245,-2.857738033,ds_cbdf3834368e,ds_16b6be697acb,01190,
00238,2.27452619,-1.895438491,3.557592245,-2.857738033,ds_cbdf3834368e,ds_16b6be697acb,01190,
00239,2.27452619,-1.895438491,3.557592245,-2.857738033,ds_cbdf3834368e,ds_16b6be697acb,01190,
00240,2.27452619,-1.895438491,3.557592245,-2.857738033,ds_cbdf3834368e,ds_16b6be697acb,01190,
00241,2.27452619,-2.216205005,3.557592245,-2.857738033,ds_cbdf3834368e,ds_16b6be697acb,01190,
00242,2.27452619,-1.895438491,3.557592245,-2.857738033,ds_cbdf3834368e,ds_16b6be697acb,01190,
00243,2.27452619,-1.895438491,3.557592245,-2.857738033,ds_cbdf3834368e,ds_16b6be697acb,01190,
00244,2.27452619,-1.895438491,3.557592245,-2.857738033,ds_cbdf3834368e,ds_16b6be697acb,01190,
00245,2.27452619,-2.216205005,3.557592245,-2.857738033,ds_cbdf3834368e,ds_16b6be697acb,01190,
00246,2.27452619,-1.895438491,3.557592245,-2.857738033,ds_cbdf3834368e,ds_16b6be697acb,01190,
00247,2.595292704,-1.895438491,3.557592245,-2.857738033,ds_cbdf3834368e,ds_16b6be697acb,01190,
00248,2.595292704,-2.216205005,3.557592245,-2.857738033,ds_cbdf3834368e,ds_16b6be697acb,01190,
00249,2.595292704,-2.216205005,3.557592245,-2.857738033,ds_cbdf3834368e,ds_16b6be697acb,01190,
00250,2.595292704,-2.216205005,3.557592245,-2.857738033,ds_cbdf3834368e,ds_16b6be697acb,01190,
00251,2.595292704,-2.216205005,3.557592245,-2.857738033,ds_cbdf3834368e,ds_16b6be697acb,01190,
00252,2.595292704,-2.216205005,3.557592245,-2.857738033,ds_cbdf3834368e,ds_16b6be697acb,01190,
00253,2.595292704,-2.216205005,3.557592245,-2.857738033,ds_cbdf3834368e,ds_16b6be697acb,01190,
00254,2.595292704,-2.216205005,3.557592245,-2.857738033,ds_cbdf3834368e,ds_16b6be697acb,01190,
00255,2.595292704,-2.216205005,3.557592245,-2.857738033,ds_cbdf3834368e,ds_16b6be697acb,01190,
00256,2.916059218,-2.216205005,3.557592245,-2.857738033,ds_cbdf3834368e,ds_16b6be697acb,01190,
00257,2.916059218,-2.216205005,3.557592245,-2.857738033,ds_cbdf3834368e,ds_16b6be697acb,01190,
00258,3.236825732,-2.216205005,3.557592245,-2.857738033,ds_cbdf3834368e,ds_16b6be697acb,01190,
00259,3.236825732,-2.216205005,3.557592245,-2.857738033,ds_cbdf3834368e,ds_16b6be697acb,01190,
00260,3.236825732,-2.216205005,3.557592245,-2.857738033,ds_cbdf3834368e,ds_16b6be697acb,01190,
00261,3.236825732,-1.895438491,3.557592245,-2.857738033,ds_cbdf3834368e,ds_16b6be697acb,01190,
00262,3.236825732,-2.216205005,3.557592245,-2.857738033,ds_cbdf3834368e,ds_16b6be697acb,01190,
00263,3.236825732,-2.216205005,3.557592245,-2.857738033,ds_cbdf3834368e,ds_16b6be697acb,01190,
00264,3.236825732,-2.216205005,3.557592245,-2.857738033,ds_cbdf3834368e,ds_16b6be697acb,01190,
00265,3.236825732,-2.216205005,3.557592245,-2.857738033,ds_cbdf3834368e,ds_16b6be697acb,01190,
00266,3.236825732,-2.536971519,3.557592245,-2.857738033,ds_cbdf3834368e,ds_16b6be697acb,01190,
00267,3.236825732,-2.536971519,3.557592245,-2.857738033,ds_cbdf3834368e,ds_16b6be697acb,01190,
00268,3.236825732,-2.536971519,3.557592245,-2.857738033,ds_cbdf3834368e,ds_16b6be697acb,01190,
00269,3.236825732,-2.536971519,3.557592245,-2.857738033,ds_cbdf3834368e,ds_16b6be697acb,01190,
00270,3.236825732,-2.216205005,3.557592245,-2.857738033,ds_cbdf3834368e,ds_16b6be697acb,01190,
00271,3.236825732,-2.216205005,3.557592245,-2.857738033,ds_cbdf3834368e,ds_16b6be697acb,01190,
00272,3.557592245,-2.216205005,3.557592245,-2.857738033,ds_cbdf3834368e,ds_16b6be697acb,01190,
00273,3.557592245,-2.216205005,3.557592245,-2.857738033,ds_cbdf3834368e,ds_16b6be697acb,01190,
00274,3.878358759,-2.216205005,3.557592245,-2.857738033,ds_cbdf3834368e,ds_16b6be697acb,01190,
00275,4.199125273,-2.536971519,3.557592245,-2.857738033,ds_cbdf3834368e,ds_16b6be697acb,01190,
00276,4.199125273,-2.536971519,3.557592245,-2.857738033,ds_cbdf3834368e,ds_16b6be697acb,01190,
00277,4.199125273,-2.536971519,3.557592245,-2.857738033,ds_cbdf3834368e,ds_16b6be697acb,01190,
00278,3.878358759,-2.536971519,3.557592245,-2.857738033,ds_cbdf3834368e,ds_16b6be697acb,01190,
00279,3.878358759,-2.536971519,3.557592245,-2.857738033,ds_cbdf3834368e,ds_16b6be697acb,01190,
00280,3.557592245,-2.536971519,3.557592245,-2.857738033,ds_cbdf3834368e,ds_16b6be697acb,01190,
00281,3.557592245,-2.536971519,3.557592245,-2.857738033,ds_cbdf3834368e,ds_16b6be697acb,01190,
00282,3.236825732,-2.536971519,3.557592245,-2.857738033,ds_cbdf3834368e,ds_16b6be697acb,01190,
00283,2.916059218,-2.216205005,3.557592245,-2.857738033,ds_cbdf3834368e,ds_16b6be697acb,01190,
00284,2.595292704,-2.216205005,3.557592245,-2.857738033,ds_cbdf3834368e,ds_16b6be697acb,01190,
00285,2.595292704,-2.216205005,3.557592245,-2.857738033,ds_cbdf3834368e,ds_16b6be697acb,01190,
00286,2.595292704,-2.216205005,3.557592245,-2.857738033,ds_cbdf3834368e,ds_16b6be697acb,01190,
00287,2.595292704,-2.216205005,3.557592245,-2.857738033,ds_cbdf3834368e,ds_16b6be697acb,01190,
00288,2.595292704,-2.216205005,3.557592245,-2.857738033,ds_cbdf3834368e,ds_16b6be697acb,01190,
00289,2.595292704,-2.216205005,3.557592245,-2.857738033,ds_cbdf3834368e,ds_16b6be697acb,01190,
00290,2.595292704,-2.216205005,3.557592245,-2.857738033,ds_cbdf3834368e,ds_16b6be697acb,01190,
00291,2.595292704,-2.216205005,3.557592245,-2.857738033,ds_cbdf3834368e,ds_16b6be697acb,01190,
00292,2.595292704,-2.216205005,3.557592245,-2.857738033,ds_cbdf3834368e,ds_16b6be697acb,01190,
00293,2.595292704,-2.216205005,3.557592245,-2.857738033,ds_cbdf3834368e,ds_16b6be697acb,01190,
00294,2.595292704,-2.216205005,3.557592245,-2.857738033,ds_cbdf3834368e,ds_16b6be697acb,01190,
00295,2.27452619,-2.216205005,3.557592245,-2.857738033,ds_cbdf3834368e,ds_16b6be697acb,01190,
00296,2.27452619,-2.216205005,3.557592245,-2.857738033,ds_cbdf3834368e,ds_16b6be697acb,01190,
00297,2.27452619,-2.216205005,3.557592245,-2.857738033,ds_cbdf3834368e,ds_16b6be697acb,01190,
00298,2.27452619,-2.216205005,3.557592245,-2.857738033,ds_cbdf3834368e,ds_16b6be697acb,01190,
00299,2.27452619,-2.216205005,3.557592245,-2.857738033,ds_cbdf3834368e,ds_16b6be697acb,01190,
00300,1.953759676,-2.216205005,3.557592245,-2.857738033,ds_cbdf3834368e,ds_16b6be697acb,01190,
00301,1.953759676,-2.216205005,3.557592245,-2.857738033,ds_cbdf3834368e,ds_16b6be697acb,01190,
00302,1.953759676,-2.216205005,3.557592245,-2.857738033,ds_cbdf3834368e,ds_16b6be697acb,01190,
00303,2.27452619,-2.216205005,3.557592245,-2.857738033,ds_cbdf3834368e,ds_16b6be697acb,01190,
00304,1.953759676,-2.216205005,3.557592245,-2.857738033,ds_cbdf3834368e,ds_16b6be697acb,01190,
00305,1.953759676,-2.216205005,3.557592245,-2.857738033,ds_cbdf3834368e,ds_16b6be697acb,01190,
00306,1.953759676,-2.216205005,3.557592245,-2.857738033,ds_cbdf3834368e,ds_16b6be697acb,01190,
00307,1.953759676,-2.216205005,3.557592245,-2.857738033,ds_cbdf3834368e,ds_16b6be697acb,01190,
00308,1.953759676,-2.216205005,3.557592245,-2.857738033,ds_cbdf3834368e,ds_16b6be697acb,01190,
00309,1.953759676,-2.216205005,3.557592245,-2.857738033,ds_cbdf3834368e,ds_16b6be697acb,01190,
00310,1.953759676,-2.216205005,3.557592245,-2.857738033,ds_cbdf3834368e,ds_16b6be697acb,01190,
00311,1.632993162,-2.216205005,3.557592245,-2.857738033,ds_cbdf3834368e,ds_16b6be697acb,01190,
00312,1.632993162,-2.216205005,3.557592245,-2.857738033,ds_cbdf3834368e,ds_16b6be697acb,01190,
00313,1.632993162,-2.216205005,3.557592245,-2.857738033,ds_cbdf3834368e,ds_16b6be697acb,01190,
00314,1.632993162,-2.216205005,3.557592245,-2.857738033,ds_cbdf3834368e,ds_16b6be697acb,01190,
00315,1.632993162,-2.216205005,3.557592245,-2.857738033,ds_cbdf3834368e,ds_16b6be697acb,01190,
00316,1.632993162,-1.895438491,3.557592245,-2.857738033,ds_cbdf3834368e,ds_16b6be697acb,01190,
00317,1.953759676,-1.895438491,3.557592245,-2.857738033,ds_cbdf3834368e,ds_16b6be697acb,01190,
00318,1.953759676,-1.895438491,3.557592245,-2.857738033,ds_cbdf3834368e,ds_16b6be697acb,01190,
00319,1.953759676,-1.895438491,3.557592245,-2.857738033,ds_cbdf3834368e,ds_16b6be697acb,01190,
00320,1.953759676,-1.895438491,3.557592245,-2.857738033,ds_cbdf3834368e,ds_16b6be697acb,01190,
00321,1.953759676,-1.574671978,3.557592245,-2.857738033,ds_cbdf3834368e,ds_16b6be697acb,01190,
00322,2.27452619,-1.574671978,3.557592245,-2.857738033,ds_cbdf3834368e,ds_16b6be697acb,01190,
00323,2.27452619,-1.574671978,3.557592245,-2.857738033,ds_cbdf3834368e,ds_16b6be697acb,01190,
00324,2.27452619,-1.574671978,3.557592245,-2.857738033,ds_cbdf3834368e,ds_16b6be697acb,01190,
00325,2.27452619,-1.574671978,3.557592245,-2.857738033,ds_cbdf3834368e,ds_16b6be697acb,01190,
00326,1.953759676,-1.574671978,3.557592245,-2.857738033,ds_cbdf3834368e,ds_16b6be697acb,01190,
00327,1.953759676,-1.895438491,3.557592245,-2.857738033,ds_cbdf3834368e,ds_16b6be697acb,01190,
00328,1.953759676,-1.574671978,3.557592245,-2.857738033,ds_cbdf3834368e,ds_16b6be697acb,01190,
00329,1.953759676,-1.574671978,3.557592245,-2.857738033,ds_cbdf3834368e,ds_16b6be697acb,01190,
00330,1.953759676,-1.574671978,3.557592245,-2.857738033,ds_cbdf3834368e,ds_16b6be697acb,01190,
00331,1.953759676,-1.574671978,3.557592245,-2.857738033,ds_cbdf3834368e,ds_16b6be697acb,01190,
00332,1.953759676,-1.574671978,3.557592245,-2.857738033,ds_cbdf3834368e,ds_16b6be697acb,01190,
00333,1.632993162,-1.574671978,3.557592245,-2.857738033,ds_cbdf3834368e,ds_16b6be697acb,01190,
00334,1.632993162,-1.574671978,3.557592245,-2.857738033,ds_cbdf3834368e,ds_16b6be697acb,01190,
00335,1.953759676,-1.574671978,3.557592245,-2.857738033,ds_cbdf3834368e,ds_16b6be697acb,01190,
00336,1.953759676,-1.574671978,3.557592245,-2.857738033,ds_cbdf3834368e,ds_16b6be697acb,01190,
00337,2.27452619,-1.895438491,3.557592245,-2.857738033,ds_cbdf3834368e,ds_16b6be697acb,01190,
00338,2.27452619,-1.895438491,3.557592245,-2.857738033,ds_cbdf3834368e,ds_16b6be697acb,01190,
00339,2.27452619,-1.895438491,3.557592245,-2.857738033,ds_cbdf3834368e,ds_16b6be697acb,01190,
00340,2.27452619,-1.895438491,3.557592245,-2.857738033,ds_cbdf3834368e,ds_16b6be697acb,01190,
00341,1.953759676,-1.895438491,3.557592245,-2.857738033,ds_cbdf3834368e,ds_16b6be697acb,01190,
00342,1.953759676,-1.895438491,3.557592245,-2.857738033,ds_cbdf3834368e,ds_16b6be697acb,01190,
00343,1.953759676,-1.895438491,3.557592245,-2.857738033,ds_cbdf3834368e,ds_16b6be697acb,01190,
00344,1.953759676,-1.895438491,3.557592245,-2.857738033,ds_cbdf3834368e,ds_16b6be697acb,01190,
00345,1.953759676,-1.895438491,3.557592245,-2.857738033,ds_cbdf3834368e,ds_16b6be697acb,01190,
00346,1.953759676,-1.895438491,3.557592245,-2.857738033,ds_cbdf3834368e,ds_16b6be697acb,01190,
00347,1.953759676,-1.895438491,3.557592245,-2.857738033,ds_cbdf3834368e,ds_16b6be697acb,01190,
00348,1.953759676,-1.895438491,3.557592245,-2.857738033,ds_cbdf3834368e,ds_16b6be697acb,01190,
00349,1.953759676,-1.895438491,3.557592245,-2.857738033,ds_cbdf3834368e,ds_16b6be697acb,01190,
00350,1.953759676,-1.895438491,3.557592245,-2.857738033,ds_cbdf3834368e,ds_16b6be697acb,01190,
00351,1.953759676,-1.895438491,3.557592245,-2.857738033,ds_cbdf3834368e,ds_16b6be697acb,01190,
00352,1.953759676,-1.895438491,3.557592245,-2.857738033,ds_cbdf3834368e,ds_16b6be697acb,01190,
00353,1.632993162,-1.895438491,3.557592245,-2.857738033,ds_cbdf3834368e,ds_16b6be697acb,01190,
00354,1.632993162,-2.216205005,3.557592245,-2.857738033,ds_cbdf3834368e,ds_16b6be697acb,01190,
00355,1.632993162,-2.216205005,3.557592245,-2.857738033,ds_cbdf3834368e,ds_16b6be697acb,01190,
00356,1.632993162,-2.216205005,3.557592245,-2.857738033,ds_cbdf3834368e,ds_16b6be697acb,01190,
00357,1.632993162,-2.536971519,3.557592245,-2.857738033,ds_cbdf3834368e,ds_16b6be697acb,01190,
00358,1.632993162,-2.536971519,3.557592245,-2.857738033,ds_cbdf3834368e,ds_16b6be697acb,01190,
00359,1.953759676,-2.536971519,3.557592245,-2.857738033,ds_cbdf3834368e,ds_16b6be697acb,01190,
00360,1.953759676,-2.536971519,3.557592245,-2.857738033,ds_cbdf3834368e,ds_16b6be697acb,01190,
00361,1.953759676,-2.536971519,3.557592245,-2.857738033,ds_cbdf3834368e,ds_16b6be697acb,01190,
00362,1.953759676,-2.536971519,3.557592245,-2.857738033,ds_cbdf3834368e,ds_16b6be697acb,01190,
00363,1.953759676,-2.216205005,3.557592245,-2.857738033,ds_cbdf3834368e,ds_16b6be697acb,01190,
00364,1.953759676,-2.216205005,3.557592245,-2.857738033,ds_cbdf3834368e,ds_16b6be697acb,01190,
00365,1.953759676,-2.216205005,3.557592245,-2.857738033,ds_cbdf3834368e,ds_16b6be697acb,01190,
00366,1.632993162,-2.216205005,3.557592245,-2.857738033,ds_cbdf3834368e,ds_16b6be697acb,01190,
00367,1.632993162,-2.216205005,3.557592245,-2.857738033,ds_cbdf3834368e,ds_16b6be697acb,01190,
00368,1.953759676,-2.216205005,3.557592245,-2.857738033,ds_cbdf3834368e,ds_16b6be697acb,01190,
00369,1.953759676,-2.216205005,3.557592245,-2.857738033,ds_cbdf3834368e,ds_16b6be697acb,01190,
00370,1.953759676,-2.216205005,3.557592245,-2.857738033,ds_cbdf3834368e,ds_16b6be697acb,01190,
00371,1.632993162,-2.216205005,3.557592245,-2.857738033,ds_cbdf3834368e,ds_16b6be697acb,01190,
00372,1.632993162,-1.895438491,3.557592245,-2.857738033,ds_cbdf3834368e,ds_16b6be697acb,01190,
00373,1.953759676,-1.895438491,3.557592245,-2.857738033,ds_cbdf3834368e,ds_16b6be697acb,01190,
00374,1.953759676,-1.895438491,3.557592245,-2.857738033,ds_cbdf3834368e,ds_16b6be697acb,01190,
00375,1.953759676,-1.895438491,3.557592245,-2.857738033,ds_cbdf3834368e,ds_16b6be697acb,01190,
00376,1.953759676,-1.574671978,3.557592245,-2.857738033,ds_cbdf3834368e,ds_16b6be697acb,01190,
00377,1.953759676,-1.574671978,3.557592245,-2.857738033,ds_cbdf3834368e,ds_16b6be697acb,01190,
00378,2.27452619,-1.574671978,3.557592245,-2.857738033,ds_cbdf3834368e,ds_16b6be697acb,01190,
00379,2.27452619,-1.895438491,3.557592245,-2.857738033,ds_cbdf3834368e,ds_16b6be697acb,01190,
00380,2.595292704,-1.895438491,3.557592245,-2.857738033,ds_cbdf3834368e,ds_16b6be697acb,01190,
00381,2.595292704,-1.895438491,3.557592245,-2.857738033,ds_cbdf3834368e,ds_16b6be697acb,01190,
00382,2.27452619,-1.895438491,3.557592245,-2.857738033,ds_cbdf3834368e,ds_16b6be697acb,01190,
00383,2.27452619,-1.895438491,3.557592245,-2.857738033,ds_cbdf3834368e,ds_16b6be697acb,01190,
00384,2.27452619,-1.895438491,3.557592245,-2.857738033,ds_cbdf3834368e,ds_16b6be697acb,01190,
00385,2.27452619,-1.895438491,3.557592245,-2.857738033,ds_cbdf3834368e,ds_16b6be697acb,01190,
00386,1.953759676,-1.895438491,3.557592245,-2.857738033,ds_cbdf3834368e,ds_16b6be697acb,01190,
00387,1.953759676,-1.895438491,3.557592245,-2.857738033,ds_cbdf3834368e,ds_16b6be697acb,01190,
00388,1.953759676,-1.895438491,3.557592245,-2.857738033,ds_cbdf3834368e,ds_16b6be697acb,01190,
00389,1.953759676,-1.574671978,3.557592245,-2.857738033,ds_cbdf3834368e,ds_16b6be697acb,01190,
00390,1.953759676,-1.895438491,3.557592245,-2.857738033,ds_cbdf3834368e,ds_16b6be697acb,01190,
00391,1.953759676,-1.895438491,3.557592245,-2.857738033,ds_cbdf3834368e,ds_16b6be697acb,01190,
00392,1.953759676,-1.895438491,3.557592245,-2.857738033,ds_cbdf3834368e,ds_16b6be697acb,01190,
00393,1.953759676,-1.895438491,3.557592245,-2.857738033,ds_cbdf3834368e,ds_16b6be697acb,01190,
00394,1.953759676,-1.895438491,3.557592245,-2.857738033,ds_cbdf3834368e,ds_16b6be697acb,01190,
00395,1.632993162,-1.895438491,3.557592245,-2.857738033,ds_cbdf3834368e,ds_16b6be697acb,01190,
00396,1.953759676,-1.895438491,3.557592245,-2.857738033,ds_cbdf3834368e,ds_16b6be697acb,01190,
00397,1.953759676,-1.895438491,3.557592245,-2.857738033,ds_cbdf3834368e,ds_16b6be697acb,01190,
00398,1.953759676,-1.895438491,3.557592245,-2.857738033,ds_cbdf3834368e,ds_16b6be697acb,01190,
00399,1.953759676,-1.895438491,3.557592245,-2.857738033,ds_cbdf3834368e,ds_16b6be697acb,01190,
00400,1.953759676,-1.895438491,3.557592245,-2.857738033,ds_cbdf3834368e,ds_16b6be697acb,01190,
00401,1.953759676,-2.216205005,3.557592245,-2.857738033,ds_cbdf3834368e,ds_16b6be697acb,01190,
00402,1.632993162,-2.216205005,3.557592245,-2.857738033,ds_cbdf3834368e,ds_16b6be697acb,01190,
00403,1.632993162,-2.216205005,3.557592245,-2.857738033,ds_cbdf3834368e,ds_16b6be697acb,01190,
00404,1.632993162,-2.216205005,3.557592245,-2.857738033,ds_cbdf3834368e,ds_16b6be697acb,01190,
00405,1.632993162,-2.216205005,3.557592245,-2.857738033,ds_cbdf3834368e,ds_16b6be697acb,01190,
00406,1.632993162,-2.216205005,3.557592245,-2.857738033,ds_cbdf3834368e,ds_16b6be697acb,01190,
00407,1.312226648,-2.216205005,3.557592245,-2.857738033,ds_cbdf3834368e,ds_16b6be697acb,01190,
00408,1.312226648,-2.216205005,3.557592245,-2.857738033,ds_cbdf3834368e,ds_16b6be697acb,01190,
00409,1.632993162,-2.216205005,3.557592245,-2.857738033,ds_cbdf3834368e,ds_16b6be697acb,01190,
00410,1.632993162,-2.216205005,3.557592245,-2.857738033,ds_cbdf3834368e,ds_16b6be697acb,01190,
00411,1.632993162,-2.216205005,3.557592245,-2.857738033,ds_cbdf3834368e,ds_16b6be697acb,01190,
00412,1.632993162,-2.216205005,3.557592245,-2.857738033,ds_cbdf3834368e,ds_16b6be697acb,01190,
00413,1.632993162,-2.216205005,3.557592245,-2.857738033,ds_cbdf3834368e,ds_16b6be697acb,01190,
00414,1.632993162,-2.216205005,3.557592245,-2.857738033,ds_cbdf3834368e,ds_16b6be697acb,01190,
00415,1.632993162,-2.216205005,3.557592245,-2.857738033,ds_cbdf3834368e,ds_16b6be697acb,01190,
00416,1.953759676,-2.216205005,3.557592245,-2.857738033,ds_cbdf3834368e,ds_16b6be697acb,01190,
00417,1.953759676,-1.895438491,3.557592245,-2.857738033,ds_cbdf3834368e,ds_16b6be697acb,01190,
00418,1.953759676,-1.895438491,3.557592245,-2.857738033,ds_cbdf3834368e,ds_16b6be697acb,01190,
00419,1.953759676,-1.895438491,3.557592245,-2.857738033,ds_cbdf3834368e,ds_16b6be697acb,01190,
00420,1.632993162,-1.895438491,3.557592245,-2.857738033,ds_cbdf3834368e,ds_16b6be697acb,01190,
00421,1.632993162,-1.895438491,3.557592245,-2.857738033,ds_cbdf3834368e,ds_16b6be697acb,01190,
00422,1.953759676,-1.574671978,3.557592245,-2.857738033,ds_cbdf3834368e,ds_16b6be697acb,01190,
00423,1.953759676,-1.895438491,3.557592245,-2.857738033,ds_cbdf3834368e,ds_16b6be697acb,01190,
00424,1.953759676,-1.895438491,3.557592245,-2.857738033,ds_cbdf3834368e,ds_16b6be697acb,01190,
00425,2.27452619,-1.895438491,3.557592245,-2.857738033,ds_cbdf3834368e,ds_16b6be697acb,01190,
00426,2.27452619,-1.895438491,3.557592245,-2.857738033,ds_cbdf3834368e,ds_16b6be697acb,01190,
00427,2.27452619,-1.895438491,3.557592245,-2.857738033,ds_cbdf3834368e,ds_16b6be697acb,01190,
00428,2.595292704,-1.895438491,3.557592245,-2.857738033,ds_cbdf3834368e,ds_16b6be697acb,01190,
00429,2.595292704,-1.895438491,3.557592245,-2.857738033,ds_cbdf3834368e,ds_16b6be697acb,01190,
00430,2.595292704,-1.895438491,3.557592245,-2.857738033,ds_cbdf3834368e,ds_16b6be697acb,01190,
00431,2.595292704,-1.895438491,3.557592245,-2.857738033,ds_cbdf3834368e,ds_16b6be697acb,01190,
00432,2.916059218,-1.895438491,3.557592245,-2.857738033,ds_cbdf3834368e,ds_16b6be697acb,01190,
00433,2.916059218,-1.895438491,3.557592245,-2.857738033,ds_cbdf3834368e,ds_16b6be697acb,01190,
00434,2.916059218,-1.895438491,3.557592245,-2.857738033,ds_cbdf3834368e,ds_16b6be697acb,01190,
00435,2.916059218,-1.895438491,3.557592245,-2.857738033,ds_cbdf3834368e,ds_16b6be697acb,01190,
00436,2.595292704,-1.895438491,3.557592245,-2.857738033,ds_cbdf3834368e,ds_16b6be697acb,01190,
00437,2.595292704,-1.895438491,3.557592245,-2.857738033,ds_cbdf3834368e,ds_16b6be697acb,01190,
00438,2.595292704,-1.895438491,3.557592245,-2.857738033,ds_cbdf3834368e,ds_16b6be697acb,01190,
00439,2.595292704,-1.895438491,3.557592245,-2.857738033,ds_cbdf3834368e,ds_16b6be697acb,01190,
00440,2.595292704,-1.895438491,3.557592245,-2.857738033,ds_cbdf3834368e,ds_16b6be697acb,01190,
00441,2.595292704,-1.574671978,3.557592245,-2.857738033,ds_cbdf3834368e,ds_16b6be697acb,01190,
00442,2.27452619,-1.574671978,3.557592245,-2.857738033,ds_cbdf3834368e,ds_16b6be697acb,01190,
00443,2.27452619,-1.574671978,3.557592245,-2.857738033,ds_cbdf3834368e,ds_16b6be697acb,01190,
00444,2.595292704,-1.895438491,3.557592245,-2.857738033,ds_cbdf3834368e,ds_16b6be697acb,01190,
00445,2.595292704,-1.895438491,3.557592245,-2.857738033,ds_cbdf3834368e,ds_16b6be697acb,01190,
00446,2.916059218,-1.895438491,3.557592245,-2.857738033,ds_cbdf3834368e,ds_16b6be697acb,01190,
00447,2.916059218,-1.895438491,3.557592245,-2.857738033,ds_cbdf3834368e,ds_16b6be697acb,01190,
00448,2.916059218,-1.895438491,3.557592245,-2.857738033,ds_cbdf3834368e,ds_16b6be697acb,01190,
00449,2.595292704,-1.895438491,3.557592245,-2.857738033,ds_cbdf3834368e,ds_16b6be697acb,01190,
00450,2.595292704,-1.895438491,3.557592245,-2.857738033,ds_cbdf3834368e,ds_16b6be697acb,01190,
00451,2.27452619,-1.895438491,3.557592245,-2.857738033,ds_cbdf3834368e,ds_16b6be697acb,01190,
00452,2.27452619,-1.895438491,3.557592245,-2.857738033,ds_cbdf3834368e,ds_16b6be697acb,01190,
00453,2.27452619,-1.895438491,3.557592245,-2.857738033,ds_cbdf3834368e,ds_16b6be697acb,01190,
00454,2.27452619,-1.895438491,3.557592245,-2.857738033,ds_cbdf3834368e,ds_16b6be697acb,01190,
00455,2.27452619,-1.895438491,3.557592245,-2.857738033,ds_cbdf3834368e,ds_16b6be697acb,01190,
00456,2.27452619,-1.895438491,3.557592245,-2.857738033,ds_cbdf3834368e,ds_16b6be697acb,01190,
00457,2.27452619,-1.895438491,3.557592245,-2.857738033,ds_cbdf3834368e,ds_16b6be697acb,01190,
00458,2.27452619,-1.895438491,3.557592245,-2.857738033,ds_cbdf3834368e,ds_16b6be697acb,01190,
00459,2.27452619,-1.895438491,3.557592245,-2.857738033,ds_cbdf3834368e,ds_16b6be697acb,01190,
00460,2.27452619,-1.895438491,3.557592245,-2.857738033,ds_cbdf3834368e,ds_16b6be697acb,01190,
00461,2.27452619,-1.895438491,3.557592245,-2.857738033,ds_cbdf3834368e,ds_16b6be697acb,01190,
00462,2.27452619,-1.895438491,3.557592245,-2.857738033,ds_cbdf3834368e,ds_16b6be697acb,01190,
00463,2.595292704,-1.895438491,3.557592245,-2.857738033,ds_cbdf3834368e,ds_16b6be697acb,01190,
00464,2.595292704,-1.895438491,3.557592245,-2.857738033,ds_cbdf3834368e,ds_16b6be697acb,01190,
00465,2.595292704,-1.895438491,3.557592245,-2.857738033,ds_cbdf3834368e,ds_16b6be697acb,01190,
00466,2.595292704,-1.895438491,3.557592245,-2.857738033,ds_cbdf3834368e,ds_16b6be697acb,01190,
00467,2.595292704,-1.895438491,3.557592245,-2.857738033,ds_cbdf3834368e,ds_16b6be697acb,01190,
00468,2.595292704,-1.895438491,3.557592245,-2.857738033,ds_cbdf3834368e,ds_16b6be697acb,01190,
00469,2.595292704,-1.895438491,3.557592245,-2.857738033,ds_cbdf3834368e,ds_16b6be697acb,01190,
00470,2.595292704,-1.895438491,3.557592245,-2.857738033,ds_cbdf3834368e,ds_16b6be697acb,01190,
00471,2.916059218,-2.216205005,3.557592245,-2.857738033,ds_cbdf3834368e,ds_16b6be697acb,01190,
00472,2.916059218,-2.216205005,3.557592245,-2.857738033,ds_cbdf3834368e,ds_16b6be697acb,01190,
00473,2.916059218,-2.536971519,3.557592245,-2.857738033,ds_cbdf3834368e,ds_16b6be697acb,01190,
00474,2.916059218,-2.216205005,3.557592245,-2.857738033,ds_cbdf3834368e,ds_16b6be697acb,01190,
00475,2.595292704,-2.216205005,3.557592245,-2.857738033,ds_cbdf3834368e,ds_16b6be697acb,01190,
00476,2.595292704,-2.216205005,3.557592245,-2.857738033,ds_cbdf3834368e,ds_16b6be697acb,01190,
00477,2.595292704,-2.216205005,3.557592245,-2.857738033,ds_cbdf3834368e,ds_16b6be697acb,01190,
00478,2.595292704,-2.216205005,3.557592245,-2.857738033,ds_cbdf3834368e,ds_16b6be697acb,01190,
00479,2.595292704,-2.216205005,3.557592245,-2.857738033,ds_cbdf3834368e,ds_16b6be697acb,01190,
00480,2.27452619,-2.216205005,3.557592245,-2.857738033,ds_cbdf3834368e,ds_16b6be697acb,01190,
00481,2.27452619,-2.216205005,3.557592245,-2.857738033,ds_cbdf3834368e,ds_16b6be697acb,01190,
00482,2.27452619,-2.216205005,3.557592245,-2.857738033,ds_cbdf3834368e,ds_16b6be697acb,01190,
00483,2.27452619,-2.216205005,3.557592245,-2.857738033,ds_cbdf3834368e,ds_16b6be697acb,01190,
00484,2.27452619,-2.216205005,3.557592245,-2.857738033,ds_cbdf3834368e,ds_16b6be697acb,01190,
00485,2.27452619,-2.216205005,3.557592245,-2.857738033,ds_cbdf3834368e,ds_16b6be697acb,01190,
00486,2.27452619,-2.216205005,3.557592245,-2.857738033,ds_cbdf3834368e,ds_16b6be697acb,01190,
00487,2.27452619,-2.216205005,3.557592245,-2.857738033,ds_cbdf3834368e,ds_16b6be697acb,01190,
00488,2.595292704,-2.216205005,3.557592245,-2.857738033,ds_cbdf3834368e,ds_16b6be697acb,01190,
00489,2.595292704,-2.216205005,3.557592245,-2.857738033,ds_cbdf3834368e,ds_16b6be697acb,01190,
00490,2.595292704,-2.216205005,3.557592245,-2.857738033,ds_cbdf3834368e,ds_16b6be697acb,01190,
00491,2.595292704,-2.216205005,3.557592245,-2.857738033,ds_cbdf3834368e,ds_16b6be697acb,01190,
00492,2.595292704,-2.216205005,3.557592245,-2.857738033,ds_cbdf3834368e,ds_16b6be697acb,01190,
00493,2.595292704,-2.216205005,3.557592245,-2.857738033,ds_cbdf3834368e,ds_16b6be697acb,01190,
00494,2.27452619,-2.216205005,3.557592245,-2.857738033,ds_cbdf3834368e,ds_16b6be697acb,01190,
00495,2.27452619,-2.216205005,3.557592245,-2.857738033,ds_cbdf3834368e,ds_16b6be697acb,01190,
00496,2.595292704,-2.216205005,3.557592245,-2.857738033,ds_cbdf3834368e,ds_16b6be697acb,01190,
00497,2.595292704,-2.536971519,3.557592245,-2.857738033,ds_cbdf3834368e,ds_16b6be697acb,01190,
00498,2.595292704,-2.536971519,3.557592245,-2.857738033,ds_cbdf3834368e,ds_16b6be697acb,01190,
00499,2.595292704,-2.536971519,3.557592245,-2.857738033,ds_cbdf3834368e,ds_16b6be697acb,01190,
00500,2.595292704,-2.536971519,3.557592245,-2.857738033,ds_cbdf3834368e,ds_16b6be697acb,01190,
00501,2.595292704,-2.536971519,3.557592245,-2.857738033,ds_cbdf3834368e,ds_16b6be697acb,01190,
00502,2.595292704,-2.536971519,3.557592245,-2.857738033,ds_cbdf3834368e,ds_16b6be697acb,01190,
00503,2.595292704,-2.536971519,3.557592245,-2.857738033,ds_cbdf3834368e,ds_16b6be697acb,01190,
00504,2.916059218,-2.536971519,3.557592245,-2.857738033,ds_cbdf3834368e,ds_16b6be697acb,01190,
00505,2.916059218,-2.536971519,3.557592245,-2.857738033,ds_cbdf3834368e,ds_16b6be697acb,01190,
00506,2.916059218,-2.536971519,3.557592245,-2.857738033,ds_cbdf3834368e,ds_16b6be697acb,01190,
00507,2.916059218,-2.536971519,3.557592245,-2.857738033,ds_cbdf3834368e,ds_16b6be697acb,01190,
00508,2.916059218,-2.536971519,3.557592245,-2.857738033,ds_cbdf3834368e,ds_16b6be697acb,01190,
00509,2.916059218,-2.536971519,3.557592245,-2.857738033,ds_cbdf3834368e,ds_16b6be697acb,01190,
00510,2.916059218,-2.536971519,3.557592245,-2.857738033,ds_cbdf3834368e,ds_16b6be697acb,01190,
00511,2.595292704,-2.536971519,3.557592245,-2.857738033,ds_cbdf3834368e,ds_16b6be697acb,01190,
00512,2.595292704,-2.216205005,3.557592245,-2.857738033,ds_cbdf3834368e,ds_16b6be697acb,01190,
00513,2.595292704,-2.216205005,3.557592245,-2.857738033,ds_cbdf3834368e,ds_16b6be697acb,01190,
00514,2.595292704,-2.216205005,3.557592245,-2.857738033,ds_cbdf3834368e,ds_16b6be697acb,01190,
00515,2.27452619,-2.216205005,3.557592245,-2.857738033,ds_cbdf3834368e,ds_16b6be697acb,01190,
00516,2.27452619,-2.216205005,3.557592245,-2.857738033,ds_cbdf3834368e,ds_16b6be697acb,01190,
00517,2.27452619,-2.216205005,3.557592245,-2.857738033,ds_cbdf3834368e,ds_16b6be697acb,01190,
00518,1.953759676,-2.216205005,3.557592245,-2.857738033,ds_cbdf3834368e,ds_16b6be697acb,01190,
00519,2.27452619,-2.216205005,3.557592245,-2.857738033,ds_cbdf3834368e,ds_16b6be697acb,01190,
00520,2.27452619,-2.216205005,3.557592245,-2.857738033,ds_cbdf3834368e,ds_16b6be697acb,01190,
00521,1.953759676,-1.895438491,3.557592245,-2.857738033,ds_cbdf3834368e,ds_16b6be697acb,01190,
00522,1.953759676,-1.895438491,3.557592245,-2.857738033,ds_cbdf3834368e,ds_16b6be697acb,01190,
00523,1.953759676,-1.895438491,3.557592245,-2.857738033,ds_cbdf3834368e,ds_16b6be697acb,01190,
00524,1.953759676,-1.895438491,3.557592245,-2.857738033,ds_cbdf3834368e,ds_16b6be697acb,01190,
00525,1.953759676,-1.895438491,3.557592245,-2.857738033,ds_cbdf3834368e,ds_16b6be697acb,01190,
00526,1.953759676,-1.895438491,3.557592245,-2.857738033,ds_cbdf3834368e,ds_16b6be697acb,01190,
00527,1.953759676,-1.895438491,3.557592245,-2.857738033,ds_cbdf3834368e,ds_16b6be697acb,01190,
00528,1.953759676,-2.216205005,3.557592245,-2.857738033,ds_cbdf3834368e,ds_16b6be697acb,01190,
00529,1.953759676,-2.216205005,3.557592245,-2.857738033,ds_cbdf3834368e,ds_16b6be697acb,01190,
00530,2.27452619,-2.216205005,3.557592245,-2.857738033,ds_cbdf3834368e,ds_16b6be697acb,01190,
00531,1.953759676,-2.216205005,3.557592245,-2.857738033,ds_cbdf3834368e,ds_16b6be697acb,01190,
00532,1.953759676,-2.216205005,3.557592245,-2.857738033,ds_cbdf3834368e,ds_16b6be697acb,01190,
00533,1.953759676,-2.216205005,3.557592245,-2.857738033,ds_cbdf3834368e,ds_16b6be697acb,01190,
00534,1.953759676,-1.895438491,3.557592245,-2.857738033,ds_cbdf3834368e,ds_16b6be697acb,01190,
00535,1.953759676,-1.895438491,3.557592245,-2.857738033,ds_cbdf3834368e,ds_16b6be697acb,01190,
00536,1.953759676,-1.895438491,3.557592245,-2.857738033,ds_cbdf3834368e,ds_16b6be697acb,01190,
00537,2.27452619,-1.895438491,3.557592245,-2.857738033,ds_cbdf3834368e,ds_16b6be697acb,01190,
00538,2.27452619,-1.895438491,3.557592245,-2.857738033,ds_cbdf3834368e,ds_16b6be697acb,01190,
00539,2.27452619,-1.895438491,3.557592245,-2.857738033,ds_cbdf3834368e,ds_16b6be697acb,01190,
00540,2.27452619,-1.895438491,3.557592245,-2.857738033,ds_cbdf3834368e,ds_16b6be697acb,01190,
00541,2.27452619,-1.895438491,3.557592245,-2.857738033,ds_cbdf3834368e,ds_16b6be697acb,01190,
00542,2.27452619,-1.895438491,3.557592245,-2.857738033,ds_cbdf3834368e,ds_16b6be697acb,01190,
00543,2.27452619,-1.895438491,3.557592245,-2.857738033,ds_cbdf3834368e,ds_16b6be697acb,01190,
00544,2.27452619,-1.895438491,3.557592245,-2.857738033,ds_cbdf3834368e,ds_16b6be697acb,01190,
00545,2.27452619,-1.895438491,3.557592245,-2.857738033,ds_cbdf3834368e,ds_16b6be697acb,01190,
00546,2.27452619,-1.895438491,3.557592245,-2.857738033,ds_cbdf3834368e,ds_16b6be697acb,01190,
00547,2.27452619,-1.895438491,3.557592245,-2.857738033,ds_cbdf3834368e,ds_16b6be697acb,01190,
00548,2.27452619,-1.895438491,3.557592245,-2.857738033,ds_cbdf3834368e,ds_16b6be697acb,01190,
00549,2.27452619,-1.895438491,3.557592245,-2.857738033,ds_cbdf3834368e,ds_16b6be697acb,01190,
00550,2.27452619,-1.895438491,3.557592245,-2.857738033,ds_cbdf3834368e,ds_16b6be697acb,01190,
00551,2.595292704,-1.895438491,3.557592245,-2.857738033,ds_cbdf3834368e,ds_16b6be697acb,01190,
00552,2.595292704,-1.895438491,3.557592245,-2.857738033,ds_cbdf3834368e,ds_16b6be697acb,01190,
00553,2.27452619,-1.895438491,3.557592245,-2.857738033,ds_cbdf3834368e,ds_16b6be697acb,01190,
00554,2.27452619,-1.895438491,3.557592245,-2.857738033,ds_cbdf3834368e,ds_16b6be697acb,01190,
00555,2.27452619,-1.895438491,3.557592245,-2.857738033,ds_cbdf3834368e,ds_16b6be697acb,01190,
00556,1.953759676,-1.895438491,3.557592245,-2.857738033,ds_cbdf3834368e,ds_16b6be697acb,01190,
00557,1.953759676,-1.895438491,3.557592245,-2.857738033,ds_cbdf3834368e,ds_16b6be697acb,01190,
00558,1.953759676,-1.574671978,3.557592245,-2.857738033,ds_cbdf3834368e,ds_16b6be697acb,01190,
00559,2.27452619,-1.574671978,3.557592245,-2.857738033,ds_cbdf3834368e,ds_16b6be697acb,01190,
00560,2.27452619,-1.574671978,3.557592245,-2.857738033,ds_cbdf3834368e,ds_16b6be697acb,01190,
00561,2.27452619,-1.574671978,3.557592245,-2.857738033,ds_cbdf3834368e,ds_16b6be697acb,01190,
00562,2.27452619,-1.574671978,3.557592245,-2.857738033,ds_cbdf3834368e,ds_16b6be697acb,01190,
00563,2.27452619,-1.574671978,3.557592245,-2.857738033,ds_cbdf3834368e,ds_16b6be697acb,01190,
00564,2.27452619,-1.574671978,3.557592245,-2.857738033,ds_cbdf3834368e,ds_16b6be697acb,01190,
00565,2.27452619,-1.574671978,3.557592245,-2.857738033,ds_cbdf3834368e,ds_16b6be697acb,01190,
00566,2.27452619,-1.574671978,3.557592245,-2.857738033,ds_cbdf3834368e,ds_16b6be697acb,01190,
00567,2.27452619,-1.895438491,3.557592245,-2.857738033,ds_cbdf3834368e,ds_16b6be697acb,01190,
00568,2.27452619,-1.895438491,3.557592245,-2.857738033,ds_cbdf3834368e,ds_16b6be697acb,01190,
00569,2.27452619,-1.895438491,3.557592245,-2.857738033,ds_cbdf3834368e,ds_16b6be697acb,01190,
00570,2.27452619,-1.895438491,3.557592245,-2.857738033,ds_cbdf3834368e,ds_16b6be697acb,01190,
00571,2.27452619,-1.574671978,3.557592245,-2.857738033,ds_cbdf3834368e,ds_16b6be697acb,01190,
00572,1.953759676,-1.574671978,3.557592245,-2.857738033,ds_cbdf3834368e,ds_16b6be697acb,01190,
00573,1.953759676,-1.574671978,3.557592245,-2.857738033,ds_cbdf3834368e,ds_16b6be697acb,01190,
00574,1.953759676,-1.574671978,3.557592245,-2.857738033,ds_cbdf3834368e,ds_16b6be697acb,01190,
00575,2.27452619,-1.574671978,3.557592245,-2.857738033,ds_cbdf3834368e,ds_16b6be697acb,01190,
00576,2.27452619,-1.574671978,3.557592245,-2.857738033,ds_cbdf3834368e,ds_16b6be697acb,01190,
00577,2.27452619,-1.574671978,3.557592245,-2.857738033,ds_cbdf3834368e,ds_16b6be697acb,01190,
00578,2.27452619,-1.574671978,3.557592245,-2.857738033,ds_cbdf3834368e,ds_16b6be697acb,01190,
00579,2.27452619,-1.574671978,3.557592245,-2.857738033,ds_cbdf3834368e,ds_16b6be697acb,01190,
00580,2.27452619,-1.574671978,3.557592245,-2.857738033,ds_cbdf3834368e,ds_16b6be697acb,01190,
00581,2.595292704,-1.895438491,3.557592245,-2.857738033,ds_cbdf3834368e,ds_16b6be697acb,01190,
00582,2.595292704,-1.895438491,3.557592245,-2.857738033,ds_cbdf3834368e,ds_16b6be697acb,01190,
00583,2.27452619,-1.895438491,3.557592245,-2.857738033,ds_cbdf3834368e,ds_16b6be697acb,01190,
00584,2.27452619,-1.895438491,3.557592245,-2.857738033,ds_cbdf3834368e,ds_16b6be697acb,01190,
00585,2.27452619,-1.895438491,3.557592245,-2.857738033,ds_cbdf3834368e,ds_16b6be697acb,01190,
00586,2.27452619,-1.895438491,3.557592245,-2.857738033,ds_cbdf3834368e,ds_16b6be697acb,01190,
00587,2.27452619,-1.895438491,3.557592245,-2.857738033,ds_cbdf3834368e,ds_16b6be697acb,01190,
00588,1.953759676,-1.895438491,3.557592245,-2.857738033,ds_cbdf3834368e,ds_16b6be697acb,01190,
00589,1.953759676,-2.216205005,3.557592245,-2.857738033,ds_cbdf3834368e,ds_16b6be697acb,01190,
00590,1.953759676,-2.216205005,3.557592245,-2.857738033,ds_cbdf3834368e,ds_16b6be697acb,01190,
00591,1.953759676,-2.216205005,3.557592245,-2.857738033,ds_cbdf3834368e,ds_16b6be697acb,01190,
00592,2.27452619,-2.216205005,3.557592245,-2.857738033,ds_cbdf3834368e,ds_16b6be697acb,01190,
00593,1.953759676,-2.536971519,3.557592245,-2.857738033,ds_cbdf3834368e,ds_16b6be697acb,01190,
00594,1.953759676,-2.536971519,3.557592245,-2.857738033,ds_cbdf3834368e,ds_16b6be697acb,01190,
00595,1.953759676,-2.536971519,3.557592245,-2.857738033,ds_cbdf3834368e,ds_16b6be697acb,01190,
00596,2.27452619,-2.536971519,3.557592245,-2.857738033,ds_cbdf3834368e,ds_16b6be697acb,01190,
00597,2.27452619,-2.536971519,3.557592245,-2.857738033,ds_cbdf3834368e,ds_16b6be697acb,01190,
00598,2.595292704,-2.536971519,3.557592245,-2.857738033,ds_cbdf3834368e,ds_16b6be697acb,01190,
00599,2.595292704,-2.536971519,3.557592245,-2.857738033,ds_cbdf3834368e,ds_16b6be697acb,01190,
00600,2.595292704,-2.216205005,3.557592245,-2.857738033,ds_cbdf3834368e,ds_16b6be697acb,01190,
00601,2.595292704,-2.216205005,3.557592245,-2.857738033,ds_cbdf3834368e,ds_16b6be697acb,01190,
00602,2.595292704,-2.216205005,3.557592245,-2.857738033,ds_cbdf3834368e,ds_16b6be697acb,01190,
00603,2.595292704,-2.216205005,3.557592245,-2.857738033,ds_cbdf3834368e,ds_16b6be697acb,01190,
00604,2.595292704,-2.216205005,3.557592245,-2.857738033,ds_cbdf3834368e,ds_16b6be697acb,01190,
00605,2.595292704,-1.895438491,3.557592245,-2.857738033,ds_cbdf3834368e,ds_16b6be697acb,01190,
00606,2.595292704,-1.895438491,3.557592245,-2.857738033,ds_cbdf3834368e,ds_16b6be697acb,01190,
00607,2.595292704,-1.895438491,3.557592245,-2.857738033,ds_cbdf3834368e,ds_16b6be697acb,01190,
00608,2.27452619,-1.895438491,3.557592245,-2.857738033,ds_cbdf3834368e,ds_16b6be697acb,01190,
00609,2.27452619,-1.895438491,3.557592245,-2.857738033,ds_cbdf3834368e,ds_16b6be697acb,01190,
00610,2.27452619,-1.895438491,3.557592245,-2.857738033,ds_cbdf3834368e,ds_16b6be697acb,01190,
00611,2.27452619,-1.895438491,3.557592245,-2.857738033,ds_cbdf3834368e,ds_16b6be697acb,01190,
00612,2.595292704,-1.895438491,3.557592245,-2.857738033,ds_cbdf3834368e,ds_16b6be697acb,01190,
00613,2.595292704,-1.895438491,3.557592245,-2.857738033,ds_cbdf3834368e,ds_16b6be697acb,01190,
00614,2.595292704,-1.895438491,3.557592245,-2.857738033,ds_cbdf3834368e,ds_16b6be697acb,01190,
00615,2.27452619,-1.895438491,3.557592245,-2.857738033,ds_cbdf3834368e,ds_16b6be697acb,01190,
00616,2.595292704,-2.216205005,3.557592245,-2.857738033,ds_cbdf3834368e,ds_16b6be697acb,01190,
00617,2.595292704,-2.216205005,3.557592245,-2.857738033,ds_cbdf3834368e,ds_16b6be697acb,01190,
00618,2.27452619,-2.216205005,3.557592245,-2.857738033,ds_cbdf3834368e,ds_16b6be697acb,01190,
00619,2.27452619,-2.216205005,3.557592245,-2.857738033,ds_cbdf3834368e,ds_16b6be697acb,01190,
00620,2.595292704,-1.895438491,3.557592245,-2.857738033,ds_cbdf3834368e,ds_16b6be697acb,01190,
00621,2.595292704,-1.895438491,3.557592245,-2.857738033,ds_cbdf3834368e,ds_16b6be697acb,01190,
00622,2.595292704,-1.895438491,3.557592245,-2.857738033,ds_cbdf3834368e,ds_16b6be697acb,01190,
00623,2.595292704,-1.574671978,3.557592245,-2.857738033,ds_cbdf3834368e,ds_16b6be697acb,01190,
00624,2.595292704,-1.574671978,3.557592245,-2.857738033,ds_cbdf3834368e,ds_16b6be697acb,01190,
00625,2.595292704,-1.574671978,3.557592245,-2.857738033,ds_cbdf3834368e,ds_16b6be697acb,01190,
00626,2.595292704,-1.253905464,3.557592245,-2.857738033,ds_cbdf3834368e,ds_16b6be697acb,01190,
00627,2.27452619,-1.253905464,3.557592245,-2.857738033,ds_cbdf3834368e,ds_16b6be697acb,01190,
00628,1.953759676,-1.574671978,3.557592245,-2.857738033,ds_cbdf3834368e,ds_16b6be697acb,01190,
00629,1.953759676,-1.574671978,3.557592245,-2.857738033,ds_cbdf3834368e,ds_16b6be697acb,01190,
00630,1.953759676,-1.574671978,3.557592245,-2.857738033,ds_cbdf3834368e,ds_16b6be697acb,01190,
00631,1.953759676,-1.574671978,3.557592245,-2.857738033,ds_cbdf3834368e,ds_16b6be697acb,01190,
00632,1.953759676,-1.574671978,3.557592245,-2.857738033,ds_cbdf3834368e,ds_16b6be697acb,01190,
00633,2.27452619,-1.574671978,3.557592245,-2.857738033,ds_cbdf3834368e,ds_16b6be697acb,01190,
00634,2.27452619,-1.574671978,3.557592245,-2.857738033,ds_cbdf3834368e,ds_16b6be697acb,01190,
00635,2.27452619,-1.574671978,3.557592245,-2.857738033,ds_cbdf3834368e,ds_16b6be697acb,01190,
00636,2.27452619,-1.574671978,3.557592245,-2.857738033,ds_cbdf3834368e,ds_16b6be697acb,01190,
00637,2.27452619,-1.574671978,3.557592245,-2.857738033,ds_cbdf3834368e,ds_16b6be697acb,01190,
00638,2.595292704,-1.574671978,3.557592245,-2.857738033,ds_cbdf3834368e,ds_16b6be697acb,01190,
00639,2.595292704,-1.574671978,3.557592245,-2.857738033,ds_cbdf3834368e,ds_16b6be697acb,01190,
00640,2.595292704,-1.574671978,3.557592245,-2.857738033,ds_cbdf3834368e,ds_16b6be697acb,01190,
00641,2.595292704,-1.574671978,3.557592245,-2.857738033,ds_cbdf3834368e,ds_16b6be697acb,01190,
00642,2.595292704,-1.574671978,3.557592245,-2.857738033,ds_cbdf3834368e,ds_16b6be697acb,01190,
00643,2.595292704,-1.574671978,3.557592245,-2.857738033,ds_cbdf3834368e,ds_16b6be697acb,01190,
00644,2.595292704,-1.574671978,3.557592245,-2.857738033,ds_cbdf3834368e,ds_16b6be697acb,01190,
00645,2.595292704,-1.574671978,3.557592245,-2.857738033,ds_cbdf3834368e,ds_16b6be697acb,01190,
00646,2.27452619,-1.895438491,3.557592245,-2.857738033,ds_cbdf3834368e,ds_16b6be697acb,01190,
00647,2.27452619,-1.895438491,3.557592245,-2.857738033,ds_cbdf3834368e,ds_16b6be697acb,01190,
00648,2.27452619,-1.895438491,3.557592245,-2.857738033,ds_cbdf3834368e,ds_16b6be697acb,01190,
00649,1.953759676,-1.895438491,3.557592245,-2.857738033,ds_cbdf3834368e,ds_16b6be697acb,01190,
00650,1.953759676,-1.895438491,3.557592245,-2.857738033,ds_cbdf3834368e,ds_16b6be697acb,01190,
00651,2.27452619,-1.895438491,3.557592245,-2.857738033,ds_cbdf3834368e,ds_16b6be697acb,01190,
00652,2.27452619,-1.895438491,3.557592245,-2.857738033,ds_cbdf3834368e,ds_16b6be697acb,01190,
00653,2.27452619,-1.895438491,3.557592245,-2.857738033,ds_cbdf3834368e,ds_16b6be697acb,01190,
00654,1.953759676,-1.895438491,3.557592245,-2.857738033,ds_cbdf3834368e,ds_16b6be697acb,01190,
00655,1.953759676,-1.895438491,3.557592245,-2.857738033,ds_cbdf3834368e,ds_16b6be697acb,01190,
00656,1.953759676,-1.895438491,3.557592245,-2.857738033,ds_cbdf3834368e,ds_16b6be697acb,01190,
00657,1.953759676,-1.895438491,3.557592245,-2.857738033,ds_cbdf3834368e,ds_16b6be697acb,01190,
00658,2.27452619,-1.895438491,3.557592245,-2.857738033,ds_cbdf3834368e,ds_16b6be697acb,01190,
00659,2.27452619,-1.895438491,3.557592245,-2.857738033,ds_cbdf3834368e,ds_16b6be697acb,01190,
00660,2.27452619,-1.895438491,3.557592245,-2.857738033,ds_cbdf3834368e,ds_16b6be697acb,01190,
00661,2.27452619,-1.895438491,3.557592245,-2.857738033,ds_cbdf3834368e,ds_16b6be697acb,01190,
00662,2.27452619,-1.574671978,3.557592245,-2.857738033,ds_cbdf3834368e,ds_16b6be697acb,01190,
00663,2.27452619,-1.574671978,3.557592245,-2.857738033,ds_cbdf3834368e,ds_16b6be697acb,01190,
00664,2.27452619,-1.574671978,3.557592245,-2.857738033,ds_cbdf3834368e,ds_16b6be697acb,01190,
00665,2.27452619,-1.574671978,3.557592245,-2.857738033,ds_cbdf3834368e,ds_16b6be697acb,01190,
00666,2.27452619,-1.574671978,3.557592245,-2.857738033,ds_cbdf3834368e,ds_16b6be697acb,01190,
00667,2.27452619,-1.574671978,3.557592245,-2.857738033,ds_cbdf3834368e,ds_16b6be697acb,01190,
00668,2.595292704,-1.574671978,3.557592245,-2.857738033,ds_cbdf3834368e,ds_16b6be697acb,01190,
00669,2.595292704,-1.574671978,3.557592245,-2.857738033,ds_cbdf3834368e,ds_16b6be697acb,01190,
00670,2.595292704,-1.895438491,3.557592245,-2.857738033,ds_cbdf3834368e,ds_16b6be697acb,01190,
00671,2.27452619,-1.895438491,3.557592245,-2.857738033,ds_cbdf3834368e,ds_16b6be697acb,01190,
00672,2.27452619,-1.895438491,3.557592245,-2.857738033,ds_cbdf3834368e,ds_16b6be697acb,01190,
00673,1.953759676,-1.895438491,3.557592245,-2.857738033,ds_cbdf3834368e,ds_16b6be697acb,01190,
00674,2.27452619,-1.895438491,3.557592245,-2.857738033,ds_cbdf3834368e,ds_16b6be697acb,01190,
00675,2.595292704,-1.895438491,3.557592245,-2.857738033,ds_cbdf3834368e,ds_16b6be697acb,01190,
00676,2.595292704,-1.895438491,3.557592245,-2.857738033,ds_cbdf3834368e,ds_16b6be697acb,01190,
00677,2.27452619,-2.216205005,3.557592245,-2.857738033,ds_cbdf3834368e,ds_16b6be697acb,01190,
00678,2.27452619,-1.895438491,3.557592245,-2.857738033,ds_cbdf3834368e,ds_16b6be697acb,01190,
00679,2.27452619,-2.216205005,3.557592245,-2.857738033,ds_cbdf3834368e,ds_16b6be697acb,01190,
00680,1.953759676,-2.216205005,3.557592245,-2.857738033,ds_cbdf3834368e,ds_16b6be697acb,01190,
00681,2.27452619,-1.895438491,3.557592245,-2.857738033,ds_cbdf3834368e,ds_16b6be697acb,01190,
00682,2.27452619,-1.895438491,3.557592245,-2.857738033,ds_cbdf3834368e,ds_16b6be697acb,01190,
00683,2.27452619,-1.895438491,3.557592245,-2.857738033,ds_cbdf3834368e,ds_16b6be697acb,01190,
00684,2.27452619,-1.895438491,3.557592245,-2.857738033,ds_cbdf3834368e,ds_16b6be697acb,01190,
00685,2.27452619,-1.895438491,3.557592245,-2.857738033,ds_cbdf3834368e,ds_16b6be697acb,01190,
00686,2.27452619,-1.895438491,3.557592245,-2.857738033,ds_cbdf3834368e,ds_16b6be697acb,01190,
00687,2.27452619,-1.574671978,3.557592245,-2.857738033,ds_cbdf3834368e,ds_16b6be697acb,01190,
00688,2.27452619,-1.895438491,3.557592245,-2.857738033,ds_cbdf3834368e,ds_16b6be697acb,01190,
00689,2.27452619,-1.895438491,3.557592245,-2.857738033,ds_cbdf3834368e,ds_16b6be697acb,01190,
00690,2.27452619,-1.895438491,3.557592245,-2.857738033,ds_cbdf3834368e,ds_16b6be697acb,01190,
00691,1.953759676,-1.895438491,3.557592245,-2.857738033,ds_cbdf3834368e,ds_16b6be697acb,01190,
00692,1.953759676,-1.895438491,3.557592245,-2.857738033,ds_cbdf3834368e,ds_16b6be697acb,01190,
00693,2.27452619,-1.895438491,3.557592245,-2.857738033,ds_cbdf3834368e,ds_16b6be697acb,01190,
00694,2.595292704,-1.895438491,3.557592245,-2.857738033,ds_cbdf3834368e,ds_16b6be697acb,01190,
00695,2.595292704,-1.895438491,3.557592245,-2.857738033,ds_cbdf3834368e,ds_16b6be697acb,01190,
00696,2.595292704,-1.895438491,3.557592245,-2.857738033,ds_cbdf3834368e,ds_16b6be697acb,01190,
00697,2.595292704,-1.895438491,3.557592245,-2.857738033,ds_cbdf3834368e,ds_16b6be697acb,01190,
00698,2.595292704,-1.895438491,3.557592245,-2.857738033,ds_cbdf3834368e,ds_16b6be697acb,01190,
00699,2.595292704,-2.216205005,3.557592245,-2.857738033,ds_cbdf3834368e,ds_16b6be697acb,01190,
00700,2.27452619,-2.216205005,3.557592245,-2.857738033,ds_cbdf3834368e,ds_16b6be697acb,01190,
00701,2.27452619,-2.216205005,3.557592245,-2.857738033,ds_cbdf3834368e,ds_16b6be697acb,01190,
00702,2.27452619,-2.216205005,3.557592245,-2.857738033,ds_cbdf3834368e,ds_16b6be697acb,01190,
00703,2.27452619,-2.216205005,3.557592245,-2.857738033,ds_cbdf3834368e,ds_16b6be697acb,01190,
00704,2.27452619,-2.216205005,3.557592245,-2.857738033,ds_cbdf3834368e,ds_16b6be697acb,01190,
00705,2.27452619,-2.216205005,3.557592245,-2.857738033,ds_cbdf3834368e,ds_16b6be697acb,01190,
00706,2.27452619,-2.216205005,3.557592245,-2.857738033,ds_cbdf3834368e,ds_16b6be697acb,01190,
00707,2.595292704,-2.216205005,3.557592245,-2.857738033,ds_cbdf3834368e,ds_16b6be697acb,01190,
00708,2.595292704,-2.216205005,3.557592245,-2.857738033,ds_cbdf3834368e,ds_16b6be697acb,01190,
00709,2.916059218,-2.216205005,3.557592245,-2.857738033,ds_cbdf3834368e,ds_16b6be697acb,01190,
00710,2.916059218,-2.216205005,3.557592245,-2.857738033,ds_cbdf3834368e,ds_16b6be697acb,01190,
00711,2.916059218,-2.216205005,3.557592245,-2.857738033,ds_cbdf3834368e,ds_16b6be697acb,01190,
00712,2.916059218,-2.216205005,3.557592245,-2.857738033,ds_cbdf3834368e,ds_16b6be697acb,01190,
00713,2.916059218,-2.216205005,3.557592245,-2.857738033,ds_cbdf3834368e,ds_16b6be697acb,01190,
00714,2.916059218,-2.216205005,3.557592245,-2.857738033,ds_cbdf3834368e,ds_16b6be697acb,01190,
00715,3.236825732,-2.216205005,3.557592245,-2.857738033,ds_cbdf3834368e,ds_16b6be697acb,01190,
00716,3.557592245,-2.216205005,3.557592245,-2.857738033,ds_cbdf3834368e,ds_16b6be697acb,01190,
00717,3.557592245,-2.216205005,3.557592245,-2.857738033,ds_cbdf3834368e,ds_16b6be697acb,01190,
00718,3.557592245,-2.216205005,3.557592245,-2.857738033,ds_cbdf3834368e,ds_16b6be697acb,01190,
00719,3.557592245,-2.216205005,3.557592245,-2.857738033,ds_cbdf3834368e,ds_16b6be697acb,01190,
00720,3.557592245,-2.216205005,3.557592245,-2.857738033,ds_cbdf3834368e,ds_16b6be697acb,01190,
00721,3.557592245,-2.216205005,3.557592245,-2.857738033,ds_cbdf3834368e,ds_16b6be697acb,01190,
00722,3.557592245,-2.216205005,3.557592245,-2.857738033,ds_cbdf3834368e,ds_16b6be697acb,01190,
00723,3.236825732,-2.216205005,3.557592245,-2.857738033,ds_cbdf3834368e,ds_16b6be697acb,01190,
00724,3.236825732,-2.216205005,3.557592245,-2.857738033,ds_cbdf3834368e,ds_16b6be697acb,01190,
00725,3.236825732,-2.216205005,3.557592245,-2.857738033,ds_cbdf3834368e,ds_16b6be697acb,01190,
00726,2.916059218,-2.216205005,3.557592245,-2.857738033,ds_cbdf3834368e,ds_16b6be697acb,01190,
00727,2.916059218,-2.216205005,3.557592245,-2.857738033,ds_cbdf3834368e,ds_16b6be697acb,01190,
00728,2.916059218,-2.216205005,3.557592245,-2.857738033,ds_cbdf3834368e,ds_16b6be697acb,01190,
00729,2.916059218,-2.216205005,3.557592245,-2.857738033,ds_cbdf3834368e,ds_16b6be697acb,01190,
00730,2.916059218,-2.216205005,3.557592245,-2.857738033,ds_cbdf3834368e,ds_16b6be697acb,01190,
00731,2.595292704,-2.216205005,3.557592245,-2.857738033,ds_cbdf3834368e,ds_16b6be697acb,01190,
00732,2.595292704,-2.216205005,3.557592245,-2.857738033,ds_cbdf3834368e,ds_16b6be697acb,01190,
00733,2.595292704,-2.216205005,3.557592245,-2.857738033,ds_cbdf3834368e,ds_16b6be697acb,01190,
00734,2.595292704,-2.216205005,3.557592245,-2.857738033,ds_cbdf3834368e,ds_16b6be697acb,01190,
00735,2.595292704,-2.216205005,3.557592245,-2.857738033,ds_cbdf3834368e,ds_16b6be697acb,01190,
00736,2.595292704,-2.216205005,3.557592245,-2.857738033,ds_cbdf3834368e,ds_16b6be697acb,01190,
00737,2.595292704,-2.216205005,3.557592245,-2.857738033,ds_cbdf3834368e,ds_16b6be697acb,01190,
00738,2.595292704,-2.216205005,3.557592245,-2.857738033,ds_cbdf3834368e,ds_16b6be697acb,01190,
00739,2.595292704,-2.216205005,3.557592245,-2.857738033,ds_cbdf3834368e,ds_16b6be697acb,01190,
00740,2.595292704,-2.216205005,3.557592245,-2.857738033,ds_cbdf3834368e,ds_16b6be697acb,01190,
00741,2.595292704,-2.216205005,3.557592245,-2.857738033,ds_cbdf3834368e,ds_16b6be697acb,01190,
00742,2.595292704,-2.216205005,3.557592245,-2.857738033,ds_cbdf3834368e,ds_16b6be697acb,01190,
00743,2.595292704,-2.216205005,3.557592245,-2.857738033,ds_cbdf3834368e,ds_16b6be697acb,01190,
00744,2.27452619,-2.216205005,3.557592245,-2.857738033,ds_cbdf3834368e,ds_16b6be697acb,01190,
00745,2.27452619,-2.216205005,3.557592245,-2.857738033,ds_cbdf3834368e,ds_16b6be697acb,01190,
00746,2.595292704,-2.216205005,3.557592245,-2.857738033,ds_cbdf3834368e,ds_16b6be697acb,01190,
00747,2.595292704,-2.216205005,3.557592245,-2.857738033,ds_cbdf3834368e,ds_16b6be697acb,01190,
00748,2.595292704,-2.216205005,3.557592245,-2.857738033,ds_cbdf3834368e,ds_16b6be697acb,01190,
00749,2.916059218,-2.216205005,3.557592245,-2.857738033,ds_cbdf3834368e,ds_16b6be697acb,01190,
00750,2.916059218,-2.216205005,3.557592245,-2.857738033,ds_cbdf3834368e,ds_16b6be697acb,01190,
00751,2.916059218,-2.216205005,3.557592245,-2.857738033,ds_cbdf3834368e,ds_16b6be697acb,01190,
00752,2.916059218,-1.895438491,3.557592245,-2.857738033,ds_cbdf3834368e,ds_16b6be697acb,01190,
00753,2.916059218,-1.895438491,3.557592245,-2.857738033,ds_cbdf3834368e,ds_16b6be697acb,01190,
00754,2.916059218,-1.895438491,3.557592245,-2.857738033,ds_cbdf3834368e,ds_16b6be697acb,01190,
00755,2.916059218,-1.895438491,3.557592245,-2.857738033,ds_cbdf3834368e,ds_16b6be697acb,01190,
00756,2.916059218,-1.895438491,3.557592245,-2.857738033,ds_cbdf3834368e,ds_16b6be697acb,01190,
00757,2.916059218,-1.895438491,3.557592245,-2.857738033,ds_cbdf3834368e,ds_16b6be697acb,01190,
00758,2.916059218,-1.895438491,3.557592245,-2.857738033,ds_cbdf3834368e,ds_16b6be697acb,01190,
00759,2.916059218,-1.895438491,3.557592245,-2.857738033,ds_cbdf3834368e,ds_16b6be697acb,01190,
00760,2.916059218,-1.895438491,3.557592245,-2.857738033,ds_cbdf3834368e,ds_16b6be697acb,01190,
00761,2.916059218,-1.895438491,3.557592245,-2.857738033,ds_cbdf3834368e,ds_16b6be697acb,01190,
00762,2.595292704,-1.895438491,3.557592245,-2.857738033,ds_cbdf3834368e,ds_16b6be697acb,01190,
00763,2.595292704,-1.895438491,3.557592245,-2.857738033,ds_cbdf3834368e,ds_16b6be697acb,01190,
00764,2.27452619,-1.895438491,3.557592245,-2.857738033,ds_cbdf3834368e,ds_16b6be697acb,01190,
00765,2.27452619,-1.895438491,3.557592245,-2.857738033,ds_cbdf3834368e,ds_16b6be697acb,01190,
00766,1.953759676,-1.895438491,3.557592245,-2.857738033,ds_cbdf3834368e,ds_16b6be697acb,01190,
00767,1.632993162,-1.895438491,3.557592245,-2.857738033,ds_cbdf3834368e,ds_16b6be697acb,01190,
00768,1.953759676,-1.574671978,3.557592245,-2.857738033,ds_cbdf3834368e,ds_16b6be697acb,01190,
00769,1.953759676,-1.574671978,3.557592245,-2.857738033,ds_cbdf3834368e,ds_16b6be697acb,01190,
00770,1.953759676,-1.574671978,3.557592245,-2.857738033,ds_cbdf3834368e,ds_16b6be697acb,01190,
00771,1.953759676,-1.574671978,3.557592245,-2.857738033,ds_cbdf3834368e,ds_16b6be697acb,01190,
00772,2.27452619,-1.895438491,3.557592245,-2.857738033,ds_cbdf3834368e,ds_16b6be697acb,01190,
00773,2.27452619,-1.895438491,3.557592245,-2.857738033,ds_cbdf3834368e,ds_16b6be697acb,01190,
00774,2.27452619,-1.895438491,3.557592245,-2.857738033,ds_cbdf3834368e,ds_16b6be697acb,01190,
00775,2.27452619,-1.895438491,3.557592245,-2.857738033,ds_cbdf3834368e,ds_16b6be697acb,01190,
00776,2.27452619,-1.895438491,3.557592245,-2.857738033,ds_cbdf3834368e,ds_16b6be697acb,01190,
00777,2.595292704,-2.216205005,3.557592245,-2.857738033,ds_cbdf3834368e,ds_16b6be697acb,01190,
00778,2.595292704,-2.216205005,3.557592245,-2.857738033,ds_cbdf3834368e,ds_16b6be697acb,01190,
00779,2.595292704,-2.216205005,3.557592245,-2.857738033,ds_cbdf3834368e,ds_16b6be697acb,01190,
00780,2.916059218,-2.216205005,3.557592245,-2.857738033,ds_cbdf3834368e,ds_16b6be697acb,01190,
00781,2.916059218,-2.216205005,3.557592245,-2.857738033,ds_cbdf3834368e,ds_16b6be697acb,01190,
00782,2.916059218,-2.216205005,3.557592245,-2.857738033,ds_cbdf3834368e,ds_16b6be697acb,01190,
00783,2.916059218,-2.216205005,3.557592245,-2.857738033,ds_cbdf3834368e,ds_16b6be697acb,01190,
00784,3.236825732,-2.216205005,3.557592245,-2.857738033,ds_cbdf3834368e,ds_16b6be697acb,01190,
00785,2.916059218,-2.216205005,3.557592245,-2.857738033,ds_cbdf3834368e,ds_16b6be697acb,01190,
00786,2.595292704,-2.216205005,3.557592245,-2.857738033,ds_cbdf3834368e,ds_16b6be697acb,01190,
00787,2.595292704,-2.216205005,3.557592245,-2.857738033,ds_cbdf3834368e,ds_16b6be697acb,01190,
00788,2.595292704,-2.216205005,3.557592245,-2.857738033,ds_cbdf3834368e,ds_16b6be697acb,01190,
00789,2.595292704,-2.216205005,3.557592245,-2.857738033,ds_cbdf3834368e,ds_16b6be697acb,01190,
00790,2.27452619,-2.216205005,3.557592245,-2.857738033,ds_cbdf3834368e,ds_16b6be697acb,01190,
00791,2.27452619,-2.216205005,3.557592245,-2.857738033,ds_cbdf3834368e,ds_16b6be697acb,01190,
00792,2.27452619,-2.216205005,3.557592245,-2.857738033,ds_cbdf3834368e,ds_16b6be697acb,01190,
00793,2.27452619,-2.216205005,3.557592245,-2.857738033,ds_cbdf3834368e,ds_16b6be697acb,01190,
00794,1.953759676,-1.895438491,3.557592245,-2.857738033,ds_cbdf3834368e,ds_16b6be697acb,01190,
00795,1.953759676,-1.895438491,3.557592245,-2.857738033,ds_cbdf3834368e,ds_16b6be697acb,01190,
00796,1.953759676,-1.895438491,3.557592245,-2.857738033,ds_cbdf3834368e,ds_16b6be697acb,01190,
00797,1.953759676,-1.895438491,3.557592245,-2.857738033,ds_cbdf3834368e,ds_16b6be697acb,01190,
00798,2.27452619,-1.895438491,3.557592245,-2.857738033,ds_cbdf3834368e,ds_16b6be697acb,01190,
00799,2.27452619,-1.895438491,3.557592245,-2.857738033,ds_cbdf3834368e,ds_16b6be697acb,01190,
00800,1.953759676,-1.895438491,3.557592245,-2.857738033,ds_cbdf3834368e,ds_16b6be697acb,01190,
00801,1.953759676,-1.895438491,3.557592245,-2.857738033,ds_cbdf3834368e,ds_16b6be697acb,01190,
00802,2.27452619,-1.895438491,3.557592245,-2.857738033,ds_cbdf3834368e,ds_16b6be697acb,01190,
00803,2.27452619,-1.895438491,3.557592245,-2.857738033,ds_cbdf3834368e,ds_16b6be697acb,01190,
00804,2.27452619,-1.895438491,3.557592245,-2.857738033,ds_cbdf3834368e,ds_16b6be697acb,01190,
00805,1.953759676,-1.895438491,3.557592245,-2.857738033,ds_cbdf3834368e,ds_16b6be697acb,01190,
00806,1.953759676,-1.895438491,3.557592245,-2.857738033,ds_cbdf3834368e,ds_16b6be697acb,01190,
00807,1.953759676,-1.895438491,3.557592245,-2.857738033,ds_cbdf3834368e,ds_16b6be697acb,01190,
00808,1.953759676,-1.895438491,3.557592245,-2.857738033,ds_cbdf3834368e,ds_16b6be697acb,01190,
00809,1.953759676,-1.895438491,3.557592245,-2.857738033,ds_cbdf3834368e,ds_16b6be697acb,01190,
00810,2.27452619,-1.895438491,3.557592245,-2.857738033,ds_cbdf3834368e,ds_16b6be697acb,01190,
00811,2.27452619,-1.895438491,3.557592245,-2.857738033,ds_cbdf3834368e,ds_16b6be697acb,01190,
00812,2.27452619,-2.216205005,3.557592245,-2.857738033,ds_cbdf3834368e,ds_16b6be697acb,01190,
00813,1.953759676,-2.216205005,3.557592245,-2.857738033,ds_cbdf3834368e,ds_16b6be697acb,01190,
00814,1.953759676,-2.216205005,3.557592245,-2.857738033,ds_cbdf3834368e,ds_16b6be697acb,01190,
00815,1.953759676,-2.216205005,3.557592245,-2.857738033,ds_cbdf3834368e,ds_16b6be697acb,01190,
00816,1.953759676,-2.216205005,3.557592245,-2.857738033,ds_cbdf3834368e,ds_16b6be697acb,01190,
00817,1.953759676,-2.216205005,3.557592245,-2.857738033,ds_cbdf3834368e,ds_16b6be697acb,01190,
00818,1.953759676,-2.216205005,3.557592245,-2.857738033,ds_cbdf3834368e,ds_16b6be697acb,01190,
00819,1.632993162,-2.216205005,3.557592245,-2.857738033,ds_cbdf3834368e,ds_16b6be697acb,01190,
00820,1.632993162,-2.216205005,3.557592245,-2.857738033,ds_cbdf3834368e,ds_16b6be697acb,01190,
00821,1.632993162,-2.216205005,3.557592245,-2.857738033,ds_cbdf3834368e,ds_16b6be697acb,01190,
00822,1.632993162,-2.216205005,3.557592245,-2.857738033,ds_cbdf3834368e,ds_16b6be697acb,01190,
00823,1.632993162,-2.216205005,3.557592245,-2.857738033,ds_cbdf3834368e,ds_16b6be697acb,01190,
00824,1.953759676,-2.216205005,3.557592245,-2.857738033,ds_cbdf3834368e,ds_16b6be697acb,01190,
00825,1.632993162,-2.216205005,3.557592245,-2.857738033,ds_cbdf3834368e,ds_16b6be697acb,01190,
00826,1.632993162,-2.216205005,3.557592245,-2.857738033,ds_cbdf3834368e,ds_16b6be697acb,01190,
00827,1.953759676,-2.216205005,3.557592245,-2.857738033,ds_cbdf3834368e,ds_16b6be697acb,01190,
00828,1.953759676,-2.216205005,3.557592245,-2.857738033,ds_cbdf3834368e,ds_16b6be697acb,01190,
00829,1.953759676,-2.216205005,3.557592245,-2.857738033,ds_cbdf3834368e,ds_16b6be697acb,01190,
00830,1.953759676,-2.216205005,3.557592245,-2.857738033,ds_cbdf3834368e,ds_16b6be697acb,01190,
00831,2.27452619,-2.536971519,3.557592245,-2.857738033,ds_cbdf3834368e,ds_16b6be697acb,01190,
00832,2.27452619,-2.536971519,3.557592245,-2.857738033,ds_cbdf3834368e,ds_16b6be697acb,01190,
00833,2.27452619,-2.536971519,3.557592245,-2.857738033,ds_cbdf3834368e,ds_16b6be697acb,01190,
00834,2.27452619,-2.536971519,3.557592245,-2.857738033,ds_cbdf3834368e,ds_16b6be697acb,01190,
00835,2.27452619,-2.536971519,3.557592245,-2.857738033,ds_cbdf3834368e,ds_16b6be697acb,01190,
00836,2.27452619,-2.536971519,3.557592245,-2.857738033,ds_cbdf3834368e,ds_16b6be697acb,01190,
00837,2.27452619,-2.536971519,3.557592245,-2.857738033,ds_cbdf3834368e,ds_16b6be697acb,01190,
00838,2.27452619,-2.536971519,3.557592245,-2.857738033,ds_cbdf3834368e,ds_16b6be697acb,01190,
00839,2.595292704,-2.536971519,3.557592245,-2.857738033,ds_cbdf3834368e,ds_16b6be697acb,01190,
00840,2.595292704,-2.536971519,3.557592245,-2.857738033,ds_cbdf3834368e,ds_16b6be697acb,01190,
00841,2.595292704,-2.216205005,3.557592245,-2.857738033,ds_cbdf3834368e,ds_16b6be697acb,01190,
00842,2.595292704,-2.216205005,3.557592245,-2.857738033,ds_cbdf3834368e,ds_16b6be697acb,01190,
00843,2.595292704,-2.216205005,3.557592245,-2.857738033,ds_cbdf3834368e,ds_16b6be697acb,01190,
00844,2.595292704,-2.216205005,3.557592245,-2.857738033,ds_cbdf3834368e,ds_16b6be697acb,01190,
00845,2.595292704,-2.536971519,3.557592245,-2.857738033,ds_cbdf3834368e,ds_16b6be697acb,01190,
00846,2.595292704,-2.536971519,3.557592245,-2.857738033,ds_cbdf3834368e,ds_16b6be697acb,01190,
00847,2.27452619,-2.536971519,3.557592245,-2.857738033,ds_cbdf3834368e,ds_16b6be697acb,01190,
00848,2.27452619,-2.536971519,3.557592245,-2.857738033,ds_cbdf3834368e,ds_16b6be697acb,01190,
00849,2.595292704,-2.536971519,3.557592245,-2.857738033,ds_cbdf3834368e,ds_16b6be697acb,01190,
00850,2.595292704,-2.536971519,3.557592245,-2.857738033,ds_cbdf3834368e,ds_16b6be697acb,01190,
00851,2.27452619,-2.536971519,3.557592245,-2.857738033,ds_cbdf3834368e,ds_16b6be697acb,01190,
00852,2.27452619,-2.536971519,3.557592245,-2.857738033,ds_cbdf3834368e,ds_16b6be697acb,01190,
00853,2.27452619,-2.536971519,3.557592245,-2.857738033,ds_cbdf3834368e,ds_16b6be697acb,01190,
00854,1.953759676,-2.536971519,3.557592245,-2.857738033,ds_cbdf3834368e,ds_16b6be697acb,01190,
00855,1.953759676,-2.216205005,3.557592245,-2.857738033,ds_cbdf3834368e,ds_16b6be697acb,01190,
00856,1.953759676,-1.895438491,3.557592245,-2.857738033,ds_cbdf3834368e,ds_16b6be697acb,01190,
00857,1.953759676,-1.895438491,3.557592245,-2.857738033,ds_cbdf3834368e,ds_16b6be697acb,01190,
00858,1.953759676,-1.895438491,3.557592245,-2.857738033,ds_cbdf3834368e,ds_16b6be697acb,01190,
00859,1.953759676,-1.895438491,3.557592245,-2.857738033,ds_cbdf3834368e,ds_16b6be697acb,01190,
00860,1.953759676,-1.895438491,3.557592245,-2.857738033,ds_cbdf3834368e,ds_16b6be697acb,01190,
00861,1.953759676,-1.895438491,3.557592245,-2.857738033,ds_cbdf3834368e,ds_16b6be697acb,01190,
00862,1.953759676,-1.895438491,3.557592245,-2.857738033,ds_cbdf3834368e,ds_16b6be697acb,01190,
00863,2.27452619,-2.216205005,3.557592245,-2.857738033,ds_cbdf3834368e,ds_16b6be697acb,01190,
00864,2.27452619,-2.216205005,3.557592245,-2.857738033,ds_cbdf3834368e,ds_16b6be697acb,01190,
00865,2.27452619,-1.895438491,3.557592245,-2.857738033,ds_cbdf3834368e,ds_16b6be697acb,01190,
00866,2.27452619,-1.895438491,3.557592245,-2.857738033,ds_cbdf3834368e,ds_16b6be697acb,01190,
00867,2.27452619,-1.895438491,3.557592245,-2.857738033,ds_cbdf3834368e,ds_16b6be697acb,01190,
00868,2.27452619,-1.895438491,3.557592245,-2.857738033,ds_cbdf3834368e,ds_16b6be697acb,01190,
00869,2.595292704,-1.895438491,3.557592245,-2.857738033,ds_cbdf3834368e,ds_16b6be697acb,01190,
00870,2.595292704,-1.574671978,3.557592245,-2.857738033,ds_cbdf3834368e,ds_16b6be697acb,01190,
00871,2.595292704,-1.574671978,3.557592245,-2.857738033,ds_cbdf3834368e,ds_16b6be697acb,01190,
00872,2.27452619,-1.574671978,3.557592245,-2.857738033,ds_cbdf3834368e,ds_16b6be697acb,01190,
00873,1.953759676,-1.574671978,3.557592245,-2.857738033,ds_cbdf3834368e,ds_16b6be697acb,01190,
00874,2.27452619,-1.574671978,3.557592245,-2.857738033,ds_cbdf3834368e,ds_16b6be697acb,01190,
00875,2.27452619,-1.895438491,3.557592245,-2.857738033,ds_cbdf3834368e,ds_16b6be697acb,01190,
00876,1.953759676,-1.895438491,3.557592245,-2.857738033,ds_cbdf3834368e,ds_16b6be697acb,01190,
00877,1.953759676,-2.216205005,3.557592245,-2.857738033,ds_cbdf3834368e,ds_16b6be697acb,01190,
00878,1.953759676,-2.216205005,3.557592245,-2.857738033,ds_cbdf3834368e,ds_16b6be697acb,01190,
00879,1.953759676,-1.895438491,3.557592245,-2.857738033,ds_cbdf3834368e,ds_16b6be697acb,01190,
00880,2.27452619,-1.895438491,3.557592245,-2.857738033,ds_cbdf3834368e,ds_16b6be697acb,01190,
00881,1.953759676,-1.895438491,3.557592245,-2.857738033,ds_cbdf3834368e,ds_16b6be697acb,01190,
00882,1.953759676,-1.895438491,3.557592245,-2.857738033,ds_cbdf3834368e,ds_16b6be697acb,01190,
00883,1.953759676,-1.895438491,3.557592245,-2.857738033,ds_cbdf3834368e,ds_16b6be697acb,01190,
00884,1.953759676,-1.895438491,3.557592245,-2.857738033,ds_cbdf3834368e,ds_16b6be697acb,01190,
00885,1.953759676,-1.574671978,3.557592245,-2.857738033,ds_cbdf3834368e,ds_16b6be697acb,01190,
00886,1.953759676,-1.574671978,3.557592245,-2.857738033,ds_cbdf3834368e,ds_16b6be697acb,01190,
00887,1.632993162,-1.574671978,3.557592245,-2.857738033,ds_cbdf3834368e,ds_16b6be697acb,01190,
00888,1.953759676,-1.574671978,3.557592245,-2.857738033,ds_cbdf3834368e,ds_16b6be697acb,01190,
00889,1.953759676,-1.895438491,3.557592245,-2.857738033,ds_cbdf3834368e,ds_16b6be697acb,01190,
00890,1.953759676,-1.895438491,3.557592245,-2.857738033,ds_cbdf3834368e,ds_16b6be697acb,01190,
00891,1.953759676,-1.895438491,3.557592245,-2.857738033,ds_cbdf3834368e,ds_16b6be697acb,01190,
00892,1.953759676,-1.895438491,3.557592245,-2.857738033,ds_cbdf3834368e,ds_16b6be697acb,01190,
00893,2.27452619,-1.895438491,3.557592245,-2.857738033,ds_cbdf3834368e,ds_16b6be697acb,01190,
00894,2.595292704,-1.895438491,3.557592245,-2.857738033,ds_cbdf3834368e,ds_16b6be697acb,01190,
00895,2.595292704,-1.895438491,3.557592245,-2.857738033,ds_cbdf3834368e,ds_16b6be697acb,01190,
00896,2.27452619,-1.574671978,3.557592245,-2.857738033,ds_cbdf3834368e,ds_16b6be697acb,01190,
00897,2.27452619,-1.253905464,3.557592245,-2.857738033,ds_cbdf3834368e,ds_16b6be697acb,01190,
00898,2.27452619,-1.253905464,3.557592245,-2.857738033,ds_cbdf3834368e,ds_16b6be697acb,01190,
00899,2.27452619,-1.253905464,3.557592245,-2.857738033,ds_cbdf3834368e,ds_16b6be697acb,01190,
00900,2.595292704,-1.253905464,3.557592245,-2.857738033,ds_cbdf3834368e,ds_16b6be697acb,01190,
00901,2.27452619,-1.253905464,3.557592245,-2.857738033,ds_cbdf3834368e,ds_16b6be697acb,01190,
00902,2.595292704,-1.574671978,3.557592245,-2.857738033,ds_cbdf3834368e,ds_16b6be697acb,01190,
00903,2.595292704,-1.574671978,3.557592245,-2.857738033,ds_cbdf3834368e,ds_16b6be697acb,01190,
00904,2.595292704,-1.574671978,3.557592245,-2.857738033,ds_cbdf3834368e,ds_16b6be697acb,01190,
00905,2.595292704,-1.895438491,3.557592245,-2.857738033,ds_cbdf3834368e,ds_16b6be697acb,01190,
00906,2.595292704,-1.895438491,3.557592245,-2.857738033,ds_cbdf3834368e,ds_16b6be697acb,01190,
00907,2.27452619,-1.895438491,3.557592245,-2.857738033,ds_cbdf3834368e,ds_16b6be697acb,01190,
00908,2.595292704,-1.895438491,3.557592245,-2.857738033,ds_cbdf3834368e,ds_16b6be697acb,01190,
00909,2.916059218,-1.895438491,3.557592245,-2.857738033,ds_cbdf3834368e,ds_16b6be697acb,01190,
00910,2.916059218,-1.895438491,3.557592245,-2.857738033,ds_cbdf3834368e,ds_16b6be697acb,01190,
00911,3.236825732,-1.574671978,3.557592245,-2.857738033,ds_cbdf3834368e,ds_16b6be697acb,01190,
00912,3.236825732,-1.574671978,3.557592245,-2.857738033,ds_cbdf3834368e,ds_16b6be697acb,01190,
00913,3.236825732,-1.574671978,3.557592245,-2.857738033,ds_cbdf3834368e,ds_16b6be697acb,01190,
00914,3.236825732,-1.574671978,3.557592245,-2.857738033,ds_cbdf3834368e,ds_16b6be697acb,01190,
00915,3.236825732,-1.574671978,3.557592245,-2.857738033,ds_cbdf3834368e,ds_16b6be697acb,01190,
00916,3.236825732,-1.574671978,3.557592245,-2.857738033,ds_cbdf3834368e,ds_16b6be697acb,01190,
00917,3.236825732,-1.574671978,3.557592245,-2.857738033,ds_cbdf3834368e,ds_16b6be697acb,01190,
00918,3.236825732,-1.895438491,3.557592245,-2.857738033,ds_cbdf3834368e,ds_16b6be697acb,01190,
00919,2.916059218,-1.895438491,3.557592245,-2.857738033,ds_cbdf3834368e,ds_16b6be697acb,01190,
00920,2.595292704,-1.895438491,3.557592245,-2.857738033,ds_cbdf3834368e,ds_16b6be697acb,01190,
00921,2.595292704,-1.895438491,3.557592245,-2.857738033,ds_cbdf3834368e,ds_16b6be697acb,01190,
00922,2.595292704,-1.895438491,3.557592245,-2.857738033,ds_cbdf3834368e,ds_16b6be697acb,01190,
00923,2.595292704,-1.895438491,3.557592245,-2.857738033,ds_cbdf3834368e,ds_16b6be697acb,01190,
00924,2.595292704,-1.895438491,3.557592245,-2.857738033,ds_cbdf3834368e,ds_16b6be697acb,01190,
00925,2.916059218,-1.895438491,3.557592245,-2.857738033,ds_cbdf3834368e,ds_16b6be697acb,01190,
00926,2.916059218,-1.895438491,3.557592245,-2.857738033,ds_cbdf3834368e,ds_16b6be697acb,01190,
00927,2.916059218,-1.895438491,3.557592245,-2.857738033,ds_cbdf3834368e,ds_16b6be697acb,01190,
00928,2.916059218,-1.895438491,3.557592245,-2.857738033,ds_cbdf3834368e,ds_16b6be697acb,01190,
00929,2.916059218,-1.895438491,3.557592245,-2.857738033,ds_cbdf3834368e,ds_16b6be697acb,01190,
00930,2.916059218,-1.895438491,3.557592245,-2.857738033,ds_cbdf3834368e,ds_16b6be697acb,01190,
00931,2.916059218,-1.895438491,3.557592245,-2.857738033,ds_cbdf3834368e,ds_16b6be697acb,01190,
00932,2.916059218,-1.895438491,3.557592245,-2.857738033,ds_cbdf3834368e,ds_16b6be697acb,01190,
00933,2.595292704,-1.574671978,3.557592245,-2.857738033,ds_cbdf3834368e,ds_16b6be697acb,01190,
00934,2.595292704,-1.574671978,3.557592245,-2.857738033,ds_cbdf3834368e,ds_16b6be697acb,01190,
00935,2.27452619,-1.574671978,3.557592245,-2.857738033,ds_cbdf3834368e,ds_16b6be697acb,01190,
00936,2.27452619,-1.574671978,3.557592245,-2.857738033,ds_cbdf3834368e,ds_16b6be697acb,01190,
00937,2.595292704,-1.574671978,3.557592245,-2.857738033,ds_cbdf3834368e,ds_16b6be697acb,01190,
00938,2.595292704,-1.574671978,3.557592245,-2.857738033,ds_cbdf3834368e,ds_16b6be697acb,01190,
00939,2.595292704,-1.574671978,3.557592245,-2.857738033,ds_cbdf3834368e,ds_16b6be697acb,01190,
00940,2.595292704,-1.574671978,3.557592245,-2.857738033,ds_cbdf3834368e,ds_16b6be697acb,01190,
00941,2.595292704,-1.895438491,3.557592245,-2.857738033,ds_cbdf3834368e,ds_16b6be697acb,01190,
00942,2.595292704,-1.895438491,3.557592245,-2.857738033,ds_cbdf3834368e,ds_16b6be697acb,01190,
00943,2.595292704,-1.574671978,3.557592245,-2.857738033,ds_cbdf3834368e,ds_16b6be697acb,01190,
00944,2.916059218,-1.574671978,3.557592245,-2.857738033,ds_cbdf3834368e,ds_16b6be697acb,01190,
00945,2.916059218,-1.895438491,3.557592245,-2.857738033,ds_cbdf3834368e,ds_16b6be697acb,01190,
00946,3.236825732,-1.895438491,3.557592245,-2.857738033,ds_cbdf3834368e,ds_16b6be697acb,01190,
00947,2.916059218,-1.895438491,3.557592245,-2.857738033,ds_cbdf3834368e,ds_16b6be697acb,01190,
00948,2.595292704,-1.895438491,3.557592245,-2.857738033,ds_cbdf3834368e,ds_16b6be697acb,01190,
00949,2.595292704,-1.895438491,3.557592245,-2.857738033,ds_cbdf3834368e,ds_16b6be697acb,01190,
00950,2.595292704,-1.895438491,3.557592245,-2.857738033,ds_cbdf3834368e,ds_16b6be697acb,01190,
00951,2.27452619,-1.895438491,3.557592245,-2.857738033,ds_cbdf3834368e,ds_16b6be697acb,01190,
00952,2.27452619,-1.574671978,3.557592245,-2.857738033,ds_cbdf3834368e,ds_16b6be697acb,01190,
00953,2.27452619,-1.574671978,3.557592245,-2.857738033,ds_cbdf3834368e,ds_16b6be697acb,01190,
00954,2.27452619,-1.574671978,3.557592245,-2.857738033,ds_cbdf3834368e,ds_16b6be697acb,01190,
00955,2.27452619,-1.574671978,3.557592245,-2.857738033,ds_cbdf3834368e,ds_16b6be697acb,01190,
00956,2.27452619,-1.574671978,3.557592245,-2.857738033,ds_cbdf3834368e,ds_16b6be697acb,01190,
00957,2.27452619,-1.574671978,3.557592245,-2.857738033,ds_cbdf3834368e,ds_16b6be697acb,01190,
00958,2.27452619,-1.895438491,3.557592245,-2.857738033,ds_cbdf3834368e,ds_16b6be697acb,01190,
00959,2.27452619,-2.216205005,3.557592245,-2.857738033,ds_cbdf3834368e,ds_16b6be697acb,01190,
00960,2.27452619,-2.216205005,3.557592245,-2.857738033,ds_cbdf3834368e,ds_16b6be697acb,01190,
00961,1.953759676,-2.216205005,3.557592245,-2.857738033,ds_cbdf3834368e,ds_16b6be697acb,01190,
00962,1.953759676,-2.216205005,3.557592245,-2.857738033,ds_cbdf3834368e,ds_16b6be697acb,01190,
00963,2.27452619,-2.216205005,3.557592245,-2.857738033,ds_cbdf3834368e,ds_16b6be697acb,01190,
00964,2.27452619,-1.895438491,3.557592245,-2.857738033,ds_cbdf3834368e,ds_16b6be697acb,01190,
00965,2.27452619,-1.895438491,3.557592245,-2.857738033,ds_cbdf3834368e,ds_16b6be697acb,01190,
00966,2.27452619,-1.895438491,3.557592245,-2.857738033,ds_cbdf3834368e,ds_16b6be697acb,01190,
00967,2.27452619,-1.895438491,3.557592245,-2.857738033,ds_cbdf3834368e,ds_16b6be697acb,01190,
00968,2.595292704,-1.895438491,3.557592245,-2.857738033,ds_cbdf3834368e,ds_16b6be697acb,01190,
00969,2.595292704,-1.574671978,3.557592245,-2.857738033,ds_cbdf3834368e,ds_16b6be697acb,01190,
00970,2.595292704,-1.574671978,3.557592245,-2.857738033,ds_cbdf3834368e,ds_16b6be697acb,01190,
00971,2.595292704,-1.574671978,3.557592245,-2.857738033,ds_cbdf3834368e,ds_16b6be697acb,01190,
00972,2.595292704,-1.574671978,3.557592245,-2.857738033,ds_cbdf3834368e,ds_16b6be697acb,01190,
00973,2.916059218,-1.574671978,3.557592245,-2.857738033,ds_cbdf3834368e,ds_16b6be697acb,01190,
00974,2.916059218,-1.895438491,3.557592245,-2.857738033,ds_cbdf3834368e,ds_16b6be697acb,01190,
00975,2.916059218,-1.895438491,3.557592245,-2.857738033,ds_cbdf3834368e,ds_16b6be697acb,01190,
00976,2.595292704,-1.574671978,3.557592245,-2.857738033,ds_cbdf3834368e,ds_16b6be697acb,01190,
00977,2.595292704,-1.574671978,3.557592245,-2.857738033,ds_cbdf3834368e,ds_16b6be697acb,01190,
00978,2.595292704,-1.895438491,3.557592245,-2.857738033,ds_cbdf3834368e,ds_16b6be697acb,01190,
00979,2.595292704,-1.895438491,3.557592245,-2.857738033,ds_cbdf3834368e,ds_16b6be697acb,01190,
00980,2.595292704,-2.216205005,3.557592245,-2.857738033,ds_cbdf3834368e,ds_16b6be697acb,01190,
00981,2.595292704,-2.216205005,3.557592245,-2.857738033,ds_cbdf3834368e,ds_16b6be697acb,01190,
00982,2.27452619,-2.216205005,3.557592245,-2.857738033,ds_cbdf3834368e,ds_16b6be697acb,01190,
00983,2.27452619,-2.216205005,3.557592245,-2.857738033,ds_cbdf3834368e,ds_16b6be697acb,01190,
00984,2.27452619,-2.216205005,3.557592245,-2.857738033,ds_cbdf3834368e,ds_16b6be697acb,01190,
00985,2.27452619,-2.216205005,3.557592245,-2.857738033,ds_cbdf3834368e,ds_16b6be697acb,01190,
00986,2.27452619,-2.216205005,3.557592245,-2.857738033,ds_cbdf3834368e,ds_16b6be697acb,01190,
00987,2.27452619,-2.216205005,3.557592245,-2.857738033,ds_cbdf3834368e,ds_16b6be697acb,01190,
00988,2.27452619,-2.216205005,3.557592245,-2.857738033,ds_cbdf3834368e,ds_16b6be697acb,01190,
00989,2.27452619,-2.216205005,3.557592245,-2.857738033,ds_cbdf3834368e,ds_16b6be697acb,01190,
00990,2.27452619,-2.216205005,3.557592245,-2.857738033,ds_cbdf3834368e,ds_16b6be697acb,01190,
00991,2.27452619,-2.216205005,3.557592245,-2.857738033,ds_cbdf3834368e,ds_16b6be697acb,01190,
00992,2.27452619,-2.216205005,3.557592245,-2.857738033,ds_cbdf3834368e,ds_16b6be697acb,01190,
00993,2.27452619,-2.216205005,3.557592245,-2.857738033,ds_cbdf3834368e,ds_16b6be697acb,01190,
00994,2.27452619,-2.216205005,3.557592245,-2.857738033,ds_cbdf3834368e,ds_16b6be697acb,01190,
00995,2.595292704,-2.216205005,3.557592245,-2.857738033,ds_cbdf3834368e,ds_16b6be697acb,01190,
00996,2.595292704,-2.216205005,3.557592245,-2.857738033,ds_cbdf3834368e,ds_16b6be697acb,01190,
00997,2.595292704,-2.216205005,3.557592245,-2.857738033,ds_cbdf3834368e,ds_16b6be697acb,01190,
00998,2.916059218,-2.216205005,3.557592245,-2.857738033,ds_cbdf3834368e,ds_16b6be697acb,01190,
00999,2.916059218,-2.216205005,3.557592245,-2.857738033,ds_cbdf3834368e,ds_16b6be697acb,01190,
01000,2.916059218,-2.216205005,3.557592245,-2.857738033,ds_cbdf3834368e,ds_16b6be697acb,01190,
01001,2.916059218,-2.216205005,3.557592245,-2.857738033,ds_cbdf3834368e,ds_16b6be697acb,01190,
01002,2.916059218,-2.216205005,3.557592245,-2.857738033,ds_cbdf3834368e,ds_16b6be697acb,01190,
01003,2.916059218,-2.216205005,3.557592245,-2.857738033,ds_cbdf3834368e,ds_16b6be697acb,01190,
01004,2.916059218,-2.536971519,3.557592245,-2.857738033,ds_cbdf3834368e,ds_16b6be697acb,01190,
01005,2.916059218,-2.536971519,3.557592245,-2.857738033,ds_cbdf3834368e,ds_16b6be697acb,01190,
01006,2.916059218,-2.536971519,3.557592245,-2.857738033,ds_cbdf3834368e,ds_16b6be697acb,01190,
01007,2.916059218,-2.536971519,3.557592245,-2.857738033,ds_cbdf3834368e,ds_16b6be697acb,01190,
01008,2.916059218,-2.536971519,3.557592245,-2.857738033,ds_cbdf3834368e,ds_16b6be697acb,01190,
01009,2.595292704,-2.536971519,3.557592245,-2.857738033,ds_cbdf3834368e,ds_16b6be697acb,01190,
01010,2.595292704,-2.536971519,3.557592245,-2.857738033,ds_cbdf3834368e,ds_16b6be697acb,01190,
01011,2.595292704,-2.536971519,3.557592245,-2.857738033,ds_cbdf3834368e,ds_16b6be697acb,01190,
01012,2.916059218,-2.216205005,3.557592245,-2.857738033,ds_cbdf3834368e,ds_16b6be697acb,01190,
01013,2.916059218,-2.216205005,3.557592245,-2.857738033,ds_cbdf3834368e,ds_16b6be697acb,01190,
01014,2.916059218,-2.216205005,3.557592245,-2.857738033,ds_cbdf3834368e,ds_16b6be697acb,01190,
01015,2.916059218,-2.216205005,3.557592245,-2.857738033,ds_cbdf3834368e,ds_16b6be697acb,01190,
01016,3.236825732,-2.216205005,3.557592245,-2.857738033,ds_cbdf3834368e,ds_16b6be697acb,01190,
01017,2.916059218,-2.216205005,3.557592245,-2.857738033,ds_cbdf3834368e,ds_16b6be697acb,01190,
01018,2.916059218,-1.895438491,3.557592245,-2.857738033,ds_cbdf3834368e,ds_16b6be697acb,01190,
01019,2.595292704,-1.895438491,3.557592245,-2.857738033,ds_cbdf3834368e,ds_16b6be697acb,01190,
01020,2.595292704,-1.895438491,3.557592245,-2.857738033,ds_cbdf3834368e,ds_16b6be697acb,01190,
01021,2.595292704,-1.895438491,3.557592245,-2.857738033,ds_cbdf3834368e,ds_16b6be697acb,01190,
01022,2.595292704,-1.895438491,3.557592245,-2.857738033,ds_cbdf3834368e,ds_16b6be697acb,01190,
01023,2.595292704,-1.895438491,3.557592245,-2.857738033,ds_cbdf3834368e,ds_16b6be697acb,01190,
01024,2.595292704,-1.895438491,3.557592245,-2.857738033,ds_cbdf3834368e,ds_16b6be697acb,01190,
01025,2.595292704,-1.895438491,3.557592245,-2.857738033,ds_cbdf3834368e,ds_16b6be697acb,01190,
01026,2.595292704,-1.895438491,3.557592245,-2.857738033,ds_cbdf3834368e,ds_16b6be697acb,01190,
01027,2.595292704,-1.895438491,3.557592245,-2.857738033,ds_cbdf3834368e,ds_16b6be697acb,01190,
01028,2.595292704,-1.895438491,3.557592245,-2.857738033,ds_cbdf3834368e,ds_16b6be697acb,01190,
01029,2.595292704,-1.895438491,3.557592245,-2.857738033,ds_cbdf3834368e,ds_16b6be697acb,01190,
01030,2.595292704,-1.574671978,3.557592245,-2.857738033,ds_cbdf3834368e,ds_16b6be697acb,01190,
01031,2.595292704,-1.574671978,3.557592245,-2.857738033,ds_cbdf3834368e,ds_16b6be697acb,01190,
01032,2.595292704,-1.574671978,3.557592245,-2.857738033,ds_cbdf3834368e,ds_16b6be697acb,01190,
01033,2.27452619,-1.574671978,3.557592245,-2.857738033,ds_cbdf3834368e,ds_16b6be697acb,01190,
01034,2.27452619,-1.574671978,3.557592245,-2.857738033,ds_cbdf3834368e,ds_16b6be697acb,01190,
01035,2.27452619,-1.574671978,3.557592245,-2.857738033,ds_cbdf3834368e,ds_16b6be697acb,01190,
01036,2.595292704,-1.574671978,3.557592245,-2.857738033,ds_cbdf3834368e,ds_16b6be697acb,01190,
01037,2.595292704,-1.574671978,3.557592245,-2.857738033,ds_cbdf3834368e,ds_16b6be697acb,01190,
01038,2.916059218,-1.895438491,3.557592245,-2.857738033,ds_cbdf3834368e,ds_16b6be697acb,01190,
01039,2.916059218,-1.895438491,3.557592245,-2.857738033,ds_cbdf3834368e,ds_16b6be697acb,01190,
01040,2.916059218,-1.895438491,3.557592245,-2.857738033,ds_cbdf3834368e,ds_16b6be697acb,01190,
01041,2.595292704,-1.895438491,3.557592245,-2.857738033,ds_cbdf3834368e,ds_16b6be697acb,01190,
01042,2.595292704,-1.574671978,3.557592245,-2.857738033,ds_cbdf3834368e,ds_16b6be697acb,01190,
01043,2.595292704,-1.574671978,3.557592245,-2.857738033,ds_cbdf3834368e,ds_16b6be697acb,01190,
01044,2.595292704,-1.895438491,3.557592245,-2.857738033,ds_cbdf3834368e,ds_16b6be697acb,01190,
01045,2.595292704,-1.895438491,3.557592245,-2.857738033,ds_cbdf3834368e,ds_16b6be697acb,01190,
01046,2.595292704,-1.574671978,3.557592245,-2.857738033,ds_cbdf3834368e,ds_16b6be697acb,01190,
01047,2.27452619,-1.895438491,3.557592245,-2.857738033,ds_cbdf3834368e,ds_16b6be697acb,01190,
01048,2.27452619,-1.895438491,3.557592245,-2.857738033,ds_cbdf3834368e,ds_16b6be697acb,01190,
01049,2.27452619,-1.895438491,3.557592245,-2.857738033,ds_cbdf3834368e,ds_16b6be697acb,01190,
01050,2.27452619,-2.216205005,3.557592245,-2.857738033,ds_cbdf3834368e,ds_16b6be697acb,01190,
01051,2.27452619,-2.216205005,3.557592245,-2.857738033,ds_cbdf3834368e,ds_16b6be697acb,01190,
01052,2.595292704,-2.216205005,3.557592245,-2.857738033,ds_cbdf3834368e,ds_16b6be697acb,01190,
01053,2.595292704,-2.216205005,3.557592245,-2.857738033,ds_cbdf3834368e,ds_16b6be697acb,01190,
01054,2.595292704,-1.895438491,3.557592245,-2.857738033,ds_cbdf3834368e,ds_16b6be697acb,01190,
01055,2.595292704,-1.895438491,3.557592245,-2.857738033,ds_cbdf3834368e,ds_16b6be697acb,01190,
01056,2.595292704,-1.895438491,3.557592245,-2.857738033,ds_cbdf3834368e,ds_16b6be697acb,01190,
01057,2.595292704,-1.895438491,3.557592245,-2.857738033,ds_cbdf3834368e,ds_16b6be697acb,01190,
01058,2.595292704,-1.895438491,3.557592245,-2.857738033,ds_cbdf3834368e,ds_16b6be697acb,01190,
01059,2.595292704,-1.895438491,3.557592245,-2.857738033,ds_cbdf3834368e,ds_16b6be697acb,01190,
01060,2.916059218,-1.895438491,3.557592245,-2.857738033,ds_cbdf3834368e,ds_16b6be697acb,01190,
01061,2.916059218,-1.895438491,3.557592245,-2.857738033,ds_cbdf3834368e,ds_16b6be697acb,01190,
01062,3.236825732,-1.574671978,3.557592245,-2.857738033,ds_cbdf3834368e,ds_16b6be697acb,01190,
01063,3.236825732,-1.895438491,3.557592245,-2.857738033,ds_cbdf3834368e,ds_16b6be697acb,01190,
01064,2.916059218,-1.895438491,3.557592245,-2.857738033,ds_cbdf3834368e,ds_16b6be697acb,01190,
01065,2.916059218,-1.895438491,3.557592245,-2.857738033,ds_cbdf3834368e,ds_16b6be697acb,01190,
01066,2.916059218,-1.895438491,3.557592245,-2.857738033,ds_cbdf3834368e,ds_16b6be697acb,01190,
01067,2.595292704,-2.216205005,3.557592245,-2.857738033,ds_cbdf3834368e,ds_16b6be697acb,01190,
01068,2.595292704,-2.216205005,3.557592245,-2.857738033,ds_cbdf3834368e,ds_16b6be697acb,01190,
01069,2.595292704,-2.216205005,3.557592245,-2.857738033,ds_cbdf3834368e,ds_16b6be697acb,01190,
01070,2.595292704,-2.216205005,3.557592245,-2.857738033,ds_cbdf3834368e,ds_16b6be697acb,01190,
01071,2.27452619,-2.216205005,3.557592245,-2.857738033,ds_cbdf3834368e,ds_16b6be697acb,01190,
01072,2.27452619,-2.216205005,3.557592245,-2.857738033,ds_cbdf3834368e,ds_16b6be697acb,01190,
01073,2.595292704,-2.216205005,3.557592245,-2.857738033,ds_cbdf3834368e,ds_16b6be697acb,01190,
01074,2.595292704,-2.216205005,3.557592245,-2.857738033,ds_cbdf3834368e,ds_16b6be697acb,01190,
01075,2.595292704,-2.216205005,3.557592245,-2.857738033,ds_cbdf3834368e,ds_16b6be697acb,01190,
01076,2.595292704,-2.216205005,3.557592245,-2.857738033,ds_cbdf3834368e,ds_16b6be697acb,01190,
01077,2.27452619,-2.216205005,3.557592245,-2.857738033,ds_cbdf3834368e,ds_16b6be697acb,01190,
01078,2.27452619,-2.216205005,3.557592245,-2.857738033,ds_cbdf3834368e,ds_16b6be697acb,01190,
01079,2.27452619,-2.216205005,3.557592245,-2.857738033,ds_cbdf3834368e,ds_16b6be697acb,01190,
01080,2.595292704,-2.536971519,3.557592245,-2.857738033,ds_cbdf3834368e,ds_16b6be697acb,01190,
01081,2.916059218,-2.536971519,3.557592245,-2.857738033,ds_cbdf3834368e,ds_16b6be697acb,01190,
01082,3.236825732,-2.536971519,3.557592245,-2.857738033,ds_cbdf3834368e,ds_16b6be697acb,01190,
01083,3.236825732,-2.216205005,3.557592245,-2.857738033,ds_cbdf3834368e,ds_16b6be697acb,01190,
01084,3.236825732,-2.216205005,3.557592245,-2.857738033,ds_cbdf3834368e,ds_16b6be697acb,01190,
01085,3.236825732,-2.216205005,3.557592245,-2.857738033,ds_cbdf3834368e,ds_16b6be697acb,01190,
01086,3.236825732,-2.216205005,3.557592245,-2.857738033,ds_cbdf3834368e,ds_16b6be697acb,01190,
01087,3.236825732,-2.216205005,3.557592245,-2.857738033,ds_cbdf3834368e,ds_16b6be697acb,01190,
01088,2.916059218,-2.216205005,3.557592245,-2.857738033,ds_cbdf3834368e,ds_16b6be697acb,01190,
01089,2.595292704,-2.216205005,3.557592245,-2.857738033,ds_cbdf3834368e,ds_16b6be697acb,01190,
01090,2.916059218,-2.216205005,3.557592245,-2.857738033,ds_cbdf3834368e,ds_16b6be697acb,01190,
01091,2.916059218,-2.216205005,3.557592245,-2.857738033,ds_cbdf3834368e,ds_16b6be697acb,01190,
01092,2.916059218,-2.216205005,3.557592245,-2.857738033,ds_cbdf3834368e,ds_16b6be697acb,01190,
01093,2.595292704,-2.216205005,3.557592245,-2.857738033,ds_cbdf3834368e,ds_16b6be697acb,01190,
01094,2.595292704,-2.216205005,3.557592245,-2.857738033,ds_cbdf3834368e,ds_16b6be697acb,01190,
01095,2.27452619,-2.216205005,3.557592245,-2.857738033,ds_cbdf3834368e,ds_16b6be697acb,01190,
01096,2.27452619,-2.216205005,3.557592245,-2.857738033,ds_cbdf3834368e,ds_16b6be697acb,01190,
01097,1.953759676,-2.216205005,3.557592245,-2.857738033,ds_cbdf3834368e,ds_16b6be697acb,01190,
01098,1.953759676,-2.216205005,3.557592245,-2.857738033,ds_cbdf3834368e,ds_16b6be697acb,01190,
01099,2.27452619,-2.216205005,3.557592245,-2.857738033,ds_cbdf3834368e,ds_16b6be697acb,01190,
01100,1.953759676,-2.216205005,3.557592245,-2.857738033,ds_cbdf3834368e,ds_16b6be697acb,01190,
01101,2.27452619,-2.216205005,3.557592245,-2.857738033,ds_cbdf3834368e,ds_16b6be697acb,01190,
01102,1.953759676,-2.216205005,3.557592245,-2.857738033,ds_cbdf3834368e,ds_16b6be697acb,01190,
01103,1.953759676,-2.216205005,3.557592245,-2.857738033,ds_cbdf3834368e,ds_16b6be697acb,01190,
01104,1.953759676,-2.536971519,3.557592245,-2.857738033,ds_cbdf3834368e,ds_16b6be697acb,01190,
01105,1.953759676,-2.536971519,3.557592245,-2.857738033,ds_cbdf3834368e,ds_16b6be697acb,01190,
01106,1.953759676,-2.216205005,3.557592245,-2.857738033,ds_cbdf3834368e,ds_16b6be697acb,01190,
01107,1.953759676,-2.216205005,3.557592245,-2.857738033,ds_cbdf3834368e,ds_16b6be697acb,01190,
01108,1.953759676,-2.216205005,3.557592245,-2.857738033,ds_cbdf3834368e,ds_16b6be697acb,01190,
01109,1.953759676,-2.216205005,3.557592245,-2.857738033,ds_cbdf3834368e,ds_16b6be697acb,01190,
01110,1.953759676,-2.216205005,3.557592245,-2.857738033,ds_cbdf3834368e,ds_16b6be697acb,01190,
01111,1.953759676,-2.216205005,3.557592245,-2.857738033,ds_cbdf3834368e,ds_16b6be697acb,01190,
01112,1.953759676,-2.216205005,3.557592245,-2.857738033,ds_cbdf3834368e,ds_16b6be697acb,01190,
01113,1.632993162,-2.216205005,3.557592245,-2.857738033,ds_cbdf3834368e,ds_16b6be697acb,01190,
01114,1.953759676,-2.216205005,3.557592245,-2.857738033,ds_cbdf3834368e,ds_16b6be697acb,01190,
01115,1.953759676,-2.216205005,3.557592245,-2.857738033,ds_cbdf3834368e,ds_16b6be697acb,01190,
01116,1.953759676,-2.216205005,3.557592245,-2.857738033,ds_cbdf3834368e,ds_16b6be697acb,01190,
01117,2.27452619,-2.216205005,3.557592245,-2.857738033,ds_cbdf3834368e,ds_16b6be697acb,01190,
01118,2.27452619,-2.216205005,3.557592245,-2.857738033,ds_cbdf3834368e,ds_16b6be697acb,01190,
01119,1.953759676,-1.895438491,3.557592245,-2.857738033,ds_cbdf3834368e,ds_16b6be697acb,01190,
01120,1.953759676,-1.895438491,3.557592245,-2.857738033,ds_cbdf3834368e,ds_16b6be697acb,01190,
01121,2.27452619,-1.895438491,3.557592245,-2.857738033,ds_cbdf3834368e,ds_16b6be697acb,01190,
01122,2.27452619,-1.895438491,3.557592245,-2.857738033,ds_cbdf3834368e,ds_16b6be697acb,01190,
01123,2.27452619,-1.895438491,3.557592245,-2.857738033,ds_cbdf3834368e,ds_16b6be697acb,01190,
01124,2.27452619,-1.895438491,3.557592245,-2.857738033,ds_cbdf3834368e,ds_16b6be697acb,01190,
01125,2.27452619,-1.895438491,3.557592245,-2.857738033,ds_cbdf3834368e,ds_16b6be697acb,01190,
01126,1.953759676,-1.895438491,3.557592245,-2.857738033,ds_cbdf3834368e,ds_16b6be697acb,01190,
01127,1.953759676,-1.895438491,3.557592245,-2.857738033,ds_cbdf3834368e,ds_16b6be697acb,01190,
01128,2.27452619,-1.895438491,3.557592245,-2.857738033,ds_cbdf3834368e,ds_16b6be697acb,01190,
01129,2.595292704,-1.895438491,3.557592245,-2.857738033,ds_cbdf3834368e,ds_16b6be697acb,01190,
01130,2.916059218,-1.895438491,3.557592245,-2.857738033,ds_cbdf3834368e,ds_16b6be697acb,01190,
01131,2.916059218,-1.895438491,3.557592245,-2.857738033,ds_cbdf3834368e,ds_16b6be697acb,01190,
01132,2.916059218,-1.895438491,3.557592245,-2.857738033,ds_cbdf3834368e,ds_16b6be697acb,01190,
01133,2.916059218,-1.895438491,3.557592245,-2.857738033,ds_cbdf3834368e,ds_16b6be697acb,01190,
01134,2.916059218,-1.895438491,3.557592245,-2.857738033,ds_cbdf3834368e,ds_16b6be697acb,01190,
01135,2.916059218,-1.895438491,3.557592245,-2.857738033,ds_cbdf3834368e,ds_16b6be697acb,01190,
01136,2.916059218,-1.895438491,3.557592245,-2.857738033,ds_cbdf3834368e,ds_16b6be697acb,01190,
01137,2.916059218,-1.895438491,3.557592245,-2.857738033,ds_cbdf3834368e,ds_16b6be697acb,01190,
01138,2.595292704,-1.895438491,3.557592245,-2.857738033,ds_cbdf3834368e,ds_16b6be697acb,01190,
01139,2.595292704,-1.895438491,3.557592245,-2.857738033,ds_cbdf3834368e,ds_16b6be697acb,01190,
01140,2.595292704,-1.895438491,3.557592245,-2.857738033,ds_cbdf3834368e,ds_16b6be697acb,01190,
01141,2.595292704,-1.895438491,3.557592245,-2.857738033,ds_cbdf3834368e,ds_16b6be697acb,01190,
01142,2.916059218,-1.574671978,3.557592245,-2.857738033,ds_cbdf3834368e,ds_16b6be697acb,01190,
01143,3.236825732,-1.895438491,3.557592245,-2.857738033,ds_cbdf3834368e,ds_16b6be697acb,01190,
01144,3.236825732,-1.895438491,3.557592245,-2.857738033,ds_cbdf3834368e,ds_16b6be697acb,01190,
01145,3.236825732,-1.895438491,3.557592245,-2.857738033,ds_cbdf3834368e,ds_16b6be697acb,01190,
01146,3.236825732,-1.895438491,3.557592245,-2.857738033,ds_cbdf3834368e,ds_16b6be697acb,01190,
01147,3.236825732,-1.895438491,3.557592245,-2.857738033,ds_cbdf3834368e,ds_16b6be697acb,01190,
01148,2.916059218,-1.895438491,3.557592245,-2.857738033,ds_cbdf3834368e,ds_16b6be697acb,01190,
01149,2.916059218,-1.895438491,3.557592245,-2.857738033,ds_cbdf3834368e,ds_16b6be697acb,01190,
01150,2.916059218,-1.895438491,3.557592245,-2.857738033,ds_cbdf3834368e,ds_16b6be697acb,01190,
01151,2.916059218,-1.895438491,3.557592245,-2.857738033,ds_cbdf3834368e,ds_16b6be697acb,01190,
01152,3.236825732,-1.895438491,3.557592245,-2.857738033,ds_cbdf3834368e,ds_16b6be697acb,01190,
01153,3.236825732,-1.895438491,3.557592245,-2.857738033,ds_cbdf3834368e,ds_16b6be697acb,01190,
01154,3.236825732,-1.895438491,3.557592245,-2.857738033,ds_cbdf3834368e,ds_16b6be697acb,01190,
01155,3.236825732,-1.895438491,3.557592245,-2.857738033,ds_cbdf3834368e,ds_16b6be697acb,01190,
01156,3.236825732,-1.574671978,3.557592245,-2.857738033,ds_cbdf3834368e,ds_16b6be697acb,01190,
01157,3.236825732,-1.574671978,3.557592245,-2.857738033,ds_cbdf3834368e,ds_16b6be697acb,01190,
01158,3.236825732,-1.574671978,3.557592245,-2.857738033,ds_cbdf3834368e,ds_16b6be697acb,01190,
01159,3.236825732,-1.574671978,3.557592245,-2.857738033,ds_cbdf3834368e,ds_16b6be697acb,01190,
01160,3.557592245,-1.574671978,3.557592245,-2.857738033,ds_cbdf3834368e,ds_16b6be697acb,01190,
01161,3.557592245,-1.574671978,3.557592245,-2.857738033,ds_cbdf3834368e,ds_16b6be697acb,01190,
01162,3.557592245,-1.895438491,3.557592245,-2.857738033,ds_cbdf3834368e,ds_16b6be697acb,01190,
01163,3.236825732,-1.895438491,3.557592245,-2.857738033,ds_cbdf3834368e,ds_16b6be697acb,01190,
01164,3.236825732,-1.895438491,3.557592245,-2.857738033,ds_cbdf3834368e,ds_16b6be697acb,01190,
01165,3.236825732,-1.895438491,3.557592245,-2.857738033,ds_cbdf3834368e,ds_16b6be697acb,01190,
01166,3.236825732,-1.895438491,3.557592245,-2.857738033,ds_cbdf3834368e,ds_16b6be697acb,01190,
01167,2.916059218,-1.895438491,3.557592245,-2.857738033,ds_cbdf3834368e,ds_16b6be697acb,01190,
01168,2.916059218,-1.895438491,3.557592245,-2.857738033,ds_cbdf3834368e,ds_16b6be697acb,01190,
01169,2.916059218,-1.574671978,3.557592245,-2.857738033,ds_cbdf3834368e,ds_16b6be697acb,01190,
01170,2.916059218,-1.574671978,3.557592245,-2.857738033,ds_cbdf3834368e,ds_16b6be697acb,01190,
01171,2.916059218,-1.895438491,3.557592245,-2.857738033,ds_cbdf3834368e,ds_16b6be697acb,01190,
01172,2.916059218,-1.895438491,3.557592245,-2.857738033,ds_cbdf3834368e,ds_16b6be697acb,01190,
01173,3.236825732,-1.895438491,3.557592245,-2.857738033,ds_cbdf3834368e,ds_16b6be697acb,01190,
01174,3.236825732,-1.574671978,3.557592245,-2.857738033,ds_cbdf3834368e,ds_16b6be697acb,01190,
01175,3.236825732,-1.895438491,3.557592245,-2.857738033,ds_cbdf3834368e,ds_16b6be697acb,01190,
01176,2.916059218,-1.895438491,3.557592245,-2.857738033,ds_cbdf3834368e,ds_16b6be697acb,01190,
01177,2.916059218,-1.895438491,3.557592245,-2.857738033,ds_cbdf3834368e,ds_16b6be697acb,01190,
01178,2.916059218,-1.895438491,3.557592245,-2.857738033,ds_cbdf3834368e,ds_16b6be697acb,01190,
01179,2.916059218,-1.895438491,3.557592245,-2.857738033,ds_cbdf3834368e,ds_16b6be697acb,01190,
01180,2.916059218,-1.895438491,3.557592245,-2.857738033,ds_cbdf3834368e,ds_16b6be697acb,01190,
01181,2.916059218,-1.895438491,3.557592245,-2.857738033,ds_cbdf3834368e,ds_16b6be697acb,01190,
01182,2.916059218,-1.895438491,3.557592245,-2.857738033,ds_cbdf3834368e,ds_16b6be697acb,01190,
01183,2.916059218,-1.895438491,3.557592245,-2.857738033,ds_cbdf3834368e,ds_16b6be697acb,01190,
01184,3.236825732,-1.895438491,3.557592245,-2.857738033,ds_cbdf3834368e,ds_16b6be697acb,01190,
01185,3.236825732,-1.895438491,3.557592245,-2.857738033,ds_cbdf3834368e,ds_16b6be697acb,01190,
01186,3.236825732,-1.895438491,3.557592245,-2.857738033,ds_cbdf3834368e,ds_16b6be697acb,01190,
01187,3.236825732,-1.895438491,3.557592245,-2.857738033,ds_cbdf3834368e,ds_16b6be697acb,01190,
01188,2.916059218,-1.895438491,3.557592245,-2.857738033,ds_cbdf3834368e,ds_16b6be697acb,01190,
01189,2.916059218,-1.895438491,3.557592245,-2.857738033,ds_cbdf3834368e,ds_16b6be697acb,01190,
01190,2.916059218,-1.895438491,3.557592245,-2.857738033,ds_cbdf3834368e,ds_16b6be697acb,01190,
