number_i,number_j,count,expected,null_lo,null_hi,z,sim_lo,sim_hi,source_dataset_version,analysis_version,through_draw,override_ref
1,2,16,12.02020202,6,19,1.153744658,1,29,ds_cbdf3834368e,ds_16b6be697acb,01190,
1,3,15,12.02020202,6,19,0.8638443507,1,29,ds_cbdf3834368e,ds_16b6be697acb,01190,
1,4,11,12.02020202,6,19,-0.2957568794,1,29,ds_cbdf3834368e,ds_16b6be697acb,01190,
1,5,14,12.02020202,6,19,0.5739440432,1,29,ds_cbdf3834368e,ds_16b6be697acb,01190,
1,6,10,12.02020202,6,19,-0.5856571869,1,29,ds_cbdf3834368e,ds_16b6be697acb,01190,
1,7,15,12.02020202,6,19,0.8638443507,1,29,ds_cbdf3834368e,ds_16b6be697acb,01190,
1,8,14,12.02020202,6,19,0.5739440432,1,29,ds_cbdf3834368e,ds_16b6be697acb,01190,
1,9,13,12.02020202,6,19,0.2840437357,1,29,ds_cbdf3834368e,ds_16b6be697acb,01190,
1,10,12,12.02020202,6,19,-0.005856571869,1,29,ds_cbdf3834368e,ds_16b6be697acb,01190,
1,11,14,12.02020202,6,19,0.5739440432,1,29,ds_cbdf3834368e,ds_16b6be697acb,01190,
1,12,10,12.02020202,6,19,-0.5856571869,1,29,ds_cbdf3834368e,ds_16b6be697acb,01190,
1,13,12,12.02020202,6,19,-0.005856571869,1,29,ds_cbdf3834368e,ds_16b6be697acb,01190,
1,14,13,12.02020202,6,19,0.2840437357,1,29,ds_cbdf3834368e,ds_16b6be697acb,01190,
1,15,7,12.02020202,6,19,-1.45535811,1,29,ds_cbdf3834368e,ds_16b6be697acb,01190,
1,16,6,12.02020202,6,19,-1.745258417,1,29,ds_cbdf3834368e,ds_16b6be697acb,01190,
1,17,11,12.02020202,6,19,-0.2957568794,1,29,ds_cbdf3834368e,ds_16b6be697acb,01190,
1,18,14,12.02020202,6,19,0.5739440432,1,29,ds_cbdf3834368e,ds_16b6be697acb,01190,
1,19,8,12.02020202,6,19,-1.165457802,1,29,ds_cbdf3834368e,ds_16b6be697acb,01190,
1,20,20,12.02020202,6,19,2.313345888,1,29,ds_cbdf3834368e,ds_16b6be697acb,01190,
1,21,16,12.02020202,6,19,1.153744658,1,29,ds_cbdf3834368e,ds_16b6be697acb,01190,
1,22,15,12.02020202,6,19,0.8638443507,1,29,ds_cbdf3834368e,ds_16b6be697acb,01190,
1,23,15,12.02020202,6,19,0.8638443507,1,29,ds_cbdf3834368e,ds_16b6be697acb,01190,
1,24,13,12.02020202,6,19,0.2840437357,1,29,ds_cbdf3834368e,ds_16b6be697acb,01190,
1,25,15,12.02020202,6,19,0.8638443507,1,29,ds_cbdf3834368e,ds_16b6be697acb,01190,
1,26,14,12.02020202,6,19,0.5739440432,1,29,ds_cbdf3834368e,ds_16b6be697acb,01190,
1,27,9,12.02020202,6,19,-0.8755574944,1,29,ds_cbdf3834368e,ds_16b6be697acb,01190,
1,28,13,12.02020202,6,19,0.2840437357,1,29,ds_cbdf3834368e,ds_16b6be697acb,01190,
1,29,12,12.02020202,6,19,-0.005856571869,1,29,ds_cbdf3834368e,ds_16b6be697acb,01190,
1,30,12,12.02020202,6,19,-0.005856571869,1,29,ds_cbdf3834368e,ds_16b6be697acb,01190,
1,31,11,12.02020202,6,19,-0.2957568794,1,29,ds_cbdf3834368e,ds_16b6be697acb,01190,
1,32,6,12.02020202,6,19,-1.745258417,1,29,ds_cbdf3834368e,ds_16b6be697acb,01190,
1,33,11,12.02020202,6,19,-0.2957568794,1,29,ds_cbdf3834368e,ds_16b6be697acb,01190,
1,34,17,12.02020202,6,19,1.443644966,1,29,ds_cbdf3834368e,ds_16b6be697acb,01190,
1,35,12,12.02020202,6,19,-0.005856571869,1,29,ds_cbdf3834368e,ds_16b6be697acb,01190,
1,36,11,12.02020202,6,19,-0.2957568794,1,29,ds_cbdf3834368e,ds_16b6be697acb,01190,
1,37,11,12.02020202,6,19,-0.2957568794,1,29,ds_cbdf3834368e,ds_16b6be697acb,01190,
1,38,15,12.02020202,6,19,0.8638443507,1,29,ds_cbdf3834368e,ds_16b6be697acb,01190,
1,39,10,12.02020202,6,19,-0.5856571869,1,29,ds_cbdf3834368e,ds_16b6be697acb,01190,
1,40,13,12.02020202,6,19,0.2840437357,1,29,ds_cbdf3834368e,ds_16b6be697acb,01190,
1,41,15,12.02020202,6,19,0.8638443507,1,29,ds_cbdf3834368e,ds_16b6be697acb,01190,
1,42,16,12.02020202,6,19,1.153744658,1,29,ds_cbdf3834368e,ds_16b6be697acb,01190,
1,43,16,12.02020202,6,19,1.153744658,1,29,ds_cbdf3834368e,ds_16b6be697acb,01190,
1,44,18,12.02020202,6,19,1.733545273,1,29,ds_cbdf3834368e,ds_16b6be697acb,01190,
1,45,14,12.02020202,6,19,0.5739440432,1,29,ds_cbdf3834368e,ds_16b6be697acb,01190,
1,46,13,12.02020202,6,19,0.2840437357,1,29,ds_cbdf3834368e,ds_16b6be697acb,01190,
1,47,10,12.02020202,6,19,-0.5856571869,1,29,ds_cbdf3834368e,ds_16b6be697acb,01190,
1,48,17,12.02020202,6,19,1.443644966,1,29,ds_cbdf3834368e,ds_16b6be697acb,01190,
1,49,13,12.02020202,6,19,0.2840437357,1,29,ds_cbdf3834368e,ds_16b6be697acb,01190,
1,50,17,12.02020202,6,19,1.443644966,1,29,ds_cbdf3834368e,ds_16b6be697acb,01190,
1,51,14,12.02020202,6,19,0.5739440432,1,29,ds_cbdf3834368e,ds_16b6be697acb,01190,
1,52,8,12.02020202,6,19,-1.165457802,1,29,ds_cbdf3834368e,ds_16b6be697acb,01190,
1,53,13,12.02020202,6,19,0.2840437357,1,29,ds_cbdf3834368e,ds_16b6be697acb,01190,
1,54,11,12.02020202,6,19,-0.2957568794,1,29,ds_cbdf3834368e,ds_16b6be697acb,01190,
1,55,14,12.02020202,6,19,0.5739440432,1,29,ds_cbdf3834368e,ds_16b6be697acb,01190,
2,3,12,12.02020202,6,19,-0.005856571869,1,29,ds_cbdf3834368e,ds_16b6be697acb,01190,
2,4,6,12.02020202,6,19,-1.745258417,1,29,ds_cbdf3834368e,ds_16b6be697acb,01190,
2,5,11,12.02020202,6,19,-0.2957568794,1,29,ds_cbdf3834368e,ds_16b6be697acb,01190,
2,6,15,12.02020202,6,19,0.8638443507,1,29,ds_cbdf3834368e,ds_16b6be697acb,01190,
2,7,9,12.02020202,6,19,-0.8755574944,1,29,ds_cbdf3834368e,ds_16b6be697acb,01190,
2,8,12,12.02020202,6,19,-0.005856571869,1,29,ds_cbdf3834368e,ds_16b6be697acb,01190,
2,9,8,12.02020202,6,19,-1.165457802,1,29,ds_cbdf3834368e,ds_16b6be697acb,01190,
2,10,11,12.02020202,6,19,-0.2957568794,1,29,ds_cbdf3834368e,ds_16b6be697acb,01190,
2,11,10,12.02020202,6,19,-0.5856571869,1,29,ds_cbdf3834368e,ds_16b6be697acb,01190,
2,12,8,12.02020202,6,19,-1.165457802,1,29,ds_cbdf3834368e,ds_16b6be697acb,01190,
2,13,15,12.02020202,6,19,0.8638443507,1,29,ds_cbdf3834368e,ds_16b6be697acb,01190,
2,14,11,12.02020202,6,19,-0.2957568794,1,29,ds_cbdf3834368e,ds_16b6be697acb,01190,
2,15,13,12.02020202,6,19,0.2840437357,1,29,ds_cbdf3834368e,ds_16b6be697acb,01190,
2,16,11,12.02020202,6,19,-0.2957568794,1,29,ds_cbdf3834368e,ds_16b6be697acb,01190,
2,17,12,12.02020202,6,19,-0.005856571869,1,29,ds_cbdf3834368e,ds_16b6be697acb,01190,
2,18,8,12.02020202,6,19,-1.165457802,1,29,ds_cbdf3834368e,ds_16b6be697acb,01190,
2,19,15,12.02020202,6,19,0.8638443507,1,29,ds_cbdf3834368e,ds_16b6be697acb,01190,
2,20,12,12.02020202,6,19,-0.005856571869,1,29,ds_cbdf3834368e,ds_16b6be697acb,01190,
2,21,13,12.02020202,6,19,0.2840437357,1,29,ds_cbdf3834368e,ds_16b6be697acb,01190,
2,22,11,12.02020202,6,19,-0.2957568794,1,29,ds_cbdf3834368e,ds_16b6be697acb,01190,
2,23,15,12.02020202,6,19,0.8638443507,1,29,ds_cbdf3834368e,ds_16b6be697acb,01190,
2,24,7,12.02020202,6,19,-1.45535811,1,29,ds_cbdf3834368e,ds_16b6be697acb,01190,
2,25,9,12.02020202,6,19,-0.8755574944,1,29,ds_cbdf3834368e,ds_16b6be697acb,01190,
2,26,10,12.02020202,6,19,-0.5856571869,1,29,ds_cbdf3834368e,ds_16b6be697acb,01190,
2,27,12,12.02020202,6,19,-0.005856571869,1,29,ds_cbdf3834368e,ds_16b6be697acb,01190,
2,28,9,12.02020202,6,19,-0.8755574944,1,29,ds_cbdf3834368e,ds_16b6be697acb,01190,
2,29,7,12.02020202,6,19,-1.45535811,1,29,ds_cbdf3834368e,ds_16b6be697acb,01190,
2,30,13,12.02020202,6,19,0.2840437357,1,29,ds_cbdf3834368e,ds_16b6be697acb,01190,
2,31,11,12.02020202,6,19,-0.2957568794,1,29,ds_cbdf3834368e,ds_16b6be697acb,01190,
2,32,13,12.02020202,6,19,0.2840437357,1,29,ds_cbdf3834368e,ds_16b6be697acb,01190,
2,33,13,12.02020202,6,19,0.2840437357,1,29,ds_cbdf3834368e,ds_16b6be697acb,01190,
2,34,15,12.02020202,6,19,0.8638443507,1,29,ds_cbdf3834368e,ds_16b6be697acb,01190,
2,35,14,12.02020202,6,19,0.5739440432,1,29,ds_cbdf3834368e,ds_16b6be697acb,01190,
2,36,7,12.02020202,6,19,-1.45535811,1,29,ds_cbdf3834368e,ds_16b6be697acb,01190,
2,37,7,12.02020202,6,19,-1.45535811,1,29,ds_cbdf3834368e,ds_16b6be697acb,01190,
2,38,11,12.02020202,6,19,-0.2957568794,1,29,ds_cbdf3834368e,ds_16b6be697acb,01190,
2,39,11,12.02020202,6,19,-0.2957568794,1,29,ds_cbdf3834368e,ds_16b6be697acb,01190,
2,40,5,12.02020202,6,19,-2.035158725,1,29,ds_cbdf3834368e,ds_16b6be697acb,01190,
2,41,13,12.02020202,6,19,0.2840437357,1,29,ds_cbdf3834368e,ds_16b6be697acb,01190,
2,42,9,12.02020202,6,19,-0.8755574944,1,29,ds_cbdf3834368e,ds_16b6be697acb,01190,
2,43,7,12.02020202,6,19,-1.45535811,1,29,ds_cbdf3834368e,ds_16b6be697acb,01190,
2,44,9,12.02020202,6,19,-0.8755574944,1,29,ds_cbdf3834368e,ds_16b6be697acb,01190,
2,45,10,12.02020202,6,19,-0.5856571869,1,29,ds_cbdf3834368e,ds_16b6be697acb,01190,
2,46,13,12.02020202,6,19,0.2840437357,1,29,ds_cbdf3834368e,ds_16b6be697acb,01190,
2,47,9,12.02020202,6,19,-0.8755574944,1,29,ds_cbdf3834368e,ds_16b6be697acb,01190,
2,48,11,12.02020202,6,19,-0.2957568794,1,29,ds_cbdf3834368e,ds_16b6be697acb,01190,
2,49,5,12.02020202,6,19,-2.035158725,1,29,ds_cbdf3834368e,ds_16b6be697acb,01190,
2,50,12,12.02020202,6,19,-0.005856571869,1,29,ds_cbdf3834368e,ds_16b6be697acb,01190,
2,51,12,12.02020202,6,19,-0.005856571869,1,29,ds_cbdf3834368e,ds_16b6be697acb,01190,
2,52,11,12.02020202,6,19,-0.2957568794,1,29,ds_cbdf3834368e,ds_16b6be697acb,01190,
2,53,10,12.02020202,6,19,-0.5856571869,1,29,ds_cbdf3834368e,ds_16b6be697acb,01190,
2,54,10,12.02020202,6,19,-0.5856571869,1,29,ds_cbdf3834368e,ds_16b6be697acb,01190,
2,55,11,12.02020202,6,19,-0.2957568794,1,29,ds_cbdf3834368e,ds_16b6be697acb,01190,
3,4,7,12.02020202,6,19,-1.45535811,1,29,ds_cbdf3834368e,ds_16b6be697acb,01190,
3,5,8,12.02020202,6,19,-1.165457802,1,29,ds_cbdf3834368e,ds_16b6be697acb,01190,
3,6,13,12.02020202,6,19,0.2840437357,1,29,ds_cbdf3834368e,ds_16b6be697acb,01190,
3,7,13,12.02020202,6,19,0.2840437357,1,29,ds_cbdf3834368e,ds_16b6be697acb,01190,
3,8,11,12.02020202,6,19,-0.2957568794,1,29,ds_cbdf3834368e,ds_16b6be697acb,01190,
3,9,19,12.02020202,6,19,2.023445581,1,29,ds_cbdf3834368e,ds_16b6be697acb,01190,
3,10,12,12.02020202,6,19,-0.005856571869,1,29,ds_cbdf3834368e,ds_16b6be697acb,01190,
3,11,11,12.02020202,6,19,-0.2957568794,1,29,ds_cbdf3834368e,ds_16b6be697acb,01190,
3,12,13,12.02020202,6,19,0.2840437357,1,29,ds_cbdf3834368e,ds_16b6be697acb,01190,
3,13,10,12.02020202,6,19,-0.5856571869,1,29,ds_cbdf3834368e,ds_16b6be697acb,01190,
3,14,15,12.02020202,6,19,0.8638443507,1,29,ds_cbdf3834368e,ds_16b6be697acb,01190,
3,15,15,12.02020202,6,19,0.8638443507,1,29,ds_cbdf3834368e,ds_16b6be697acb,01190,
3,16,11,12.02020202,6,19,-0.2957568794,1,29,ds_cbdf3834368e,ds_16b6be697acb,01190,
3,17,11,12.02020202,6,19,-0.2957568794,1,29,ds_cbdf3834368e,ds_16b6be697acb,01190,
3,18,10,12.02020202,6,19,-0.5856571869,1,29,ds_cbdf3834368e,ds_16b6be697acb,01190,
3,19,13,12.02020202,6,19,0.2840437357,1,29,ds_cbdf3834368e,ds_16b6be697acb,01190,
3,20,11,12.02020202,6,19,-0.2957568794,1,29,ds_cbdf3834368e,ds_16b6be697acb,01190,
3,21,15,12.02020202,6,19,0.8638443507,1,29,ds_cbdf3834368e,ds_16b6be697acb,01190,
3,22,12,12.02020202,6,19,-0.005856571869,1,29,ds_cbdf3834368e,ds_16b6be697acb,01190,
3,23,13,12.02020202,6,19,0.2840437357,1,29,ds_cbdf3834368e,ds_16b6be697acb,01190,
3,24,9,12.02020202,6,19,-0.8755574944,1,29,ds_cbdf3834368e,ds_16b6be697acb,01190,
3,25,17,12.02020202,6,19,1.443644966,1,29,ds_cbdf3834368e,ds_16b6be697acb,01190,
3,26,14,12.02020202,6,19,0.5739440432,1,29,ds_cbdf3834368e,ds_16b6be697acb,01190,
3,27,4,12.02020202,6,19,-2.325059032,1,29,ds_cbdf3834368e,ds_16b6be697acb,01190,
3,28,7,12.02020202,6,19,-1.45535811,1,29,ds_cbdf3834368e,ds_16b6be697acb,01190,
3,29,12,12.02020202,6,19,-0.005856571869,1,29,ds_cbdf3834368e,ds_16b6be697acb,01190,
3,30,13,12.02020202,6,19,0.2840437357,1,29,ds_cbdf3834368e,ds_16b6be697acb,01190,
3,31,13,12.02020202,6,19,0.2840437357,1,29,ds_cbdf3834368e,ds_16b6be697acb,01190,
3,32,15,12.02020202,6,19,0.8638443507,1,29,ds_cbdf3834368e,ds_16b6be697acb,01190,
3,33,17,12.02020202,6,19,1.443644966,1,29,ds_cbdf3834368e,ds_16b6be697acb,01190,
3,34,19,12.02020202,6,19,2.023445581,1,29,ds_cbdf3834368e,ds_16b6be697acb,01190,
3,35,15,12.02020202,6,19,0.8638443507,1,29,ds_cbdf3834368e,ds_16b6be697acb,01190,
3,36,15,12.02020202,6,19,0.8638443507,1,29,ds_cbdf3834368e,ds_16b6be697acb,01190,
3,37,12,12.02020202,6,19,-0.005856571869,1,29,ds_cbdf3834368e,ds_16b6be697acb,01190,
3,38,11,12.02020202,6,19,-0.2957568794,1,29,ds_cbdf3834368e,ds_16b6be697acb,01190,
3,39,12,12.02020202,6,19,-0.005856571869,1,29,ds_cbdf3834368e,ds_16b6be697acb,01190,
3,40,16,12.02020202,6,19,1.153744658,1,29,ds_cbdf3834368e,ds_16b6be697acb,01190,
3,41,25,12.02020202,6,19,3.762847426,1,29,ds_cbdf3834368e,ds_16b6be697acb,01190,
3,42,12,12.02020202,6,19,-0.005856571869,1,29,ds_cbdf3834368e,ds_16b6be697acb,01190,
3,43,12,12.02020202,6,19,-0.005856571869,1,29,ds_cbdf3834368e,ds_16b6be697acb,01190,
3,44,19,12.02020202,6,19,2.023445581,1,29,ds_cbdf3834368e,ds_16b6be697acb,01190,
3,45,10,12.02020202,6,19,-0.5856571869,1,29,ds_cbdf3834368e,ds_16b6be697acb,01190,
3,46,10,12.02020202,6,19,-0.5856571869,1,29,ds_cbdf3834368e,ds_16b6be697acb,01190,
3,47,11,12.02020202,6,19,-0.2957568794,1,29,ds_cbdf3834368e,ds_16b6be697acb,01190,
3,48,13,12.02020202,6,19,0.2840437357,1,29,ds_cbdf3834368e,ds_16b6be697acb,01190,
3,49,17,12.02020202,6,19,1.443644966,1,29,ds_cbdf3834368e,ds_16b6be697acb,01190,
3,50,13,12.02020202,6,19,0.2840437357,1,29,ds_cbdf3834368e,ds_16b6be697acb,01190,
3,51,11,12.02020202,6,19,-0.2957568794,1,29,ds_cbdf3834368e,ds_16b6be697acb,01190,
3,52,14,12.02020202,6,19,0.5739440432,1,29,ds_cbdf3834368e,ds_16b6be697acb,01190,
3,53,9,12.02020202,6,19,-0.8755574944,1,29,ds_cbdf3834368e,ds_16b6be697acb,01190,
3,54,19,12.02020202,6,19,2.023445581,1,29,ds_cbdf3834368e,ds_16b6be697acb,01190,
3,55,9,12.02020202,6,19,-0.8755574944,1,29,ds_cbdf3834368e,ds_16b6be697acb,01190,
4,5,9,12.02020202,6,19,-0.8755574944,1,29,ds_cbdf3834368e,ds_16b6be697acb,01190,
4,6,13,12.02020202,6,19,0.2840437357,1,29,ds_cbdf3834368e,ds_16b6be697acb,01190,
4,7,12,12.02020202,6,19,-0.005856571869,1,29,ds_cbdf3834368e,ds_16b6be697acb,01190,
4,8,15,12.02020202,6,19,0.8638443507,1,29,ds_cbdf3834368e,ds_16b6be697acb,01190,
4,9,7,12.02020202,6,19,-1.45535811,1,29,ds_cbdf3834368e,ds_16b6be697acb,01190,
4,10,8,12.02020202,6,19,-1.165457802,1,29,ds_cbdf3834368e,ds_16b6be697acb,01190,
4,11,6,12.02020202,6,19,-1.745258417,1,29,ds_cbdf3834368e,ds_16b6be697acb,01190,
4,12,12,12.02020202,6,19,-0.005856571869,1,29,ds_cbdf3834368e,ds_16b6be697acb,01190,
4,13,11,12.02020202,6,19,-0.2957568794,1,29,ds_cbdf3834368e,ds_16b6be697acb,01190,
4,14,11,12.02020202,6,19,-0.2957568794,1,29,ds_cbdf3834368e,ds_16b6be697acb,01190,
4,15,12,12.02020202,6,19,-0.005856571869,1,29,ds_cbdf3834368e,ds_16b6be697acb,01190,
4,16,12,12.02020202,6,19,-0.005856571869,1,29,ds_cbdf3834368e,ds_16b6be697acb,01190,
4,17,11,12.02020202,6,19,-0.2957568794,1,29,ds_cbdf3834368e,ds_16b6be697acb,01190,
4,18,14,12.02020202,6,19,0.5739440432,1,29,ds_cbdf3834368e,ds_16b6be697acb,01190,
4,19,10,12.02020202,6,19,-0.5856571869,1,29,ds_cbdf3834368e,ds_16b6be697acb,01190,
4,20,10,12.02020202,6,19,-0.5856571869,1,29,ds_cbdf3834368e,ds_16b6be697acb,01190,
4,21,9,12.02020202,6,19,-0.8755574944,1,29,ds_cbdf3834368e,ds_16b6be697acb,01190,
4,22,14,12.02020202,6,19,0.5739440432,1,29,ds_cbdf3834368e,ds_16b6be697acb,01190,
4,23,9,12.02020202,6,19,-0.8755574944,1,29,ds_cbdf3834368e,ds_16b6be697acb,01190,
4,24,11,12.02020202,6,19,-0.2957568794,1,29,ds_cbdf3834368e,ds_16b6be697acb,01190,
4,25,13,12.02020202,6,19,0.2840437357,1,29,ds_cbdf3834368e,ds_16b6be697acb,01190,
4,26,10,12.02020202,6,19,-0.5856571869,1,29,ds_cbdf3834368e,ds_16b6be697acb,01190,
4,27,9,12.02020202,6,19,-0.8755574944,1,29,ds_cbdf3834368e,ds_16b6be697acb,01190,
4,28,4,12.02020202,6,19,-2.325059032,1,29,ds_cbdf3834368e,ds_16b6be697acb,01190,
4,29,8,12.02020202,6,19,-1.165457802,1,29,ds_cbdf3834368e,ds_16b6be697acb,01190,
4,30,15,12.02020202,6,19,0.8638443507,1,29,ds_cbdf3834368e,ds_16b6be697acb,01190,
4,31,10,12.02020202,6,19,-0.5856571869,1,29,ds_cbdf3834368e,ds_16b6be697acb,01190,
4,32,10,12.02020202,6,19,-0.5856571869,1,29,ds_cbdf3834368e,ds_16b6be697acb,01190,
4,33,8,12.02020202,6,19,-1.165457802,1,29,ds_cbdf3834368e,ds_16b6be697acb,01190,
4,34,9,12.02020202,6,19,-0.8755574944,1,29,ds_cbdf3834368e,ds_16b6be697acb,01190,
4,35,15,12.02020202,6,19,0.8638443507,1,29,ds_cbdf3834368e,ds_16b6be697acb,01190,
4,36,7,12.02020202,6,19,-1.45535811,1,29,ds_cbdf3834368e,ds_16b6be697acb,01190,
4,37,6,12.02020202,6,19,-1.745258417,1,29,ds_cbdf3834368e,ds_16b6be697acb,01190,
4,38,10,12.02020202,6,19,-0.5856571869,1,29,ds_cbdf3834368e,ds_16b6be697acb,01190,
4,39,12,12.02020202,6,19,-0.005856571869,1,29,ds_cbdf3834368e,ds_16b6be697acb,01190,
4,40,12,12.02020202,6,19,-0.005856571869,1,29,ds_cbdf3834368e,ds_16b6be697acb,01190,
4,41,12,12.02020202,6,19,-0.005856571869,1,29,ds_cbdf3834368e,ds_16b6be697acb,01190,
4,42,14,12.02020202,6,19,0.5739440432,1,29,ds_cbdf3834368e,ds_16b6be697acb,01190,
4,43,7,12.02020202,6,19,-1.45535811,1,29,ds_cbdf3834368e,ds_16b6be697acb,01190,
4,44,15,12.02020202,6,19,0.8638443507,1,29,ds_cbdf3834368e,ds_16b6be697acb,01190,
4,45,10,12.02020202,6,19,-0.5856571869,1,29,ds_cbdf3834368e,ds_16b6be697acb,01190,
4,46,7,12.02020202,6,19,-1.45535811,1,29,ds_cbdf3834368e,ds_16b6be697acb,01190,
4,47,14,12.02020202,6,19,0.5739440432,1,29,ds_cbdf3834368e,ds_16b6be697acb,01190,
4,48,5,12.02020202,6,19,-2.035158725,1,29,ds_cbdf3834368e,ds_16b6be697acb,01190,
4,49,9,12.02020202,6,19,-0.8755574944,1,29,ds_cbdf3834368e,ds_16b6be697acb,01190,
4,50,11,12.02020202,6,19,-0.2957568794,1,29,ds_cbdf3834368e,ds_16b6be697acb,01190,
4,51,10,12.02020202,6,19,-0.5856571869,1,29,ds_cbdf3834368e,ds_16b6be697acb,01190,
4,52,10,12.02020202,6,19,-0.5856571869,1,29,ds_cbdf3834368e,ds_16b6be697acb,01190,
4,53,13,12.02020202,6,19,0.2840437357,1,29,ds_cbdf3834368e,ds_16b6be697acb,01190,
4,54,7,12.02020202,6,19,-1.45535811,1,29,ds_cbdf3834368e,ds_16b6be697acb,01190,
4,55,13,12.02020202,6,19,0.2840437357,1,29,ds_cbdf3834368e,ds_16b6be697acb,01190,
5,6,8,12.02020202,6,19,-1.165457802,1,29,ds_cbdf3834368e,ds_16b6be697acb,01190,
5,7,11,12.02020202,6,19,-0.2957568794,1,29,ds_cbdf3834368e,ds_16b6be697acb,01190,
5,8,14,12.02020202,6,19,0.5739440432,1,29,ds_cbdf3834368e,ds_16b6be697acb,01190,
5,9,13,12.02020202,6,19,0.2840437357,1,29,ds_cbdf3834368e,ds_16b6be697acb,01190,
5,10,11,12.02020202,6,19,-0.2957568794,1,29,ds_cbdf3834368e,ds_16b6be697acb,01190,
5,11,19,12.02020202,6,19,2.023445581,1,29,ds_cbdf3834368e,ds_16b6be697acb,01190,
5,12,11,12.02020202,6,19,-0.2957568794,1,29,ds_cbdf3834368e,ds_16b6be697acb,01190,
5,13,7,12.02020202,6,19,-1.45535811,1,29,ds_cbdf3834368e,ds_16b6be697acb,01190,
5,14,13,12.02020202,6,19,0.2840437357,1,29,ds_cbdf3834368e,ds_16b6be697acb,01190,
5,15,7,12.02020202,6,19,-1.45535811,1,29,ds_cbdf3834368e,ds_16b6be697acb,01190,
5,16,7,12.02020202,6,19,-1.45535811,1,29,ds_cbdf3834368e,ds_16b6be697acb,01190,
5,17,12,12.02020202,6,19,-0.005856571869,1,29,ds_cbdf3834368e,ds_16b6be697acb,01190,
5,18,11,12.02020202,6,19,-0.2957568794,1,29,ds_cbdf3834368e,ds_16b6be697acb,01190,
5,19,14,12.02020202,6,19,0.5739440432,1,29,ds_cbdf3834368e,ds_16b6be697acb,01190,
5,20,16,12.02020202,6,19,1.153744658,1,29,ds_cbdf3834368e,ds_16b6be697acb,01190,
5,21,10,12.02020202,6,19,-0.5856571869,1,29,ds_cbdf3834368e,ds_16b6be697acb,01190,
5,22,16,12.02020202,6,19,1.153744658,1,29,ds_cbdf3834368e,ds_16b6be697acb,01190,
5,23,10,12.02020202,6,19,-0.5856571869,1,29,ds_cbdf3834368e,ds_16b6be697acb,01190,
5,24,13,12.02020202,6,19,0.2840437357,1,29,ds_cbdf3834368e,ds_16b6be697acb,01190,
5,25,9,12.02020202,6,19,-0.8755574944,1,29,ds_cbdf3834368e,ds_16b6be697acb,01190,
5,26,11,12.02020202,6,19,-0.2957568794,1,29,ds_cbdf3834368e,ds_16b6be697acb,01190,
5,27,14,12.02020202,6,19,0.5739440432,1,29,ds_cbdf3834368e,ds_16b6be697acb,01190,
5,28,11,12.02020202,6,19,-0.2957568794,1,29,ds_cbdf3834368e,ds_16b6be697acb,01190,
5,29,14,12.02020202,6,19,0.5739440432,1,29,ds_cbdf3834368e,ds_16b6be697acb,01190,
5,30,10,12.02020202,6,19,-0.5856571869,1,29,ds_cbdf3834368e,ds_16b6be697acb,01190,
5,31,11,12.02020202,6,19,-0.2957568794,1,29,ds_cbdf3834368e,ds_16b6be697acb,01190,
5,32,14,12.02020202,6,19,0.5739440432,1,29,ds_cbdf3834368e,ds_16b6be697acb,01190,
5,33,6,12.02020202,6,19,-1.745258417,1,29,ds_cbdf3834368e,ds_16b6be697acb,01190,
5,34,13,12.02020202,6,19,0.2840437357,1,29,ds_cbdf3834368e,ds_16b6be697acb,01190,
5,35,9,12.02020202,6,19,-0.8755574944,1,29,ds_cbdf3834368e,ds_16b6be697acb,01190,
5,36,10,12.02020202,6,19,-0.5856571869,1,29,ds_cbdf3834368e,ds_16b6be697acb,01190,
5,37,18,12.02020202,6,19,1.733545273,1,29,ds_cbdf3834368e,ds_16b6be697acb,01190,
5,38,8,12.02020202,6,19,-1.165457802,1,29,ds_cbdf3834368e,ds_16b6be697acb,01190,
5,39,14,12.02020202,6,19,0.5739440432,1,29,ds_cbdf3834368e,ds_16b6be697acb,01190,
5,40,13,12.02020202,6,19,0.2840437357,1,29,ds_cbdf3834368e,ds_16b6be697acb,01190,
5,41,5,12.02020202,6,19,-2.035158725,1,29,ds_cbdf3834368e,ds_16b6be697acb,01190,
5,42,19,12.02020202,6,19,2.023445581,1,29,ds_cbdf3834368e,ds_16b6be697acb,01190,
5,43,18,12.02020202,6,19,1.733545273,1,29,ds_cbdf3834368e,ds_16b6be697acb,01190,
5,44,13,12.02020202,6,19,0.2840437357,1,29,ds_cbdf3834368e,ds_16b6be697acb,01190,
5,45,17,12.02020202,6,19,1.443644966,1,29,ds_cbdf3834368e,ds_16b6be697acb,01190,
5,46,14,12.02020202,6,19,0.5739440432,1,29,ds_cbdf3834368e,ds_16b6be697acb,01190,
5,47,14,12.02020202,6,19,0.5739440432,1,29,ds_cbdf3834368e,ds_16b6be697acb,01190,
5,48,12,12.02020202,6,19,-0.005856571869,1,29,ds_cbdf3834368e,ds_16b6be697acb,01190,
5,49,16,12.02020202,6,19,1.153744658,1,29,ds_cbdf3834368e,ds_16b6be697acb,01190,
5,50,13,12.02020202,6,19,0.2840437357,1,29,ds_cbdf3834368e,ds_16b6be697acb,01190,
5,51,12,12.02020202,6,19,-0.005856571869,1,29,ds_cbdf3834368e,ds_16b6be697acb,01190,
5,52,10,12.02020202,6,19,-0.5856571869,1,29,ds_cbdf3834368e,ds_16b6be697acb,01190,
5,53,14,12.02020202,6,19,0.5739440432,1,29,ds_cbdf3834368e,ds_16b6be697acb,01190,
5,54,10,12.02020202,6,19,-0.5856571869,1,29,ds_cbdf3834368e,ds_16b6be697acb,01190,
5,55,8,12.02020202,6,19,-1.165457802,1,29,ds_cbdf3834368e,ds_16b6be697acb,01190,
6,7,10,12.02020202,6,19,-0.5856571869,1,29,ds_cbdf3834368e,ds_16b6be697acb,01190,
6,8,13,12.02020202,6,19,0.2840437357,1,29,ds_cbdf3834368e,ds_16b6be697acb,01190,
6,9,11,12.02020202,6,19,-0.2957568794,1,29,ds_cbdf3834368e,ds_16b6be697acb,01190,
6,10,15,12.02020202,6,19,0.8638443507,1,29,ds_cbdf3834368e,ds_16b6be697acb,01190,
6,11,6,12.02020202,6,19,-1.745258417,1,29,ds_cbdf3834368e,ds_16b6be697acb,01190,
6,12,7,12.02020202,6,19,-1.45535811,1,29,ds_cbdf3834368e,ds_16b6be697acb,01190,
6,13,12,12.02020202,6,19,-0.005856571869,1,29,ds_cbdf3834368e,ds_16b6be697acb,01190,
6,14,7,12.02020202,6,19,-1.45535811,1,29,ds_cbdf3834368e,ds_16b6be697acb,01190,
6,15,8,12.02020202,6,19,-1.165457802,1,29,ds_cbdf3834368e,ds_16b6be697acb,01190,
6,16,15,12.02020202,6,19,0.8638443507,1,29,ds_cbdf3834368e,ds_16b6be697acb,01190,
6,17,12,12.02020202,6,19,-0.005856571869,1,29,ds_cbdf3834368e,ds_16b6be697acb,01190,
6,18,10,12.02020202,6,19,-0.5856571869,1,29,ds_cbdf3834368e,ds_16b6be697acb,01190,
6,19,9,12.02020202,6,19,-0.8755574944,1,29,ds_cbdf3834368e,ds_16b6be697acb,01190,
6,20,10,12.02020202,6,19,-0.5856571869,1,29,ds_cbdf3834368e,ds_16b6be697acb,01190,
6,21,11,12.02020202,6,19,-0.2957568794,1,29,ds_cbdf3834368e,ds_16b6be697acb,01190,
6,22,11,12.02020202,6,19,-0.2957568794,1,29,ds_cbdf3834368e,ds_16b6be697acb,01190,
6,23,12,12.02020202,6,19,-0.005856571869,1,29,ds_cbdf3834368e,ds_16b6be697acb,01190,
6,24,9,12.02020202,6,19,-0.8755574944,1,29,ds_cbdf3834368e,ds_16b6be697acb,01190,
6,25,9,12.02020202,6,19,-0.8755574944,1,29,ds_cbdf3834368e,ds_16b6be697acb,01190,
6,26,11,12.02020202,6,19,-0.2957568794,1,29,ds_cbdf3834368e,ds_16b6be697acb,01190,
6,27,13,12.02020202,6,19,0.2840437357,1,29,ds_cbdf3834368e,ds_16b6be697acb,01190,
6,28,6,12.02020202,6,19,-1.745258417,1,29,ds_cbdf3834368e,ds_16b6be697acb,01190,
6,29,17,12.02020202,6,19,1.443644966,1,29,ds_cbdf3834368e,ds_16b6be697acb,01190,
6,30,12,12.02020202,6,19,-0.005856571869,1,29,ds_cbdf3834368e,ds_16b6be697acb,01190,
6,31,11,12.02020202,6,19,-0.2957568794,1,29,ds_cbdf3834368e,ds_16b6be697acb,01190,
6,32,10,12.02020202,6,19,-0.5856571869,1,29,ds_cbdf3834368e,ds_16b6be697acb,01190,
6,33,12,12.02020202,6,19,-0.005856571869,1,29,ds_cbdf3834368e,ds_16b6be697acb,01190,
6,34,18,12.02020202,6,19,1.733545273,1,29,ds_cbdf3834368e,ds_16b6be697acb,01190,
6,35,9,12.02020202,6,19,-0.8755574944,1,29,ds_cbdf3834368e,ds_16b6be697acb,01190,
6,36,7,12.02020202,6,19,-1.45535811,1,29,ds_cbdf3834368e,ds_16b6be697acb,01190,
6,37,8,12.02020202,6,19,-1.165457802,1,29,ds_cbdf3834368e,ds_16b6be697acb,01190,
6,38,14,12.02020202,6,19,0.5739440432,1,29,ds_cbdf3834368e,ds_16b6be697acb,01190,
6,39,12,12.02020202,6,19,-0.005856571869,1,29,ds_cbdf3834368e,ds_16b6be697acb,01190,
6,40,7,12.02020202,6,19,-1.45535811,1,29,ds_cbdf3834368e,ds_16b6be697acb,01190,
6,41,14,12.02020202,6,19,0.5739440432,1,29,ds_cbdf3834368e,ds_16b6be697acb,01190,
6,42,5,12.02020202,6,19,-2.035158725,1,29,ds_cbdf3834368e,ds_16b6be697acb,01190,
6,43,11,12.02020202,6,19,-0.2957568794,1,29,ds_cbdf3834368e,ds_16b6be697acb,01190,
6,44,11,12.02020202,6,19,-0.2957568794,1,29,ds_cbdf3834368e,ds_16b6be697acb,01190,
6,45,7,12.02020202,6,19,-1.45535811,1,29,ds_cbdf3834368e,ds_16b6be697acb,01190,
6,46,10,12.02020202,6,19,-0.5856571869,1,29,ds_cbdf3834368e,ds_16b6be697acb,01190,
6,47,11,12.02020202,6,19,-0.2957568794,1,29,ds_cbdf3834368e,ds_16b6be697acb,01190,
6,48,12,12.02020202,6,19,-0.005856571869,1,29,ds_cbdf3834368e,ds_16b6be697acb,01190,
6,49,12,12.02020202,6,19,-0.005856571869,1,29,ds_cbdf3834368e,ds_16b6be697acb,01190,
6,50,10,12.02020202,6,19,-0.5856571869,1,29,ds_cbdf3834368e,ds_16b6be697acb,01190,
6,51,13,12.02020202,6,19,0.2840437357,1,29,ds_cbdf3834368e,ds_16b6be697acb,01190,
6,52,9,12.02020202,6,19,-0.8755574944,1,29,ds_cbdf3834368e,ds_16b6be697acb,01190,
6,53,11,12.02020202,6,19,-0.2957568794,1,29,ds_cbdf3834368e,ds_16b6be697acb,01190,
6,54,9,12.02020202,6,19,-0.8755574944,1,29,ds_cbdf3834368e,ds_16b6be697acb,01190,
6,55,12,12.02020202,6,19,-0.005856571869,1,29,ds_cbdf3834368e,ds_16b6be697acb,01190,
7,8,15,12.02020202,6,19,0.8638443507,1,29,ds_cbdf3834368e,ds_16b6be697acb,01190,
7,9,12,12.02020202,6,19,-0.005856571869,1,29,ds_cbdf3834368e,ds_16b6be697acb,01190,
7,10,9,12.02020202,6,19,-0.8755574944,1,29,ds_cbdf3834368e,ds_16b6be697acb,01190,
7,11,10,12.02020202,6,19,-0.5856571869,1,29,ds_cbdf3834368e,ds_16b6be697acb,01190,
7,12,10,12.02020202,6,19,-0.5856571869,1,29,ds_cbdf3834368e,ds_16b6be697acb,01190,
7,13,15,12.02020202,6,19,0.8638443507,1,29,ds_cbdf3834368e,ds_16b6be697acb,01190,
7,14,5,12.02020202,6,19,-2.035158725,1,29,ds_cbdf3834368e,ds_16b6be697acb,01190,
7,15,4,12.02020202,6,19,-2.325059032,1,29,ds_cbdf3834368e,ds_16b6be697acb,01190,
7,16,7,12.02020202,6,19,-1.45535811,1,29,ds_cbdf3834368e,ds_16b6be697acb,01190,
7,17,14,12.02020202,6,19,0.5739440432,1,29,ds_cbdf3834368e,ds_16b6be697acb,01190,
7,18,11,12.02020202,6,19,-0.2957568794,1,29,ds_cbdf3834368e,ds_16b6be697acb,01190,
7,19,10,12.02020202,6,19,-0.5856571869,1,29,ds_cbdf3834368e,ds_16b6be697acb,01190,
7,20,8,12.02020202,6,19,-1.165457802,1,29,ds_cbdf3834368e,ds_16b6be697acb,01190,
7,21,9,12.02020202,6,19,-0.8755574944,1,29,ds_cbdf3834368e,ds_16b6be697acb,01190,
7,22,16,12.02020202,6,19,1.153744658,1,29,ds_cbdf3834368e,ds_16b6be697acb,01190,
7,23,9,12.02020202,6,19,-0.8755574944,1,29,ds_cbdf3834368e,ds_16b6be697acb,01190,
7,24,9,12.02020202,6,19,-0.8755574944,1,29,ds_cbdf3834368e,ds_16b6be697acb,01190,
7,25,6,12.02020202,6,19,-1.745258417,1,29,ds_cbdf3834368e,ds_16b6be697acb,01190,
7,26,15,12.02020202,6,19,0.8638443507,1,29,ds_cbdf3834368e,ds_16b6be697acb,01190,
7,27,4,12.02020202,6,19,-2.325059032,1,29,ds_cbdf3834368e,ds_16b6be697acb,01190,
7,28,9,12.02020202,6,19,-0.8755574944,1,29,ds_cbdf3834368e,ds_16b6be697acb,01190,
7,29,13,12.02020202,6,19,0.2840437357,1,29,ds_cbdf3834368e,ds_16b6be697acb,01190,
7,30,9,12.02020202,6,19,-0.8755574944,1,29,ds_cbdf3834368e,ds_16b6be697acb,01190,
7,31,15,12.02020202,6,19,0.8638443507,1,29,ds_cbdf3834368e,ds_16b6be697acb,01190,
7,32,15,12.02020202,6,19,0.8638443507,1,29,ds_cbdf3834368e,ds_16b6be697acb,01190,
7,33,8,12.02020202,6,19,-1.165457802,1,29,ds_cbdf3834368e,ds_16b6be697acb,01190,
7,34,9,12.02020202,6,19,-0.8755574944,1,29,ds_cbdf3834368e,ds_16b6be697acb,01190,
7,35,12,12.02020202,6,19,-0.005856571869,1,29,ds_cbdf3834368e,ds_16b6be697acb,01190,
7,36,8,12.02020202,6,19,-1.165457802,1,29,ds_cbdf3834368e,ds_16b6be697acb,01190,
7,37,11,12.02020202,6,19,-0.2957568794,1,29,ds_cbdf3834368e,ds_16b6be697acb,01190,
7,38,13,12.02020202,6,19,0.2840437357,1,29,ds_cbdf3834368e,ds_16b6be697acb,01190,
7,39,7,12.02020202,6,19,-1.45535811,1,29,ds_cbdf3834368e,ds_16b6be697acb,01190,
7,40,8,12.02020202,6,19,-1.165457802,1,29,ds_cbdf3834368e,ds_16b6be697acb,01190,
7,41,7,12.02020202,6,19,-1.45535811,1,29,ds_cbdf3834368e,ds_16b6be697acb,01190,
7,42,15,12.02020202,6,19,0.8638443507,1,29,ds_cbdf3834368e,ds_16b6be697acb,01190,
7,43,13,12.02020202,6,19,0.2840437357,1,29,ds_cbdf3834368e,ds_16b6be697acb,01190,
7,44,8,12.02020202,6,19,-1.165457802,1,29,ds_cbdf3834368e,ds_16b6be697acb,01190,
7,45,9,12.02020202,6,19,-0.8755574944,1,29,ds_cbdf3834368e,ds_16b6be697acb,01190,
7,46,10,12.02020202,6,19,-0.5856571869,1,29,ds_cbdf3834368e,ds_16b6be697acb,01190,
7,47,10,12.02020202,6,19,-0.5856571869,1,29,ds_cbdf3834368e,ds_16b6be697acb,01190,
7,48,11,12.02020202,6,19,-0.2957568794,1,29,ds_cbdf3834368e,ds_16b6be697acb,01190,
7,49,10,12.02020202,6,19,-0.5856571869,1,29,ds_cbdf3834368e,ds_16b6be697acb,01190,
7,50,8,12.02020202,6,19,-1.165457802,1,29,ds_cbdf3834368e,ds_16b6be697acb,01190,
7,51,16,12.02020202,6,19,1.153744658,1,29,ds_cbdf3834368e,ds_16b6be697acb,01190,
7,52,7,12.02020202,6,19,-1.45535811,1,29,ds_cbdf3834368e,ds_16b6be697acb,01190,
7,53,12,12.02020202,6,19,-0.005856571869,1,29,ds_cbdf3834368e,ds_16b6be697acb,01190,
7,54,11,12.02020202,6,19,-0.2957568794,1,29,ds_cbdf3834368e,ds_16b6be697acb,01190,
7,55,13,12.02020202,6,19,0.2840437357,1,29,ds_cbdf3834368e,ds_16b6be697acb,01190,
8,9,16,12.02020202,6,19,1.153744658,1,29,ds_cbdf3834368e,ds_16b6be697acb,01190,
8,10,7,12.02020202,6,19,-1.45535811,1,29,ds_cbdf3834368e,ds_16b6be697acb,01190,
8,11,12,12.02020202,6,19,-0.005856571869,1,29,ds_cbdf3834368e,ds_16b6be697acb,01190,
8,12,12,12.02020202,6,19,-0.005856571869,1,29,ds_cbdf3834368e,ds_16b6be697acb,01190,
8,13,9,12.02020202,6,19,-0.8755574944,1,29,ds_cbdf3834368e,ds_16b6be697acb,01190,
8,14,7,12.02020202,6,19,-1.45535811,1,29,ds_cbdf3834368e,ds_16b6be697acb,01190,
8,15,9,12.02020202,6,19,-0.8755574944,1,29,ds_cbdf3834368e,ds_16b6be697acb,01190,
8,16,13,12.02020202,6,19,0.2840437357,1,29,ds_cbdf3834368e,ds_16b6be697acb,01190,
8,17,12,12.02020202,6,19,-0.005856571869,1,29,ds_cbdf3834368e,ds_16b6be697acb,01190,
8,18,10,12.02020202,6,19,-0.5856571869,1,29,ds_cbdf3834368e,ds_16b6be697acb,01190,
8,19,13,12.02020202,6,19,0.2840437357,1,29,ds_cbdf3834368e,ds_16b6be697acb,01190,
8,20,17,12.02020202,6,19,1.443644966,1,29,ds_cbdf3834368e,ds_16b6be697acb,01190,
8,21,13,12.02020202,6,19,0.2840437357,1,29,ds_cbdf3834368e,ds_16b6be697acb,01190,
8,22,13,12.02020202,6,19,0.2840437357,1,29,ds_cbdf3834368e,ds_16b6be697acb,01190,
8,23,16,12.02020202,6,19,1.153744658,1,29,ds_cbdf3834368e,ds_16b6be697acb,01190,
8,24,17,12.02020202,6,19,1.443644966,1,29,ds_cbdf3834368e,ds_16b6be697acb,01190,
8,25,10,12.02020202,6,19,-0.5856571869,1,29,ds_cbdf3834368e,ds_16b6be697acb,01190,
8,26,9,12.02020202,6,19,-0.8755574944,1,29,ds_cbdf3834368e,ds_16b6be697acb,01190,
8,27,13,12.02020202,6,19,0.2840437357,1,29,ds_cbdf3834368e,ds_16b6be697acb,01190,
8,28,13,12.02020202,6,19,0.2840437357,1,29,ds_cbdf3834368e,ds_16b6be697acb,01190,
8,29,9,12.02020202,6,19,-0.8755574944,1,29,ds_cbdf3834368e,ds_16b6be697acb,01190,
8,30,9,12.02020202,6,19,-0.8755574944,1,29,ds_cbdf3834368e,ds_16b6be697acb,01190,
8,31,8,12.02020202,6,19,-1.165457802,1,29,ds_cbdf3834368e,ds_16b6be697acb,01190,
8,32,12,12.02020202,6,19,-0.005856571869,1,29,ds_cbdf3834368e,ds_16b6be697acb,01190,
8,33,11,12.02020202,6,19,-0.2957568794,1,29,ds_cbdf3834368e,ds_16b6be697acb,01190,
8,34,21,12.02020202,6,19,2.603246196,1,29,ds_cbdf3834368e,ds_16b6be697acb,01190,
8,35,15,12.02020202,6,19,0.8638443507,1,29,ds_cbdf3834368e,ds_16b6be697acb,01190,
8,36,16,12.02020202,6,19,1.153744658,1,29,ds_cbdf3834368e,ds_16b6be697acb,01190,
8,37,15,12.02020202,6,19,0.8638443507,1,29,ds_cbdf3834368e,ds_16b6be697acb,01190,
8,38,14,12.02020202,6,19,0.5739440432,1,29,ds_cbdf3834368e,ds_16b6be697acb,01190,
8,39,19,12.02020202,6,19,2.023445581,1,29,ds_cbdf3834368e,ds_16b6be697acb,01190,
8,40,11,12.02020202,6,19,-0.2957568794,1,29,ds_cbdf3834368e,ds_16b6be697acb,01190,
8,41,14,12.02020202,6,19,0.5739440432,1,29,ds_cbdf3834368e,ds_16b6be697acb,01190,
8,42,16,12.02020202,6,19,1.153744658,1,29,ds_cbdf3834368e,ds_16b6be697acb,01190,
8,43,18,12.02020202,6,19,1.733545273,1,29,ds_cbdf3834368e,ds_16b6be697acb,01190,
8,44,19,12.02020202,6,19,2.023445581,1,29,ds_cbdf3834368e,ds_16b6be697acb,01190,
8,45,8,12.02020202,6,19,-1.165457802,1,29,ds_cbdf3834368e,ds_16b6be697acb,01190,
8,46,8,12.02020202,6,19,-1.165457802,1,29,ds_cbdf3834368e,ds_16b6be697acb,01190,
8,47,18,12.02020202,6,19,1.733545273,1,29,ds_cbdf3834368e,ds_16b6be697acb,01190,
8,48,12,12.02020202,6,19,-0.005856571869,1,29,ds_cbdf3834368e,ds_16b6be697acb,01190,
8,49,15,12.02020202,6,19,0.8638443507,1,29,ds_cbdf3834368e,ds_16b6be697acb,01190,
8,50,14,12.02020202,6,19,0.5739440432,1,29,ds_cbdf3834368e,ds_16b6be697acb,01190,
8,51,16,12.02020202,6,19,1.153744658,1,29,ds_cbdf3834368e,ds_16b6be697acb,01190,
8,52,11,12.02020202,6,19,-0.2957568794,1,29,ds_cbdf3834368e,ds_16b6be697acb,01190,
8,53,10,12.02020202,6,19,-0.5856571869,1,29,ds_cbdf3834368e,ds_16b6be697acb,01190,
8,54,10,12.02020202,6,19,-0.5856571869,1,29,ds_cbdf3834368e,ds_16b6be697acb,01190,
8,55,11,12.02020202,6,19,-0.2957568794,1,29,ds_cbdf3834368e,ds_16b6be697acb,01190,
9,10,6,12.02020202,6,19,-1.745258417,1,29,ds_cbdf3834368e,ds_16b6be697acb,01190,
9,11,8,12.02020202,6,19,-1.165457802,1,29,ds_cbdf3834368e,ds_16b6be697acb,01190,
9,12,15,12.02020202,6,19,0.8638443507,1,29,ds_cbdf3834368e,ds_16b6be697acb,01190,
9,13,21,12.02020202,6,19,2.603246196,1,29,ds_cbdf3834368e,ds_16b6be697acb,01190,
9,14,6,12.02020202,6,19,-1.745258417,1,29,ds_cbdf3834368e,ds_16b6be697acb,01190,
9,15,13,12.02020202,6,19,0.2840437357,1,29,ds_cbdf3834368e,ds_16b6be697acb,01190,
9,16,13,12.02020202,6,19,0.2840437357,1,29,ds_cbdf3834368e,ds_16b6be697acb,01190,
9,17,12,12.02020202,6,19,-0.005856571869,1,29,ds_cbdf3834368e,ds_16b6be697acb,01190,
9,18,12,12.02020202,6,19,-0.005856571869,1,29,ds_cbdf3834368e,ds_16b6be697acb,01190,
9,19,11,12.02020202,6,19,-0.2957568794,1,29,ds_cbdf3834368e,ds_16b6be697acb,01190,
9,20,17,12.02020202,6,19,1.443644966,1,29,ds_cbdf3834368e,ds_16b6be697acb,01190,
9,21,18,12.02020202,6,19,1.733545273,1,29,ds_cbdf3834368e,ds_16b6be697acb,01190,
9,22,17,12.02020202,6,19,1.443644966,1,29,ds_cbdf3834368e,ds_16b6be697acb,01190,
9,23,19,12.02020202,6,19,2.023445581,1,29,ds_cbdf3834368e,ds_16b6be697acb,01190,
9,24,10,12.02020202,6,19,-0.5856571869,1,29,ds_cbdf3834368e,ds_16b6be697acb,01190,
9,25,12,12.02020202,6,19,-0.005856571869,1,29,ds_cbdf3834368e,ds_16b6be697acb,01190,
9,26,16,12.02020202,6,19,1.153744658,1,29,ds_cbdf3834368e,ds_16b6be697acb,01190,
9,27,11,12.02020202,6,19,-0.2957568794,1,29,ds_cbdf3834368e,ds_16b6be697acb,01190,
9,28,8,12.02020202,6,19,-1.165457802,1,29,ds_cbdf3834368e,ds_16b6be697acb,01190,
9,29,8,12.02020202,6,19,-1.165457802,1,29,ds_cbdf3834368e,ds_16b6be697acb,01190,
9,30,6,12.02020202,6,19,-1.745258417,1,29,ds_cbdf3834368e,ds_16b6be697acb,01190,
9,31,13,12.02020202,6,19,0.2840437357,1,29,ds_cbdf3834368e,ds_16b6be697acb,01190,
9,32,13,12.02020202,6,19,0.2840437357,1,29,ds_cbdf3834368e,ds_16b6be697acb,01190,
9,33,14,12.02020202,6,19,0.5739440432,1,29,ds_cbdf3834368e,ds_16b6be697acb,01190,
9,34,11,12.02020202,6,19,-0.2957568794,1,29,ds_cbdf3834368e,ds_16b6be697acb,01190,
9,35,10,12.02020202,6,19,-0.5856571869,1,29,ds_cbdf3834368e,ds_16b6be697acb,01190,
9,36,11,12.02020202,6,19,-0.2957568794,1,29,ds_cbdf3834368e,ds_16b6be697acb,01190,
9,37,8,12.02020202,6,19,-1.165457802,1,29,ds_cbdf3834368e,ds_16b6be697acb,01190,
9,38,8,12.02020202,6,19,-1.165457802,1,29,ds_cbdf3834368e,ds_16b6be697acb,01190,
9,39,12,12.02020202,6,19,-0.005856571869,1,29,ds_cbdf3834368e,ds_16b6be697acb,01190,
9,40,10,12.02020202,6,19,-0.5856571869,1,29,ds_cbdf3834368e,ds_16b6be697acb,01190,
9,41,14,12.02020202,6,19,0.5739440432,1,29,ds_cbdf3834368e,ds_16b6be697acb,01190,
9,42,10,12.02020202,6,19,-0.5856571869,1,29,ds_cbdf3834368e,ds_16b6be697acb,01190,
9,43,16,12.02020202,6,19,1.153744658,1,29,ds_cbdf3834368e,ds_16b6be697acb,01190,
9,44,16,12.02020202,6,19,1.153744658,1,29,ds_cbdf3834368e,ds_16b6be697acb,01190,
9,45,12,12.02020202,6,19,-0.005856571869,1,29,ds_cbdf3834368e,ds_16b6be697acb,01190,
9,46,10,12.02020202,6,19,-0.5856571869,1,29,ds_cbdf3834368e,ds_16b6be697acb,01190,
9,47,7,12.02020202,6,19,-1.45535811,1,29,ds_cbdf3834368e,ds_16b6be697acb,01190,
9,48,11,12.02020202,6,19,-0.2957568794,1,29,ds_cbdf3834368e,ds_16b6be697acb,01190,
9,49,14,12.02020202,6,19,0.5739440432,1,29,ds_cbdf3834368e,ds_16b6be697acb,01190,
9,50,18,12.02020202,6,19,1.733545273,1,29,ds_cbdf3834368e,ds_16b6be697acb,01190,
9,51,12,12.02020202,6,19,-0.005856571869,1,29,ds_cbdf3834368e,ds_16b6be697acb,01190,
9,52,12,12.02020202,6,19,-0.005856571869,1,29,ds_cbdf3834368e,ds_16b6be697acb,01190,
9,53,16,12.02020202,6,19,1.153744658,1,29,ds_cbdf3834368e,ds_16b6be697acb,01190,
9,54,25,12.02020202,6,19,3.762847426,1,29,ds_cbdf3834368e,ds_16b6be697acb,01190,
9,55,9,12.02020202,6,19,-0.8755574944,1,29,ds_cbdf3834368e,ds_16b6be697acb,01190,
10,11,16,12.02020202,6,19,1.153744658,1,29,ds_cbdf3834368e,ds_16b6be697acb,01190,
10,12,10,12.02020202,6,19,-0.5856571869,1,29,ds_cbdf3834368e,ds_16b6be697acb,01190,
10,13,12,12.02020202,6,19,-0.005856571869,1,29,ds_cbdf3834368e,ds_16b6be697acb,01190,
10,14,9,12.02020202,6,19,-0.8755574944,1,29,ds_cbdf3834368e,ds_16b6be697acb,01190,
10,15,11,12.02020202,6,19,-0.2957568794,1,29,ds_cbdf3834368e,ds_16b6be697acb,01190,
10,16,12,12.02020202,6,19,-0.005856571869,1,29,ds_cbdf3834368e,ds_16b6be697acb,01190,
10,17,14,12.02020202,6,19,0.5739440432,1,29,ds_cbdf3834368e,ds_16b6be697acb,01190,
10,18,8,12.02020202,6,19,-1.165457802,1,29,ds_cbdf3834368e,ds_16b6be697acb,01190,
10,19,17,12.02020202,6,19,1.443644966,1,29,ds_cbdf3834368e,ds_16b6be697acb,01190,
10,20,13,12.02020202,6,19,0.2840437357,1,29,ds_cbdf3834368e,ds_16b6be697acb,01190,
10,21,8,12.02020202,6,19,-1.165457802,1,29,ds_cbdf3834368e,ds_16b6be697acb,01190,
10,22,9,12.02020202,6,19,-0.8755574944,1,29,ds_cbdf3834368e,ds_16b6be697acb,01190,
10,23,14,12.02020202,6,19,0.5739440432,1,29,ds_cbdf3834368e,ds_16b6be697acb,01190,
10,24,11,12.02020202,6,19,-0.2957568794,1,29,ds_cbdf3834368e,ds_16b6be697acb,01190,
10,25,13,12.02020202,6,19,0.2840437357,1,29,ds_cbdf3834368e,ds_16b6be697acb,01190,
10,26,13,12.02020202,6,19,0.2840437357,1,29,ds_cbdf3834368e,ds_16b6be697acb,01190,
10,27,13,12.02020202,6,19,0.2840437357,1,29,ds_cbdf3834368e,ds_16b6be697acb,01190,
10,28,8,12.02020202,6,19,-1.165457802,1,29,ds_cbdf3834368e,ds_16b6be697acb,01190,
10,29,19,12.02020202,6,19,2.023445581,1,29,ds_cbdf3834368e,ds_16b6be697acb,01190,
10,30,14,12.02020202,6,19,0.5739440432,1,29,ds_cbdf3834368e,ds_16b6be697acb,01190,
10,31,10,12.02020202,6,19,-0.5856571869,1,29,ds_cbdf3834368e,ds_16b6be697acb,01190,
10,32,12,12.02020202,6,19,-0.005856571869,1,29,ds_cbdf3834368e,ds_16b6be697acb,01190,
10,33,5,12.02020202,6,19,-2.035158725,1,29,ds_cbdf3834368e,ds_16b6be697acb,01190,
10,34,12,12.02020202,6,19,-0.005856571869,1,29,ds_cbdf3834368e,ds_16b6be697acb,01190,
10,35,8,12.02020202,6,19,-1.165457802,1,29,ds_cbdf3834368e,ds_16b6be697acb,01190,
10,36,11,12.02020202,6,19,-0.2957568794,1,29,ds_cbdf3834368e,ds_16b6be697acb,01190,
10,37,11,12.02020202,6,19,-0.2957568794,1,29,ds_cbdf3834368e,ds_16b6be697acb,01190,
10,38,14,12.02020202,6,19,0.5739440432,1,29,ds_cbdf3834368e,ds_16b6be697acb,01190,
10,39,7,12.02020202,6,19,-1.45535811,1,29,ds_cbdf3834368e,ds_16b6be697acb,01190,
10,40,16,12.02020202,6,19,1.153744658,1,29,ds_cbdf3834368e,ds_16b6be697acb,01190,
10,41,14,12.02020202,6,19,0.5739440432,1,29,ds_cbdf3834368e,ds_16b6be697acb,01190,
10,42,10,12.02020202,6,19,-0.5856571869,1,29,ds_cbdf3834368e,ds_16b6be697acb,01190,
10,43,10,12.02020202,6,19,-0.5856571869,1,29,ds_cbdf3834368e,ds_16b6be697acb,01190,
10,44,10,12.02020202,6,19,-0.5856571869,1,29,ds_cbdf3834368e,ds_16b6be697acb,01190,
10,45,9,12.02020202,6,19,-0.8755574944,1,29,ds_cbdf3834368e,ds_16b6be697acb,01190,
10,46,10,12.02020202,6,19,-0.5856571869,1,29,ds_cbdf3834368e,ds_16b6be697acb,01190,
10,47,13,12.02020202,6,19,0.2840437357,1,29,ds_cbdf3834368e,ds_16b6be697acb,01190,
10,48,20,12.02020202,6,19,2.313345888,1,29,ds_cbdf3834368e,ds_16b6be697acb,01190,
10,49,7,12.02020202,6,19,-1.45535811,1,29,ds_cbdf3834368e,ds_16b6be697acb,01190,
10,50,12,12.02020202,6,19,-0.005856571869,1,29,ds_cbdf3834368e,ds_16b6be697acb,01190,
10,51,14,12.02020202,6,19,0.5739440432,1,29,ds_cbdf3834368e,ds_16b6be697acb,01190,
10,52,13,12.02020202,6,19,0.2840437357,1,29,ds_cbdf3834368e,ds_16b6be697acb,01190,
10,53,9,12.02020202,6,19,-0.8755574944,1,29,ds_cbdf3834368e,ds_16b6be697acb,01190,
10,54,12,12.02020202,6,19,-0.005856571869,1,29,ds_cbdf3834368e,ds_16b6be697acb,01190,
10,55,11,12.02020202,6,19,-0.2957568794,1,29,ds_cbdf3834368e,ds_16b6be697acb,01190,
11,12,13,12.02020202,6,19,0.2840437357,1,29,ds_cbdf3834368e,ds_16b6be697acb,01190,
11,13,13,12.02020202,6,19,0.2840437357,1,29,ds_cbdf3834368e,ds_16b6be697acb,01190,
11,14,18,12.02020202,6,19,1.733545273,1,29,ds_cbdf3834368e,ds_16b6be697acb,01190,
11,15,14,12.02020202,6,19,0.5739440432,1,29,ds_cbdf3834368e,ds_16b6be697acb,01190,
11,16,11,12.02020202,6,19,-0.2957568794,1,29,ds_cbdf3834368e,ds_16b6be697acb,01190,
11,17,13,12.02020202,6,19,0.2840437357,1,29,ds_cbdf3834368e,ds_16b6be697acb,01190,
11,18,13,12.02020202,6,19,0.2840437357,1,29,ds_cbdf3834368e,ds_16b6be697acb,01190,
11,19,12,12.02020202,6,19,-0.005856571869,1,29,ds_cbdf3834368e,ds_16b6be697acb,01190,
11,20,13,12.02020202,6,19,0.2840437357,1,29,ds_cbdf3834368e,ds_16b6be697acb,01190,
11,21,13,12.02020202,6,19,0.2840437357,1,29,ds_cbdf3834368e,ds_16b6be697acb,01190,
11,22,22,12.02020202,6,19,2.893146503,1,29,ds_cbdf3834368e,ds_16b6be697acb,01190,
11,23,13,12.02020202,6,19,0.2840437357,1,29,ds_cbdf3834368e,ds_16b6be697acb,01190,
11,24,17,12.02020202,6,19,1.443644966,1,29,ds_cbdf3834368e,ds_16b6be697acb,01190,
11,25,11,12.02020202,6,19,-0.2957568794,1,29,ds_cbdf3834368e,ds_16b6be697acb,01190,
11,26,19,12.02020202,6,19,2.023445581,1,29,ds_cbdf3834368e,ds_16b6be697acb,01190,
11,27,9,12.02020202,6,19,-0.8755574944,1,29,ds_cbdf3834368e,ds_16b6be697acb,01190,
11,28,13,12.02020202,6,19,0.2840437357,1,29,ds_cbdf3834368e,ds_16b6be697acb,01190,
11,29,13,12.02020202,6,19,0.2840437357,1,29,ds_cbdf3834368e,ds_16b6be697acb,01190,
11,30,12,12.02020202,6,19,-0.005856571869,1,29,ds_cbdf3834368e,ds_16b6be697acb,01190,
11,31,14,12.02020202,6,19,0.5739440432,1,29,ds_cbdf3834368e,ds_16b6be697acb,01190,
11,32,19,12.02020202,6,19,2.023445581,1,29,ds_cbdf3834368e,ds_16b6be697acb,01190,
11,33,12,12.02020202,6,19,-0.005856571869,1,29,ds_cbdf3834368e,ds_16b6be697acb,01190,
11,34,19,12.02020202,6,19,2.023445581,1,29,ds_cbdf3834368e,ds_16b6be697acb,01190,
11,35,11,12.02020202,6,19,-0.2957568794,1,29,ds_cbdf3834368e,ds_16b6be697acb,01190,
11,36,6,12.02020202,6,19,-1.745258417,1,29,ds_cbdf3834368e,ds_16b6be697acb,01190,
11,37,9,12.02020202,6,19,-0.8755574944,1,29,ds_cbdf3834368e,ds_16b6be697acb,01190,
11,38,12,12.02020202,6,19,-0.005856571869,1,29,ds_cbdf3834368e,ds_16b6be697acb,01190,
11,39,6,12.02020202,6,19,-1.745258417,1,29,ds_cbdf3834368e,ds_16b6be697acb,01190,
11,40,15,12.02020202,6,19,0.8638443507,1,29,ds_cbdf3834368e,ds_16b6be697acb,01190,
11,41,12,12.02020202,6,19,-0.005856571869,1,29,ds_cbdf3834368e,ds_16b6be697acb,01190,
11,42,15,12.02020202,6,19,0.8638443507,1,29,ds_cbdf3834368e,ds_16b6be697acb,01190,
11,43,17,12.02020202,6,19,1.443644966,1,29,ds_cbdf3834368e,ds_16b6be697acb,01190,
11,44,12,12.02020202,6,19,-0.005856571869,1,29,ds_cbdf3834368e,ds_16b6be697acb,01190,
11,45,10,12.02020202,6,19,-0.5856571869,1,29,ds_cbdf3834368e,ds_16b6be697acb,01190,
11,46,16,12.02020202,6,19,1.153744658,1,29,ds_cbdf3834368e,ds_16b6be697acb,01190,
11,47,12,12.02020202,6,19,-0.005856571869,1,29,ds_cbdf3834368e,ds_16b6be697acb,01190,
11,48,19,12.02020202,6,19,2.023445581,1,29,ds_cbdf3834368e,ds_16b6be697acb,01190,
11,49,9,12.02020202,6,19,-0.8755574944,1,29,ds_cbdf3834368e,ds_16b6be697acb,01190,
11,50,8,12.02020202,6,19,-1.165457802,1,29,ds_cbdf3834368e,ds_16b6be697acb,01190,
11,51,18,12.02020202,6,19,1.733545273,1,29,ds_cbdf3834368e,ds_16b6be697acb,01190,
11,52,12,12.02020202,6,19,-0.005856571869,1,29,ds_cbdf3834368e,ds_16b6be697acb,01190,
11,53,12,12.02020202,6,19,-0.005856571869,1,29,ds_cbdf3834368e,ds_16b6be697acb,01190,
11,54,13,12.02020202,6,19,0.2840437357,1,29,ds_cbdf3834368e,ds_16b6be697acb,01190,
11,55,13,12.02020202,6,19,0.2840437357,1,29,ds_cbdf3834368e,ds_16b6be697acb,01190,
12,13,9,12.02020202,6,19,-0.8755574944,1,29,ds_cbdf3834368e,ds_16b6be697acb,01190,
12,14,8,12.02020202,6,19,-1.165457802,1,29,ds_cbdf3834368e,ds_16b6be697acb,01190,
12,15,9,12.02020202,6,19,-0.8755574944,1,29,ds_cbdf3834368e,ds_16b6be697acb,01190,
12,16,10,12.02020202,6,19,-0.5856571869,1,29,ds_cbdf3834368e,ds_16b6be697acb,01190,
12,17,7,12.02020202,6,19,-1.45535811,1,29,ds_cbdf3834368e,ds_16b6be697acb,01190,
12,18,11,12.02020202,6,19,-0.2957568794,1,29,ds_cbdf3834368e,ds_16b6be697acb,01190,
12,19,12,12.02020202,6,19,-0.005856571869,1,29,ds_cbdf3834368e,ds_16b6be697acb,01190,
12,20,9,12.02020202,6,19,-0.8755574944,1,29,ds_cbdf3834368e,ds_16b6be697acb,01190,
12,21,13,12.02020202,6,19,0.2840437357,1,29,ds_cbdf3834368e,ds_16b6be697acb,01190,
12,22,14,12.02020202,6,19,0.5739440432,1,29,ds_cbdf3834368e,ds_16b6be697acb,01190,
12,23,15,12.02020202,6,19,0.8638443507,1,29,ds_cbdf3834368e,ds_16b6be697acb,01190,
12,24,16,12.02020202,6,19,1.153744658,1,29,ds_cbdf3834368e,ds_16b6be697acb,01190,
12,25,18,12.02020202,6,19,1.733545273,1,29,ds_cbdf3834368e,ds_16b6be697acb,01190,
12,26,13,12.02020202,6,19,0.2840437357,1,29,ds_cbdf3834368e,ds_16b6be697acb,01190,
12,27,11,12.02020202,6,19,-0.2957568794,1,29,ds_cbdf3834368e,ds_16b6be697acb,01190,
12,28,18,12.02020202,6,19,1.733545273,1,29,ds_cbdf3834368e,ds_16b6be697acb,01190,
12,29,16,12.02020202,6,19,1.153744658,1,29,ds_cbdf3834368e,ds_16b6be697acb,01190,
12,30,12,12.02020202,6,19,-0.005856571869,1,29,ds_cbdf3834368e,ds_16b6be697acb,01190,
12,31,11,12.02020202,6,19,-0.2957568794,1,29,ds_cbdf3834368e,ds_16b6be697acb,01190,
12,32,14,12.02020202,6,19,0.5739440432,1,29,ds_cbdf3834368e,ds_16b6be697acb,01190,
12,33,20,12.02020202,6,19,2.313345888,1,29,ds_cbdf3834368e,ds_16b6be697acb,01190,
12,34,12,12.02020202,6,19,-0.005856571869,1,29,ds_cbdf3834368e,ds_16b6be697acb,01190,
12,35,7,12.02020202,6,19,-1.45535811,1,29,ds_cbdf3834368e,ds_16b6be697acb,01190,
12,36,5,12.02020202,6,19,-2.035158725,1,29,ds_cbdf3834368e,ds_16b6be697acb,01190,
12,37,8,12.02020202,6,19,-1.165457802,1,29,ds_cbdf3834368e,ds_16b6be697acb,01190,
12,38,9,12.02020202,6,19,-0.8755574944,1,29,ds_cbdf3834368e,ds_16b6be697acb,01190,
12,39,17,12.02020202,6,19,1.443644966,1,29,ds_cbdf3834368e,ds_16b6be697acb,01190,
12,40,18,12.02020202,6,19,1.733545273,1,29,ds_cbdf3834368e,ds_16b6be697acb,01190,
12,41,15,12.02020202,6,19,0.8638443507,1,29,ds_cbdf3834368e,ds_16b6be697acb,01190,
12,42,10,12.02020202,6,19,-0.5856571869,1,29,ds_cbdf3834368e,ds_16b6be697acb,01190,
12,43,17,12.02020202,6,19,1.443644966,1,29,ds_cbdf3834368e,ds_16b6be697acb,01190,
12,44,22,12.02020202,6,19,2.893146503,1,29,ds_cbdf3834368e,ds_16b6be697acb,01190,
12,45,8,12.02020202,6,19,-1.165457802,1,29,ds_cbdf3834368e,ds_16b6be697acb,01190,
12,46,15,12.02020202,6,19,0.8638443507,1,29,ds_cbdf3834368e,ds_16b6be697acb,01190,
12,47,15,12.02020202,6,19,0.8638443507,1,29,ds_cbdf3834368e,ds_16b6be697acb,01190,
12,48,20,12.02020202,6,19,2.313345888,1,29,ds_cbdf3834368e,ds_16b6be697acb,01190,
12,49,7,12.02020202,6,19,-1.45535811,1,29,ds_cbdf3834368e,ds_16b6be697acb,01190,
12,50,7,12.02020202,6,19,-1.45535811,1,29,ds_cbdf3834368e,ds_16b6be697acb,01190,
12,51,22,12.02020202,6,19,2.893146503,1,29,ds_cbdf3834368e,ds_16b6be697acb,01190,
12,52,21,12.02020202,6,19,2.603246196,1,29,ds_cbdf3834368e,ds_16b6be697acb,01190,
12,53,16,12.02020202,6,19,1.153744658,1,29,ds_cbdf3834368e,ds_16b6be697acb,01190,
12,54,12,12.02020202,6,19,-0.005856571869,1,29,ds_cbdf3834368e,ds_16b6be697acb,01190,
12,55,15,12.02020202,6,19,0.8638443507,1,29,ds_cbdf3834368e,ds_16b6be697acb,01190,
13,14,11,12.02020202,6,19,-0.2957568794,1,29,ds_cbdf3834368e,ds_16b6be697acb,01190,
13,15,8,12.02020202,6,19,-1.165457802,1,29,ds_cbdf3834368e,ds_16b6be697acb,01190,
13,16,10,12.02020202,6,19,-0.5856571869,1,29,ds_cbdf3834368e,ds_16b6be697acb,01190,
13,17,10,12.02020202,6,19,-0.5856571869,1,29,ds_cbdf3834368e,ds_16b6be697acb,01190,
13,18,16,12.02020202,6,19,1.153744658,1,29,ds_cbdf3834368e,ds_16b6be697acb,01190,
13,19,6,12.02020202,6,19,-1.745258417,1,29,ds_cbdf3834368e,ds_16b6be697acb,01190,
13,20,10,12.02020202,6,19,-0.5856571869,1,29,ds_cbdf3834368e,ds_16b6be697acb,01190,
13,21,13,12.02020202,6,19,0.2840437357,1,29,ds_cbdf3834368e,ds_16b6be697acb,01190,
13,22,10,12.02020202,6,19,-0.5856571869,1,29,ds_cbdf3834368e,ds_16b6be697acb,01190,
13,23,18,12.02020202,6,19,1.733545273,1,29,ds_cbdf3834368e,ds_16b6be697acb,01190,
13,24,9,12.02020202,6,19,-0.8755574944,1,29,ds_cbdf3834368e,ds_16b6be697acb,01190,
13,25,5,12.02020202,6,19,-2.035158725,1,29,ds_cbdf3834368e,ds_16b6be697acb,01190,
13,26,10,12.02020202,6,19,-0.5856571869,1,29,ds_cbdf3834368e,ds_16b6be697acb,01190,
13,27,14,12.02020202,6,19,0.5739440432,1,29,ds_cbdf3834368e,ds_16b6be697acb,01190,
13,28,13,12.02020202,6,19,0.2840437357,1,29,ds_cbdf3834368e,ds_16b6be697acb,01190,
13,29,12,12.02020202,6,19,-0.005856571869,1,29,ds_cbdf3834368e,ds_16b6be697acb,01190,
13,30,19,12.02020202,6,19,2.023445581,1,29,ds_cbdf3834368e,ds_16b6be697acb,01190,
13,31,5,12.02020202,6,19,-2.035158725,1,29,ds_cbdf3834368e,ds_16b6be697acb,01190,
13,32,15,12.02020202,6,19,0.8638443507,1,29,ds_cbdf3834368e,ds_16b6be697acb,01190,
13,33,12,12.02020202,6,19,-0.005856571869,1,29,ds_cbdf3834368e,ds_16b6be697acb,01190,
13,34,10,12.02020202,6,19,-0.5856571869,1,29,ds_cbdf3834368e,ds_16b6be697acb,01190,
13,35,15,12.02020202,6,19,0.8638443507,1,29,ds_cbdf3834368e,ds_16b6be697acb,01190,
13,36,16,12.02020202,6,19,1.153744658,1,29,ds_cbdf3834368e,ds_16b6be697acb,01190,
13,37,4,12.02020202,6,19,-2.325059032,1,29,ds_cbdf3834368e,ds_16b6be697acb,01190,
13,38,12,12.02020202,6,19,-0.005856571869,1,29,ds_cbdf3834368e,ds_16b6be697acb,01190,
13,39,9,12.02020202,6,19,-0.8755574944,1,29,ds_cbdf3834368e,ds_16b6be697acb,01190,
13,40,15,12.02020202,6,19,0.8638443507,1,29,ds_cbdf3834368e,ds_16b6be697acb,01190,
13,41,17,12.02020202,6,19,1.443644966,1,29,ds_cbdf3834368e,ds_16b6be697acb,01190,
13,42,16,12.02020202,6,19,1.153744658,1,29,ds_cbdf3834368e,ds_16b6be697acb,01190,
13,43,14,12.02020202,6,19,0.5739440432,1,29,ds_cbdf3834368e,ds_16b6be697acb,01190,
13,44,11,12.02020202,6,19,-0.2957568794,1,29,ds_cbdf3834368e,ds_16b6be697acb,01190,
13,45,13,12.02020202,6,19,0.2840437357,1,29,ds_cbdf3834368e,ds_16b6be697acb,01190,
13,46,7,12.02020202,6,19,-1.45535811,1,29,ds_cbdf3834368e,ds_16b6be697acb,01190,
13,47,12,12.02020202,6,19,-0.005856571869,1,29,ds_cbdf3834368e,ds_16b6be697acb,01190,
13,48,12,12.02020202,6,19,-0.005856571869,1,29,ds_cbdf3834368e,ds_16b6be697acb,01190,
13,49,15,12.02020202,6,19,0.8638443507,1,29,ds_cbdf3834368e,ds_16b6be697acb,01190,
13,50,6,12.02020202,6,19,-1.745258417,1,29,ds_cbdf3834368e,ds_16b6be697acb,01190,
13,51,12,12.02020202,6,19,-0.005856571869,1,29,ds_cbdf3834368e,ds_16b6be697acb,01190,
13,52,14,12.02020202,6,19,0.5739440432,1,29,ds_cbdf3834368e,ds_16b6be697acb,01190,
13,53,14,12.02020202,6,19,0.5739440432,1,29,ds_cbdf3834368e,ds_16b6be697acb,01190,
13,54,15,12.02020202,6,19,0.8638443507,1,29,ds_cbdf3834368e,ds_16b6be697acb,01190,
13,55,14,12.02020202,6,19,0.5739440432,1,29,ds_cbdf3834368e,ds_16b6be697acb,01190,
14,15,14,12.02020202,6,19,0.5739440432,1,29,ds_cbdf3834368e,ds_16b6be697acb,01190,
14,16,3,12.02020202,6,19,-2.61495934,1,29,ds_cbdf3834368e,ds_16b6be697acb,01190,
14,17,12,12.02020202,6,19,-0.005856571869,1,29,ds_cbdf3834368e,ds_16b6be697acb,01190,
14,18,15,12.02020202,6,19,0.8638443507,1,29,ds_cbdf3834368e,ds_16b6be697acb,01190,
14,19,10,12.02020202,6,19,-0.5856571869,1,29,ds_cbdf3834368e,ds_16b6be697acb,01190,
14,20,10,12.02020202,6,19,-0.5856571869,1,29,ds_cbdf3834368e,ds_16b6be697acb,01190,
14,21,11,12.02020202,6,19,-0.2957568794,1,29,ds_cbdf3834368e,ds_16b6be697acb,01190,
14,22,11,12.02020202,6,19,-0.2957568794,1,29,ds_cbdf3834368e,ds_16b6be697acb,01190,
14,23,15,12.02020202,6,19,0.8638443507,1,29,ds_cbdf3834368e,ds_16b6be697acb,01190,
14,24,11,12.02020202,6,19,-0.2957568794,1,29,ds_cbdf3834368e,ds_16b6be697acb,01190,
14,25,6,12.02020202,6,19,-1.745258417,1,29,ds_cbdf3834368e,ds_16b6be697acb,01190,
14,26,13,12.02020202,6,19,0.2840437357,1,29,ds_cbdf3834368e,ds_16b6be697acb,01190,
14,27,14,12.02020202,6,19,0.5739440432,1,29,ds_cbdf3834368e,ds_16b6be697acb,01190,
14,28,10,12.02020202,6,19,-0.5856571869,1,29,ds_cbdf3834368e,ds_16b6be697acb,01190,
14,29,15,12.02020202,6,19,0.8638443507,1,29,ds_cbdf3834368e,ds_16b6be697acb,01190,
14,30,8,12.02020202,6,19,-1.165457802,1,29,ds_cbdf3834368e,ds_16b6be697acb,01190,
14,31,9,12.02020202,6,19,-0.8755574944,1,29,ds_cbdf3834368e,ds_16b6be697acb,01190,
14,32,12,12.02020202,6,19,-0.005856571869,1,29,ds_cbdf3834368e,ds_16b6be697acb,01190,
14,33,12,12.02020202,6,19,-0.005856571869,1,29,ds_cbdf3834368e,ds_16b6be697acb,01190,
14,34,9,12.02020202,6,19,-0.8755574944,1,29,ds_cbdf3834368e,ds_16b6be697acb,01190,
14,35,14,12.02020202,6,19,0.5739440432,1,29,ds_cbdf3834368e,ds_16b6be697acb,01190,
14,36,9,12.02020202,6,19,-0.8755574944,1,29,ds_cbdf3834368e,ds_16b6be697acb,01190,
14,37,13,12.02020202,6,19,0.2840437357,1,29,ds_cbdf3834368e,ds_16b6be697acb,01190,
14,38,10,12.02020202,6,19,-0.5856571869,1,29,ds_cbdf3834368e,ds_16b6be697acb,01190,
14,39,6,12.02020202,6,19,-1.745258417,1,29,ds_cbdf3834368e,ds_16b6be697acb,01190,
14,40,13,12.02020202,6,19,0.2840437357,1,29,ds_cbdf3834368e,ds_16b6be697acb,01190,
14,41,15,12.02020202,6,19,0.8638443507,1,29,ds_cbdf3834368e,ds_16b6be697acb,01190,
14,42,10,12.02020202,6,19,-0.5856571869,1,29,ds_cbdf3834368e,ds_16b6be697acb,01190,
14,43,12,12.02020202,6,19,-0.005856571869,1,29,ds_cbdf3834368e,ds_16b6be697acb,01190,
14,44,13,12.02020202,6,19,0.2840437357,1,29,ds_cbdf3834368e,ds_16b6be697acb,01190,
14,45,9,12.02020202,6,19,-0.8755574944,1,29,ds_cbdf3834368e,ds_16b6be697acb,01190,
14,46,9,12.02020202,6,19,-0.8755574944,1,29,ds_cbdf3834368e,ds_16b6be697acb,01190,
14,47,16,12.02020202,6,19,1.153744658,1,29,ds_cbdf3834368e,ds_16b6be697acb,01190,
14,48,11,12.02020202,6,19,-0.2957568794,1,29,ds_cbdf3834368e,ds_16b6be697acb,01190,
14,49,16,12.02020202,6,19,1.153744658,1,29,ds_cbdf3834368e,ds_16b6be697acb,01190,
14,50,13,12.02020202,6,19,0.2840437357,1,29,ds_cbdf3834368e,ds_16b6be697acb,01190,
14,51,10,12.02020202,6,19,-0.5856571869,1,29,ds_cbdf3834368e,ds_16b6be697acb,01190,
14,52,10,12.02020202,6,19,-0.5856571869,1,29,ds_cbdf3834368e,ds_16b6be697acb,01190,
14,53,13,12.02020202,6,19,0.2840437357,1,29,ds_cbdf3834368e,ds_16b6be697acb,01190,
14,54,11,12.02020202,6,19,-0.2957568794,1,29,ds_cbdf3834368e,ds_16b6be697acb,01190,
14,55,13,12.02020202,6,19,0.2840437357,1,29,ds_cbdf3834368e,ds_16b6be697acb,01190,
15,16,12,12.02020202,6,19,-0.005856571869,1,29,ds_cbdf3834368e,ds_16b6be697acb,01190,
15,17,7,12.02020202,6,19,-1.45535811,1,29,ds_cbdf3834368e,ds_16b6be697acb,01190,
15,18,12,12.02020202,6,19,-0.005856571869,1,29,ds_cbdf3834368e,ds_16b6be697acb,01190,
15,19,10,12.02020202,6,19,-0.5856571869,1,29,ds_cbdf3834368e,ds_16b6be697acb,01190,
15,20,10,12.02020202,6,19,-0.5856571869,1,29,ds_cbdf3834368e,ds_16b6be697acb,01190,
15,21,17,12.02020202,6,19,1.443644966,1,29,ds_cbdf3834368e,ds_16b6be697acb,01190,
15,22,9,12.02020202,6,19,-0.8755574944,1,29,ds_cbdf3834368e,ds_16b6be697acb,01190,
15,23,14,12.02020202,6,19,0.5739440432,1,29,ds_cbdf3834368e,ds_16b6be697acb,01190,
15,24,12,12.02020202,6,19,-0.005856571869,1,29,ds_cbdf3834368e,ds_16b6be697acb,01190,
15,25,14,12.02020202,6,19,0.5739440432,1,29,ds_cbdf3834368e,ds_16b6be697acb,01190,
15,26,16,12.02020202,6,19,1.153744658,1,29,ds_cbdf3834368e,ds_16b6be697acb,01190,
15,27,9,12.02020202,6,19,-0.8755574944,1,29,ds_cbdf3834368e,ds_16b6be697acb,01190,
15,28,8,12.02020202,6,19,-1.165457802,1,29,ds_cbdf3834368e,ds_16b6be697acb,01190,
15,29,13,12.02020202,6,19,0.2840437357,1,29,ds_cbdf3834368e,ds_16b6be697acb,01190,
15,30,8,12.02020202,6,19,-1.165457802,1,29,ds_cbdf3834368e,ds_16b6be697acb,01190,
15,31,14,12.02020202,6,19,0.5739440432,1,29,ds_cbdf3834368e,ds_16b6be697acb,01190,
15,32,16,12.02020202,6,19,1.153744658,1,29,ds_cbdf3834368e,ds_16b6be697acb,01190,
15,33,11,12.02020202,6,19,-0.2957568794,1,29,ds_cbdf3834368e,ds_16b6be697acb,01190,
15,34,13,12.02020202,6,19,0.2840437357,1,29,ds_cbdf3834368e,ds_16b6be697acb,01190,
15,35,10,12.02020202,6,19,-0.5856571869,1,29,ds_cbdf3834368e,ds_16b6be697acb,01190,
15,36,7,12.02020202,6,19,-1.45535811,1,29,ds_cbdf3834368e,ds_16b6be697acb,01190,
15,37,8,12.02020202,6,19,-1.165457802,1,29,ds_cbdf3834368e,ds_16b6be697acb,01190,
15,38,6,12.02020202,6,19,-1.745258417,1,29,ds_cbdf3834368e,ds_16b6be697acb,01190,
15,39,9,12.02020202,6,19,-0.8755574944,1,29,ds_cbdf3834368e,ds_16b6be697acb,01190,
15,40,12,12.02020202,6,19,-0.005856571869,1,29,ds_cbdf3834368e,ds_16b6be697acb,01190,
15,41,11,12.02020202,6,19,-0.2957568794,1,29,ds_cbdf3834368e,ds_16b6be697acb,01190,
15,42,12,12.02020202,6,19,-0.005856571869,1,29,ds_cbdf3834368e,ds_16b6be697acb,01190,
15,43,12,12.02020202,6,19,-0.005856571869,1,29,ds_cbdf3834368e,ds_16b6be697acb,01190,
15,44,10,12.02020202,6,19,-0.5856571869,1,29,ds_cbdf3834368e,ds_16b6be697acb,01190,
15,45,13,12.02020202,6,19,0.2840437357,1,29,ds_cbdf3834368e,ds_16b6be697acb,01190,
15,46,11,12.02020202,6,19,-0.2957568794,1,29,ds_cbdf3834368e,ds_16b6be697acb,01190,
15,47,7,12.02020202,6,19,-1.45535811,1,29,ds_cbdf3834368e,ds_16b6be697acb,01190,
15,48,15,12.02020202,6,19,0.8638443507,1,29,ds_cbdf3834368e,ds_16b6be697acb,01190,
15,49,13,12.02020202,6,19,0.2840437357,1,29,ds_cbdf3834368e,ds_16b6be697acb,01190,
15,50,7,12.02020202,6,19,-1.45535811,1,29,ds_cbdf3834368e,ds_16b6be697acb,01190,
15,51,12,12.02020202,6,19,-0.005856571869,1,29,ds_cbdf3834368e,ds_16b6be697acb,01190,
15,52,8,12.02020202,6,19,-1.165457802,1,29,ds_cbdf3834368e,ds_16b6be697acb,01190,
15,53,11,12.02020202,6,19,-0.2957568794,1,29,ds_cbdf3834368e,ds_16b6be697acb,01190,
15,54,9,12.02020202,6,19,-0.8755574944,1,29,ds_cbdf3834368e,ds_16b6be697acb,01190,
15,55,8,12.02020202,6,19,-1.165457802,1,29,ds_cbdf3834368e,ds_16b6be697acb,01190,
16,17,17,12.02020202,6,19,1.443644966,1,29,ds_cbdf3834368e,ds_16b6be697acb,01190,
16,18,10,12.02020202,6,19,-0.5856571869,1,29,ds_cbdf3834368e,ds_16b6be697acb,01190,
16,19,9,12.02020202,6,19,-0.8755574944,1,29,ds_cbdf3834368e,ds_16b6be697acb,01190,
16,20,9,12.02020202,6,19,-0.8755574944,1,29,ds_cbdf3834368e,ds_16b6be697acb,01190,
16,21,8,12.02020202,6,19,-1.165457802,1,29,ds_cbdf3834368e,ds_16b6be697acb,01190,
16,22,11,12.02020202,6,19,-0.2957568794,1,29,ds_cbdf3834368e,ds_16b6be697acb,01190,
16,23,11,12.02020202,6,19,-0.2957568794,1,29,ds_cbdf3834368e,ds_16b6be697acb,01190,
16,24,8,12.02020202,6,19,-1.165457802,1,29,ds_cbdf3834368e,ds_16b6be697acb,01190,
16,25,7,12.02020202,6,19,-1.45535811,1,29,ds_cbdf3834368e,ds_16b6be697acb,01190,
16,26,11,12.02020202,6,19,-0.2957568794,1,29,ds_cbdf3834368e,ds_16b6be697acb,01190,
16,27,9,12.02020202,6,19,-0.8755574944,1,29,ds_cbdf3834368e,ds_16b6be697acb,01190,
16,28,10,12.02020202,6,19,-0.5856571869,1,29,ds_cbdf3834368e,ds_16b6be697acb,01190,
16,29,19,12.02020202,6,19,2.023445581,1,29,ds_cbdf3834368e,ds_16b6be697acb,01190,
16,30,17,12.02020202,6,19,1.443644966,1,29,ds_cbdf3834368e,ds_16b6be697acb,01190,
16,31,11,12.02020202,6,19,-0.2957568794,1,29,ds_cbdf3834368e,ds_16b6be697acb,01190,
16,32,11,12.02020202,6,19,-0.2957568794,1,29,ds_cbdf3834368e,ds_16b6be697acb,01190,
16,33,14,12.02020202,6,19,0.5739440432,1,29,ds_cbdf3834368e,ds_16b6be697acb,01190,
16,34,13,12.02020202,6,19,0.2840437357,1,29,ds_cbdf3834368e,ds_16b6be697acb,01190,
16,35,8,12.02020202,6,19,-1.165457802,1,29,ds_cbdf3834368e,ds_16b6be697acb,01190,
16,36,7,12.02020202,6,19,-1.45535811,1,29,ds_cbdf3834368e,ds_16b6be697acb,01190,
16,37,13,12.02020202,6,19,0.2840437357,1,29,ds_cbdf3834368e,ds_16b6be697acb,01190,
16,38,9,12.02020202,6,19,-0.8755574944,1,29,ds_cbdf3834368e,ds_16b6be697acb,01190,
16,39,15,12.02020202,6,19,0.8638443507,1,29,ds_cbdf3834368e,ds_16b6be697acb,01190,
16,40,11,12.02020202,6,19,-0.2957568794,1,29,ds_cbdf3834368e,ds_16b6be697acb,01190,
16,41,12,12.02020202,6,19,-0.005856571869,1,29,ds_cbdf3834368e,ds_16b6be697acb,01190,
16,42,14,12.02020202,6,19,0.5739440432,1,29,ds_cbdf3834368e,ds_16b6be697acb,01190,
16,43,15,12.02020202,6,19,0.8638443507,1,29,ds_cbdf3834368e,ds_16b6be697acb,01190,
16,44,9,12.02020202,6,19,-0.8755574944,1,29,ds_cbdf3834368e,ds_16b6be697acb,01190,
16,45,7,12.02020202,6,19,-1.45535811,1,29,ds_cbdf3834368e,ds_16b6be697acb,01190,
16,46,12,12.02020202,6,19,-0.005856571869,1,29,ds_cbdf3834368e,ds_16b6be697acb,01190,
16,47,10,12.02020202,6,19,-0.5856571869,1,29,ds_cbdf3834368e,ds_16b6be697acb,01190,
16,48,10,12.02020202,6,19,-0.5856571869,1,29,ds_cbdf3834368e,ds_16b6be697acb,01190,
16,49,11,12.02020202,6,19,-0.2957568794,1,29,ds_cbdf3834368e,ds_16b6be697acb,01190,
16,50,9,12.02020202,6,19,-0.8755574944,1,29,ds_cbdf3834368e,ds_16b6be697acb,01190,
16,51,13,12.02020202,6,19,0.2840437357,1,29,ds_cbdf3834368e,ds_16b6be697acb,01190,
16,52,11,12.02020202,6,19,-0.2957568794,1,29,ds_cbdf3834368e,ds_16b6be697acb,01190,
16,53,6,12.02020202,6,19,-1.745258417,1,29,ds_cbdf3834368e,ds_16b6be697acb,01190,
16,54,6,12.02020202,6,19,-1.745258417,1,29,ds_cbdf3834368e,ds_16b6be697acb,01190,
16,55,9,12.02020202,6,19,-0.8755574944,1,29,ds_cbdf3834368e,ds_16b6be697acb,01190,
17,18,9,12.02020202,6,19,-0.8755574944,1,29,ds_cbdf3834368e,ds_16b6be697acb,01190,
17,19,8,12.02020202,6,19,-1.165457802,1,29,ds_cbdf3834368e,ds_16b6be697acb,01190,
17,20,13,12.02020202,6,19,0.2840437357,1,29,ds_cbdf3834368e,ds_16b6be697acb,01190,
17,21,11,12.02020202,6,19,-0.2957568794,1,29,ds_cbdf3834368e,ds_16b6be697acb,01190,
17,22,10,12.02020202,6,19,-0.5856571869,1,29,ds_cbdf3834368e,ds_16b6be697acb,01190,
17,23,9,12.02020202,6,19,-0.8755574944,1,29,ds_cbdf3834368e,ds_16b6be697acb,01190,
17,24,13,12.02020202,6,19,0.2840437357,1,29,ds_cbdf3834368e,ds_16b6be697acb,01190,
17,25,13,12.02020202,6,19,0.2840437357,1,29,ds_cbdf3834368e,ds_16b6be697acb,01190,
17,26,10,12.02020202,6,19,-0.5856571869,1,29,ds_cbdf3834368e,ds_16b6be697acb,01190,
17,27,13,12.02020202,6,19,0.2840437357,1,29,ds_cbdf3834368e,ds_16b6be697acb,01190,
17,28,12,12.02020202,6,19,-0.005856571869,1,29,ds_cbdf3834368e,ds_16b6be697acb,01190,
17,29,12,12.02020202,6,19,-0.005856571869,1,29,ds_cbdf3834368e,ds_16b6be697acb,01190,
17,30,8,12.02020202,6,19,-1.165457802,1,29,ds_cbdf3834368e,ds_16b6be697acb,01190,
17,31,14,12.02020202,6,19,0.5739440432,1,29,ds_cbdf3834368e,ds_16b6be697acb,01190,
17,32,7,12.02020202,6,19,-1.45535811,1,29,ds_cbdf3834368e,ds_16b6be697acb,01190,
17,33,10,12.02020202,6,19,-0.5856571869,1,29,ds_cbdf3834368e,ds_16b6be697acb,01190,
17,34,14,12.02020202,6,19,0.5739440432,1,29,ds_cbdf3834368e,ds_16b6be697acb,01190,
17,35,10,12.02020202,6,19,-0.5856571869,1,29,ds_cbdf3834368e,ds_16b6be697acb,01190,
17,36,10,12.02020202,6,19,-0.5856571869,1,29,ds_cbdf3834368e,ds_16b6be697acb,01190,
17,37,12,12.02020202,6,19,-0.005856571869,1,29,ds_cbdf3834368e,ds_16b6be697acb,01190,
17,38,11,12.02020202,6,19,-0.2957568794,1,29,ds_cbdf3834368e,ds_16b6be697acb,01190,
17,39,12,12.02020202,6,19,-0.005856571869,1,29,ds_cbdf3834368e,ds_16b6be697acb,01190,
17,40,14,12.02020202,6,19,0.5739440432,1,29,ds_cbdf3834368e,ds_16b6be697acb,01190,
17,41,17,12.02020202,6,19,1.443644966,1,29,ds_cbdf3834368e,ds_16b6be697acb,01190,
17,42,13,12.02020202,6,19,0.2840437357,1,29,ds_cbdf3834368e,ds_16b6be697acb,01190,
17,43,6,12.02020202,6,19,-1.745258417,1,29,ds_cbdf3834368e,ds_16b6be697acb,01190,
17,44,10,12.02020202,6,19,-0.5856571869,1,29,ds_cbdf3834368e,ds_16b6be697acb,01190,
17,45,9,12.02020202,6,19,-0.8755574944,1,29,ds_cbdf3834368e,ds_16b6be697acb,01190,
17,46,12,12.02020202,6,19,-0.005856571869,1,29,ds_cbdf3834368e,ds_16b6be697acb,01190,
17,47,9,12.02020202,6,19,-0.8755574944,1,29,ds_cbdf3834368e,ds_16b6be697acb,01190,
17,48,11,12.02020202,6,19,-0.2957568794,1,29,ds_cbdf3834368e,ds_16b6be697acb,01190,
17,49,12,12.02020202,6,19,-0.005856571869,1,29,ds_cbdf3834368e,ds_16b6be697acb,01190,
17,50,15,12.02020202,6,19,0.8638443507,1,29,ds_cbdf3834368e,ds_16b6be697acb,01190,
17,51,16,12.02020202,6,19,1.153744658,1,29,ds_cbdf3834368e,ds_16b6be697acb,01190,
17,52,13,12.02020202,6,19,0.2840437357,1,29,ds_cbdf3834368e,ds_16b6be697acb,01190,
17,53,12,12.02020202,6,19,-0.005856571869,1,29,ds_cbdf3834368e,ds_16b6be697acb,01190,
17,54,8,12.02020202,6,19,-1.165457802,1,29,ds_cbdf3834368e,ds_16b6be697acb,01190,
17,55,10,12.02020202,6,19,-0.5856571869,1,29,ds_cbdf3834368e,ds_16b6be697acb,01190,
18,19,7,12.02020202,6,19,-1.45535811,1,29,ds_cbdf3834368e,ds_16b6be697acb,01190,
18,20,18,12.02020202,6,19,1.733545273,1,29,ds_cbdf3834368e,ds_16b6be697acb,01190,
18,21,13,12.02020202,6,19,0.2840437357,1,29,ds_cbdf3834368e,ds_16b6be697acb,01190,
18,22,20,12.02020202,6,19,2.313345888,1,29,ds_cbdf3834368e,ds_16b6be697acb,01190,
18,23,10,12.02020202,6,19,-0.5856571869,1,29,ds_cbdf3834368e,ds_16b6be697acb,01190,
18,24,13,12.02020202,6,19,0.2840437357,1,29,ds_cbdf3834368e,ds_16b6be697acb,01190,
18,25,16,12.02020202,6,19,1.153744658,1,29,ds_cbdf3834368e,ds_16b6be697acb,01190,
18,26,14,12.02020202,6,19,0.5739440432,1,29,ds_cbdf3834368e,ds_16b6be697acb,01190,
18,27,11,12.02020202,6,19,-0.2957568794,1,29,ds_cbdf3834368e,ds_16b6be697acb,01190,
18,28,12,12.02020202,6,19,-0.005856571869,1,29,ds_cbdf3834368e,ds_16b6be697acb,01190,
18,29,16,12.02020202,6,19,1.153744658,1,29,ds_cbdf3834368e,ds_16b6be697acb,01190,
18,30,12,12.02020202,6,19,-0.005856571869,1,29,ds_cbdf3834368e,ds_16b6be697acb,01190,
18,31,9,12.02020202,6,19,-0.8755574944,1,29,ds_cbdf3834368e,ds_16b6be697acb,01190,
18,32,15,12.02020202,6,19,0.8638443507,1,29,ds_cbdf3834368e,ds_16b6be697acb,01190,
18,33,12,12.02020202,6,19,-0.005856571869,1,29,ds_cbdf3834368e,ds_16b6be697acb,01190,
18,34,11,12.02020202,6,19,-0.2957568794,1,29,ds_cbdf3834368e,ds_16b6be697acb,01190,
18,35,16,12.02020202,6,19,1.153744658,1,29,ds_cbdf3834368e,ds_16b6be697acb,01190,
18,36,8,12.02020202,6,19,-1.165457802,1,29,ds_cbdf3834368e,ds_16b6be697acb,01190,
18,37,11,12.02020202,6,19,-0.2957568794,1,29,ds_cbdf3834368e,ds_16b6be697acb,01190,
18,38,9,12.02020202,6,19,-0.8755574944,1,29,ds_cbdf3834368e,ds_16b6be697acb,01190,
18,39,12,12.02020202,6,19,-0.005856571869,1,29,ds_cbdf3834368e,ds_16b6be697acb,01190,
18,40,15,12.02020202,6,19,0.8638443507,1,29,ds_cbdf3834368e,ds_16b6be697acb,01190,
18,41,17,12.02020202,6,19,1.443644966,1,29,ds_cbdf3834368e,ds_16b6be697acb,01190,
18,42,10,12.02020202,6,19,-0.5856571869,1,29,ds_cbdf3834368e,ds_16b6be697acb,01190,
18,43,16,12.02020202,6,19,1.153744658,1,29,ds_cbdf3834368e,ds_16b6be697acb,01190,
18,44,11,12.02020202,6,19,-0.2957568794,1,29,ds_cbdf3834368e,ds_16b6be697acb,01190,
18,45,13,12.02020202,6,19,0.2840437357,1,29,ds_cbdf3834368e,ds_16b6be697acb,01190,
18,46,18,12.02020202,6,19,1.733545273,1,29,ds_cbdf3834368e,ds_16b6be697acb,01190,
18,47,14,12.02020202,6,19,0.5739440432,1,29,ds_cbdf3834368e,ds_16b6be697acb,01190,
18,48,8,12.02020202,6,19,-1.165457802,1,29,ds_cbdf3834368e,ds_16b6be697acb,01190,
18,49,18,12.02020202,6,19,1.733545273,1,29,ds_cbdf3834368e,ds_16b6be697acb,01190,
18,50,17,12.02020202,6,19,1.443644966,1,29,ds_cbdf3834368e,ds_16b6be697acb,01190,
18,51,14,12.02020202,6,19,0.5739440432,1,29,ds_cbdf3834368e,ds_16b6be697acb,01190,
18,52,13,12.02020202,6,19,0.2840437357,1,29,ds_cbdf3834368e,ds_16b6be697acb,01190,
18,53,15,12.02020202,6,19,0.8638443507,1,29,ds_cbdf3834368e,ds_16b6be697acb,01190,
18,54,9,12.02020202,6,19,-0.8755574944,1,29,ds_cbdf3834368e,ds_16b6be697acb,01190,
18,55,8,12.02020202,6,19,-1.165457802,1,29,ds_cbdf3834368e,ds_16b6be697acb,01190,
19,20,14,12.02020202,6,19,0.5739440432,1,29,ds_cbdf3834368e,ds_16b6be697acb,01190,
19,21,12,12.02020202,6,19,-0.005856571869,1,29,ds_cbdf3834368e,ds_16b6be697acb,01190,
19,22,9,12.02020202,6,19,-0.8755574944,1,29,ds_cbdf3834368e,ds_16b6be697acb,01190,
19,23,13,12.02020202,6,19,0.2840437357,1,29,ds_cbdf3834368e,ds_16b6be697acb,01190,
19,24,11,12.02020202,6,19,-0.2957568794,1,29,ds_cbdf3834368e,ds_16b6be697acb,01190,
19,25,11,12.02020202,6,19,-0.2957568794,1,29,ds_cbdf3834368e,ds_16b6be697acb,01190,
19,26,6,12.02020202,6,19,-1.745258417,1,29,ds_cbdf3834368e,ds_16b6be697acb,01190,
19,27,8,12.02020202,6,19,-1.165457802,1,29,ds_cbdf3834368e,ds_16b6be697acb,01190,
19,28,12,12.02020202,6,19,-0.005856571869,1,29,ds_cbdf3834368e,ds_16b6be697acb,01190,
19,29,14,12.02020202,6,19,0.5739440432,1,29,ds_cbdf3834368e,ds_16b6be697acb,01190,
19,30,14,12.02020202,6,19,0.5739440432,1,29,ds_cbdf3834368e,ds_16b6be697acb,01190,
19,31,11,12.02020202,6,19,-0.2957568794,1,29,ds_cbdf3834368e,ds_16b6be697acb,01190,
19,32,12,12.02020202,6,19,-0.005856571869,1,29,ds_cbdf3834368e,ds_16b6be697acb,01190,
19,33,9,12.02020202,6,19,-0.8755574944,1,29,ds_cbdf3834368e,ds_16b6be697acb,01190,
19,34,19,12.02020202,6,19,2.023445581,1,29,ds_cbdf3834368e,ds_16b6be697acb,01190,
19,35,11,12.02020202,6,19,-0.2957568794,1,29,ds_cbdf3834368e,ds_16b6be697acb,01190,
19,36,11,12.02020202,6,19,-0.2957568794,1,29,ds_cbdf3834368e,ds_16b6be697acb,01190,
19,37,7,12.02020202,6,19,-1.45535811,1,29,ds_cbdf3834368e,ds_16b6be697acb,01190,
19,38,12,12.02020202,6,19,-0.005856571869,1,29,ds_cbdf3834368e,ds_16b6be697acb,01190,
19,39,13,12.02020202,6,19,0.2840437357,1,29,ds_cbdf3834368e,ds_16b6be697acb,01190,
19,40,13,12.02020202,6,19,0.2840437357,1,29,ds_cbdf3834368e,ds_16b6be697acb,01190,
19,41,16,12.02020202,6,19,1.153744658,1,29,ds_cbdf3834368e,ds_16b6be697acb,01190,
19,42,17,12.02020202,6,19,1.443644966,1,29,ds_cbdf3834368e,ds_16b6be697acb,01190,
19,43,10,12.02020202,6,19,-0.5856571869,1,29,ds_cbdf3834368e,ds_16b6be697acb,01190,
19,44,10,12.02020202,6,19,-0.5856571869,1,29,ds_cbdf3834368e,ds_16b6be697acb,01190,
19,45,8,12.02020202,6,19,-1.165457802,1,29,ds_cbdf3834368e,ds_16b6be697acb,01190,
19,46,12,12.02020202,6,19,-0.005856571869,1,29,ds_cbdf3834368e,ds_16b6be697acb,01190,
19,47,15,12.02020202,6,19,0.8638443507,1,29,ds_cbdf3834368e,ds_16b6be697acb,01190,
19,48,12,12.02020202,6,19,-0.005856571869,1,29,ds_cbdf3834368e,ds_16b6be697acb,01190,
19,49,11,12.02020202,6,19,-0.2957568794,1,29,ds_cbdf3834368e,ds_16b6be697acb,01190,
19,50,6,12.02020202,6,19,-1.745258417,1,29,ds_cbdf3834368e,ds_16b6be697acb,01190,
19,51,18,12.02020202,6,19,1.733545273,1,29,ds_cbdf3834368e,ds_16b6be697acb,01190,
19,52,7,12.02020202,6,19,-1.45535811,1,29,ds_cbdf3834368e,ds_16b6be697acb,01190,
19,53,14,12.02020202,6,19,0.5739440432,1,29,ds_cbdf3834368e,ds_16b6be697acb,01190,
19,54,15,12.02020202,6,19,0.8638443507,1,29,ds_cbdf3834368e,ds_16b6be697acb,01190,
19,55,13,12.02020202,6,19,0.2840437357,1,29,ds_cbdf3834368e,ds_16b6be697acb,01190,
20,21,13,12.02020202,6,19,0.2840437357,1,29,ds_cbdf3834368e,ds_16b6be697acb,01190,
20,22,14,12.02020202,6,19,0.5739440432,1,29,ds_cbdf3834368e,ds_16b6be697acb,01190,
20,23,9,12.02020202,6,19,-0.8755574944,1,29,ds_cbdf3834368e,ds_16b6be697acb,01190,
20,24,14,12.02020202,6,19,0.5739440432,1,29,ds_cbdf3834368e,ds_16b6be697acb,01190,
20,25,11,12.02020202,6,19,-0.2957568794,1,29,ds_cbdf3834368e,ds_16b6be697acb,01190,
20,26,13,12.02020202,6,19,0.2840437357,1,29,ds_cbdf3834368e,ds_16b6be697acb,01190,
20,27,18,12.02020202,6,19,1.733545273,1,29,ds_cbdf3834368e,ds_16b6be697acb,01190,
20,28,8,12.02020202,6,19,-1.165457802,1,29,ds_cbdf3834368e,ds_16b6be697acb,01190,
20,29,10,12.02020202,6,19,-0.5856571869,1,29,ds_cbdf3834368e,ds_16b6be697acb,01190,
20,30,10,12.02020202,6,19,-0.5856571869,1,29,ds_cbdf3834368e,ds_16b6be697acb,01190,
20,31,12,12.02020202,6,19,-0.005856571869,1,29,ds_cbdf3834368e,ds_16b6be697acb,01190,
20,32,10,12.02020202,6,19,-0.5856571869,1,29,ds_cbdf3834368e,ds_16b6be697acb,01190,
20,33,15,12.02020202,6,19,0.8638443507,1,29,ds_cbdf3834368e,ds_16b6be697acb,01190,
20,34,14,12.02020202,6,19,0.5739440432,1,29,ds_cbdf3834368e,ds_16b6be697acb,01190,
20,35,7,12.02020202,6,19,-1.45535811,1,29,ds_cbdf3834368e,ds_16b6be697acb,01190,
20,36,17,12.02020202,6,19,1.443644966,1,29,ds_cbdf3834368e,ds_16b6be697acb,01190,
20,37,8,12.02020202,6,19,-1.165457802,1,29,ds_cbdf3834368e,ds_16b6be697acb,01190,
20,38,13,12.02020202,6,19,0.2840437357,1,29,ds_cbdf3834368e,ds_16b6be697acb,01190,
20,39,11,12.02020202,6,19,-0.2957568794,1,29,ds_cbdf3834368e,ds_16b6be697acb,01190,
20,40,8,12.02020202,6,19,-1.165457802,1,29,ds_cbdf3834368e,ds_16b6be697acb,01190,
20,41,16,12.02020202,6,19,1.153744658,1,29,ds_cbdf3834368e,ds_16b6be697acb,01190,
20,42,7,12.02020202,6,19,-1.45535811,1,29,ds_cbdf3834368e,ds_16b6be697acb,01190,
20,43,15,12.02020202,6,19,0.8638443507,1,29,ds_cbdf3834368e,ds_16b6be697acb,01190,
20,44,12,12.02020202,6,19,-0.005856571869,1,29,ds_cbdf3834368e,ds_16b6be697acb,01190,
20,45,11,12.02020202,6,19,-0.2957568794,1,29,ds_cbdf3834368e,ds_16b6be697acb,01190,
20,46,9,12.02020202,6,19,-0.8755574944,1,29,ds_cbdf3834368e,ds_16b6be697acb,01190,
20,47,16,12.02020202,6,19,1.153744658,1,29,ds_cbdf3834368e,ds_16b6be697acb,01190,
20,48,7,12.02020202,6,19,-1.45535811,1,29,ds_cbdf3834368e,ds_16b6be697acb,01190,
20,49,12,12.02020202,6,19,-0.005856571869,1,29,ds_cbdf3834368e,ds_16b6be697acb,01190,
20,50,9,12.02020202,6,19,-0.8755574944,1,29,ds_cbdf3834368e,ds_16b6be697acb,01190,
20,51,22,12.02020202,6,19,2.893146503,1,29,ds_cbdf3834368e,ds_16b6be697acb,01190,
20,52,15,12.02020202,6,19,0.8638443507,1,29,ds_cbdf3834368e,ds_16b6be697acb,01190,
20,53,15,12.02020202,6,19,0.8638443507,1,29,ds_cbdf3834368e,ds_16b6be697acb,01190,
20,54,11,12.02020202,6,19,-0.2957568794,1,29,ds_cbdf3834368e,ds_16b6be697acb,01190,
20,55,8,12.02020202,6,19,-1.165457802,1,29,ds_cbdf3834368e,ds_16b6be697acb,01190,
21,22,8,12.02020202,6,19,-1.165457802,1,29,ds_cbdf3834368e,ds_16b6be697acb,01190,
21,23,14,12.02020202,6,19,0.5739440432,1,29,ds_cbdf3834368e,ds_16b6be697acb,01190,
21,24,18,12.02020202,6,19,1.733545273,1,29,ds_cbdf3834368e,ds_16b6be697acb,01190,
21,25,7,12.02020202,6,19,-1.45535811,1,29,ds_cbdf3834368e,ds_16b6be697acb,01190,
21,26,18,12.02020202,6,19,1.733545273,1,29,ds_cbdf3834368e,ds_16b6be697acb,01190,
21,27,8,12.02020202,6,19,-1.165457802,1,29,ds_cbdf3834368e,ds_16b6be697acb,01190,
21,28,6,12.02020202,6,19,-1.745258417,1,29,ds_cbdf3834368e,ds_16b6be697acb,01190,
21,29,12,12.02020202,6,19,-0.005856571869,1,29,ds_cbdf3834368e,ds_16b6be697acb,01190,
21,30,13,12.02020202,6,19,0.2840437357,1,29,ds_cbdf3834368e,ds_16b6be697acb,01190,
21,31,11,12.02020202,6,19,-0.2957568794,1,29,ds_cbdf3834368e,ds_16b6be697acb,01190,
21,32,13,12.02020202,6,19,0.2840437357,1,29,ds_cbdf3834368e,ds_16b6be697acb,01190,
21,33,10,12.02020202,6,19,-0.5856571869,1,29,ds_cbdf3834368e,ds_16b6be697acb,01190,
21,34,11,12.02020202,6,19,-0.2957568794,1,29,ds_cbdf3834368e,ds_16b6be697acb,01190,
21,35,11,12.02020202,6,19,-0.2957568794,1,29,ds_cbdf3834368e,ds_16b6be697acb,01190,
21,36,9,12.02020202,6,19,-0.8755574944,1,29,ds_cbdf3834368e,ds_16b6be697acb,01190,
21,37,7,12.02020202,6,19,-1.45535811,1,29,ds_cbdf3834368e,ds_16b6be697acb,01190,
21,38,9,12.02020202,6,19,-0.8755574944,1,29,ds_cbdf3834368e,ds_16b6be697acb,01190,
21,39,10,12.02020202,6,19,-0.5856571869,1,29,ds_cbdf3834368e,ds_16b6be697acb,01190,
21,40,16,12.02020202,6,19,1.153744658,1,29,ds_cbdf3834368e,ds_16b6be697acb,01190,
21,41,19,12.02020202,6,19,2.023445581,1,29,ds_cbdf3834368e,ds_16b6be697acb,01190,
21,42,10,12.02020202,6,19,-0.5856571869,1,29,ds_cbdf3834368e,ds_16b6be697acb,01190,
21,43,12,12.02020202,6,19,-0.005856571869,1,29,ds_cbdf3834368e,ds_16b6be697acb,01190,
21,44,13,12.02020202,6,19,0.2840437357,1,29,ds_cbdf3834368e,ds_16b6be697acb,01190,
21,45,4,12.02020202,6,19,-2.325059032,1,29,ds_cbdf3834368e,ds_16b6be697acb,01190,
21,46,8,12.02020202,6,19,-1.165457802,1,29,ds_cbdf3834368e,ds_16b6be697acb,01190,
21,47,11,12.02020202,6,19,-0.2957568794,1,29,ds_cbdf3834368e,ds_16b6be697acb,01190,
21,48,13,12.02020202,6,19,0.2840437357,1,29,ds_cbdf3834368e,ds_16b6be697acb,01190,
21,49,8,12.02020202,6,19,-1.165457802,1,29,ds_cbdf3834368e,ds_16b6be697acb,01190,
21,50,12,12.02020202,6,19,-0.005856571869,1,29,ds_cbdf3834368e,ds_16b6be697acb,01190,
21,51,16,12.02020202,6,19,1.153744658,1,29,ds_cbdf3834368e,ds_16b6be697acb,01190,
21,52,15,12.02020202,6,19,0.8638443507,1,29,ds_cbdf3834368e,ds_16b6be697acb,01190,
21,53,17,12.02020202,6,19,1.443644966,1,29,ds_cbdf3834368e,ds_16b6be697acb,01190,
21,54,7,12.02020202,6,19,-1.45535811,1,29,ds_cbdf3834368e,ds_16b6be697acb,01190,
21,55,13,12.02020202,6,19,0.2840437357,1,29,ds_cbdf3834368e,ds_16b6be697acb,01190,
22,23,13,12.02020202,6,19,0.2840437357,1,29,ds_cbdf3834368e,ds_16b6be697acb,01190,
22,24,11,12.02020202,6,19,-0.2957568794,1,29,ds_cbdf3834368e,ds_16b6be697acb,01190,
22,25,17,12.02020202,6,19,1.443644966,1,29,ds_cbdf3834368e,ds_16b6be697acb,01190,
22,26,11,12.02020202,6,19,-0.2957568794,1,29,ds_cbdf3834368e,ds_16b6be697acb,01190,
22,27,10,12.02020202,6,19,-0.5856571869,1,29,ds_cbdf3834368e,ds_16b6be697acb,01190,
22,28,17,12.02020202,6,19,1.443644966,1,29,ds_cbdf3834368e,ds_16b6be697acb,01190,
22,29,15,12.02020202,6,19,0.8638443507,1,29,ds_cbdf3834368e,ds_16b6be697acb,01190,
22,30,11,12.02020202,6,19,-0.2957568794,1,29,ds_cbdf3834368e,ds_16b6be697acb,01190,
22,31,15,12.02020202,6,19,0.8638443507,1,29,ds_cbdf3834368e,ds_16b6be697acb,01190,
22,32,15,12.02020202,6,19,0.8638443507,1,29,ds_cbdf3834368e,ds_16b6be697acb,01190,
22,33,12,12.02020202,6,19,-0.005856571869,1,29,ds_cbdf3834368e,ds_16b6be697acb,01190,
22,34,12,12.02020202,6,19,-0.005856571869,1,29,ds_cbdf3834368e,ds_16b6be697acb,01190,
22,35,11,12.02020202,6,19,-0.2957568794,1,29,ds_cbdf3834368e,ds_16b6be697acb,01190,
22,36,4,12.02020202,6,19,-2.325059032,1,29,ds_cbdf3834368e,ds_16b6be697acb,01190,
22,37,15,12.02020202,6,19,0.8638443507,1,29,ds_cbdf3834368e,ds_16b6be697acb,01190,
22,38,15,12.02020202,6,19,0.8638443507,1,29,ds_cbdf3834368e,ds_16b6be697acb,01190,
22,39,17,12.02020202,6,19,1.443644966,1,29,ds_cbdf3834368e,ds_16b6be697acb,01190,
22,40,17,12.02020202,6,19,1.443644966,1,29,ds_cbdf3834368e,ds_16b6be697acb,01190,
22,41,12,12.02020202,6,19,-0.005856571869,1,29,ds_cbdf3834368e,ds_16b6be697acb,01190,
22,42,13,12.02020202,6,19,0.2840437357,1,29,ds_cbdf3834368e,ds_16b6be697acb,01190,
22,43,21,12.02020202,6,19,2.603246196,1,29,ds_cbdf3834368e,ds_16b6be697acb,01190,
22,44,11,12.02020202,6,19,-0.2957568794,1,29,ds_cbdf3834368e,ds_16b6be697acb,01190,
22,45,7,12.02020202,6,19,-1.45535811,1,29,ds_cbdf3834368e,ds_16b6be697acb,01190,
22,46,20,12.02020202,6,19,2.313345888,1,29,ds_cbdf3834368e,ds_16b6be697acb,01190,
22,47,20,12.02020202,6,19,2.313345888,1,29,ds_cbdf3834368e,ds_16b6be697acb,01190,
22,48,18,12.02020202,6,19,1.733545273,1,29,ds_cbdf3834368e,ds_16b6be697acb,01190,
22,49,16,12.02020202,6,19,1.153744658,1,29,ds_cbdf3834368e,ds_16b6be697acb,01190,
22,50,9,12.02020202,6,19,-0.8755574944,1,29,ds_cbdf3834368e,ds_16b6be697acb,01190,
22,51,17,12.02020202,6,19,1.443644966,1,29,ds_cbdf3834368e,ds_16b6be697acb,01190,
22,52,12,12.02020202,6,19,-0.005856571869,1,29,ds_cbdf3834368e,ds_16b6be697acb,01190,
22,53,15,12.02020202,6,19,0.8638443507,1,29,ds_cbdf3834368e,ds_16b6be697acb,01190,
22,54,13,12.02020202,6,19,0.2840437357,1,29,ds_cbdf3834368e,ds_16b6be697acb,01190,
22,55,11,12.02020202,6,19,-0.2957568794,1,29,ds_cbdf3834368e,ds_16b6be697acb,01190,
23,24,9,12.02020202,6,19,-0.8755574944,1,29,ds_cbdf3834368e,ds_16b6be697acb,01190,
23,25,18,12.02020202,6,19,1.733545273,1,29,ds_cbdf3834368e,ds_16b6be697acb,01190,
23,26,11,12.02020202,6,19,-0.2957568794,1,29,ds_cbdf3834368e,ds_16b6be697acb,01190,
23,27,15,12.02020202,6,19,0.8638443507,1,29,ds_cbdf3834368e,ds_16b6be697acb,01190,
23,28,12,12.02020202,6,19,-0.005856571869,1,29,ds_cbdf3834368e,ds_16b6be697acb,01190,
23,29,18,12.02020202,6,19,1.733545273,1,29,ds_cbdf3834368e,ds_16b6be697acb,01190,
23,30,11,12.02020202,6,19,-0.2957568794,1,29,ds_cbdf3834368e,ds_16b6be697acb,01190,
23,31,10,12.02020202,6,19,-0.5856571869,1,29,ds_cbdf3834368e,ds_16b6be697acb,01190,
23,32,9,12.02020202,6,19,-0.8755574944,1,29,ds_cbdf3834368e,ds_16b6be697acb,01190,
23,33,14,12.02020202,6,19,0.5739440432,1,29,ds_cbdf3834368e,ds_16b6be697acb,01190,
23,34,13,12.02020202,6,19,0.2840437357,1,29,ds_cbdf3834368e,ds_16b6be697acb,01190,
23,35,13,12.02020202,6,19,0.2840437357,1,29,ds_cbdf3834368e,ds_16b6be697acb,01190,
23,36,12,12.02020202,6,19,-0.005856571869,1,29,ds_cbdf3834368e,ds_16b6be697acb,01190,
23,37,15,12.02020202,6,19,0.8638443507,1,29,ds_cbdf3834368e,ds_16b6be697acb,01190,
23,38,17,12.02020202,6,19,1.443644966,1,29,ds_cbdf3834368e,ds_16b6be697acb,01190,
23,39,10,12.02020202,6,19,-0.5856571869,1,29,ds_cbdf3834368e,ds_16b6be697acb,01190,
23,40,7,12.02020202,6,19,-1.45535811,1,29,ds_cbdf3834368e,ds_16b6be697acb,01190,
23,41,13,12.02020202,6,19,0.2840437357,1,29,ds_cbdf3834368e,ds_16b6be697acb,01190,
23,42,15,12.02020202,6,19,0.8638443507,1,29,ds_cbdf3834368e,ds_16b6be697acb,01190,
23,43,16,12.02020202,6,19,1.153744658,1,29,ds_cbdf3834368e,ds_16b6be697acb,01190,
23,44,22,12.02020202,6,19,2.893146503,1,29,ds_cbdf3834368e,ds_16b6be697acb,01190,
23,45,16,12.02020202,6,19,1.153744658,1,29,ds_cbdf3834368e,ds_16b6be697acb,01190,
23,46,14,12.02020202,6,19,0.5739440432,1,29,ds_cbdf3834368e,ds_16b6be697acb,01190,
23,47,10,12.02020202,6,19,-0.5856571869,1,29,ds_cbdf3834368e,ds_16b6be697acb,01190,
23,48,15,12.02020202,6,19,0.8638443507,1,29,ds_cbdf3834368e,ds_16b6be697acb,01190,
23,49,15,12.02020202,6,19,0.8638443507,1,29,ds_cbdf3834368e,ds_16b6be697acb,01190,
23,50,9,12.02020202,6,19,-0.8755574944,1,29,ds_cbdf3834368e,ds_16b6be697acb,01190,
23,51,17,12.02020202,6,19,1.443644966,1,29,ds_cbdf3834368e,ds_16b6be697acb,01190,
23,52,16,12.02020202,6,19,1.153744658,1,29,ds_cbdf3834368e,ds_16b6be697acb,01190,
23,53,9,12.02020202,6,19,-0.8755574944,1,29,ds_cbdf3834368e,ds_16b6be697acb,01190,
23,54,18,12.02020202,6,19,1.733545273,1,29,ds_cbdf3834368e,ds_16b6be697acb,01190,
23,55,10,12.02020202,6,19,-0.5856571869,1,29,ds_cbdf3834368e,ds_16b6be697acb,01190,
24,25,8,12.02020202,6,19,-1.165457802,1,29,ds_cbdf3834368e,ds_16b6be697acb,01190,
24,26,14,12.02020202,6,19,0.5739440432,1,29,ds_cbdf3834368e,ds_16b6be697acb,01190,
24,27,13,12.02020202,6,19,0.2840437357,1,29,ds_cbdf3834368e,ds_16b6be697acb,01190,
24,28,8,12.02020202,6,19,-1.165457802,1,29,ds_cbdf3834368e,ds_16b6be697acb,01190,
24,29,13,12.02020202,6,19,0.2840437357,1,29,ds_cbdf3834368e,ds_16b6be697acb,01190,
24,30,14,12.02020202,6,19,0.5739440432,1,29,ds_cbdf3834368e,ds_16b6be697acb,01190,
24,31,10,12.02020202,6,19,-0.5856571869,1,29,ds_cbdf3834368e,ds_16b6be697acb,01190,
24,32,11,12.02020202,6,19,-0.2957568794,1,29,ds_cbdf3834368e,ds_16b6be697acb,01190,
24,33,16,12.02020202,6,19,1.153744658,1,29,ds_cbdf3834368e,ds_16b6be697acb,01190,
24,34,20,12.02020202,6,19,2.313345888,1,29,ds_cbdf3834368e,ds_16b6be697acb,01190,
24,35,13,12.02020202,6,19,0.2840437357,1,29,ds_cbdf3834368e,ds_16b6be697acb,01190,
24,36,9,12.02020202,6,19,-0.8755574944,1,29,ds_cbdf3834368e,ds_16b6be697acb,01190,
24,37,6,12.02020202,6,19,-1.745258417,1,29,ds_cbdf3834368e,ds_16b6be697acb,01190,
24,38,14,12.02020202,6,19,0.5739440432,1,29,ds_cbdf3834368e,ds_16b6be697acb,01190,
24,39,14,12.02020202,6,19,0.5739440432,1,29,ds_cbdf3834368e,ds_16b6be697acb,01190,
24,40,13,12.02020202,6,19,0.2840437357,1,29,ds_cbdf3834368e,ds_16b6be697acb,01190,
24,41,22,12.02020202,6,19,2.893146503,1,29,ds_cbdf3834368e,ds_16b6be697acb,01190,
24,42,10,12.02020202,6,19,-0.5856571869,1,29,ds_cbdf3834368e,ds_16b6be697acb,01190,
24,43,16,12.02020202,6,19,1.153744658,1,29,ds_cbdf3834368e,ds_16b6be697acb,01190,
24,44,16,12.02020202,6,19,1.153744658,1,29,ds_cbdf3834368e,ds_16b6be697acb,01190,
24,45,12,12.02020202,6,19,-0.005856571869,1,29,ds_cbdf3834368e,ds_16b6be697acb,01190,
24,46,11,12.02020202,6,19,-0.2957568794,1,29,ds_cbdf3834368e,ds_16b6be697acb,01190,
24,47,15,12.02020202,6,19,0.8638443507,1,29,ds_cbdf3834368e,ds_16b6be697acb,01190,
24,48,15,12.02020202,6,19,0.8638443507,1,29,ds_cbdf3834368e,ds_16b6be697acb,01190,
24,49,14,12.02020202,6,19,0.5739440432,1,29,ds_cbdf3834368e,ds_16b6be697acb,01190,
24,50,9,12.02020202,6,19,-0.8755574944,1,29,ds_cbdf3834368e,ds_16b6be697acb,01190,
24,51,13,12.02020202,6,19,0.2840437357,1,29,ds_cbdf3834368e,ds_16b6be697acb,01190,
24,52,11,12.02020202,6,19,-0.2957568794,1,29,ds_cbdf3834368e,ds_16b6be697acb,01190,
24,53,15,12.02020202,6,19,0.8638443507,1,29,ds_cbdf3834368e,ds_16b6be697acb,01190,
24,54,11,12.02020202,6,19,-0.2957568794,1,29,ds_cbdf3834368e,ds_16b6be697acb,01190,
24,55,13,12.02020202,6,19,0.2840437357,1,29,ds_cbdf3834368e,ds_16b6be697acb,01190,
25,26,13,12.02020202,6,19,0.2840437357,1,29,ds_cbdf3834368e,ds_16b6be697acb,01190,
25,27,13,12.02020202,6,19,0.2840437357,1,29,ds_cbdf3834368e,ds_16b6be697acb,01190,
25,28,9,12.02020202,6,19,-0.8755574944,1,29,ds_cbdf3834368e,ds_16b6be697acb,01190,
25,29,13,12.02020202,6,19,0.2840437357,1,29,ds_cbdf3834368e,ds_16b6be697acb,01190,
25,30,10,12.02020202,6,19,-0.5856571869,1,29,ds_cbdf3834368e,ds_16b6be697acb,01190,
25,31,7,12.02020202,6,19,-1.45535811,1,29,ds_cbdf3834368e,ds_16b6be697acb,01190,
25,32,14,12.02020202,6,19,0.5739440432,1,29,ds_cbdf3834368e,ds_16b6be697acb,01190,
25,33,11,12.02020202,6,19,-0.2957568794,1,29,ds_cbdf3834368e,ds_16b6be697acb,01190,
25,34,6,12.02020202,6,19,-1.745258417,1,29,ds_cbdf3834368e,ds_16b6be697acb,01190,
25,35,10,12.02020202,6,19,-0.5856571869,1,29,ds_cbdf3834368e,ds_16b6be697acb,01190,
25,36,7,12.02020202,6,19,-1.45535811,1,29,ds_cbdf3834368e,ds_16b6be697acb,01190,
25,37,12,12.02020202,6,19,-0.005856571869,1,29,ds_cbdf3834368e,ds_16b6be697acb,01190,
25,38,10,12.02020202,6,19,-0.5856571869,1,29,ds_cbdf3834368e,ds_16b6be697acb,01190,
25,39,22,12.02020202,6,19,2.893146503,1,29,ds_cbdf3834368e,ds_16b6be697acb,01190,
25,40,15,12.02020202,6,19,0.8638443507,1,29,ds_cbdf3834368e,ds_16b6be697acb,01190,
25,41,12,12.02020202,6,19,-0.005856571869,1,29,ds_cbdf3834368e,ds_16b6be697acb,01190,
25,42,9,12.02020202,6,19,-0.8755574944,1,29,ds_cbdf3834368e,ds_16b6be697acb,01190,
25,43,9,12.02020202,6,19,-0.8755574944,1,29,ds_cbdf3834368e,ds_16b6be697acb,01190,
25,44,11,12.02020202,6,19,-0.2957568794,1,29,ds_cbdf3834368e,ds_16b6be697acb,01190,
25,45,11,12.02020202,6,19,-0.2957568794,1,29,ds_cbdf3834368e,ds_16b6be697acb,01190,
25,46,14,12.02020202,6,19,0.5739440432,1,29,ds_cbdf3834368e,ds_16b6be697acb,01190,
25,47,12,12.02020202,6,19,-0.005856571869,1,29,ds_cbdf3834368e,ds_16b6be697acb,01190,
25,48,14,12.02020202,6,19,0.5739440432,1,29,ds_cbdf3834368e,ds_16b6be697acb,01190,
25,49,10,12.02020202,6,19,-0.5856571869,1,29,ds_cbdf3834368e,ds_16b6be697acb,01190,
25,50,10,12.02020202,6,19,-0.5856571869,1,29,ds_cbdf3834368e,ds_16b6be697acb,01190,
25,51,13,12.02020202,6,19,0.2840437357,1,29,ds_cbdf3834368e,ds_16b6be697acb,01190,
25,52,11,12.02020202,6,19,-0.2957568794,1,29,ds_cbdf3834368e,ds_16b6be697acb,01190,
25,53,10,12.02020202,6,19,-0.5856571869,1,29,ds_cbdf3834368e,ds_16b6be697acb,01190,
25,54,12,12.02020202,6,19,-0.005856571869,1,29,ds_cbdf3834368e,ds_16b6be697acb,01190,
25,55,10,12.02020202,6,19,-0.5856571869,1,29,ds_cbdf3834368e,ds_16b6be697acb,01190,
26,27,8,12.02020202,6,19,-1.165457802,1,29,ds_cbdf3834368e,ds_16b6be697acb,01190,
26,28,8,12.02020202,6,19,-1.165457802,1,29,ds_cbdf3834368e,ds_16b6be697acb,01190,
26,29,16,12.02020202,6,19,1.153744658,1,29,ds_cbdf3834368e,ds_16b6be697acb,01190,
26,30,3,12.02020202,6,19,-2.61495934,1,29,ds_cbdf3834368e,ds_16b6be697acb,01190,
26,31,8,12.02020202,6,19,-1.165457802,1,29,ds_cbdf3834368e,ds_16b6be697acb,01190,
26,32,7,12.02020202,6,19,-1.45535811,1,29,ds_cbdf3834368e,ds_16b6be697acb,01190,
26,33,10,12.02020202,6,19,-0.5856571869,1,29,ds_cbdf3834368e,ds_16b6be697acb,01190,
26,34,8,12.02020202,6,19,-1.165457802,1,29,ds_cbdf3834368e,ds_16b6be697acb,01190,
26,35,14,12.02020202,6,19,0.5739440432,1,29,ds_cbdf3834368e,ds_16b6be697acb,01190,
26,36,14,12.02020202,6,19,0.5739440432,1,29,ds_cbdf3834368e,ds_16b6be697acb,01190,
26,37,11,12.02020202,6,19,-0.2957568794,1,29,ds_cbdf3834368e,ds_16b6be697acb,01190,
26,38,13,12.02020202,6,19,0.2840437357,1,29,ds_cbdf3834368e,ds_16b6be697acb,01190,
26,39,4,12.02020202,6,19,-2.325059032,1,29,ds_cbdf3834368e,ds_16b6be697acb,01190,
26,40,11,12.02020202,6,19,-0.2957568794,1,29,ds_cbdf3834368e,ds_16b6be697acb,01190,
26,41,12,12.02020202,6,19,-0.005856571869,1,29,ds_cbdf3834368e,ds_16b6be697acb,01190,
26,42,12,12.02020202,6,19,-0.005856571869,1,29,ds_cbdf3834368e,ds_16b6be697acb,01190,
26,43,12,12.02020202,6,19,-0.005856571869,1,29,ds_cbdf3834368e,ds_16b6be697acb,01190,
26,44,14,12.02020202,6,19,0.5739440432,1,29,ds_cbdf3834368e,ds_16b6be697acb,01190,
26,45,10,12.02020202,6,19,-0.5856571869,1,29,ds_cbdf3834368e,ds_16b6be697acb,01190,
26,46,12,12.02020202,6,19,-0.005856571869,1,29,ds_cbdf3834368e,ds_16b6be697acb,01190,
26,47,16,12.02020202,6,19,1.153744658,1,29,ds_cbdf3834368e,ds_16b6be697acb,01190,
26,48,7,12.02020202,6,19,-1.45535811,1,29,ds_cbdf3834368e,ds_16b6be697acb,01190,
26,49,6,12.02020202,6,19,-1.745258417,1,29,ds_cbdf3834368e,ds_16b6be697acb,01190,
26,50,6,12.02020202,6,19,-1.745258417,1,29,ds_cbdf3834368e,ds_16b6be697acb,01190,
26,51,18,12.02020202,6,19,1.733545273,1,29,ds_cbdf3834368e,ds_16b6be697acb,01190,
26,52,7,12.02020202,6,19,-1.45535811,1,29,ds_cbdf3834368e,ds_16b6be697acb,01190,
26,53,8,12.02020202,6,19,-1.165457802,1,29,ds_cbdf3834368e,ds_16b6be697acb,01190,
26,54,14,12.02020202,6,19,0.5739440432,1,29,ds_cbdf3834368e,ds_16b6be697acb,01190,
26,55,11,12.02020202,6,19,-0.2957568794,1,29,ds_cbdf3834368e,ds_16b6be697acb,01190,
27,28,4,12.02020202,6,19,-2.325059032,1,29,ds_cbdf3834368e,ds_16b6be697acb,01190,
27,29,9,12.02020202,6,19,-0.8755574944,1,29,ds_cbdf3834368e,ds_16b6be697acb,01190,
27,30,5,12.02020202,6,19,-2.035158725,1,29,ds_cbdf3834368e,ds_16b6be697acb,01190,
27,31,6,12.02020202,6,19,-1.745258417,1,29,ds_cbdf3834368e,ds_16b6be697acb,01190,
27,32,9,12.02020202,6,19,-0.8755574944,1,29,ds_cbdf3834368e,ds_16b6be697acb,01190,
27,33,7,12.02020202,6,19,-1.45535811,1,29,ds_cbdf3834368e,ds_16b6be697acb,01190,
27,34,13,12.02020202,6,19,0.2840437357,1,29,ds_cbdf3834368e,ds_16b6be697acb,01190,
27,35,12,12.02020202,6,19,-0.005856571869,1,29,ds_cbdf3834368e,ds_16b6be697acb,01190,
27,36,12,12.02020202,6,19,-0.005856571869,1,29,ds_cbdf3834368e,ds_16b6be697acb,01190,
27,37,13,12.02020202,6,19,0.2840437357,1,29,ds_cbdf3834368e,ds_16b6be697acb,01190,
27,38,14,12.02020202,6,19,0.5739440432,1,29,ds_cbdf3834368e,ds_16b6be697acb,01190,
27,39,12,12.02020202,6,19,-0.005856571869,1,29,ds_cbdf3834368e,ds_16b6be697acb,01190,
27,40,10,12.02020202,6,19,-0.5856571869,1,29,ds_cbdf3834368e,ds_16b6be697acb,01190,
27,41,8,12.02020202,6,19,-1.165457802,1,29,ds_cbdf3834368e,ds_16b6be697acb,01190,
27,42,12,12.02020202,6,19,-0.005856571869,1,29,ds_cbdf3834368e,ds_16b6be697acb,01190,
27,43,12,12.02020202,6,19,-0.005856571869,1,29,ds_cbdf3834368e,ds_16b6be697acb,01190,
27,44,9,12.02020202,6,19,-0.8755574944,1,29,ds_cbdf3834368e,ds_16b6be697acb,01190,
27,45,12,12.02020202,6,19,-0.005856571869,1,29,ds_cbdf3834368e,ds_16b6be697acb,01190,
27,46,15,12.02020202,6,19,0.8638443507,1,29,ds_cbdf3834368e,ds_16b6be697acb,01190,
27,47,15,12.02020202,6,19,0.8638443507,1,29,ds_cbdf3834368e,ds_16b6be697acb,01190,
27,48,13,12.02020202,6,19,0.2840437357,1,29,ds_cbdf3834368e,ds_16b6be697acb,01190,
27,49,9,12.02020202,6,19,-0.8755574944,1,29,ds_cbdf3834368e,ds_16b6be697acb,01190,
27,50,12,12.02020202,6,19,-0.005856571869,1,29,ds_cbdf3834368e,ds_16b6be697acb,01190,
27,51,13,12.02020202,6,19,0.2840437357,1,29,ds_cbdf3834368e,ds_16b6be697acb,01190,
27,52,10,12.02020202,6,19,-0.5856571869,1,29,ds_cbdf3834368e,ds_16b6be697acb,01190,
27,53,11,12.02020202,6,19,-0.2957568794,1,29,ds_cbdf3834368e,ds_16b6be697acb,01190,
27,54,13,12.02020202,6,19,0.2840437357,1,29,ds_cbdf3834368e,ds_16b6be697acb,01190,
27,55,10,12.02020202,6,19,-0.5856571869,1,29,ds_cbdf3834368e,ds_16b6be697acb,01190,
28,29,14,12.02020202,6,19,0.5739440432,1,29,ds_cbdf3834368e,ds_16b6be697acb,01190,
28,30,15,12.02020202,6,19,0.8638443507,1,29,ds_cbdf3834368e,ds_16b6be697acb,01190,
28,31,4,12.02020202,6,19,-2.325059032,1,29,ds_cbdf3834368e,ds_16b6be697acb,01190,
28,32,10,12.02020202,6,19,-0.5856571869,1,29,ds_cbdf3834368e,ds_16b6be697acb,01190,
28,33,16,12.02020202,6,19,1.153744658,1,29,ds_cbdf3834368e,ds_16b6be697acb,01190,
28,34,10,12.02020202,6,19,-0.5856571869,1,29,ds_cbdf3834368e,ds_16b6be697acb,01190,
28,35,9,12.02020202,6,19,-0.8755574944,1,29,ds_cbdf3834368e,ds_16b6be697acb,01190,
28,36,6,12.02020202,6,19,-1.745258417,1,29,ds_cbdf3834368e,ds_16b6be697acb,01190,
28,37,6,12.02020202,6,19,-1.745258417,1,29,ds_cbdf3834368e,ds_16b6be697acb,01190,
28,38,6,12.02020202,6,19,-1.745258417,1,29,ds_cbdf3834368e,ds_16b6be697acb,01190,
28,39,13,12.02020202,6,19,0.2840437357,1,29,ds_cbdf3834368e,ds_16b6be697acb,01190,
28,40,13,12.02020202,6,19,0.2840437357,1,29,ds_cbdf3834368e,ds_16b6be697acb,01190,
28,41,6,12.02020202,6,19,-1.745258417,1,29,ds_cbdf3834368e,ds_16b6be697acb,01190,
28,42,12,12.02020202,6,19,-0.005856571869,1,29,ds_cbdf3834368e,ds_16b6be697acb,01190,
28,43,5,12.02020202,6,19,-2.035158725,1,29,ds_cbdf3834368e,ds_16b6be697acb,01190,
28,44,16,12.02020202,6,19,1.153744658,1,29,ds_cbdf3834368e,ds_16b6be697acb,01190,
28,45,10,12.02020202,6,19,-0.5856571869,1,29,ds_cbdf3834368e,ds_16b6be697acb,01190,
28,46,9,12.02020202,6,19,-0.8755574944,1,29,ds_cbdf3834368e,ds_16b6be697acb,01190,
28,47,10,12.02020202,6,19,-0.5856571869,1,29,ds_cbdf3834368e,ds_16b6be697acb,01190,
28,48,6,12.02020202,6,19,-1.745258417,1,29,ds_cbdf3834368e,ds_16b6be697acb,01190,
28,49,11,12.02020202,6,19,-0.2957568794,1,29,ds_cbdf3834368e,ds_16b6be697acb,01190,
28,50,14,12.02020202,6,19,0.5739440432,1,29,ds_cbdf3834368e,ds_16b6be697acb,01190,
28,51,6,12.02020202,6,19,-1.745258417,1,29,ds_cbdf3834368e,ds_16b6be697acb,01190,
28,52,13,12.02020202,6,19,0.2840437357,1,29,ds_cbdf3834368e,ds_16b6be697acb,01190,
28,53,13,12.02020202,6,19,0.2840437357,1,29,ds_cbdf3834368e,ds_16b6be697acb,01190,
28,54,13,12.02020202,6,19,0.2840437357,1,29,ds_cbdf3834368e,ds_16b6be697acb,01190,
28,55,6,12.02020202,6,19,-1.745258417,1,29,ds_cbdf3834368e,ds_16b6be697acb,01190,
29,30,17,12.02020202,6,19,1.443644966,1,29,ds_cbdf3834368e,ds_16b6be697acb,01190,
29,31,16,12.02020202,6,19,1.153744658,1,29,ds_cbdf3834368e,ds_16b6be697acb,01190,
29,32,16,12.02020202,6,19,1.153744658,1,29,ds_cbdf3834368e,ds_16b6be697acb,01190,
29,33,13,12.02020202,6,19,0.2840437357,1,29,ds_cbdf3834368e,ds_16b6be697acb,01190,
29,34,15,12.02020202,6,19,0.8638443507,1,29,ds_cbdf3834368e,ds_16b6be697acb,01190,
29,35,14,12.02020202,6,19,0.5739440432,1,29,ds_cbdf3834368e,ds_16b6be697acb,01190,
29,36,12,12.02020202,6,19,-0.005856571869,1,29,ds_cbdf3834368e,ds_16b6be697acb,01190,
29,37,17,12.02020202,6,19,1.443644966,1,29,ds_cbdf3834368e,ds_16b6be697acb,01190,
29,38,11,12.02020202,6,19,-0.2957568794,1,29,ds_cbdf3834368e,ds_16b6be697acb,01190,
29,39,15,12.02020202,6,19,0.8638443507,1,29,ds_cbdf3834368e,ds_16b6be697acb,01190,
29,40,10,12.02020202,6,19,-0.5856571869,1,29,ds_cbdf3834368e,ds_16b6be697acb,01190,
29,41,18,12.02020202,6,19,1.733545273,1,29,ds_cbdf3834368e,ds_16b6be697acb,01190,
29,42,13,12.02020202,6,19,0.2840437357,1,29,ds_cbdf3834368e,ds_16b6be697acb,01190,
29,43,7,12.02020202,6,19,-1.45535811,1,29,ds_cbdf3834368e,ds_16b6be697acb,01190,
29,44,10,12.02020202,6,19,-0.5856571869,1,29,ds_cbdf3834368e,ds_16b6be697acb,01190,
29,45,13,12.02020202,6,19,0.2840437357,1,29,ds_cbdf3834368e,ds_16b6be697acb,01190,
29,46,14,12.02020202,6,19,0.5739440432,1,29,ds_cbdf3834368e,ds_16b6be697acb,01190,
29,47,14,12.02020202,6,19,0.5739440432,1,29,ds_cbdf3834368e,ds_16b6be697acb,01190,
29,48,11,12.02020202,6,19,-0.2957568794,1,29,ds_cbdf3834368e,ds_16b6be697acb,01190,
29,49,10,12.02020202,6,19,-0.5856571869,1,29,ds_cbdf3834368e,ds_16b6be697acb,01190,
29,50,11,12.02020202,6,19,-0.2957568794,1,29,ds_cbdf3834368e,ds_16b6be697acb,01190,
29,51,15,12.02020202,6,19,0.8638443507,1,29,ds_cbdf3834368e,ds_16b6be697acb,01190,
29,52,15,12.02020202,6,19,0.8638443507,1,29,ds_cbdf3834368e,ds_16b6be697acb,01190,
29,53,14,12.02020202,6,19,0.5739440432,1,29,ds_cbdf3834368e,ds_16b6be697acb,01190,
29,54,13,12.02020202,6,19,0.2840437357,1,29,ds_cbdf3834368e,ds_16b6be697acb,01190,
29,55,12,12.02020202,6,19,-0.005856571869,1,29,ds_cbdf3834368e,ds_16b6be697acb,01190,
30,31,9,12.02020202,6,19,-0.8755574944,1,29,ds_cbdf3834368e,ds_16b6be697acb,01190,
30,32,12,12.02020202,6,19,-0.005856571869,1,29,ds_cbdf3834368e,ds_16b6be697acb,01190,
30,33,8,12.02020202,6,19,-1.165457802,1,29,ds_cbdf3834368e,ds_16b6be697acb,01190,
30,34,11,12.02020202,6,19,-0.2957568794,1,29,ds_cbdf3834368e,ds_16b6be697acb,01190,
30,35,10,12.02020202,6,19,-0.5856571869,1,29,ds_cbdf3834368e,ds_16b6be697acb,01190,
30,36,13,12.02020202,6,19,0.2840437357,1,29,ds_cbdf3834368e,ds_16b6be697acb,01190,
30,37,4,12.02020202,6,19,-2.325059032,1,29,ds_cbdf3834368e,ds_16b6be697acb,01190,
30,38,9,12.02020202,6,19,-0.8755574944,1,29,ds_cbdf3834368e,ds_16b6be697acb,01190,
30,39,11,12.02020202,6,19,-0.2957568794,1,29,ds_cbdf3834368e,ds_16b6be697acb,01190,
30,40,16,12.02020202,6,19,1.153744658,1,29,ds_cbdf3834368e,ds_16b6be697acb,01190,
30,41,10,12.02020202,6,19,-0.5856571869,1,29,ds_cbdf3834368e,ds_16b6be697acb,01190,
30,42,4,12.02020202,6,19,-2.325059032,1,29,ds_cbdf3834368e,ds_16b6be697acb,01190,
30,43,11,12.02020202,6,19,-0.2957568794,1,29,ds_cbdf3834368e,ds_16b6be697acb,01190,
30,44,13,12.02020202,6,19,0.2840437357,1,29,ds_cbdf3834368e,ds_16b6be697acb,01190,
30,45,14,12.02020202,6,19,0.5739440432,1,29,ds_cbdf3834368e,ds_16b6be697acb,01190,
30,46,7,12.02020202,6,19,-1.45535811,1,29,ds_cbdf3834368e,ds_16b6be697acb,01190,
30,47,9,12.02020202,6,19,-0.8755574944,1,29,ds_cbdf3834368e,ds_16b6be697acb,01190,
30,48,8,12.02020202,6,19,-1.165457802,1,29,ds_cbdf3834368e,ds_16b6be697acb,01190,
30,49,15,12.02020202,6,19,0.8638443507,1,29,ds_cbdf3834368e,ds_16b6be697acb,01190,
30,50,15,12.02020202,6,19,0.8638443507,1,29,ds_cbdf3834368e,ds_16b6be697acb,01190,
30,51,7,12.02020202,6,19,-1.45535811,1,29,ds_cbdf3834368e,ds_16b6be697acb,01190,
30,52,11,12.02020202,6,19,-0.2957568794,1,29,ds_cbdf3834368e,ds_16b6be697acb,01190,
30,53,9,12.02020202,6,19,-0.8755574944,1,29,ds_cbdf3834368e,ds_16b6be697acb,01190,
30,54,7,12.02020202,6,19,-1.45535811,1,29,ds_cbdf3834368e,ds_16b6be697acb,01190,
30,55,15,12.02020202,6,19,0.8638443507,1,29,ds_cbdf3834368e,ds_16b6be697acb,01190,
31,32,13,12.02020202,6,19,0.2840437357,1,29,ds_cbdf3834368e,ds_16b6be697acb,01190,
31,33,12,12.02020202,6,19,-0.005856571869,1,29,ds_cbdf3834368e,ds_16b6be697acb,01190,
31,34,9,12.02020202,6,19,-0.8755574944,1,29,ds_cbdf3834368e,ds_16b6be697acb,01190,
31,35,16,12.02020202,6,19,1.153744658,1,29,ds_cbdf3834368e,ds_16b6be697acb,01190,
31,36,15,12.02020202,6,19,0.8638443507,1,29,ds_cbdf3834368e,ds_16b6be697acb,01190,
31,37,19,12.02020202,6,19,2.023445581,1,29,ds_cbdf3834368e,ds_16b6be697acb,01190,
31,38,11,12.02020202,6,19,-0.2957568794,1,29,ds_cbdf3834368e,ds_16b6be697acb,01190,
31,39,15,12.02020202,6,19,0.8638443507,1,29,ds_cbdf3834368e,ds_16b6be697acb,01190,
31,40,15,12.02020202,6,19,0.8638443507,1,29,ds_cbdf3834368e,ds_16b6be697acb,01190,
31,41,16,12.02020202,6,19,1.153744658,1,29,ds_cbdf3834368e,ds_16b6be697acb,01190,
31,42,13,12.02020202,6,19,0.2840437357,1,29,ds_cbdf3834368e,ds_16b6be697acb,01190,
31,43,15,12.02020202,6,19,0.8638443507,1,29,ds_cbdf3834368e,ds_16b6be697acb,01190,
31,44,13,12.02020202,6,19,0.2840437357,1,29,ds_cbdf3834368e,ds_16b6be697acb,01190,
31,45,13,12.02020202,6,19,0.2840437357,1,29,ds_cbdf3834368e,ds_16b6be697acb,01190,
31,46,13,12.02020202,6,19,0.2840437357,1,29,ds_cbdf3834368e,ds_16b6be697acb,01190,
31,47,15,12.02020202,6,19,0.8638443507,1,29,ds_cbdf3834368e,ds_16b6be697acb,01190,
31,48,16,12.02020202,6,19,1.153744658,1,29,ds_cbdf3834368e,ds_16b6be697acb,01190,
31,49,15,12.02020202,6,19,0.8638443507,1,29,ds_cbdf3834368e,ds_16b6be697acb,01190,
31,50,9,12.02020202,6,19,-0.8755574944,1,29,ds_cbdf3834368e,ds_16b6be697acb,01190,
31,51,8,12.02020202,6,19,-1.165457802,1,29,ds_cbdf3834368e,ds_16b6be697acb,01190,
31,52,14,12.02020202,6,19,0.5739440432,1,29,ds_cbdf3834368e,ds_16b6be697acb,01190,
31,53,12,12.02020202,6,19,-0.005856571869,1,29,ds_cbdf3834368e,ds_16b6be697acb,01190,
31,54,13,12.02020202,6,19,0.2840437357,1,29,ds_cbdf3834368e,ds_16b6be697acb,01190,
31,55,11,12.02020202,6,19,-0.2957568794,1,29,ds_cbdf3834368e,ds_16b6be697acb,01190,
32,33,22,12.02020202,6,19,2.893146503,1,29,ds_cbdf3834368e,ds_16b6be697acb,01190,
32,34,12,12.02020202,6,19,-0.005856571869,1,29,ds_cbdf3834368e,ds_16b6be697acb,01190,
32,35,15,12.02020202,6,19,0.8638443507,1,29,ds_cbdf3834368e,ds_16b6be697acb,01190,
32,36,13,12.02020202,6,19,0.2840437357,1,29,ds_cbdf3834368e,ds_16b6be697acb,01190,
32,37,16,12.02020202,6,19,1.153744658,1,29,ds_cbdf3834368e,ds_16b6be697acb,01190,
32,38,10,12.02020202,6,19,-0.5856571869,1,29,ds_cbdf3834368e,ds_16b6be697acb,01190,
32,39,14,12.02020202,6,19,0.5739440432,1,29,ds_cbdf3834368e,ds_16b6be697acb,01190,
32,40,16,12.02020202,6,19,1.153744658,1,29,ds_cbdf3834368e,ds_16b6be697acb,01190,
32,41,17,12.02020202,6,19,1.443644966,1,29,ds_cbdf3834368e,ds_16b6be697acb,01190,
32,42,15,12.02020202,6,19,0.8638443507,1,29,ds_cbdf3834368e,ds_16b6be697acb,01190,
32,43,13,12.02020202,6,19,0.2840437357,1,29,ds_cbdf3834368e,ds_16b6be697acb,01190,
32,44,14,12.02020202,6,19,0.5739440432,1,29,ds_cbdf3834368e,ds_16b6be697acb,01190,
32,45,12,12.02020202,6,19,-0.005856571869,1,29,ds_cbdf3834368e,ds_16b6be697acb,01190,
32,46,15,12.02020202,6,19,0.8638443507,1,29,ds_cbdf3834368e,ds_16b6be697acb,01190,
32,47,11,12.02020202,6,19,-0.2957568794,1,29,ds_cbdf3834368e,ds_16b6be697acb,01190,
32,48,18,12.02020202,6,19,1.733545273,1,29,ds_cbdf3834368e,ds_16b6be697acb,01190,
32,49,15,12.02020202,6,19,0.8638443507,1,29,ds_cbdf3834368e,ds_16b6be697acb,01190,
32,50,7,12.02020202,6,19,-1.45535811,1,29,ds_cbdf3834368e,ds_16b6be697acb,01190,
32,51,24,12.02020202,6,19,3.472947118,1,29,ds_cbdf3834368e,ds_16b6be697acb,01190,
32,52,19,12.02020202,6,19,2.023445581,1,29,ds_cbdf3834368e,ds_16b6be697acb,01190,
32,53,14,12.02020202,6,19,0.5739440432,1,29,ds_cbdf3834368e,ds_16b6be697acb,01190,
32,54,9,12.02020202,6,19,-0.8755574944,1,29,ds_cbdf3834368e,ds_16b6be697acb,01190,
32,55,9,12.02020202,6,19,-0.8755574944,1,29,ds_cbdf3834368e,ds_16b6be697acb,01190,
33,34,10,12.02020202,6,19,-0.5856571869,1,29,ds_cbdf3834368e,ds_16b6be697acb,01190,
33,35,8,12.02020202,6,19,-1.165457802,1,29,ds_cbdf3834368e,ds_16b6be697acb,01190,
33,36,15,12.02020202,6,19,0.8638443507,1,29,ds_cbdf3834368e,ds_16b6be697acb,01190,
33,37,12,12.02020202,6,19,-0.005856571869,1,29,ds_cbdf3834368e,ds_16b6be697acb,01190,
33,38,13,12.02020202,6,19,0.2840437357,1,29,ds_cbdf3834368e,ds_16b6be697acb,01190,
33,39,12,12.02020202,6,19,-0.005856571869,1,29,ds_cbdf3834368e,ds_16b6be697acb,01190,
33,40,20,12.02020202,6,19,2.313345888,1,29,ds_cbdf3834368e,ds_16b6be697acb,01190,
33,41,17,12.02020202,6,19,1.443644966,1,29,ds_cbdf3834368e,ds_16b6be697acb,01190,
33,42,12,12.02020202,6,19,-0.005856571869,1,29,ds_cbdf3834368e,ds_16b6be697acb,01190,
33,43,19,12.02020202,6,19,2.023445581,1,29,ds_cbdf3834368e,ds_16b6be697acb,01190,
33,44,13,12.02020202,6,19,0.2840437357,1,29,ds_cbdf3834368e,ds_16b6be697acb,01190,
33,45,14,12.02020202,6,19,0.5739440432,1,29,ds_cbdf3834368e,ds_16b6be697acb,01190,
33,46,17,12.02020202,6,19,1.443644966,1,29,ds_cbdf3834368e,ds_16b6be697acb,01190,
33,47,10,12.02020202,6,19,-0.5856571869,1,29,ds_cbdf3834368e,ds_16b6be697acb,01190,
33,48,10,12.02020202,6,19,-0.5856571869,1,29,ds_cbdf3834368e,ds_16b6be697acb,01190,
33,49,9,12.02020202,6,19,-0.8755574944,1,29,ds_cbdf3834368e,ds_16b6be697acb,01190,
33,50,13,12.02020202,6,19,0.2840437357,1,29,ds_cbdf3834368e,ds_16b6be697acb,01190,
33,51,13,12.02020202,6,19,0.2840437357,1,29,ds_cbdf3834368e,ds_16b6be697acb,01190,
33,52,15,12.02020202,6,19,0.8638443507,1,29,ds_cbdf3834368e,ds_16b6be697acb,01190,
33,53,15,12.02020202,6,19,0.8638443507,1,29,ds_cbdf3834368e,ds_16b6be697acb,01190,
33,54,11,12.02020202,6,19,-0.2957568794,1,29,ds_cbdf3834368e,ds_16b6be697acb,01190,
33,55,9,12.02020202,6,19,-0.8755574944,1,29,ds_cbdf3834368e,ds_16b6be697acb,01190,
34,35,11,12.02020202,6,19,-0.2957568794,1,29,ds_cbdf3834368e,ds_16b6be697acb,01190,
34,36,11,12.02020202,6,19,-0.2957568794,1,29,ds_cbdf3834368e,ds_16b6be697acb,01190,
34,37,12,12.02020202,6,19,-0.005856571869,1,29,ds_cbdf3834368e,ds_16b6be697acb,01190,
34,38,11,12.02020202,6,19,-0.2957568794,1,29,ds_cbdf3834368e,ds_16b6be697acb,01190,
34,39,14,12.02020202,6,19,0.5739440432,1,29,ds_cbdf3834368e,ds_16b6be697acb,01190,
34,40,17,12.02020202,6,19,1.443644966,1,29,ds_cbdf3834368e,ds_16b6be697acb,01190,
34,41,15,12.02020202,6,19,0.8638443507,1,29,ds_cbdf3834368e,ds_16b6be697acb,01190,
34,42,19,12.02020202,6,19,2.023445581,1,29,ds_cbdf3834368e,ds_16b6be697acb,01190,
34,43,13,12.02020202,6,19,0.2840437357,1,29,ds_cbdf3834368e,ds_16b6be697acb,01190,
34,44,15,12.02020202,6,19,0.8638443507,1,29,ds_cbdf3834368e,ds_16b6be697acb,01190,
34,45,4,12.02020202,6,19,-2.325059032,1,29,ds_cbdf3834368e,ds_16b6be697acb,01190,
34,46,17,12.02020202,6,19,1.443644966,1,29,ds_cbdf3834368e,ds_16b6be697acb,01190,
34,47,16,12.02020202,6,19,1.153744658,1,29,ds_cbdf3834368e,ds_16b6be697acb,01190,
34,48,14,12.02020202,6,19,0.5739440432,1,29,ds_cbdf3834368e,ds_16b6be697acb,01190,
34,49,19,12.02020202,6,19,2.023445581,1,29,ds_cbdf3834368e,ds_16b6be697acb,01190,
34,50,13,12.02020202,6,19,0.2840437357,1,29,ds_cbdf3834368e,ds_16b6be697acb,01190,
34,51,17,12.02020202,6,19,1.443644966,1,29,ds_cbdf3834368e,ds_16b6be697acb,01190,
34,52,9,12.02020202,6,19,-0.8755574944,1,29,ds_cbdf3834368e,ds_16b6be697acb,01190,
34,53,15,12.02020202,6,19,0.8638443507,1,29,ds_cbdf3834368e,ds_16b6be697acb,01190,
34,54,15,12.02020202,6,19,0.8638443507,1,29,ds_cbdf3834368e,ds_16b6be697acb,01190,
34,55,15,12.02020202,6,19,0.8638443507,1,29,ds_cbdf3834368e,ds_16b6be697acb,01190,
35,36,13,12.02020202,6,19,0.2840437357,1,29,ds_cbdf3834368e,ds_16b6be697acb,01190,
35,37,6,12.02020202,6,19,-1.745258417,1,29,ds_cbdf3834368e,ds_16b6be697acb,01190,
35,38,14,12.02020202,6,19,0.5739440432,1,29,ds_cbdf3834368e,ds_16b6be697acb,01190,
35,39,6,12.02020202,6,19,-1.745258417,1,29,ds_cbdf3834368e,ds_16b6be697acb,01190,
35,40,14,12.02020202,6,19,0.5739440432,1,29,ds_cbdf3834368e,ds_16b6be697acb,01190,
35,41,13,12.02020202,6,19,0.2840437357,1,29,ds_cbdf3834368e,ds_16b6be697acb,01190,
35,42,14,12.02020202,6,19,0.5739440432,1,29,ds_cbdf3834368e,ds_16b6be697acb,01190,
35,43,14,12.02020202,6,19,0.5739440432,1,29,ds_cbdf3834368e,ds_16b6be697acb,01190,
35,44,12,12.02020202,6,19,-0.005856571869,1,29,ds_cbdf3834368e,ds_16b6be697acb,01190,
35,45,14,12.02020202,6,19,0.5739440432,1,29,ds_cbdf3834368e,ds_16b6be697acb,01190,
35,46,8,12.02020202,6,19,-1.165457802,1,29,ds_cbdf3834368e,ds_16b6be697acb,01190,
35,47,12,12.02020202,6,19,-0.005856571869,1,29,ds_cbdf3834368e,ds_16b6be697acb,01190,
35,48,8,12.02020202,6,19,-1.165457802,1,29,ds_cbdf3834368e,ds_16b6be697acb,01190,
35,49,12,12.02020202,6,19,-0.005856571869,1,29,ds_cbdf3834368e,ds_16b6be697acb,01190,
35,50,9,12.02020202,6,19,-0.8755574944,1,29,ds_cbdf3834368e,ds_16b6be697acb,01190,
35,51,9,12.02020202,6,19,-0.8755574944,1,29,ds_cbdf3834368e,ds_16b6be697acb,01190,
35,52,15,12.02020202,6,19,0.8638443507,1,29,ds_cbdf3834368e,ds_16b6be697acb,01190,
35,53,7,12.02020202,6,19,-1.45535811,1,29,ds_cbdf3834368e,ds_16b6be697acb,01190,
35,54,9,12.02020202,6,19,-0.8755574944,1,29,ds_cbdf3834368e,ds_16b6be697acb,01190,
35,55,11,12.02020202,6,19,-0.2957568794,1,29,ds_cbdf3834368e,ds_16b6be697acb,01190,
36,37,7,12.02020202,6,19,-1.45535811,1,29,ds_cbdf3834368e,ds_16b6be697acb,01190,
36,38,15,12.02020202,6,19,0.8638443507,1,29,ds_cbdf3834368e,ds_16b6be697acb,01190,
36,39,13,12.02020202,6,19,0.2840437357,1,29,ds_cbdf3834368e,ds_16b6be697acb,01190,
36,40,12,12.02020202,6,19,-0.005856571869,1,29,ds_cbdf3834368e,ds_16b6be697acb,01190,
36,41,15,12.02020202,6,19,0.8638443507,1,29,ds_cbdf3834368e,ds_16b6be697acb,01190,
36,42,16,12.02020202,6,19,1.153744658,1,29,ds_cbdf3834368e,ds_16b6be697acb,01190,
36,43,17,12.02020202,6,19,1.443644966,1,29,ds_cbdf3834368e,ds_16b6be697acb,01190,
36,44,15,12.02020202,6,19,0.8638443507,1,29,ds_cbdf3834368e,ds_16b6be697acb,01190,
36,45,11,12.02020202,6,19,-0.2957568794,1,29,ds_cbdf3834368e,ds_16b6be697acb,01190,
36,46,14,12.02020202,6,19,0.5739440432,1,29,ds_cbdf3834368e,ds_16b6be697acb,01190,
36,47,10,12.02020202,6,19,-0.5856571869,1,29,ds_cbdf3834368e,ds_16b6be697acb,01190,
36,48,10,12.02020202,6,19,-0.5856571869,1,29,ds_cbdf3834368e,ds_16b6be697acb,01190,
36,49,13,12.02020202,6,19,0.2840437357,1,29,ds_cbdf3834368e,ds_16b6be697acb,01190,
36,50,15,12.02020202,6,19,0.8638443507,1,29,ds_cbdf3834368e,ds_16b6be697acb,01190,
36,51,10,12.02020202,6,19,-0.5856571869,1,29,ds_cbdf3834368e,ds_16b6be697acb,01190,
36,52,10,12.02020202,6,19,-0.5856571869,1,29,ds_cbdf3834368e,ds_16b6be697acb,01190,
36,53,10,12.02020202,6,19,-0.5856571869,1,29,ds_cbdf3834368e,ds_16b6be697acb,01190,
36,54,13,12.02020202,6,19,0.2840437357,1,29,ds_cbdf3834368e,ds_16b6be697acb,01190,
36,55,10,12.02020202,6,19,-0.5856571869,1,29,ds_cbdf3834368e,ds_16b6be697acb,01190,
37,38,12,12.02020202,6,19,-0.005856571869,1,29,ds_cbdf3834368e,ds_16b6be697acb,01190,
37,39,12,12.02020202,6,19,-0.005856571869,1,29,ds_cbdf3834368e,ds_16b6be697acb,01190,
37,40,13,12.02020202,6,19,0.2840437357,1,29,ds_cbdf3834368e,ds_16b6be697acb,01190,
37,41,8,12.02020202,6,19,-1.165457802,1,29,ds_cbdf3834368e,ds_16b6be697acb,01190,
37,42,14,12.02020202,6,19,0.5739440432,1,29,ds_cbdf3834368e,ds_16b6be697acb,01190,
37,43,10,12.02020202,6,19,-0.5856571869,1,29,ds_cbdf3834368e,ds_16b6be697acb,01190,
37,44,10,12.02020202,6,19,-0.5856571869,1,29,ds_cbdf3834368e,ds_16b6be697acb,01190,
37,45,13,12.02020202,6,19,0.2840437357,1,29,ds_cbdf3834368e,ds_16b6be697acb,01190,
37,46,13,12.02020202,6,19,0.2840437357,1,29,ds_cbdf3834368e,ds_16b6be697acb,01190,
37,47,12,12.02020202,6,19,-0.005856571869,1,29,ds_cbdf3834368e,ds_16b6be697acb,01190,
37,48,15,12.02020202,6,19,0.8638443507,1,29,ds_cbdf3834368e,ds_16b6be697acb,01190,
37,49,15,12.02020202,6,19,0.8638443507,1,29,ds_cbdf3834368e,ds_16b6be697acb,01190,
37,50,9,12.02020202,6,19,-0.8755574944,1,29,ds_cbdf3834368e,ds_16b6be697acb,01190,
37,51,11,12.02020202,6,19,-0.2957568794,1,29,ds_cbdf3834368e,ds_16b6be697acb,01190,
37,52,9,12.02020202,6,19,-0.8755574944,1,29,ds_cbdf3834368e,ds_16b6be697acb,01190,
37,53,7,12.02020202,6,19,-1.45535811,1,29,ds_cbdf3834368e,ds_16b6be697acb,01190,
37,54,9,12.02020202,6,19,-0.8755574944,1,29,ds_cbdf3834368e,ds_16b6be697acb,01190,
37,55,10,12.02020202,6,19,-0.5856571869,1,29,ds_cbdf3834368e,ds_16b6be697acb,01190,
38,39,8,12.02020202,6,19,-1.165457802,1,29,ds_cbdf3834368e,ds_16b6be697acb,01190,
38,40,11,12.02020202,6,19,-0.2957568794,1,29,ds_cbdf3834368e,ds_16b6be697acb,01190,
38,41,16,12.02020202,6,19,1.153744658,1,29,ds_cbdf3834368e,ds_16b6be697acb,01190,
38,42,16,12.02020202,6,19,1.153744658,1,29,ds_cbdf3834368e,ds_16b6be697acb,01190,
38,43,9,12.02020202,6,19,-0.8755574944,1,29,ds_cbdf3834368e,ds_16b6be697acb,01190,
38,44,11,12.02020202,6,19,-0.2957568794,1,29,ds_cbdf3834368e,ds_16b6be697acb,01190,
38,45,12,12.02020202,6,19,-0.005856571869,1,29,ds_cbdf3834368e,ds_16b6be697acb,01190,
38,46,7,12.02020202,6,19,-1.45535811,1,29,ds_cbdf3834368e,ds_16b6be697acb,01190,
38,47,22,12.02020202,6,19,2.893146503,1,29,ds_cbdf3834368e,ds_16b6be697acb,01190,
38,48,14,12.02020202,6,19,0.5739440432,1,29,ds_cbdf3834368e,ds_16b6be697acb,01190,
38,49,9,12.02020202,6,19,-0.8755574944,1,29,ds_cbdf3834368e,ds_16b6be697acb,01190,
38,50,11,12.02020202,6,19,-0.2957568794,1,29,ds_cbdf3834368e,ds_16b6be697acb,01190,
38,51,16,12.02020202,6,19,1.153744658,1,29,ds_cbdf3834368e,ds_16b6be697acb,01190,
38,52,9,12.02020202,6,19,-0.8755574944,1,29,ds_cbdf3834368e,ds_16b6be697acb,01190,
38,53,11,12.02020202,6,19,-0.2957568794,1,29,ds_cbdf3834368e,ds_16b6be697acb,01190,
38,54,11,12.02020202,6,19,-0.2957568794,1,29,ds_cbdf3834368e,ds_16b6be697acb,01190,
38,55,22,12.02020202,6,19,2.893146503,1,29,ds_cbdf3834368e,ds_16b6be697acb,01190,
39,40,12,12.02020202,6,19,-0.005856571869,1,29,ds_cbdf3834368e,ds_16b6be697acb,01190,
39,41,13,12.02020202,6,19,0.2840437357,1,29,ds_cbdf3834368e,ds_16b6be697acb,01190,
39,42,5,12.02020202,6,19,-2.035158725,1,29,ds_cbdf3834368e,ds_16b6be697acb,01190,
39,43,9,12.02020202,6,19,-0.8755574944,1,29,ds_cbdf3834368e,ds_16b6be697acb,01190,
39,44,6,12.02020202,6,19,-1.745258417,1,29,ds_cbdf3834368e,ds_16b6be697acb,01190,
39,45,13,12.02020202,6,19,0.2840437357,1,29,ds_cbdf3834368e,ds_16b6be697acb,01190,
39,46,15,12.02020202,6,19,0.8638443507,1,29,ds_cbdf3834368e,ds_16b6be697acb,01190,
39,47,12,12.02020202,6,19,-0.005856571869,1,29,ds_cbdf3834368e,ds_16b6be697acb,01190,
39,48,16,12.02020202,6,19,1.153744658,1,29,ds_cbdf3834368e,ds_16b6be697acb,01190,
39,49,14,12.02020202,6,19,0.5739440432,1,29,ds_cbdf3834368e,ds_16b6be697acb,01190,
39,50,12,12.02020202,6,19,-0.005856571869,1,29,ds_cbdf3834368e,ds_16b6be697acb,01190,
39,51,15,12.02020202,6,19,0.8638443507,1,29,ds_cbdf3834368e,ds_16b6be697acb,01190,
39,52,11,12.02020202,6,19,-0.2957568794,1,29,ds_cbdf3834368e,ds_16b6be697acb,01190,
39,53,22,12.02020202,6,19,2.893146503,1,29,ds_cbdf3834368e,ds_16b6be697acb,01190,
39,54,8,12.02020202,6,19,-1.165457802,1,29,ds_cbdf3834368e,ds_16b6be697acb,01190,
39,55,14,12.02020202,6,19,0.5739440432,1,29,ds_cbdf3834368e,ds_16b6be697acb,01190,
40,41,8,12.02020202,6,19,-1.165457802,1,29,ds_cbdf3834368e,ds_16b6be697acb,01190,
40,42,14,12.02020202,6,19,0.5739440432,1,29,ds_cbdf3834368e,ds_16b6be697acb,01190,
40,43,12,12.02020202,6,19,-0.005856571869,1,29,ds_cbdf3834368e,ds_16b6be697acb,01190,
40,44,12,12.02020202,6,19,-0.005856571869,1,29,ds_cbdf3834368e,ds_16b6be697acb,01190,
40,45,11,12.02020202,6,19,-0.2957568794,1,29,ds_cbdf3834368e,ds_16b6be697acb,01190,
40,46,16,12.02020202,6,19,1.153744658,1,29,ds_cbdf3834368e,ds_16b6be697acb,01190,
40,47,11,12.02020202,6,19,-0.2957568794,1,29,ds_cbdf3834368e,ds_16b6be697acb,01190,
40,48,14,12.02020202,6,19,0.5739440432,1,29,ds_cbdf3834368e,ds_16b6be697acb,01190,
40,49,17,12.02020202,6,19,1.443644966,1,29,ds_cbdf3834368e,ds_16b6be697acb,01190,
40,50,11,12.02020202,6,19,-0.2957568794,1,29,ds_cbdf3834368e,ds_16b6be697acb,01190,
40,51,11,12.02020202,6,19,-0.2957568794,1,29,ds_cbdf3834368e,ds_16b6be697acb,01190,
40,52,12,12.02020202,6,19,-0.005856571869,1,29,ds_cbdf3834368e,ds_16b6be697acb,01190,
40,53,9,12.02020202,6,19,-0.8755574944,1,29,ds_cbdf3834368e,ds_16b6be697acb,01190,
40,54,11,12.02020202,6,19,-0.2957568794,1,29,ds_cbdf3834368e,ds_16b6be697acb,01190,
40,55,8,12.02020202,6,19,-1.165457802,1,29,ds_cbdf3834368e,ds_16b6be697acb,01190,
41,42,18,12.02020202,6,19,1.733545273,1,29,ds_cbdf3834368e,ds_16b6be697acb,01190,
41,43,15,12.02020202,6,19,0.8638443507,1,29,ds_cbdf3834368e,ds_16b6be697acb,01190,
41,44,11,12.02020202,6,19,-0.2957568794,1,29,ds_cbdf3834368e,ds_16b6be697acb,01190,
41,45,14,12.02020202,6,19,0.5739440432,1,29,ds_cbdf3834368e,ds_16b6be697acb,01190,
41,46,20,12.02020202,6,19,2.313345888,1,29,ds_cbdf3834368e,ds_16b6be697acb,01190,
41,47,15,12.02020202,6,19,0.8638443507,1,29,ds_cbdf3834368e,ds_16b6be697acb,01190,
41,48,16,12.02020202,6,19,1.153744658,1,29,ds_cbdf3834368e,ds_16b6be697acb,01190,
41,49,12,12.02020202,6,19,-0.005856571869,1,29,ds_cbdf3834368e,ds_16b6be697acb,01190,
41,50,13,12.02020202,6,19,0.2840437357,1,29,ds_cbdf3834368e,ds_16b6be697acb,01190,
41,51,13,12.02020202,6,19,0.2840437357,1,29,ds_cbdf3834368e,ds_16b6be697acb,01190,
41,52,14,12.02020202,6,19,0.5739440432,1,29,ds_cbdf3834368e,ds_16b6be697acb,01190,
41,53,17,12.02020202,6,19,1.443644966,1,29,ds_cbdf3834368e,ds_16b6be697acb,01190,
41,54,8,12.02020202,6,19,-1.165457802,1,29,ds_cbdf3834368e,ds_16b6be697acb,01190,
41,55,13,12.02020202,6,19,0.2840437357,1,29,ds_cbdf3834368e,ds_16b6be697acb,01190,
42,43,15,12.02020202,6,19,0.8638443507,1,29,ds_cbdf3834368e,ds_16b6be697acb,01190,
42,44,12,12.02020202,6,19,-0.005856571869,1,29,ds_cbdf3834368e,ds_16b6be697acb,01190,
42,45,7,12.02020202,6,19,-1.45535811,1,29,ds_cbdf3834368e,ds_16b6be697acb,01190,
42,46,12,12.02020202,6,19,-0.005856571869,1,29,ds_cbdf3834368e,ds_16b6be697acb,01190,
42,47,18,12.02020202,6,19,1.733545273,1,29,ds_cbdf3834368e,ds_16b6be697acb,01190,
42,48,10,12.02020202,6,19,-0.5856571869,1,29,ds_cbdf3834368e,ds_16b6be697acb,01190,
42,49,13,12.02020202,6,19,0.2840437357,1,29,ds_cbdf3834368e,ds_16b6be697acb,01190,
42,50,12,12.02020202,6,19,-0.005856571869,1,29,ds_cbdf3834368e,ds_16b6be697acb,01190,
42,51,25,12.02020202,6,19,3.762847426,1,29,ds_cbdf3834368e,ds_16b6be697acb,01190,
42,52,11,12.02020202,6,19,-0.2957568794,1,29,ds_cbdf3834368e,ds_16b6be697acb,01190,
42,53,10,12.02020202,6,19,-0.5856571869,1,29,ds_cbdf3834368e,ds_16b6be697acb,01190,
42,54,21,12.02020202,6,19,2.603246196,1,29,ds_cbdf3834368e,ds_16b6be697acb,01190,
42,55,13,12.02020202,6,19,0.2840437357,1,29,ds_cbdf3834368e,ds_16b6be697acb,01190,
43,44,15,12.02020202,6,19,0.8638443507,1,29,ds_cbdf3834368e,ds_16b6be697acb,01190,
43,45,17,12.02020202,6,19,1.443644966,1,29,ds_cbdf3834368e,ds_16b6be697acb,01190,
43,46,8,12.02020202,6,19,-1.165457802,1,29,ds_cbdf3834368e,ds_16b6be697acb,01190,
43,47,10,12.02020202,6,19,-0.5856571869,1,29,ds_cbdf3834368e,ds_16b6be697acb,01190,
43,48,19,12.02020202,6,19,2.023445581,1,29,ds_cbdf3834368e,ds_16b6be697acb,01190,
43,49,11,12.02020202,6,19,-0.2957568794,1,29,ds_cbdf3834368e,ds_16b6be697acb,01190,
43,50,11,12.02020202,6,19,-0.2957568794,1,29,ds_cbdf3834368e,ds_16b6be697acb,01190,
43,51,20,12.02020202,6,19,2.313345888,1,29,ds_cbdf3834368e,ds_16b6be697acb,01190,
43,52,10,12.02020202,6,19,-0.5856571869,1,29,ds_cbdf3834368e,ds_16b6be697acb,01190,
43,53,21,12.02020202,6,19,2.603246196,1,29,ds_cbdf3834368e,ds_16b6be697acb,01190,
43,54,12,12.02020202,6,19,-0.005856571869,1,29,ds_cbdf3834368e,ds_16b6be697acb,01190,
43,55,12,12.02020202,6,19,-0.005856571869,1,29,ds_cbdf3834368e,ds_16b6be697acb,01190,
44,45,9,12.02020202,6,19,-0.8755574944,1,29,ds_cbdf3834368e,ds_16b6be697acb,01190,
44,46,14,12.02020202,6,19,0.5739440432,1,29,ds_cbdf3834368e,ds_16b6be697acb,01190,
44,47,12,12.02020202,6,19,-0.005856571869,1,29,ds_cbdf3834368e,ds_16b6be697acb,01190,
44,48,9,12.02020202,6,19,-0.8755574944,1,29,ds_cbdf3834368e,ds_16b6be697acb,01190,
44,49,17,12.02020202,6,19,1.443644966,1,29,ds_cbdf3834368e,ds_16b6be697acb,01190,
44,50,16,12.02020202,6,19,1.153744658,1,29,ds_cbdf3834368e,ds_16b6be697acb,01190,
44,51,9,12.02020202,6,19,-0.8755574944,1,29,ds_cbdf3834368e,ds_16b6be697acb,01190,
44,52,7,12.02020202,6,19,-1.45535811,1,29,ds_cbdf3834368e,ds_16b6be697acb,01190,
44,53,10,12.02020202,6,19,-0.5856571869,1,29,ds_cbdf3834368e,ds_16b6be697acb,01190,
44,54,9,12.02020202,6,19,-0.8755574944,1,29,ds_cbdf3834368e,ds_16b6be697acb,01190,
44,55,11,12.02020202,6,19,-0.2957568794,1,29,ds_cbdf3834368e,ds_16b6be697acb,01190,
45,46,10,12.02020202,6,19,-0.5856571869,1,29,ds_cbdf3834368e,ds_16b6be697acb,01190,
45,47,12,12.02020202,6,19,-0.005856571869,1,29,ds_cbdf3834368e,ds_16b6be697acb,01190,
45,48,13,12.02020202,6,19,0.2840437357,1,29,ds_cbdf3834368e,ds_16b6be697acb,01190,
45,49,17,12.02020202,6,19,1.443644966,1,29,ds_cbdf3834368e,ds_16b6be697acb,01190,
45,50,14,12.02020202,6,19,0.5739440432,1,29,ds_cbdf3834368e,ds_16b6be697acb,01190,
45,51,5,12.02020202,6,19,-2.035158725,1,29,ds_cbdf3834368e,ds_16b6be697acb,01190,
45,52,17,12.02020202,6,19,1.443644966,1,29,ds_cbdf3834368e,ds_16b6be697acb,01190,
45,53,7,12.02020202,6,19,-1.45535811,1,29,ds_cbdf3834368e,ds_16b6be697acb,01190,
45,54,15,12.02020202,6,19,0.8638443507,1,29,ds_cbdf3834368e,ds_16b6be697acb,01190,
45,55,15,12.02020202,6,19,0.8638443507,1,29,ds_cbdf3834368e,ds_16b6be697acb,01190,
46,47,13,12.02020202,6,19,0.2840437357,1,29,ds_cbdf3834368e,ds_16b6be697acb,01190,
46,48,12,12.02020202,6,19,-0.005856571869,1,29,ds_cbdf3834368e,ds_16b6be697acb,01190,
46,49,12,12.02020202,6,19,-0.005856571869,1,29,ds_cbdf3834368e,ds_16b6be697acb,01190,
46,50,15,12.02020202,6,19,0.8638443507,1,29,ds_cbdf3834368e,ds_16b6be697acb,01190,
46,51,13,12.02020202,6,19,0.2840437357,1,29,ds_cbdf3834368e,ds_16b6be697acb,01190,
46,52,15,12.02020202,6,19,0.8638443507,1,29,ds_cbdf3834368e,ds_16b6be697acb,01190,
46,53,9,12.02020202,6,19,-0.8755574944,1,29,ds_cbdf3834368e,ds_16b6be697acb,01190,
46,54,12,12.02020202,6,19,-0.005856571869,1,29,ds_cbdf3834368e,ds_16b6be697acb,01190,
46,55,15,12.02020202,6,19,0.8638443507,1,29,ds_cbdf3834368e,ds_16b6be697acb,01190,
47,48,16,12.02020202,6,19,1.153744658,1,29,ds_cbdf3834368e,ds_16b6be697acb,01190,
47,49,15,12.02020202,6,19,0.8638443507,1,29,ds_cbdf3834368e,ds_16b6be697acb,01190,
47,50,13,12.02020202,6,19,0.2840437357,1,29,ds_cbdf3834368e,ds_16b6be697acb,01190,
47,51,19,12.02020202,6,19,2.023445581,1,29,ds_cbdf3834368e,ds_16b6be697acb,01190,
47,52,14,12.02020202,6,19,0.5739440432,1,29,ds_cbdf3834368e,ds_16b6be697acb,01190,
47,53,14,12.02020202,6,19,0.5739440432,1,29,ds_cbdf3834368e,ds_16b6be697acb,01190,
47,54,10,12.02020202,6,19,-0.5856571869,1,29,ds_cbdf3834368e,ds_16b6be697acb,01190,
47,55,13,12.02020202,6,19,0.2840437357,1,29,ds_cbdf3834368e,ds_16b6be697acb,01190,
48,49,15,12.02020202,6,19,0.8638443507,1,29,ds_cbdf3834368e,ds_16b6be697acb,01190,
48,50,10,12.02020202,6,19,-0.5856571869,1,29,ds_cbdf3834368e,ds_16b6be697acb,01190,
48,51,14,12.02020202,6,19,0.5739440432,1,29,ds_cbdf3834368e,ds_16b6be697acb,01190,
48,52,10,12.02020202,6,19,-0.5856571869,1,29,ds_cbdf3834368e,ds_16b6be697acb,01190,
48,53,16,12.02020202,6,19,1.153744658,1,29,ds_cbdf3834368e,ds_16b6be697acb,01190,
48,54,8,12.02020202,6,19,-1.165457802,1,29,ds_cbdf3834368e,ds_16b6be697acb,01190,
48,55,13,12.02020202,6,19,0.2840437357,1,29,ds_cbdf3834368e,ds_16b6be697acb,01190,
49,50,5,12.02020202,6,19,-2.035158725,1,29,ds_cbdf3834368e,ds_16b6be697acb,01190,
49,51,14,12.02020202,6,19,0.5739440432,1,29,ds_cbdf3834368e,ds_16b6be697acb,01190,
49,52,12,12.02020202,6,19,-0.005856571869,1,29,ds_cbdf3834368e,ds_16b6be697acb,01190,
49,53,10,12.02020202,6,19,-0.5856571869,1,29,ds_cbdf3834368e,ds_16b6be697acb,01190,
49,54,14,12.02020202,6,19,0.5739440432,1,29,ds_cbdf3834368e,ds_16b6be697acb,01190,
49,55,14,12.02020202,6,19,0.5739440432,1,29,ds_cbdf3834368e,ds_16b6be697acb,01190,
50,51,12,12.02020202,6,19,-0.005856571869,1,29,ds_cbdf3834368e,ds_16b6be697acb,01190,
50,52,15,12.02020202,6,19,0.8638443507,1,29,ds_cbdf3834368e,ds_16b6be697acb,01190,
50,53,15,12.02020202,6,19,0.8638443507,1,29,ds_cbdf3834368e,ds_16b6be697acb,01190,
50,54,11,12.02020202,6,19,-0.2957568794,1,29,ds_cbdf3834368e,ds_16b6be697acb,01190,
50,55,12,12.02020202,6,19,-0.005856571869,1,29,ds_cbdf3834368e,ds_16b6be697acb,01190,
51,52,17,12.02020202,6,19,1.443644966,1,29,ds_cbdf3834368e,ds_16b6be697acb,01190,
51,53,20,12.02020202,6,19,2.313345888,1,29,ds_cbdf3834368e,ds_16b6be697acb,01190,
51,54,8,12.02020202,6,19,-1.165457802,1,29,ds_cbdf3834368e,ds_16b6be697acb,01190,
51,55,20,12.02020202,6,19,2.313345888,1,29,ds_cbdf3834368e,ds_16b6be697acb,01190,
52,53,17,12.02020202,6,19,1.443644966,1,29,ds_cbdf3834368e,ds_16b6be697acb,01190,
52,54,14,12.02020202,6,19,0.5739440432,1,29,ds_cbdf3834368e,ds_16b6be697acb,01190,
52,55,14,12.02020202,6,19,0.5739440432,1,29,ds_cbdf3834368e,ds_16b6be697acb,01190,
53,54,9,12.02020202,6,19,-0.8755574944,1,29,ds_cbdf3834368e,ds_16b6be697acb,01190,
53,55,17,12.02020202,6,19,1.443644966,1,29,ds_cbdf3834368e,ds_16b6be697acb,01190,
54,55,11,12.02020202,6,19,-0.2957568794,1,29,ds_cbdf3834368e,ds_16b6be697acb,01190,
