draw_id,draw_date,n1,n2,n3,n4,n5,n6,special_number,source,retrieved_at,dataset_version
00001,2017-08-01,5,10,14,23,24,38,35,vietlott_official,2026-09-24T03:10:10.977413+00:00,ds_aa8808303afa
00002,2017-08-03,4,9,24,25,27,45,40,vietlott_official,2026-09-24T03:10:10.013000+00:00,ds_aa8808303afa
00003,2017-08-05,1,5,11,32,40,45,43,vietlott_official,2026-09-24T03:10:10.013000+00:00,ds_aa8808303afa
00004,2017-08-08,19,36,39,41,46,51,38,vietlott_official,2026-09-24T03:10:10.013000+00:00,ds_aa8808303afa
00005,2017-08-10,10,11,19,41,50,54,3,vietlott_official,2026-09-24T03:10:10.013000+00:00,ds_aa8808303afa
00006,2017-08-12,6,16,20,32,38,51,34,vietlott_official,2026-09-24T03:10:10.013000+00:00,ds_aa8808303afa
00007,2017-08-15,7,11,19,32,33,51,30,vietlott_official,2026-09-24T03:10:10.013000+00:00,ds_aa8808303afa
00008,2017-08-17,11,12,20,30,32,34,53,vietlott_official,2026-09-24T03:10:10.013000+00:00,ds_aa8808303afa
00009,2017-08-19,7,11,13,15,26,51,36,vietlott_official,2026-09-24T03:10:10.013000+00:00,ds_aa8808303afa
00010,2017-08-22,10,24,31,32,38,44,14,vietlott_official,2026-09-24T03:10:08.970110+00:00,ds_aa8808303afa
00011,2017-08-24,5,16,18,37,42,46,10,vietlott_official,2026-09-24T03:10:08.970110+00:00,ds_aa8808303afa
00012,2017-08-26,17,25,30,31,36,41,20,vietlott_official,2026-09-24T03:10:08.970110+00:00,ds_aa8808303afa
00013,2017-08-29,4,12,15,23,24,41,44,vietlott_official,2026-09-24T03:10:08.970110+00:00,ds_aa8808303afa
00014,2017-08-31,8,20,27,35,36,47,18,vietlott_official,2026-09-24T03:10:08.970110+00:00,ds_aa8808303afa
00015,2017-09-02,5,9,11,18,19,37,50,vietlott_official,2026-09-24T03:10:08.970110+00:00,ds_aa8808303afa
00016,2017-09-05,1,2,8,13,23,39,9,vietlott_official,2026-09-24T03:10:08.970110+00:00,ds_aa8808303afa
00017,2017-09-07,4,18,22,31,32,40,8,vietlott_official,2026-09-24T03:10:08.970110+00:00,ds_aa8808303afa
00018,2017-09-09,1,15,23,36,43,54,12,vietlott_official,2026-09-24T03:10:07.980422+00:00,ds_aa8808303afa
00019,2017-09-12,6,10,12,47,48,51,35,vietlott_official,2026-09-24T03:10:07.980422+00:00,ds_aa8808303afa
00020,2017-09-14,22,23,32,43,44,51,15,vietlott_official,2026-09-24T03:10:07.980422+00:00,ds_aa8808303afa
00021,2017-09-16,9,12,21,26,29,52,24,vietlott_official,2026-09-24T03:10:07.980422+00:00,ds_aa8808303afa
00022,2017-09-19,3,32,36,41,44,53,45,vietlott_official,2026-09-24T03:10:07.980422+00:00,ds_aa8808303afa
00023,2017-09-21,9,12,16,24,43,51,39,vietlott_official,2026-09-24T03:10:07.980422+00:00,ds_aa8808303afa
00024,2017-09-23,7,8,27,36,44,53,49,vietlott_official,2026-09-24T03:10:07.980422+00:00,ds_aa8808303afa
00025,2017-09-26,14,15,18,30,36,49,19,vietlott_official,2026-09-24T03:10:07.980422+00:00,ds_aa8808303afa
00026,2017-09-28,20,27,28,31,39,47,10,vietlott_official,2026-09-24T03:10:06.973601+00:00,ds_aa8808303afa
00027,2017-09-30,4,17,23,25,34,46,24,vietlott_official,2026-09-24T03:10:06.973601+00:00,ds_aa8808303afa
00028,2017-10-03,21,31,35,41,46,50,23,vietlott_official,2026-09-24T03:10:06.973601+00:00,ds_aa8808303afa
00029,2017-10-05,1,3,14,19,35,41,20,vietlott_official,2026-09-24T03:10:06.973601+00:00,ds_aa8808303afa
00030,2017-10-07,31,34,40,42,43,49,16,vietlott_official,2026-09-24T03:10:06.973601+00:00,ds_aa8808303afa
00031,2017-10-10,29,33,43,44,45,50,41,vietlott_official,2026-09-24T03:10:06.973601+00:00,ds_aa8808303afa
00032,2017-10-12,5,8,11,31,37,42,52,vietlott_official,2026-09-24T03:10:06.973601+00:00,ds_aa8808303afa
00033,2017-10-14,14,18,29,35,44,49,54,vietlott_official,2026-09-24T03:10:06.973601+00:00,ds_aa8808303afa
00034,2017-10-17,1,26,36,40,50,54,31,vietlott_official,2026-09-24T03:10:05.968942+00:00,ds_aa8808303afa
00035,2017-10-19,6,15,17,24,40,45,39,vietlott_official,2026-09-24T03:10:05.968942+00:00,ds_aa8808303afa
00036,2017-10-21,4,9,13,16,18,49,30,vietlott_official,2026-09-24T03:10:05.968942+00:00,ds_aa8808303afa
00037,2017-10-24,1,2,9,13,32,35,52,vietlott_official,2026-09-24T03:10:05.968942+00:00,ds_aa8808303afa
00038,2017-10-26,2,10,15,30,34,50,3,vietlott_official,2026-09-24T03:10:05.968942+00:00,ds_aa8808303afa
00039,2017-10-28,13,18,35,36,41,48,47,vietlott_official,2026-09-24T03:10:05.968942+00:00,ds_aa8808303afa
00040,2017-10-31,7,13,24,45,47,52,33,vietlott_official,2026-09-24T03:10:05.968942+00:00,ds_aa8808303afa
00041,2017-11-02,3,9,12,21,51,52,7,vietlott_official,2026-09-24T03:10:05.968942+00:00,ds_aa8808303afa
00042,2017-11-04,2,8,12,44,46,52,9,vietlott_official,2026-09-24T03:10:04.960744+00:00,ds_aa8808303afa
00043,2017-11-07,19,32,36,37,42,54,28,vietlott_official,2026-09-24T03:10:04.960744+00:00,ds_aa8808303afa
00044,2017-11-09,2,3,6,23,34,36,50,vietlott_official,2026-09-24T03:10:04.960744+00:00,ds_aa8808303afa
00045,2017-11-11,12,26,33,35,36,44,1,vietlott_official,2026-09-24T03:10:04.960744+00:00,ds_aa8808303afa
00046,2017-11-14,20,24,29,41,47,49,22,vietlott_official,2026-09-24T03:10:04.960744+00:00,ds_aa8808303afa
00047,2017-11-16,1,16,22,25,47,48,21,vietlott_official,2026-09-24T03:10:04.960744+00:00,ds_aa8808303afa
00048,2017-11-18,11,12,26,42,50,54,17,vietlott_official,2026-09-24T03:10:04.960744+00:00,ds_aa8808303afa
00049,2017-11-21,5,8,23,37,38,54,55,vietlott_official,2026-09-24T03:10:04.960744+00:00,ds_aa8808303afa
00050,2017-11-23,1,2,3,18,25,50,14,vietlott_official,2026-09-24T03:10:03.978606+00:00,ds_aa8808303afa
00051,2017-11-25,2,9,16,46,52,55,50,vietlott_official,2026-09-24T03:10:03.978606+00:00,ds_aa8808303afa
00052,2017-11-28,2,19,39,49,51,53,20,vietlott_official,2026-09-24T03:10:03.978606+00:00,ds_aa8808303afa
00053,2017-11-30,5,13,26,37,53,55,28,vietlott_official,2026-09-24T03:10:03.978606+00:00,ds_aa8808303afa
00054,2017-12-02,9,37,45,50,53,54,40,vietlott_official,2026-09-24T03:10:03.978606+00:00,ds_aa8808303afa
00055,2017-12-05,27,38,40,42,46,55,5,vietlott_official,2026-09-24T03:10:03.978606+00:00,ds_aa8808303afa
00056,2017-12-07,3,14,26,35,44,54,25,vietlott_official,2026-09-24T03:10:03.978606+00:00,ds_aa8808303afa
00057,2017-12-09,5,34,35,42,49,52,21,vietlott_official,2026-09-24T03:10:03.978606+00:00,ds_aa8808303afa
00058,2017-12-12,6,7,8,21,32,39,27,vietlott_official,2026-09-24T03:10:02.976001+00:00,ds_aa8808303afa
00059,2017-12-14,11,12,22,28,46,50,7,vietlott_official,2026-09-24T03:10:02.976001+00:00,ds_aa8808303afa
00060,2017-12-16,5,23,37,41,43,53,25,vietlott_official,2026-09-24T03:10:02.976001+00:00,ds_aa8808303afa
00061,2017-12-19,2,3,20,25,38,44,12,vietlott_official,2026-09-24T03:10:02.976001+00:00,ds_aa8808303afa
00062,2017-12-21,22,23,27,35,37,46,19,vietlott_official,2026-09-24T03:10:02.976001+00:00,ds_aa8808303afa
00063,2017-12-23,7,8,9,13,28,44,12,vietlott_official,2026-09-24T03:10:02.976001+00:00,ds_aa8808303afa
00064,2017-12-26,7,11,13,18,26,42,49,vietlott_official,2026-09-24T03:10:02.976001+00:00,ds_aa8808303afa
00065,2017-12-28,7,18,26,29,31,35,34,vietlott_official,2026-09-24T03:10:02.976001+00:00,ds_aa8808303afa
00066,2017-12-30,8,9,36,37,39,50,7,vietlott_official,2026-09-24T03:10:01.966200+00:00,ds_aa8808303afa
00067,2018-01-02,4,7,8,34,37,47,24,vietlott_official,2026-09-24T03:10:01.966200+00:00,ds_aa8808303afa
00068,2018-01-04,1,7,31,35,46,55,51,vietlott_official,2026-09-24T03:10:01.966200+00:00,ds_aa8808303afa
00069,2018-01-06,4,11,24,35,41,45,17,vietlott_official,2026-09-24T03:10:01.966200+00:00,ds_aa8808303afa
00070,2018-01-09,18,25,28,46,50,51,15,vietlott_official,2026-09-24T03:10:01.966200+00:00,ds_aa8808303afa
00071,2018-01-11,4,7,30,35,37,45,1,vietlott_official,2026-09-24T03:10:01.966200+00:00,ds_aa8808303afa
00072,2018-01-13,3,21,25,26,51,55,37,vietlott_official,2026-09-24T03:10:01.966200+00:00,ds_aa8808303afa
00073,2018-01-16,6,27,33,41,42,49,22,vietlott_official,2026-09-24T03:10:01.966200+00:00,ds_aa8808303afa
00074,2018-01-18,12,24,28,30,36,39,15,vietlott_official,2026-09-24T03:10:00.972197+00:00,ds_aa8808303afa
00075,2018-01-20,2,7,15,16,41,45,19,vietlott_official,2026-09-24T03:10:00.972197+00:00,ds_aa8808303afa
00076,2018-01-23,3,10,15,23,41,53,35,vietlott_official,2026-09-24T03:10:00.972197+00:00,ds_aa8808303afa
00077,2018-01-25,1,10,30,44,45,50,4,vietlott_official,2026-09-24T03:10:00.972197+00:00,ds_aa8808303afa
00078,2018-01-27,21,26,36,38,40,50,11,vietlott_official,2026-09-24T03:10:00.972197+00:00,ds_aa8808303afa
00079,2018-01-30,15,19,24,51,53,55,29,vietlott_official,2026-09-24T03:10:00.972197+00:00,ds_aa8808303afa
00080,2018-02-01,1,7,8,9,39,43,52,vietlott_official,2026-09-24T03:10:00.972197+00:00,ds_aa8808303afa
00081,2018-02-03,12,29,42,48,54,55,18,vietlott_official,2026-09-24T03:10:00.972197+00:00,ds_aa8808303afa
00082,2018-02-06,1,20,29,31,43,53,16,vietlott_official,2026-09-24T03:09:59.975023+00:00,ds_aa8808303afa
00083,2018-02-08,21,22,29,37,41,50,33,vietlott_official,2026-09-24T03:09:59.975023+00:00,ds_aa8808303afa
00084,2018-02-10,8,10,19,25,36,46,7,vietlott_official,2026-09-24T03:09:59.975023+00:00,ds_aa8808303afa
00085,2018-02-13,9,25,26,30,42,54,19,vietlott_official,2026-09-24T03:09:59.975023+00:00,ds_aa8808303afa
00086,2018-02-17,16,22,28,29,35,43,45,vietlott_official,2026-09-24T03:09:59.975023+00:00,ds_aa8808303afa
00087,2018-02-20,1,2,21,24,50,52,33,vietlott_official,2026-09-24T03:09:59.975023+00:00,ds_aa8808303afa
00088,2018-02-22,11,14,32,36,42,48,20,vietlott_official,2026-09-24T03:09:59.975023+00:00,ds_aa8808303afa
00089,2018-02-24,5,7,24,32,45,49,1,vietlott_official,2026-09-24T03:09:59.975023+00:00,ds_aa8808303afa
00090,2018-02-27,8,16,23,28,44,49,45,vietlott_official,2026-09-24T03:09:59.003656+00:00,ds_aa8808303afa
00091,2018-03-01,4,5,7,17,20,38,9,vietlott_official,2026-09-24T03:09:59.003656+00:00,ds_aa8808303afa
00092,2018-03-03,4,10,32,37,47,52,49,vietlott_official,2026-09-24T03:09:59.003656+00:00,ds_aa8808303afa
00093,2018-03-06,2,6,13,22,40,48,12,vietlott_official,2026-09-24T03:09:59.003656+00:00,ds_aa8808303afa
00094,2018-03-08,14,17,18,23,41,52,40,vietlott_official,2026-09-24T03:09:59.003656+00:00,ds_aa8808303afa
00095,2018-03-10,9,20,27,31,48,49,42,vietlott_official,2026-09-24T03:09:59.003656+00:00,ds_aa8808303afa
00096,2018-03-13,1,2,17,46,47,49,44,vietlott_official,2026-09-24T03:09:59.003656+00:00,ds_aa8808303afa
00097,2018-03-15,15,20,23,28,39,49,19,vietlott_official,2026-09-24T03:09:59.003656+00:00,ds_aa8808303afa
00098,2018-03-17,3,14,28,35,50,52,29,vietlott_official,2026-09-24T03:09:57.999474+00:00,ds_aa8808303afa
00099,2018-03-20,11,40,43,46,49,55,37,vietlott_official,2026-09-24T03:09:57.999474+00:00,ds_aa8808303afa
00100,2018-03-22,1,8,24,33,34,41,20,vietlott_official,2026-09-24T03:09:57.999474+00:00,ds_aa8808303afa
00101,2018-03-24,1,30,38,45,48,50,12,vietlott_official,2026-09-24T03:09:57.999474+00:00,ds_aa8808303afa
00102,2018-03-27,9,13,14,15,54,55,22,vietlott_official,2026-09-24T03:09:57.999474+00:00,ds_aa8808303afa
00103,2018-03-29,5,27,35,39,46,52,31,vietlott_official,2026-09-24T03:09:57.999474+00:00,ds_aa8808303afa
00104,2018-03-31,3,7,31,43,51,53,26,vietlott_official,2026-09-24T03:09:57.999474+00:00,ds_aa8808303afa
00105,2018-04-03,20,21,39,42,51,53,1,vietlott_official,2026-09-24T03:09:57.999474+00:00,ds_aa8808303afa
00106,2018-04-05,7,9,17,25,31,32,6,vietlott_official,2026-09-24T03:09:57.074432+00:00,ds_aa8808303afa
00107,2018-04-07,12,24,33,34,36,53,5,vietlott_official,2026-09-24T03:09:57.074432+00:00,ds_aa8808303afa
00108,2018-04-10,1,22,25,31,36,48,41,vietlott_official,2026-09-24T03:09:57.074432+00:00,ds_aa8808303afa
00109,2018-04-12,4,29,35,37,42,54,19,vietlott_official,2026-09-24T03:09:57.074432+00:00,ds_aa8808303afa
00110,2018-04-14,2,10,14,26,45,54,20,vietlott_official,2026-09-24T03:09:57.074432+00:00,ds_aa8808303afa
00111,2018-04-17,2,10,26,27,31,38,39,vietlott_official,2026-09-24T03:09:57.074432+00:00,ds_aa8808303afa
00112,2018-04-19,4,17,19,35,49,55,9,vietlott_official,2026-09-24T03:09:57.074432+00:00,ds_aa8808303afa
00113,2018-04-21,16,18,41,43,46,55,35,vietlott_official,2026-09-24T03:09:57.074432+00:00,ds_aa8808303afa
00114,2018-04-24,17,18,24,40,41,46,6,vietlott_official,2026-09-24T03:09:56.787722+00:00,ds_aa8808303afa
00115,2018-04-26,23,26,29,31,36,54,55,vietlott_official,2026-09-24T03:09:56.787722+00:00,ds_aa8808303afa
00116,2018-04-28,12,19,22,29,32,46,25,vietlott_official,2026-09-24T03:09:56.787722+00:00,ds_aa8808303afa
00117,2018-05-01,1,7,20,23,25,38,14,vietlott_official,2026-09-24T03:09:56.787722+00:00,ds_aa8808303afa
00118,2018-05-03,23,27,33,37,39,49,44,vietlott_official,2026-09-24T03:09:56.787722+00:00,ds_aa8808303afa
00119,2018-05-05,16,32,33,37,40,48,15,vietlott_official,2026-09-24T03:09:56.787722+00:00,ds_aa8808303afa
00120,2018-05-08,3,16,23,24,38,42,48,vietlott_official,2026-09-24T03:09:56.787722+00:00,ds_aa8808303afa
00121,2018-05-10,2,6,8,34,39,43,11,vietlott_official,2026-09-24T03:09:56.787722+00:00,ds_aa8808303afa
00122,2018-05-12,1,9,26,38,54,55,51,vietlott_official,2026-09-24T03:09:52.076760+00:00,ds_aa8808303afa
00123,2018-05-15,3,6,29,37,44,49,24,vietlott_official,2026-09-24T03:09:52.076760+00:00,ds_aa8808303afa
00124,2018-05-17,13,31,38,45,53,55,46,vietlott_official,2026-09-24T03:09:52.076760+00:00,ds_aa8808303afa
00125,2018-05-19,33,35,45,52,53,55,25,vietlott_official,2026-09-24T03:09:52.076760+00:00,ds_aa8808303afa
00126,2018-05-22,4,5,8,17,35,47,39,vietlott_official,2026-09-24T03:09:52.076760+00:00,ds_aa8808303afa
00127,2018-05-24,24,25,26,29,36,48,40,vietlott_official,2026-09-24T03:09:52.076760+00:00,ds_aa8808303afa
00128,2018-05-26,7,12,28,31,40,44,15,vietlott_official,2026-09-24T03:09:52.076760+00:00,ds_aa8808303afa
00129,2018-05-29,9,13,17,18,46,50,26,vietlott_official,2026-09-24T03:09:52.076760+00:00,ds_aa8808303afa
00130,2018-05-31,3,15,18,25,26,29,19,vietlott_official,2026-09-24T03:09:51.166210+00:00,ds_aa8808303afa
00131,2018-06-02,5,7,17,22,32,33,6,vietlott_official,2026-09-24T03:09:51.166210+00:00,ds_aa8808303afa
00132,2018-06-05,11,21,26,32,51,52,5,vietlott_official,2026-09-24T03:09:51.166210+00:00,ds_aa8808303afa
00133,2018-06-07,11,16,18,26,46,47,42,vietlott_official,2026-09-24T03:09:51.166210+00:00,ds_aa8808303afa
00134,2018-06-09,9,23,25,39,52,53,38,vietlott_official,2026-09-24T03:09:51.166210+00:00,ds_aa8808303afa
00135,2018-06-12,4,13,23,27,29,35,14,vietlott_official,2026-09-24T03:09:51.166210+00:00,ds_aa8808303afa
00136,2018-06-14,3,15,32,45,48,54,55,vietlott_official,2026-09-24T03:09:51.166210+00:00,ds_aa8808303afa
00137,2018-06-16,14,15,21,30,44,47,48,vietlott_official,2026-09-24T03:09:51.166210+00:00,ds_aa8808303afa
00138,2018-06-19,16,17,31,37,41,52,34,vietlott_official,2026-09-24T03:09:50.079796+00:00,ds_aa8808303afa
00139,2018-06-21,2,8,19,23,25,33,32,vietlott_official,2026-09-24T03:09:50.079796+00:00,ds_aa8808303afa
00140,2018-06-23,6,8,13,23,46,55,1,vietlott_official,2026-09-24T03:09:50.079796+00:00,ds_aa8808303afa
00141,2018-06-26,17,18,21,39,40,43,3,vietlott_official,2026-09-24T03:09:50.079796+00:00,ds_aa8808303afa
00142,2018-06-28,11,31,33,43,48,51,23,vietlott_official,2026-09-24T03:09:50.079796+00:00,ds_aa8808303afa
00143,2018-06-30,3,12,23,24,30,33,1,vietlott_official,2026-09-24T03:09:50.079796+00:00,ds_aa8808303afa
00144,2018-07-03,30,32,34,47,48,49,50,vietlott_official,2026-09-24T03:09:50.079796+00:00,ds_aa8808303afa
00145,2018-07-05,4,15,22,24,43,51,48,vietlott_official,2026-09-24T03:09:50.079796+00:00,ds_aa8808303afa
00146,2018-07-07,2,30,45,48,49,53,41,vietlott_official,2026-09-24T03:09:49.139227+00:00,ds_aa8808303afa
00147,2018-07-10,6,10,16,20,27,29,24,vietlott_official,2026-09-24T03:09:49.139227+00:00,ds_aa8808303afa
00148,2018-07-12,8,15,18,21,24,49,22,vietlott_official,2026-09-24T03:09:49.139227+00:00,ds_aa8808303afa
00149,2018-07-14,4,19,23,34,38,50,1,vietlott_official,2026-09-24T03:09:49.139227+00:00,ds_aa8808303afa
00150,2018-07-17,5,14,22,27,31,40,48,vietlott_official,2026-09-24T03:09:49.139227+00:00,ds_aa8808303afa
00151,2018-07-19,11,13,28,34,44,47,10,vietlott_official,2026-09-24T03:09:49.139227+00:00,ds_aa8808303afa
00152,2018-07-21,7,31,33,37,46,52,28,vietlott_official,2026-09-24T03:09:49.139227+00:00,ds_aa8808303afa
00153,2018-07-24,11,18,34,37,50,53,20,vietlott_official,2026-09-24T03:09:49.139227+00:00,ds_aa8808303afa
00154,2018-07-26,21,24,33,37,40,46,52,vietlott_official,2026-09-24T03:09:48.099773+00:00,ds_aa8808303afa
00155,2018-07-28,11,16,22,25,30,40,9,vietlott_official,2026-09-24T03:09:48.099773+00:00,ds_aa8808303afa
00156,2018-07-31,1,5,27,31,47,50,41,vietlott_official,2026-09-24T03:09:48.099773+00:00,ds_aa8808303afa
00157,2018-08-02,6,11,16,17,41,55,7,vietlott_official,2026-09-24T03:09:48.099773+00:00,ds_aa8808303afa
00158,2018-08-04,11,12,24,32,41,48,3,vietlott_official,2026-09-24T03:09:48.099773+00:00,ds_aa8808303afa
00159,2018-08-07,3,9,15,20,39,49,4,vietlott_official,2026-09-24T03:09:48.099773+00:00,ds_aa8808303afa
00160,2018-08-09,24,29,32,33,49,55,9,vietlott_official,2026-09-24T03:09:48.099773+00:00,ds_aa8808303afa
00161,2018-08-11,16,17,31,33,42,44,14,vietlott_official,2026-09-24T03:09:48.099773+00:00,ds_aa8808303afa
00162,2018-08-14,29,30,36,38,45,52,46,vietlott_official,2026-09-24T03:09:47.117042+00:00,ds_aa8808303afa
00163,2018-08-16,6,10,34,46,48,51,47,vietlott_official,2026-09-24T03:09:47.117042+00:00,ds_aa8808303afa
00164,2018-08-18,7,33,36,39,51,55,11,vietlott_official,2026-09-24T03:09:47.117042+00:00,ds_aa8808303afa
00165,2018-08-21,9,12,14,23,32,46,31,vietlott_official,2026-09-24T03:09:47.117042+00:00,ds_aa8808303afa
00166,2018-08-23,14,18,27,38,39,53,2,vietlott_official,2026-09-24T03:09:47.117042+00:00,ds_aa8808303afa
00167,2018-08-25,10,11,15,32,40,48,27,vietlott_official,2026-09-24T03:09:47.117042+00:00,ds_aa8808303afa
00168,2018-08-28,2,10,15,31,39,48,23,vietlott_official,2026-09-24T03:09:47.117042+00:00,ds_aa8808303afa
00169,2018-08-30,5,22,28,42,49,54,36,vietlott_official,2026-09-24T03:09:47.117042+00:00,ds_aa8808303afa
00170,2018-09-01,2,8,20,21,28,36,5,vietlott_official,2026-09-24T03:09:46.092184+00:00,ds_aa8808303afa
00171,2018-09-04,8,18,20,29,34,37,51,vietlott_official,2026-09-24T03:09:46.092184+00:00,ds_aa8808303afa
00172,2018-09-06,4,11,15,21,24,27,7,vietlott_official,2026-09-24T03:09:46.092184+00:00,ds_aa8808303afa
00173,2018-09-08,9,11,12,24,35,43,15,vietlott_official,2026-09-24T03:09:46.092184+00:00,ds_aa8808303afa
00174,2018-09-11,13,17,28,42,45,49,50,vietlott_official,2026-09-24T03:09:46.092184+00:00,ds_aa8808303afa
00175,2018-09-13,4,6,7,26,40,44,9,vietlott_official,2026-09-24T03:09:46.092184+00:00,ds_aa8808303afa
00176,2018-09-15,2,5,28,30,46,50,49,vietlott_official,2026-09-24T03:09:46.092184+00:00,ds_aa8808303afa
00177,2018-09-18,8,21,32,43,48,53,38,vietlott_official,2026-09-24T03:09:46.092184+00:00,ds_aa8808303afa
00178,2018-09-20,3,32,35,46,47,49,51,vietlott_official,2026-09-24T03:09:45.095069+00:00,ds_aa8808303afa
00179,2018-09-22,1,8,17,28,40,50,21,vietlott_official,2026-09-24T03:09:45.095069+00:00,ds_aa8808303afa
00180,2018-09-25,2,3,6,13,14,17,9,vietlott_official,2026-09-24T03:09:45.095069+00:00,ds_aa8808303afa
00181,2018-09-27,8,12,29,35,51,54,34,vietlott_official,2026-09-24T03:09:45.095069+00:00,ds_aa8808303afa
00182,2018-09-29,3,7,12,32,34,55,38,vietlott_official,2026-09-24T03:09:45.095069+00:00,ds_aa8808303afa
00183,2018-10-02,3,7,28,32,33,37,22,vietlott_official,2026-09-24T03:09:45.095069+00:00,ds_aa8808303afa
00184,2018-10-04,3,9,12,17,34,42,46,vietlott_official,2026-09-24T03:09:45.095069+00:00,ds_aa8808303afa
00185,2018-10-06,5,6,16,42,48,51,3,vietlott_official,2026-09-24T03:09:45.095069+00:00,ds_aa8808303afa
00186,2018-10-09,10,27,46,50,51,55,1,vietlott_official,2026-09-24T03:09:44.105889+00:00,ds_aa8808303afa
00187,2018-10-11,5,16,17,37,46,49,35,vietlott_official,2026-09-24T03:09:44.105889+00:00,ds_aa8808303afa
00188,2018-10-13,12,21,23,44,47,48,43,vietlott_official,2026-09-24T03:09:44.105889+00:00,ds_aa8808303afa
00189,2018-10-16,5,28,29,34,42,46,17,vietlott_official,2026-09-24T03:09:44.105889+00:00,ds_aa8808303afa
00190,2018-10-18,1,11,22,34,42,47,30,vietlott_official,2026-09-24T03:09:44.105889+00:00,ds_aa8808303afa
00191,2018-10-20,2,5,10,17,35,41,21,vietlott_official,2026-09-24T03:09:44.105889+00:00,ds_aa8808303afa
00192,2018-10-23,1,3,6,13,21,30,36,vietlott_official,2026-09-24T03:09:44.105889+00:00,ds_aa8808303afa
00193,2018-10-25,16,23,29,31,45,48,19,vietlott_official,2026-09-24T03:09:44.105889+00:00,ds_aa8808303afa
00194,2018-10-27,8,9,15,21,44,49,16,vietlott_official,2026-09-24T03:09:43.124461+00:00,ds_aa8808303afa
00195,2018-10-30,1,12,22,27,30,39,46,vietlott_official,2026-09-24T03:09:43.124461+00:00,ds_aa8808303afa
00196,2018-11-01,3,11,15,42,44,54,41,vietlott_official,2026-09-24T03:09:43.124461+00:00,ds_aa8808303afa
00197,2018-11-03,14,17,20,23,25,45,34,vietlott_official,2026-09-24T03:09:43.124461+00:00,ds_aa8808303afa
00198,2018-11-06,19,22,23,43,47,53,3,vietlott_official,2026-09-24T03:09:43.124461+00:00,ds_aa8808303afa
00199,2018-11-08,22,28,31,39,52,53,14,vietlott_official,2026-09-24T03:09:43.124461+00:00,ds_aa8808303afa
00200,2018-11-10,3,5,19,22,29,39,15,vietlott_official,2026-09-24T03:09:43.124461+00:00,ds_aa8808303afa
00201,2018-11-13,3,25,26,32,41,47,5,vietlott_official,2026-09-24T03:09:43.124461+00:00,ds_aa8808303afa
00202,2018-11-15,13,16,21,40,49,52,54,vietlott_official,2026-09-24T03:09:42.094975+00:00,ds_aa8808303afa
00203,2018-11-17,12,22,26,29,45,47,15,vietlott_official,2026-09-24T03:09:42.094975+00:00,ds_aa8808303afa
00204,2018-11-20,9,23,33,40,44,49,17,vietlott_official,2026-09-24T03:09:42.094975+00:00,ds_aa8808303afa
00205,2018-11-22,17,22,24,28,37,44,6,vietlott_official,2026-09-24T03:09:42.094975+00:00,ds_aa8808303afa
00206,2018-11-24,3,10,11,25,40,54,17,vietlott_official,2026-09-24T03:09:42.094975+00:00,ds_aa8808303afa
00207,2018-11-27,3,5,23,28,35,44,8,vietlott_official,2026-09-24T03:09:42.094975+00:00,ds_aa8808303afa
00208,2018-11-29,10,23,27,42,51,52,20,vietlott_official,2026-09-24T03:09:42.094975+00:00,ds_aa8808303afa
00209,2018-12-01,3,5,12,20,25,33,41,vietlott_official,2026-09-24T03:09:42.094975+00:00,ds_aa8808303afa
00210,2018-12-04,10,13,16,23,30,49,24,vietlott_official,2026-09-24T03:09:41.095673+00:00,ds_aa8808303afa
00211,2018-12-06,9,13,23,27,39,42,49,vietlott_official,2026-09-24T03:09:41.095673+00:00,ds_aa8808303afa
00212,2018-12-08,3,6,9,31,48,54,53,vietlott_official,2026-09-24T03:09:41.095673+00:00,ds_aa8808303afa
00213,2018-12-11,1,5,11,37,39,44,31,vietlott_official,2026-09-24T03:09:41.095673+00:00,ds_aa8808303afa
00214,2018-12-13,2,11,14,36,49,55,53,vietlott_official,2026-09-24T03:09:41.095673+00:00,ds_aa8808303afa
00215,2018-12-15,14,17,49,52,53,55,12,vietlott_official,2026-09-24T03:09:41.095673+00:00,ds_aa8808303afa
00216,2018-12-18,1,9,15,17,25,26,8,vietlott_official,2026-09-24T03:09:41.095673+00:00,ds_aa8808303afa
00217,2018-12-20,8,17,24,33,34,44,55,vietlott_official,2026-09-24T03:09:41.095673+00:00,ds_aa8808303afa
00218,2018-12-22,3,8,16,35,39,52,29,vietlott_official,2026-09-24T03:09:40.119213+00:00,ds_aa8808303afa
00219,2018-12-25,3,9,17,21,23,51,15,vietlott_official,2026-09-24T03:09:40.119213+00:00,ds_aa8808303afa
00220,2018-12-27,5,20,33,42,43,50,40,vietlott_official,2026-09-24T03:09:40.119213+00:00,ds_aa8808303afa
00221,2018-12-29,8,36,42,43,50,52,30,vietlott_official,2026-09-24T03:09:40.119213+00:00,ds_aa8808303afa
00222,2019-01-01,2,19,21,27,37,46,12,vietlott_official,2026-09-24T03:09:40.119213+00:00,ds_aa8808303afa
00223,2019-01-03,23,31,37,45,49,54,18,vietlott_official,2026-09-24T03:09:40.119213+00:00,ds_aa8808303afa
00224,2019-01-05,10,11,38,47,53,55,51,vietlott_official,2026-09-24T03:09:40.119213+00:00,ds_aa8808303afa
00225,2019-01-08,3,5,9,11,45,48,40,vietlott_official,2026-09-24T03:09:40.119213+00:00,ds_aa8808303afa
00226,2019-01-10,12,22,31,35,40,47,8,vietlott_official,2026-09-24T03:09:39.156977+00:00,ds_aa8808303afa
00227,2019-01-12,7,13,14,26,42,54,11,vietlott_official,2026-09-24T03:09:39.156977+00:00,ds_aa8808303afa
00228,2019-01-15,4,6,13,22,29,30,52,vietlott_official,2026-09-24T03:09:39.156977+00:00,ds_aa8808303afa
00229,2019-01-17,13,14,22,34,35,55,54,vietlott_official,2026-09-24T03:09:39.156977+00:00,ds_aa8808303afa
00230,2019-01-19,13,29,42,46,51,53,36,vietlott_official,2026-09-24T03:09:39.156977+00:00,ds_aa8808303afa
00231,2019-01-22,1,14,22,40,52,55,21,vietlott_official,2026-09-24T03:09:39.156977+00:00,ds_aa8808303afa
00232,2019-01-24,31,35,38,44,49,55,24,vietlott_official,2026-09-24T03:09:39.156977+00:00,ds_aa8808303afa
00233,2019-01-26,20,27,33,43,53,54,48,vietlott_official,2026-09-24T03:09:39.156977+00:00,ds_aa8808303afa
00234,2019-01-29,15,20,26,41,45,55,10,vietlott_official,2026-09-24T03:09:38.053764+00:00,ds_aa8808303afa
00235,2019-01-31,10,19,20,28,34,44,29,vietlott_official,2026-09-24T03:09:38.053764+00:00,ds_aa8808303afa
00236,2019-02-02,11,23,27,35,36,46,37,vietlott_official,2026-09-24T03:09:38.053764+00:00,ds_aa8808303afa
00237,2019-02-07,20,27,28,32,47,50,41,vietlott_official,2026-09-24T03:09:38.053764+00:00,ds_aa8808303afa
00238,2019-02-09,2,14,15,44,46,50,18,vietlott_official,2026-09-24T03:09:38.053764+00:00,ds_aa8808303afa
00239,2019-02-12,1,12,17,34,48,49,47,vietlott_official,2026-09-24T03:09:38.053764+00:00,ds_aa8808303afa
00240,2019-02-14,8,15,26,41,43,53,46,vietlott_official,2026-09-24T03:09:38.053764+00:00,ds_aa8808303afa
00241,2019-02-16,5,8,14,28,37,40,41,vietlott_official,2026-09-24T03:09:38.053764+00:00,ds_aa8808303afa
00242,2019-02-19,12,18,22,29,32,52,51,vietlott_official,2026-09-24T03:09:37.063680+00:00,ds_aa8808303afa
00243,2019-02-21,3,10,11,15,29,34,50,vietlott_official,2026-09-24T03:09:37.063680+00:00,ds_aa8808303afa
00244,2019-02-23,16,19,30,39,43,52,21,vietlott_official,2026-09-24T03:09:37.063680+00:00,ds_aa8808303afa
00245,2019-02-26,8,9,16,34,42,43,45,vietlott_official,2026-09-24T03:09:37.063680+00:00,ds_aa8808303afa
00246,2019-02-28,4,15,19,34,40,42,49,vietlott_official,2026-09-24T03:09:37.063680+00:00,ds_aa8808303afa
00247,2019-03-02,1,2,3,20,46,48,31,vietlott_official,2026-09-24T03:09:37.063680+00:00,ds_aa8808303afa
00248,2019-03-05,1,15,23,51,53,55,26,vietlott_official,2026-09-24T03:09:37.063680+00:00,ds_aa8808303afa
00249,2019-03-07,2,14,20,33,41,47,27,vietlott_official,2026-09-24T03:09:37.063680+00:00,ds_aa8808303afa
00250,2019-03-09,18,24,31,34,35,44,52,vietlott_official,2026-09-24T03:09:36.062410+00:00,ds_aa8808303afa
00251,2019-03-12,9,16,26,34,44,49,19,vietlott_official,2026-09-24T03:09:36.062410+00:00,ds_aa8808303afa
00252,2019-03-14,18,21,25,35,44,53,4,vietlott_official,2026-09-24T03:09:36.062410+00:00,ds_aa8808303afa
00253,2019-03-16,10,18,22,24,35,40,53,vietlott_official,2026-09-24T03:09:36.062410+00:00,ds_aa8808303afa
00254,2019-03-19,8,28,32,35,40,45,34,vietlott_official,2026-09-24T03:09:36.062410+00:00,ds_aa8808303afa
00255,2019-03-21,7,18,32,42,46,53,28,vietlott_official,2026-09-24T03:09:36.062410+00:00,ds_aa8808303afa
00256,2019-03-23,3,9,30,41,46,52,22,vietlott_official,2026-09-24T03:09:36.062410+00:00,ds_aa8808303afa
00257,2019-03-26,15,19,28,40,44,48,14,vietlott_official,2026-09-24T03:09:36.062410+00:00,ds_aa8808303afa
00258,2019-03-28,3,23,37,43,44,49,27,vietlott_official,2026-09-24T03:09:35.060509+00:00,ds_aa8808303afa
00259,2019-03-30,3,15,18,35,50,54,32,vietlott_official,2026-09-24T03:09:35.060509+00:00,ds_aa8808303afa
00260,2019-04-02,1,4,9,20,22,26,48,vietlott_official,2026-09-24T03:09:35.060509+00:00,ds_aa8808303afa
00261,2019-04-04,16,26,29,38,47,51,13,vietlott_official,2026-09-24T03:09:35.060509+00:00,ds_aa8808303afa
00262,2019-04-06,1,20,30,41,46,50,48,vietlott_official,2026-09-24T03:09:35.060509+00:00,ds_aa8808303afa
00263,2019-04-09,10,14,19,36,48,49,3,vietlott_official,2026-09-24T03:09:35.060509+00:00,ds_aa8808303afa
00264,2019-04-11,1,8,31,32,37,55,53,vietlott_official,2026-09-24T03:09:35.060509+00:00,ds_aa8808303afa
00265,2019-04-13,9,13,20,21,36,43,32,vietlott_official,2026-09-24T03:09:35.060509+00:00,ds_aa8808303afa
00266,2019-04-16,16,29,32,33,52,53,5,vietlott_official,2026-09-24T03:09:34.064036+00:00,ds_aa8808303afa
00267,2019-04-18,7,8,15,24,26,48,10,vietlott_official,2026-09-24T03:09:34.064036+00:00,ds_aa8808303afa
00268,2019-04-20,8,10,12,24,40,44,51,vietlott_official,2026-09-24T03:09:34.064036+00:00,ds_aa8808303afa
00269,2019-04-23,20,21,22,31,43,45,30,vietlott_official,2026-09-24T03:09:34.064036+00:00,ds_aa8808303afa
00270,2019-04-25,16,22,23,33,36,38,45,vietlott_official,2026-09-24T03:09:34.064036+00:00,ds_aa8808303afa
00271,2019-04-27,1,11,22,26,33,51,4,vietlott_official,2026-09-24T03:09:34.064036+00:00,ds_aa8808303afa
00272,2019-04-30,3,5,13,40,41,45,52,vietlott_official,2026-09-24T03:09:34.064036+00:00,ds_aa8808303afa
00273,2019-05-02,2,10,16,17,33,36,20,vietlott_official,2026-09-24T03:09:34.064036+00:00,ds_aa8808303afa
00274,2019-05-04,1,2,3,17,26,53,50,vietlott_official,2026-09-24T03:09:33.078786+00:00,ds_aa8808303afa
00275,2019-05-07,3,6,7,8,9,49,24,vietlott_official,2026-09-24T03:09:33.078786+00:00,ds_aa8808303afa
00276,2019-05-09,19,21,48,49,54,55,27,vietlott_official,2026-09-24T03:09:33.078786+00:00,ds_aa8808303afa
00277,2019-05-11,6,11,20,22,26,28,36,vietlott_official,2026-09-24T03:09:33.078786+00:00,ds_aa8808303afa
00278,2019-05-14,6,11,15,21,30,40,10,vietlott_official,2026-09-24T03:09:33.078786+00:00,ds_aa8808303afa
00279,2019-05-16,8,28,30,33,40,43,24,vietlott_official,2026-09-24T03:09:33.078786+00:00,ds_aa8808303afa
00280,2019-05-18,6,10,13,18,29,38,53,vietlott_official,2026-09-24T03:09:33.078786+00:00,ds_aa8808303afa
00281,2019-05-21,11,12,29,31,37,53,41,vietlott_official,2026-09-24T03:09:33.078786+00:00,ds_aa8808303afa
00282,2019-05-23,13,21,33,42,53,55,44,vietlott_official,2026-09-24T03:09:32.053122+00:00,ds_aa8808303afa
00283,2019-05-25,4,12,35,44,50,55,19,vietlott_official,2026-09-24T03:09:32.053122+00:00,ds_aa8808303afa
00284,2019-05-28,15,22,31,32,33,37,51,vietlott_official,2026-09-24T03:09:32.053122+00:00,ds_aa8808303afa
00285,2019-05-30,17,31,33,34,37,40,35,vietlott_official,2026-09-24T03:09:32.053122+00:00,ds_aa8808303afa
00286,2019-06-01,10,24,31,41,42,47,20,vietlott_official,2026-09-24T03:09:32.053122+00:00,ds_aa8808303afa
00287,2019-06-04,18,20,24,26,33,41,55,vietlott_official,2026-09-24T03:09:32.053122+00:00,ds_aa8808303afa
00288,2019-06-06,10,13,30,36,51,54,16,vietlott_official,2026-09-24T03:09:32.053122+00:00,ds_aa8808303afa
00289,2019-06-08,2,8,10,23,27,35,47,vietlott_official,2026-09-24T03:09:32.053122+00:00,ds_aa8808303afa
00290,2019-06-11,2,5,13,20,30,49,35,vietlott_official,2026-09-24T03:09:31.079712+00:00,ds_aa8808303afa
00291,2019-06-13,6,9,15,22,29,53,25,vietlott_official,2026-09-24T03:09:31.079712+00:00,ds_aa8808303afa
00292,2019-06-15,13,23,40,45,52,55,9,vietlott_official,2026-09-24T03:09:31.079712+00:00,ds_aa8808303afa
00293,2019-06-18,24,31,45,46,47,54,4,vietlott_official,2026-09-24T03:09:31.079712+00:00,ds_aa8808303afa
00294,2019-06-20,9,15,23,41,49,51,52,vietlott_official,2026-09-24T03:09:31.079712+00:00,ds_aa8808303afa
00295,2019-06-22,1,9,23,28,42,54,49,vietlott_official,2026-09-24T03:09:31.079712+00:00,ds_aa8808303afa
00296,2019-06-25,3,14,34,35,40,49,23,vietlott_official,2026-09-24T03:09:31.079712+00:00,ds_aa8808303afa
00297,2019-06-27,9,29,32,44,49,53,5,vietlott_official,2026-09-24T03:09:31.079712+00:00,ds_aa8808303afa
00298,2019-06-29,6,10,19,31,34,43,37,vietlott_official,2026-09-24T03:09:30.097420+00:00,ds_aa8808303afa
00299,2019-07-02,2,9,33,45,52,54,1,vietlott_official,2026-09-24T03:09:30.097420+00:00,ds_aa8808303afa
00300,2019-07-04,4,5,14,46,52,54,3,vietlott_official,2026-09-24T03:09:30.097420+00:00,ds_aa8808303afa
00301,2019-07-06,5,29,36,39,46,53,48,vietlott_official,2026-09-24T03:09:30.097420+00:00,ds_aa8808303afa
00302,2019-07-09,4,17,25,40,42,51,2,vietlott_official,2026-09-24T03:09:30.097420+00:00,ds_aa8808303afa
00303,2019-07-11,6,9,15,26,35,38,34,vietlott_official,2026-09-24T03:09:30.097420+00:00,ds_aa8808303afa
00304,2019-07-13,5,23,29,45,50,52,1,vietlott_official,2026-09-24T03:09:30.097420+00:00,ds_aa8808303afa
00305,2019-07-16,4,12,19,31,33,40,51,vietlott_official,2026-09-24T03:09:30.097420+00:00,ds_aa8808303afa
00306,2019-07-18,4,24,29,31,39,41,38,vietlott_official,2026-09-24T03:09:29.186406+00:00,ds_aa8808303afa
00307,2019-07-20,15,18,25,32,42,52,10,vietlott_official,2026-09-24T03:09:29.186406+00:00,ds_aa8808303afa
00308,2019-07-23,5,10,21,32,39,52,41,vietlott_official,2026-09-24T03:09:29.186406+00:00,ds_aa8808303afa
00309,2019-07-25,3,31,34,41,52,53,16,vietlott_official,2026-09-24T03:09:29.186406+00:00,ds_aa8808303afa
00310,2019-07-27,2,3,25,33,44,50,17,vietlott_official,2026-09-24T03:09:29.186406+00:00,ds_aa8808303afa
00311,2019-07-30,3,8,12,21,32,51,7,vietlott_official,2026-09-24T03:09:29.186406+00:00,ds_aa8808303afa
00312,2019-08-01,1,18,39,45,48,49,26,vietlott_official,2026-09-24T03:09:29.186406+00:00,ds_aa8808303afa
00313,2019-08-03,13,24,25,26,27,30,4,vietlott_official,2026-09-24T03:09:29.186406+00:00,ds_aa8808303afa
00314,2019-08-06,9,11,19,20,26,42,17,vietlott_official,2026-09-24T03:09:28.094482+00:00,ds_aa8808303afa
00315,2019-08-08,1,6,17,18,21,41,22,vietlott_official,2026-09-24T03:09:28.094482+00:00,ds_aa8808303afa
00316,2019-08-10,7,17,36,42,43,50,44,vietlott_official,2026-09-24T03:09:28.094482+00:00,ds_aa8808303afa
00317,2019-08-13,4,8,16,27,32,40,23,vietlott_official,2026-09-24T03:09:28.094482+00:00,ds_aa8808303afa
00318,2019-08-15,19,25,31,32,39,47,8,vietlott_official,2026-09-24T03:09:28.094482+00:00,ds_aa8808303afa
00319,2019-08-17,9,11,24,26,38,53,41,vietlott_official,2026-09-24T03:09:28.094482+00:00,ds_aa8808303afa
00320,2019-08-20,10,30,38,48,54,55,46,vietlott_official,2026-09-24T03:09:28.094482+00:00,ds_aa8808303afa
00321,2019-08-22,4,7,16,17,30,39,27,vietlott_official,2026-09-24T03:09:28.094482+00:00,ds_aa8808303afa
00322,2019-08-24,19,20,34,40,49,51,1,vietlott_official,2026-09-24T03:09:27.122040+00:00,ds_aa8808303afa
00323,2019-08-27,16,22,29,33,46,47,55,vietlott_official,2026-09-24T03:09:27.122040+00:00,ds_aa8808303afa
00324,2019-08-29,10,11,12,23,27,48,9,vietlott_official,2026-09-24T03:09:27.122040+00:00,ds_aa8808303afa
00325,2019-08-31,13,20,23,32,51,52,42,vietlott_official,2026-09-24T03:09:27.122040+00:00,ds_aa8808303afa
00326,2019-09-03,13,14,29,35,41,55,25,vietlott_official,2026-09-24T03:09:27.122040+00:00,ds_aa8808303afa
00327,2019-09-05,20,24,27,30,33,45,21,vietlott_official,2026-09-24T03:09:27.122040+00:00,ds_aa8808303afa
00328,2019-09-07,7,17,31,35,38,46,16,vietlott_official,2026-09-24T03:09:27.122040+00:00,ds_aa8808303afa
00329,2019-09-10,6,9,19,39,50,54,37,vietlott_official,2026-09-24T03:09:27.122040+00:00,ds_aa8808303afa
00330,2019-09-12,18,29,32,33,45,49,40,vietlott_official,2026-09-24T03:09:26.880643+00:00,ds_aa8808303afa
00331,2019-09-14,10,36,42,44,45,54,14,vietlott_official,2026-09-24T03:09:26.880643+00:00,ds_aa8808303afa
00332,2019-09-17,3,14,26,38,43,47,10,vietlott_official,2026-09-24T03:09:26.880643+00:00,ds_aa8808303afa
00333,2019-09-19,2,8,22,34,39,41,13,vietlott_official,2026-09-24T03:09:26.880643+00:00,ds_aa8808303afa
00334,2019-09-21,2,5,23,30,42,45,34,vietlott_official,2026-09-24T03:09:26.880643+00:00,ds_aa8808303afa
00335,2019-09-24,12,33,39,40,48,53,35,vietlott_official,2026-09-24T03:09:26.880643+00:00,ds_aa8808303afa
00336,2019-09-26,7,12,38,43,51,55,15,vietlott_official,2026-09-24T03:09:26.880643+00:00,ds_aa8808303afa
00337,2019-09-28,4,8,21,23,40,43,44,vietlott_official,2026-09-24T03:09:26.880643+00:00,ds_aa8808303afa
00338,2019-10-01,5,22,38,41,47,49,29,vietlott_official,2026-09-24T03:09:23.250553+00:00,ds_aa8808303afa
00339,2019-10-03,4,7,8,26,37,44,29,vietlott_official,2026-09-24T03:09:23.250553+00:00,ds_aa8808303afa
00340,2019-10-05,10,29,30,31,37,51,50,vietlott_official,2026-09-24T03:09:23.250553+00:00,ds_aa8808303afa
00341,2019-10-08,8,36,39,43,48,50,40,vietlott_official,2026-09-24T03:09:23.250553+00:00,ds_aa8808303afa
00342,2019-10-10,4,17,42,51,53,55,29,vietlott_official,2026-09-24T03:09:23.250553+00:00,ds_aa8808303afa
00343,2019-10-12,21,39,48,51,53,55,5,vietlott_official,2026-09-24T03:09:23.250553+00:00,ds_aa8808303afa
00344,2019-10-15,9,12,29,46,48,53,3,vietlott_official,2026-09-24T03:09:23.250553+00:00,ds_aa8808303afa
00345,2019-10-17,5,11,14,34,51,53,16,vietlott_official,2026-09-24T03:09:23.250553+00:00,ds_aa8808303afa
00346,2019-10-19,1,10,21,26,42,43,25,vietlott_official,2026-09-24T03:09:22.410455+00:00,ds_aa8808303afa
00347,2019-10-22,2,16,26,27,36,40,31,vietlott_official,2026-09-24T03:09:22.410455+00:00,ds_aa8808303afa
00348,2019-10-24,9,14,23,41,45,50,13,vietlott_official,2026-09-24T03:09:22.410455+00:00,ds_aa8808303afa
00349,2019-10-26,18,20,22,50,51,53,35,vietlott_official,2026-09-24T03:09:22.410455+00:00,ds_aa8808303afa
00350,2019-10-29,12,15,16,31,43,55,11,vietlott_official,2026-09-24T03:09:22.410455+00:00,ds_aa8808303afa
00351,2019-10-31,18,19,22,37,47,48,46,vietlott_official,2026-09-24T03:09:22.410455+00:00,ds_aa8808303afa
00352,2019-11-02,2,15,34,35,48,50,32,vietlott_official,2026-09-24T03:09:22.410455+00:00,ds_aa8808303afa
00353,2019-11-05,3,6,16,17,44,50,28,vietlott_official,2026-09-24T03:09:22.410455+00:00,ds_aa8808303afa
00354,2019-11-07,1,12,19,37,44,52,18,vietlott_official,2026-09-24T03:09:21.555018+00:00,ds_aa8808303afa
00355,2019-11-09,1,3,6,25,29,41,12,vietlott_official,2026-09-24T03:09:21.555018+00:00,ds_aa8808303afa
00356,2019-11-12,10,17,24,27,36,39,33,vietlott_official,2026-09-24T03:09:21.555018+00:00,ds_aa8808303afa
00357,2019-11-14,9,12,16,36,41,55,35,vietlott_official,2026-09-24T03:09:21.555018+00:00,ds_aa8808303afa
00358,2019-11-16,6,8,18,22,49,52,10,vietlott_official,2026-09-24T03:09:21.555018+00:00,ds_aa8808303afa
00359,2019-11-19,19,21,33,35,38,40,4,vietlott_official,2026-09-24T03:09:21.555018+00:00,ds_aa8808303afa
00360,2019-11-21,21,24,35,38,42,47,34,vietlott_official,2026-09-24T03:09:21.555018+00:00,ds_aa8808303afa
00361,2019-11-23,7,29,30,45,50,55,15,vietlott_official,2026-09-24T03:09:21.555018+00:00,ds_aa8808303afa
00362,2019-11-26,7,19,38,41,42,47,4,vietlott_official,2026-09-24T03:09:20.240820+00:00,ds_aa8808303afa
00363,2019-11-28,1,18,26,28,53,55,14,vietlott_official,2026-09-24T03:09:20.240820+00:00,ds_aa8808303afa
00364,2019-11-30,8,9,10,32,44,50,15,vietlott_official,2026-09-24T03:09:20.240820+00:00,ds_aa8808303afa
00365,2019-12-03,21,29,36,41,50,52,42,vietlott_official,2026-09-24T03:09:20.240820+00:00,ds_aa8808303afa
00366,2019-12-05,9,11,16,27,35,40,51,vietlott_official,2026-09-24T03:09:20.240820+00:00,ds_aa8808303afa
00367,2019-12-07,7,18,38,42,47,51,8,vietlott_official,2026-09-24T03:09:20.240820+00:00,ds_aa8808303afa
00368,2019-12-10,5,20,33,42,43,49,26,vietlott_official,2026-09-24T03:09:20.240820+00:00,ds_aa8808303afa
00369,2019-12-12,1,9,15,42,49,50,48,vietlott_official,2026-09-24T03:09:20.240820+00:00,ds_aa8808303afa
00370,2019-12-14,3,30,33,34,40,47,26,vietlott_official,2026-09-24T03:09:19.287967+00:00,ds_aa8808303afa
00371,2019-12-17,4,5,14,19,22,37,43,vietlott_official,2026-09-24T03:09:19.287967+00:00,ds_aa8808303afa
00372,2019-12-19,18,22,25,28,29,34,50,vietlott_official,2026-09-24T03:09:19.287967+00:00,ds_aa8808303afa
00373,2019-12-21,5,8,20,34,37,42,51,vietlott_official,2026-09-24T03:09:19.287967+00:00,ds_aa8808303afa
00374,2019-12-24,3,16,30,34,50,55,48,vietlott_official,2026-09-24T03:09:19.287967+00:00,ds_aa8808303afa
00375,2019-12-26,5,6,12,18,23,54,26,vietlott_official,2026-09-24T03:09:19.287967+00:00,ds_aa8808303afa
00376,2019-12-28,10,17,26,28,29,32,21,vietlott_official,2026-09-24T03:09:19.287967+00:00,ds_aa8808303afa
00377,2019-12-31,2,22,26,28,44,55,27,vietlott_official,2026-09-24T03:09:19.287967+00:00,ds_aa8808303afa
00378,2020-01-02,12,14,26,29,33,40,50,vietlott_official,2026-09-24T03:09:18.219397+00:00,ds_aa8808303afa
00379,2020-01-04,4,14,26,42,44,55,48,vietlott_official,2026-09-24T03:09:18.219397+00:00,ds_aa8808303afa
00380,2020-01-07,8,11,16,22,42,54,13,vietlott_official,2026-09-24T03:09:18.219397+00:00,ds_aa8808303afa
00381,2020-01-09,17,20,21,29,52,54,51,vietlott_official,2026-09-24T03:09:18.219397+00:00,ds_aa8808303afa
00382,2020-01-11,8,11,17,19,25,47,53,vietlott_official,2026-09-24T03:09:18.219397+00:00,ds_aa8808303afa
00383,2020-01-14,3,4,17,39,50,51,53,vietlott_official,2026-09-24T03:09:18.219397+00:00,ds_aa8808303afa
00384,2020-01-16,10,11,26,33,44,46,55,vietlott_official,2026-09-24T03:09:18.219397+00:00,ds_aa8808303afa
00385,2020-01-18,13,18,19,23,32,43,11,vietlott_official,2026-09-24T03:09:18.219397+00:00,ds_aa8808303afa
00386,2020-01-21,14,31,45,47,52,54,13,vietlott_official,2026-09-24T03:09:18.036151+00:00,ds_aa8808303afa
00387,2020-01-23,9,15,18,25,31,49,46,vietlott_official,2026-09-24T03:09:18.036151+00:00,ds_aa8808303afa
00388,2020-01-28,1,20,24,33,40,55,46,vietlott_official,2026-09-24T03:09:18.036151+00:00,ds_aa8808303afa
00389,2020-01-30,12,18,28,30,47,50,41,vietlott_official,2026-09-24T03:09:18.036151+00:00,ds_aa8808303afa
00390,2020-02-01,2,3,11,23,35,54,6,vietlott_official,2026-09-24T03:09:18.036151+00:00,ds_aa8808303afa
00391,2020-02-04,6,10,20,47,52,55,46,vietlott_official,2026-09-24T03:09:18.036151+00:00,ds_aa8808303afa
00392,2020-02-06,13,18,34,36,45,49,37,vietlott_official,2026-09-24T03:09:18.036151+00:00,ds_aa8808303afa
00393,2020-02-08,9,12,19,25,41,54,38,vietlott_official,2026-09-24T03:09:18.036151+00:00,ds_aa8808303afa
00394,2020-02-11,4,14,18,21,32,53,2,vietlott_official,2026-09-24T03:09:15.848883+00:00,ds_aa8808303afa
00395,2020-02-13,25,28,32,34,35,39,7,vietlott_official,2026-09-24T03:09:15.848883+00:00,ds_aa8808303afa
00396,2020-02-15,26,36,37,38,42,49,46,vietlott_official,2026-09-24T03:09:15.848883+00:00,ds_aa8808303afa
00397,2020-02-18,27,32,36,37,47,48,50,vietlott_official,2026-09-24T03:09:15.848883+00:00,ds_aa8808303afa
00398,2020-02-20,1,3,20,33,36,51,49,vietlott_official,2026-09-24T03:09:15.848883+00:00,ds_aa8808303afa
00399,2020-02-22,7,24,32,49,51,54,44,vietlott_official,2026-09-24T03:09:15.848883+00:00,ds_aa8808303afa
00400,2020-02-25,5,13,21,36,39,48,6,vietlott_official,2026-09-24T03:09:15.848883+00:00,ds_aa8808303afa
00401,2020-02-27,3,11,21,29,47,55,50,vietlott_official,2026-09-24T03:09:15.848883+00:00,ds_aa8808303afa
00402,2020-02-29,9,17,23,26,51,54,32,vietlott_official,2026-09-24T03:09:15.143392+00:00,ds_aa8808303afa
00403,2020-03-03,14,15,31,40,43,49,12,vietlott_official,2026-09-24T03:09:15.143392+00:00,ds_aa8808303afa
00404,2020-03-05,8,9,34,40,41,54,13,vietlott_official,2026-09-24T03:09:15.143392+00:00,ds_aa8808303afa
00405,2020-03-07,5,11,21,30,40,48,20,vietlott_official,2026-09-24T03:09:15.143392+00:00,ds_aa8808303afa
00406,2020-03-10,23,25,30,36,45,52,53,vietlott_official,2026-09-24T03:09:15.143392+00:00,ds_aa8808303afa
00407,2020-03-12,2,14,19,24,27,34,48,vietlott_official,2026-09-24T03:09:15.143392+00:00,ds_aa8808303afa
00408,2020-03-14,12,20,25,38,39,40,37,vietlott_official,2026-09-24T03:09:15.143392+00:00,ds_aa8808303afa
00409,2020-03-17,1,14,18,43,49,50,8,vietlott_official,2026-09-24T03:09:15.143392+00:00,ds_aa8808303afa
00410,2020-03-19,3,35,41,42,43,49,31,vietlott_official,2026-09-24T03:09:13.838480+00:00,ds_aa8808303afa
00411,2020-03-21,10,12,14,17,29,53,25,vietlott_official,2026-09-24T03:09:13.838480+00:00,ds_aa8808303afa
00412,2020-03-24,3,9,20,21,33,52,50,vietlott_official,2026-09-24T03:09:13.838480+00:00,ds_aa8808303afa
00413,2020-03-26,7,8,11,31,35,36,45,vietlott_official,2026-09-24T03:09:13.838480+00:00,ds_aa8808303afa
00414,2020-03-28,1,10,11,13,27,55,19,vietlott_official,2026-09-24T03:09:13.838480+00:00,ds_aa8808303afa
00415,2020-03-31,12,19,40,41,43,53,23,vietlott_official,2026-09-24T03:09:13.838480+00:00,ds_aa8808303afa
00416,2020-04-25,4,18,24,30,53,55,13,vietlott_official,2026-09-24T03:09:13.838480+00:00,ds_aa8808303afa
00417,2020-04-28,4,6,10,16,30,46,34,vietlott_official,2026-09-24T03:09:13.838480+00:00,ds_aa8808303afa
00418,2020-04-30,12,31,32,33,39,41,14,vietlott_official,2026-09-24T03:09:12.819151+00:00,ds_aa8808303afa
00419,2020-05-02,2,6,9,16,43,53,19,vietlott_official,2026-09-24T03:09:12.819151+00:00,ds_aa8808303afa
00420,2020-05-05,1,4,13,15,18,20,22,vietlott_official,2026-09-24T03:09:12.819151+00:00,ds_aa8808303afa
00421,2020-05-07,9,19,28,30,32,54,22,vietlott_official,2026-09-24T03:09:12.819151+00:00,ds_aa8808303afa
00422,2020-05-09,18,19,30,39,45,46,11,vietlott_official,2026-09-24T03:09:12.819151+00:00,ds_aa8808303afa
00423,2020-05-12,1,8,25,34,38,44,28,vietlott_official,2026-09-24T03:09:12.819151+00:00,ds_aa8808303afa
00424,2020-05-14,7,23,29,47,51,55,12,vietlott_official,2026-09-24T03:09:12.819151+00:00,ds_aa8808303afa
00425,2020-05-16,19,35,38,49,52,55,1,vietlott_official,2026-09-24T03:09:12.819151+00:00,ds_aa8808303afa
00426,2020-05-19,5,15,16,19,49,55,3,vietlott_official,2026-09-24T03:09:11.833825+00:00,ds_aa8808303afa
00427,2020-05-21,2,15,22,25,30,46,10,vietlott_official,2026-09-24T03:09:11.833825+00:00,ds_aa8808303afa
00428,2020-05-23,4,13,27,47,50,55,31,vietlott_official,2026-09-24T03:09:11.833825+00:00,ds_aa8808303afa
00429,2020-05-26,11,12,23,24,34,47,43,vietlott_official,2026-09-24T03:09:11.833825+00:00,ds_aa8808303afa
00430,2020-05-28,1,4,8,21,44,49,52,vietlott_official,2026-09-24T03:09:11.833825+00:00,ds_aa8808303afa
00431,2020-05-30,12,13,41,42,48,53,20,vietlott_official,2026-09-24T03:09:11.833825+00:00,ds_aa8808303afa
00432,2020-06-02,4,19,31,42,48,55,22,vietlott_official,2026-09-24T03:09:11.833825+00:00,ds_aa8808303afa
00433,2020-06-04,6,12,16,34,39,54,19,vietlott_official,2026-09-24T03:09:11.833825+00:00,ds_aa8808303afa
00434,2020-06-06,8,12,24,32,35,51,21,vietlott_official,2026-09-24T03:09:10.849540+00:00,ds_aa8808303afa
00435,2020-06-09,1,3,8,22,42,48,44,vietlott_official,2026-09-24T03:09:10.849540+00:00,ds_aa8808303afa
00436,2020-06-11,3,21,25,32,35,52,34,vietlott_official,2026-09-24T03:09:10.849540+00:00,ds_aa8808303afa
00437,2020-06-13,7,9,11,30,43,53,10,vietlott_official,2026-09-24T03:09:10.849540+00:00,ds_aa8808303afa
00438,2020-06-16,2,15,16,23,33,54,45,vietlott_official,2026-09-24T03:09:10.849540+00:00,ds_aa8808303afa
00439,2020-06-18,5,18,27,45,50,54,9,vietlott_official,2026-09-24T03:09:10.849540+00:00,ds_aa8808303afa
00440,2020-06-20,5,9,33,43,44,50,46,vietlott_official,2026-09-24T03:09:10.849540+00:00,ds_aa8808303afa
00441,2020-06-23,2,18,28,46,52,54,19,vietlott_official,2026-09-24T03:09:10.849540+00:00,ds_aa8808303afa
00442,2020-06-25,9,10,12,19,27,40,55,vietlott_official,2026-09-24T03:09:09.821555+00:00,ds_aa8808303afa
00443,2020-06-27,2,6,38,47,50,53,14,vietlott_official,2026-09-24T03:09:09.821555+00:00,ds_aa8808303afa
00444,2020-06-30,5,11,18,19,20,21,52,vietlott_official,2026-09-24T03:09:09.821555+00:00,ds_aa8808303afa
00445,2020-07-02,4,10,20,38,48,53,5,vietlott_official,2026-09-24T03:09:09.821555+00:00,ds_aa8808303afa
00446,2020-07-04,3,9,10,18,29,45,36,vietlott_official,2026-09-24T03:09:09.821555+00:00,ds_aa8808303afa
00447,2020-07-07,7,24,32,35,48,50,1,vietlott_official,2026-09-24T03:09:09.821555+00:00,ds_aa8808303afa
00448,2020-07-09,3,10,11,17,26,54,21,vietlott_official,2026-09-24T03:09:09.821555+00:00,ds_aa8808303afa
00449,2020-07-11,3,4,6,14,20,38,35,vietlott_official,2026-09-24T03:09:09.821555+00:00,ds_aa8808303afa
00450,2020-07-14,5,22,32,34,43,51,12,vietlott_official,2026-09-24T03:09:08.827130+00:00,ds_aa8808303afa
00451,2020-07-16,2,5,11,20,24,32,6,vietlott_official,2026-09-24T03:09:08.827130+00:00,ds_aa8808303afa
00452,2020-07-18,3,13,22,28,30,53,16,vietlott_official,2026-09-24T03:09:08.827130+00:00,ds_aa8808303afa
00453,2020-07-21,6,14,31,37,38,44,4,vietlott_official,2026-09-24T03:09:08.827130+00:00,ds_aa8808303afa
00454,2020-07-23,4,12,31,47,49,52,2,vietlott_official,2026-09-24T03:09:08.827130+00:00,ds_aa8808303afa
00455,2020-07-25,2,19,21,34,54,55,24,vietlott_official,2026-09-24T03:09:08.827130+00:00,ds_aa8808303afa
00456,2020-07-28,3,11,20,34,44,54,16,vietlott_official,2026-09-24T03:09:08.827130+00:00,ds_aa8808303afa
00457,2020-07-30,6,7,16,26,29,54,4,vietlott_official,2026-09-24T03:09:08.827130+00:00,ds_aa8808303afa
00458,2020-08-01,13,18,29,30,40,47,4,vietlott_official,2026-09-24T03:09:07.820816+00:00,ds_aa8808303afa
00459,2020-08-04,10,15,20,21,32,51,8,vietlott_official,2026-09-24T03:09:07.820816+00:00,ds_aa8808303afa
00460,2020-08-06,2,5,21,24,26,27,11,vietlott_official,2026-09-24T03:09:07.820816+00:00,ds_aa8808303afa
00461,2020-08-08,3,12,24,26,36,43,8,vietlott_official,2026-09-24T03:09:07.820816+00:00,ds_aa8808303afa
00462,2020-08-11,2,12,33,39,52,53,44,vietlott_official,2026-09-24T03:09:07.820816+00:00,ds_aa8808303afa
00463,2020-08-13,3,25,28,44,49,54,19,vietlott_official,2026-09-24T03:09:07.820816+00:00,ds_aa8808303afa
00464,2020-08-15,1,11,29,30,41,51,4,vietlott_official,2026-09-24T03:09:07.820816+00:00,ds_aa8808303afa
00465,2020-08-18,22,41,44,46,51,52,2,vietlott_official,2026-09-24T03:09:07.820816+00:00,ds_aa8808303afa
00466,2020-08-20,14,18,28,32,33,36,41,vietlott_official,2026-09-24T03:09:06.850740+00:00,ds_aa8808303afa
00467,2020-08-22,1,20,24,26,35,51,12,vietlott_official,2026-09-24T03:09:06.850740+00:00,ds_aa8808303afa
00468,2020-08-25,21,35,36,38,44,47,14,vietlott_official,2026-09-24T03:09:06.850740+00:00,ds_aa8808303afa
00469,2020-08-29,1,4,14,28,35,53,2,vietlott_official,2026-09-24T03:09:06.850740+00:00,ds_aa8808303afa
00470,2020-09-01,11,22,24,47,49,53,3,vietlott_official,2026-09-24T03:09:06.850740+00:00,ds_aa8808303afa
00471,2020-09-03,7,9,18,22,35,54,50,vietlott_official,2026-09-24T03:09:06.850740+00:00,ds_aa8808303afa
00472,2020-09-05,9,12,19,22,31,46,20,vietlott_official,2026-09-24T03:09:06.850740+00:00,ds_aa8808303afa
00473,2020-09-08,22,47,48,52,53,55,14,vietlott_official,2026-09-24T03:09:06.850740+00:00,ds_aa8808303afa
00474,2020-09-10,18,25,27,37,45,50,52,vietlott_official,2026-09-24T03:09:06.113732+00:00,ds_aa8808303afa
00475,2020-09-12,20,21,24,30,31,44,40,vietlott_official,2026-09-24T03:09:06.113732+00:00,ds_aa8808303afa
00476,2020-09-15,13,14,15,17,26,53,21,vietlott_official,2026-09-24T03:09:06.113732+00:00,ds_aa8808303afa
00477,2020-09-17,1,5,28,43,44,53,49,vietlott_official,2026-09-24T03:09:06.113732+00:00,ds_aa8808303afa
00478,2020-09-19,4,7,8,29,31,41,38,vietlott_official,2026-09-24T03:09:06.113732+00:00,ds_aa8808303afa
00479,2020-09-22,5,8,15,18,36,45,6,vietlott_official,2026-09-24T03:09:06.113732+00:00,ds_aa8808303afa
00480,2020-09-24,12,28,41,42,52,53,50,vietlott_official,2026-09-24T03:09:06.113732+00:00,ds_aa8808303afa
00481,2020-09-26,7,10,13,15,40,48,1,vietlott_official,2026-09-24T03:09:06.113732+00:00,ds_aa8808303afa
00482,2020-09-29,1,6,7,13,30,55,34,vietlott_official,2026-09-24T03:09:04.841728+00:00,ds_aa8808303afa
00483,2020-10-01,3,6,7,19,38,54,50,vietlott_official,2026-09-24T03:09:04.841728+00:00,ds_aa8808303afa
00484,2020-10-03,12,14,22,23,39,44,28,vietlott_official,2026-09-24T03:09:04.841728+00:00,ds_aa8808303afa
00485,2020-10-06,11,14,29,32,33,40,35,vietlott_official,2026-09-24T03:09:04.841728+00:00,ds_aa8808303afa
00486,2020-10-08,10,18,20,21,26,51,52,vietlott_official,2026-09-24T03:09:04.841728+00:00,ds_aa8808303afa
00487,2020-10-10,5,10,47,50,53,54,22,vietlott_official,2026-09-24T03:09:04.841728+00:00,ds_aa8808303afa
00488,2020-10-13,12,19,28,29,52,53,20,vietlott_official,2026-09-24T03:09:04.841728+00:00,ds_aa8808303afa
00489,2020-10-15,8,38,41,47,50,52,45,vietlott_official,2026-09-24T03:09:04.841728+00:00,ds_aa8808303afa
00490,2020-10-17,3,14,25,37,49,54,53,vietlott_official,2026-09-24T03:09:03.828915+00:00,ds_aa8808303afa
00491,2020-10-20,8,33,38,47,49,54,31,vietlott_official,2026-09-24T03:09:03.828915+00:00,ds_aa8808303afa
00492,2020-10-22,2,3,12,21,24,38,14,vietlott_official,2026-09-24T03:09:03.828915+00:00,ds_aa8808303afa
00493,2020-10-24,12,21,22,27,41,50,34,vietlott_official,2026-09-24T03:09:03.828915+00:00,ds_aa8808303afa
00494,2020-10-27,3,31,33,36,38,39,8,vietlott_official,2026-09-24T03:09:03.828915+00:00,ds_aa8808303afa
00495,2020-10-29,9,11,14,16,21,23,54,vietlott_official,2026-09-24T03:09:03.828915+00:00,ds_aa8808303afa
00496,2020-10-31,8,18,19,20,43,54,50,vietlott_official,2026-09-24T03:09:03.828915+00:00,ds_aa8808303afa
00497,2020-11-03,2,22,27,46,48,52,23,vietlott_official,2026-09-24T03:09:03.828915+00:00,ds_aa8808303afa
00498,2020-11-05,1,2,6,18,34,51,52,vietlott_official,2026-09-24T03:09:02.833488+00:00,ds_aa8808303afa
00499,2020-11-07,12,28,30,33,45,52,15,vietlott_official,2026-09-24T03:09:02.833488+00:00,ds_aa8808303afa
00500,2020-11-10,2,5,19,39,48,53,6,vietlott_official,2026-09-24T03:09:02.833488+00:00,ds_aa8808303afa
00501,2020-11-12,4,20,22,25,43,47,12,vietlott_official,2026-09-24T03:09:02.833488+00:00,ds_aa8808303afa
00502,2020-11-14,5,11,15,34,44,48,35,vietlott_official,2026-09-24T03:09:02.833488+00:00,ds_aa8808303afa
00503,2020-11-17,6,17,27,34,36,51,48,vietlott_official,2026-09-24T03:09:02.833488+00:00,ds_aa8808303afa
00504,2020-11-19,12,15,23,28,45,48,43,vietlott_official,2026-09-24T03:09:02.833488+00:00,ds_aa8808303afa
00505,2020-11-21,8,14,19,20,49,51,28,vietlott_official,2026-09-24T03:09:02.833488+00:00,ds_aa8808303afa
00506,2020-11-24,4,7,19,20,22,53,23,vietlott_official,2026-09-24T03:09:01.851676+00:00,ds_aa8808303afa
00507,2020-11-26,18,19,29,31,36,52,50,vietlott_official,2026-09-24T03:09:01.851676+00:00,ds_aa8808303afa
00508,2020-11-28,1,20,36,44,45,49,52,vietlott_official,2026-09-24T03:09:01.851676+00:00,ds_aa8808303afa
00509,2020-12-01,6,10,12,24,34,43,15,vietlott_official,2026-09-24T03:09:01.851676+00:00,ds_aa8808303afa
00510,2020-12-03,5,19,32,41,42,45,17,vietlott_official,2026-09-24T03:09:01.851676+00:00,ds_aa8808303afa
00511,2020-12-05,10,28,29,30,37,38,36,vietlott_official,2026-09-24T03:09:01.851676+00:00,ds_aa8808303afa
00512,2020-12-08,2,17,32,33,38,45,37,vietlott_official,2026-09-24T03:09:01.851676+00:00,ds_aa8808303afa
00513,2020-12-10,3,31,34,36,44,54,45,vietlott_official,2026-09-24T03:09:01.851676+00:00,ds_aa8808303afa
00514,2020-12-12,3,14,32,36,41,46,54,vietlott_official,2026-09-24T03:09:00.818696+00:00,ds_aa8808303afa
00515,2020-12-15,10,11,13,35,38,49,14,vietlott_official,2026-09-24T03:09:00.818696+00:00,ds_aa8808303afa
00516,2020-12-17,15,25,27,35,40,48,45,vietlott_official,2026-09-24T03:09:00.818696+00:00,ds_aa8808303afa
00517,2020-12-19,14,20,32,34,37,49,31,vietlott_official,2026-09-24T03:09:00.818696+00:00,ds_aa8808303afa
00518,2020-12-22,10,11,16,29,35,38,3,vietlott_official,2026-09-24T03:09:00.818696+00:00,ds_aa8808303afa
00519,2020-12-24,11,19,34,41,44,48,43,vietlott_official,2026-09-24T03:09:00.818696+00:00,ds_aa8808303afa
00520,2020-12-26,1,24,33,41,43,51,48,vietlott_official,2026-09-24T03:09:00.818696+00:00,ds_aa8808303afa
00521,2020-12-29,4,8,11,15,17,41,23,vietlott_official,2026-09-24T03:09:00.818696+00:00,ds_aa8808303afa
00522,2020-12-31,2,15,25,27,37,51,53,vietlott_official,2026-09-24T03:08:59.923774+00:00,ds_aa8808303afa
00523,2021-01-02,7,19,23,26,35,45,11,vietlott_official,2026-09-24T03:08:59.923774+00:00,ds_aa8808303afa
00524,2021-01-05,5,7,9,22,42,54,47,vietlott_official,2026-09-24T03:08:59.923774+00:00,ds_aa8808303afa
00525,2021-01-07,7,11,22,38,48,51,53,vietlott_official,2026-09-24T03:08:59.923774+00:00,ds_aa8808303afa
00526,2021-01-09,10,19,24,29,46,48,5,vietlott_official,2026-09-24T03:08:59.923774+00:00,ds_aa8808303afa
00527,2021-01-12,19,23,29,34,44,53,35,vietlott_official,2026-09-24T03:08:59.923774+00:00,ds_aa8808303afa
00528,2021-01-14,1,4,42,44,46,50,9,vietlott_official,2026-09-24T03:08:59.923774+00:00,ds_aa8808303afa
00529,2021-01-16,13,15,28,29,32,44,49,vietlott_official,2026-09-24T03:08:59.923774+00:00,ds_aa8808303afa
00530,2021-01-19,5,22,25,43,48,53,18,vietlott_official,2026-09-24T03:08:58.890762+00:00,ds_aa8808303afa
00531,2021-01-21,9,20,22,31,47,52,18,vietlott_official,2026-09-24T03:08:58.890762+00:00,ds_aa8808303afa
00532,2021-01-23,12,31,39,41,45,55,34,vietlott_official,2026-09-24T03:08:58.890762+00:00,ds_aa8808303afa
00533,2021-01-26,7,16,32,42,44,47,35,vietlott_official,2026-09-24T03:08:58.890762+00:00,ds_aa8808303afa
00534,2021-01-28,3,4,16,34,40,55,2,vietlott_official,2026-09-24T03:08:58.890762+00:00,ds_aa8808303afa
00535,2021-01-30,2,7,17,18,21,29,19,vietlott_official,2026-09-24T03:08:58.890762+00:00,ds_aa8808303afa
00536,2021-02-02,4,13,31,36,40,54,30,vietlott_official,2026-09-24T03:08:58.890762+00:00,ds_aa8808303afa
00537,2021-02-04,28,43,44,50,51,53,13,vietlott_official,2026-09-24T03:08:58.890762+00:00,ds_aa8808303afa
00538,2021-02-06,6,22,32,33,35,53,12,vietlott_official,2026-09-24T03:08:57.840148+00:00,ds_aa8808303afa
00539,2021-02-09,15,20,21,29,31,41,34,vietlott_official,2026-09-24T03:08:57.840148+00:00,ds_aa8808303afa
00540,2021-02-13,3,11,14,31,34,42,24,vietlott_official,2026-09-24T03:08:57.840148+00:00,ds_aa8808303afa
00541,2021-02-16,4,10,11,21,23,44,50,vietlott_official,2026-09-24T03:08:57.840148+00:00,ds_aa8808303afa
00542,2021-02-18,2,5,10,22,26,47,53,vietlott_official,2026-09-24T03:08:57.840148+00:00,ds_aa8808303afa
00543,2021-02-20,1,2,4,32,34,39,20,vietlott_official,2026-09-24T03:08:57.840148+00:00,ds_aa8808303afa
00544,2021-02-23,16,19,21,23,30,48,6,vietlott_official,2026-09-24T03:08:57.840148+00:00,ds_aa8808303afa
00545,2021-02-25,9,19,32,40,45,51,1,vietlott_official,2026-09-24T03:08:57.840148+00:00,ds_aa8808303afa
00546,2021-02-27,6,11,24,30,50,52,22,vietlott_official,2026-09-24T03:08:56.999176+00:00,ds_aa8808303afa
00547,2021-03-02,23,29,45,46,49,51,1,vietlott_official,2026-09-24T03:08:56.999176+00:00,ds_aa8808303afa
00548,2021-03-04,2,9,21,23,33,41,45,vietlott_official,2026-09-24T03:08:56.999176+00:00,ds_aa8808303afa
00549,2021-03-06,18,24,34,39,46,55,4,vietlott_official,2026-09-24T03:08:56.999176+00:00,ds_aa8808303afa
00550,2021-03-09,15,18,29,35,47,54,20,vietlott_official,2026-09-24T03:08:56.999176+00:00,ds_aa8808303afa
00551,2021-03-11,4,5,12,25,43,44,27,vietlott_official,2026-09-24T03:08:56.999176+00:00,ds_aa8808303afa
00552,2021-03-13,7,19,20,23,36,55,9,vietlott_official,2026-09-24T03:08:56.999176+00:00,ds_aa8808303afa
00553,2021-03-16,3,31,45,46,49,54,40,vietlott_official,2026-09-24T03:08:56.999176+00:00,ds_aa8808303afa
00554,2021-03-18,17,24,38,41,46,54,51,vietlott_official,2026-09-24T03:08:56.639815+00:00,ds_aa8808303afa
00555,2021-03-20,16,18,20,25,35,36,17,vietlott_official,2026-09-24T03:08:56.639815+00:00,ds_aa8808303afa
00556,2021-03-23,9,13,17,33,34,53,31,vietlott_official,2026-09-24T03:08:56.639815+00:00,ds_aa8808303afa
00557,2021-03-25,19,20,24,29,36,39,22,vietlott_official,2026-09-24T03:08:56.639815+00:00,ds_aa8808303afa
00558,2021-03-27,5,11,17,20,26,37,12,vietlott_official,2026-09-24T03:08:56.639815+00:00,ds_aa8808303afa
00559,2021-03-30,2,11,17,19,47,51,22,vietlott_official,2026-09-24T03:08:56.639815+00:00,ds_aa8808303afa
00560,2021-04-01,13,18,24,34,38,54,8,vietlott_official,2026-09-24T03:08:56.639815+00:00,ds_aa8808303afa
00561,2021-04-03,2,4,34,38,41,55,19,vietlott_official,2026-09-24T03:08:56.639815+00:00,ds_aa8808303afa
00562,2021-04-06,27,33,34,38,46,48,5,vietlott_official,2026-09-24T03:08:44.288230+00:00,ds_aa8808303afa
00563,2021-04-08,8,11,16,22,28,30,45,vietlott_official,2026-09-24T03:08:44.288230+00:00,ds_aa8808303afa
00564,2021-04-10,12,13,16,17,27,47,49,vietlott_official,2026-09-24T03:08:44.288230+00:00,ds_aa8808303afa
00565,2021-04-13,25,33,39,45,49,55,36,vietlott_official,2026-09-24T03:08:44.288230+00:00,ds_aa8808303afa
00566,2021-04-15,5,8,27,42,47,51,36,vietlott_official,2026-09-24T03:08:44.288230+00:00,ds_aa8808303afa
00567,2021-04-17,4,15,16,29,42,46,36,vietlott_official,2026-09-24T03:08:44.288230+00:00,ds_aa8808303afa
00568,2021-04-20,18,25,38,43,47,51,11,vietlott_official,2026-09-24T03:08:44.288230+00:00,ds_aa8808303afa
00569,2021-04-22,5,11,17,25,39,48,22,vietlott_official,2026-09-24T03:08:44.288230+00:00,ds_aa8808303afa
00570,2021-04-24,1,4,5,21,25,44,45,vietlott_official,2026-09-24T03:08:43.966136+00:00,ds_aa8808303afa
00571,2021-04-27,3,9,22,26,32,37,41,vietlott_official,2026-09-24T03:08:43.966136+00:00,ds_aa8808303afa
00572,2021-04-29,3,9,23,33,42,44,50,vietlott_official,2026-09-24T03:08:43.966136+00:00,ds_aa8808303afa
00573,2021-05-01,3,7,14,22,41,42,10,vietlott_official,2026-09-24T03:08:43.966136+00:00,ds_aa8808303afa
00574,2021-05-04,7,24,45,48,49,53,14,vietlott_official,2026-09-24T03:08:43.966136+00:00,ds_aa8808303afa
00575,2021-05-06,15,19,24,31,44,53,32,vietlott_official,2026-09-24T03:08:43.966136+00:00,ds_aa8808303afa
00576,2021-05-08,14,23,26,37,42,51,40,vietlott_official,2026-09-24T03:08:43.966136+00:00,ds_aa8808303afa
00577,2021-05-11,1,14,41,44,46,53,48,vietlott_official,2026-09-24T03:08:43.966136+00:00,ds_aa8808303afa
00578,2021-05-13,13,24,25,35,39,41,29,vietlott_official,2026-09-24T03:08:42.372272+00:00,ds_aa8808303afa
00579,2021-05-15,1,5,6,13,23,27,46,vietlott_official,2026-09-24T03:08:42.372272+00:00,ds_aa8808303afa
00580,2021-05-18,6,7,22,32,38,47,27,vietlott_official,2026-09-24T03:08:42.372272+00:00,ds_aa8808303afa
00581,2021-05-20,7,10,12,19,42,54,24,vietlott_official,2026-09-24T03:08:42.372272+00:00,ds_aa8808303afa
00582,2021-05-22,15,27,37,45,46,52,31,vietlott_official,2026-09-24T03:08:42.372272+00:00,ds_aa8808303afa
00583,2021-05-25,6,10,33,35,36,43,8,vietlott_official,2026-09-24T03:08:42.372272+00:00,ds_aa8808303afa
00584,2021-05-27,3,7,18,22,40,46,14,vietlott_official,2026-09-24T03:08:42.372272+00:00,ds_aa8808303afa
00585,2021-05-29,2,11,31,37,43,55,14,vietlott_official,2026-09-24T03:08:42.372272+00:00,ds_aa8808303afa
00586,2021-06-01,6,12,14,27,43,45,38,vietlott_official,2026-09-24T03:08:42.085200+00:00,ds_aa8808303afa
00587,2021-06-03,4,8,21,24,26,47,43,vietlott_official,2026-09-24T03:08:42.085200+00:00,ds_aa8808303afa
00588,2021-06-05,14,22,25,39,41,52,17,vietlott_official,2026-09-24T03:08:42.085200+00:00,ds_aa8808303afa
00589,2021-06-08,16,28,33,41,42,54,12,vietlott_official,2026-09-24T03:08:42.085200+00:00,ds_aa8808303afa
00590,2021-06-10,11,22,24,27,43,54,45,vietlott_official,2026-09-24T03:08:42.085200+00:00,ds_aa8808303afa
00591,2021-06-12,4,16,17,20,27,44,30,vietlott_official,2026-09-24T03:08:42.085200+00:00,ds_aa8808303afa
00592,2021-06-15,11,18,21,22,30,55,35,vietlott_official,2026-09-24T03:08:42.085200+00:00,ds_aa8808303afa
00593,2021-06-17,18,23,38,41,44,55,40,vietlott_official,2026-09-24T03:08:42.085200+00:00,ds_aa8808303afa
00594,2021-06-19,1,3,7,13,28,45,33,vietlott_official,2026-09-24T03:08:37.952874+00:00,ds_aa8808303afa
00595,2021-06-22,3,9,32,33,41,43,40,vietlott_official,2026-09-24T03:08:37.952874+00:00,ds_aa8808303afa
00596,2021-06-24,3,16,17,24,41,44,37,vietlott_official,2026-09-24T03:08:37.952874+00:00,ds_aa8808303afa
00597,2021-06-26,6,16,17,20,49,52,27,vietlott_official,2026-09-24T03:08:37.952874+00:00,ds_aa8808303afa
00598,2021-06-29,5,14,24,36,44,55,48,vietlott_official,2026-09-24T03:08:37.952874+00:00,ds_aa8808303afa
00599,2021-07-01,4,15,28,30,49,52,55,vietlott_official,2026-09-24T03:08:37.952874+00:00,ds_aa8808303afa
00600,2021-07-03,4,25,30,38,50,55,53,vietlott_official,2026-09-24T03:08:37.952874+00:00,ds_aa8808303afa
00601,2021-07-06,17,20,22,24,30,54,51,vietlott_official,2026-09-24T03:08:37.952874+00:00,ds_aa8808303afa
00602,2021-07-08,3,32,34,42,44,54,35,vietlott_official,2026-09-24T03:08:37.176966+00:00,ds_aa8808303afa
00603,2021-07-10,7,8,17,37,47,48,27,vietlott_official,2026-09-24T03:08:37.176966+00:00,ds_aa8808303afa
00604,2021-07-13,5,11,18,27,34,43,42,vietlott_official,2026-09-24T03:08:37.176966+00:00,ds_aa8808303afa
00605,2021-07-15,3,4,12,16,30,50,20,vietlott_official,2026-09-24T03:08:37.176966+00:00,ds_aa8808303afa
00606,2021-07-17,2,7,11,21,31,42,45,vietlott_official,2026-09-24T03:08:37.176966+00:00,ds_aa8808303afa
00607,2021-07-20,2,8,11,13,17,26,53,vietlott_official,2026-09-24T03:08:37.176966+00:00,ds_aa8808303afa
00608,2021-07-22,2,20,24,39,46,53,55,vietlott_official,2026-09-24T03:08:37.176966+00:00,ds_aa8808303afa
00609,2021-08-19,5,9,12,20,43,51,13,vietlott_official,2026-09-24T03:08:37.176966+00:00,ds_aa8808303afa
00610,2021-08-21,22,24,27,37,38,48,14,vietlott_official,2026-09-24T03:08:35.825380+00:00,ds_aa8808303afa
00611,2021-08-24,2,4,7,18,30,35,20,vietlott_official,2026-09-24T03:08:35.825380+00:00,ds_aa8808303afa
00612,2021-08-26,11,13,20,51,53,55,4,vietlott_official,2026-09-24T03:08:35.825380+00:00,ds_aa8808303afa
00613,2021-08-28,10,16,26,27,34,48,51,vietlott_official,2026-09-24T03:08:35.825380+00:00,ds_aa8808303afa
00614,2021-08-31,7,20,37,47,51,53,5,vietlott_official,2026-09-24T03:08:35.825380+00:00,ds_aa8808303afa
00615,2021-09-02,1,8,12,26,28,45,43,vietlott_official,2026-09-24T03:08:35.825380+00:00,ds_aa8808303afa
00616,2021-09-04,11,12,32,42,43,51,31,vietlott_official,2026-09-24T03:08:35.825380+00:00,ds_aa8808303afa
00617,2021-09-07,19,30,35,43,47,55,12,vietlott_official,2026-09-24T03:08:35.825380+00:00,ds_aa8808303afa
00618,2021-09-09,6,8,10,23,39,44,43,vietlott_official,2026-09-24T03:08:34.831541+00:00,ds_aa8808303afa
00619,2021-09-11,8,17,20,36,39,44,30,vietlott_official,2026-09-24T03:08:34.831541+00:00,ds_aa8808303afa
00620,2021-09-14,17,22,30,40,43,44,41,vietlott_official,2026-09-24T03:08:34.831541+00:00,ds_aa8808303afa
00621,2021-09-16,10,16,40,43,45,46,22,vietlott_official,2026-09-24T03:08:34.831541+00:00,ds_aa8808303afa
00622,2021-09-18,3,14,15,21,47,52,54,vietlott_official,2026-09-24T03:08:34.831541+00:00,ds_aa8808303afa
00623,2021-09-21,15,24,25,40,42,50,49,vietlott_official,2026-09-24T03:08:34.831541+00:00,ds_aa8808303afa
00624,2021-09-23,6,7,21,25,27,49,26,vietlott_official,2026-09-24T03:08:34.831541+00:00,ds_aa8808303afa
00625,2021-09-25,7,20,27,43,48,51,37,vietlott_official,2026-09-24T03:08:34.831541+00:00,ds_aa8808303afa
00626,2021-09-28,7,22,25,40,49,50,37,vietlott_official,2026-09-24T03:08:33.831263+00:00,ds_aa8808303afa
00627,2021-09-30,18,23,26,32,46,49,54,vietlott_official,2026-09-24T03:08:33.831263+00:00,ds_aa8808303afa
00628,2021-10-02,5,6,22,26,49,51,32,vietlott_official,2026-09-24T03:08:33.831263+00:00,ds_aa8808303afa
00629,2021-10-05,11,16,17,19,38,43,24,vietlott_official,2026-09-24T03:08:33.831263+00:00,ds_aa8808303afa
00630,2021-10-07,6,15,21,24,45,55,46,vietlott_official,2026-09-24T03:08:33.831263+00:00,ds_aa8808303afa
00631,2021-10-09,1,22,25,38,39,54,19,vietlott_official,2026-09-24T03:08:33.831263+00:00,ds_aa8808303afa
00632,2021-10-12,14,17,31,33,42,50,40,vietlott_official,2026-09-24T03:08:33.831263+00:00,ds_aa8808303afa
00633,2021-10-14,9,21,24,30,41,44,40,vietlott_official,2026-09-24T03:08:33.831263+00:00,ds_aa8808303afa
00634,2021-10-16,9,17,22,28,50,55,7,vietlott_official,2026-09-24T03:08:32.843220+00:00,ds_aa8808303afa
00635,2021-10-19,3,9,25,29,46,50,18,vietlott_official,2026-09-24T03:08:32.843220+00:00,ds_aa8808303afa
00636,2021-10-21,3,19,32,36,41,51,35,vietlott_official,2026-09-24T03:08:32.843220+00:00,ds_aa8808303afa
00637,2021-10-23,5,11,19,26,28,33,9,vietlott_official,2026-09-24T03:08:32.843220+00:00,ds_aa8808303afa
00638,2021-10-26,21,24,29,34,39,53,20,vietlott_official,2026-09-24T03:08:32.843220+00:00,ds_aa8808303afa
00639,2021-10-28,2,4,6,13,31,35,16,vietlott_official,2026-09-24T03:08:32.843220+00:00,ds_aa8808303afa
00640,2021-10-30,31,36,40,44,50,53,11,vietlott_official,2026-09-24T03:08:32.843220+00:00,ds_aa8808303afa
00641,2021-11-02,37,38,42,46,47,55,23,vietlott_official,2026-09-24T03:08:32.843220+00:00,ds_aa8808303afa
00642,2021-11-04,5,10,15,31,32,50,28,vietlott_official,2026-09-24T03:08:31.803482+00:00,ds_aa8808303afa
00643,2021-11-06,23,31,41,48,49,51,3,vietlott_official,2026-09-24T03:08:31.803482+00:00,ds_aa8808303afa
00644,2021-11-09,12,25,26,47,51,53,16,vietlott_official,2026-09-24T03:08:31.803482+00:00,ds_aa8808303afa
00645,2021-11-11,3,35,37,41,45,49,31,vietlott_official,2026-09-24T03:08:31.803482+00:00,ds_aa8808303afa
00646,2021-11-13,18,22,29,33,46,48,37,vietlott_official,2026-09-24T03:08:31.803482+00:00,ds_aa8808303afa
00647,2021-11-16,8,19,27,34,46,51,2,vietlott_official,2026-09-24T03:08:31.803482+00:00,ds_aa8808303afa
00648,2021-11-18,18,30,32,37,39,40,10,vietlott_official,2026-09-24T03:08:31.803482+00:00,ds_aa8808303afa
00649,2021-11-20,6,10,29,30,31,51,35,vietlott_official,2026-09-24T03:08:31.803482+00:00,ds_aa8808303afa
00650,2021-11-23,5,7,9,28,38,55,50,vietlott_official,2026-09-24T03:08:30.850298+00:00,ds_aa8808303afa
00651,2021-11-25,16,18,24,29,33,41,43,vietlott_official,2026-09-24T03:08:30.850298+00:00,ds_aa8808303afa
00652,2021-11-27,2,5,7,21,31,37,44,vietlott_official,2026-09-24T03:08:30.850298+00:00,ds_aa8808303afa
00653,2021-11-30,12,21,23,28,33,46,38,vietlott_official,2026-09-24T03:08:30.850298+00:00,ds_aa8808303afa
00654,2021-12-02,6,23,28,31,44,48,14,vietlott_official,2026-09-24T03:08:30.850298+00:00,ds_aa8808303afa
00655,2021-12-04,7,9,31,32,36,49,37,vietlott_official,2026-09-24T03:08:30.850298+00:00,ds_aa8808303afa
00656,2021-12-07,4,6,22,32,34,53,41,vietlott_official,2026-09-24T03:08:30.850298+00:00,ds_aa8808303afa
00657,2021-12-09,3,14,33,40,41,50,17,vietlott_official,2026-09-24T03:08:30.850298+00:00,ds_aa8808303afa
00658,2021-12-11,8,13,17,22,42,51,45,vietlott_official,2026-09-24T03:08:29.810386+00:00,ds_aa8808303afa
00659,2021-12-14,10,16,19,24,39,50,29,vietlott_official,2026-09-24T03:08:29.810386+00:00,ds_aa8808303afa
00660,2021-12-16,19,24,30,41,43,49,55,vietlott_official,2026-09-24T03:08:29.810386+00:00,ds_aa8808303afa
00661,2021-12-18,4,6,19,26,38,41,16,vietlott_official,2026-09-24T03:08:29.810386+00:00,ds_aa8808303afa
00662,2021-12-21,23,25,28,49,52,54,44,vietlott_official,2026-09-24T03:08:29.810386+00:00,ds_aa8808303afa
00663,2021-12-23,8,22,29,43,45,54,23,vietlott_official,2026-09-24T03:08:29.810386+00:00,ds_aa8808303afa
00664,2021-12-25,6,8,23,25,33,35,27,vietlott_official,2026-09-24T03:08:29.810386+00:00,ds_aa8808303afa
00665,2021-12-28,3,8,9,40,44,48,2,vietlott_official,2026-09-24T03:08:29.810386+00:00,ds_aa8808303afa
00666,2021-12-30,9,25,27,32,37,46,23,vietlott_official,2026-09-24T03:08:28.855526+00:00,ds_aa8808303afa
00667,2022-01-01,4,25,28,32,33,55,3,vietlott_official,2026-09-24T03:08:28.855526+00:00,ds_aa8808303afa
00668,2022-01-04,11,17,22,28,39,49,43,vietlott_official,2026-09-24T03:08:28.855526+00:00,ds_aa8808303afa
00669,2022-01-06,4,8,14,21,30,49,38,vietlott_official,2026-09-24T03:08:28.855526+00:00,ds_aa8808303afa
00670,2022-01-08,6,17,37,41,48,50,13,vietlott_official,2026-09-24T03:08:28.855526+00:00,ds_aa8808303afa
00671,2022-01-11,12,25,26,28,33,46,22,vietlott_official,2026-09-24T03:08:28.855526+00:00,ds_aa8808303afa
00672,2022-01-13,7,12,17,26,37,46,28,vietlott_official,2026-09-24T03:08:28.855526+00:00,ds_aa8808303afa
00673,2022-01-15,20,26,41,46,47,48,18,vietlott_official,2026-09-24T03:08:28.855526+00:00,ds_aa8808303afa
00674,2022-01-18,6,15,16,33,41,43,51,vietlott_official,2026-09-24T03:08:28.392613+00:00,ds_aa8808303afa
00675,2022-01-20,8,21,32,34,41,46,48,vietlott_official,2026-09-24T03:08:28.392613+00:00,ds_aa8808303afa
00676,2022-01-22,2,6,16,29,37,42,22,vietlott_official,2026-09-24T03:08:28.392613+00:00,ds_aa8808303afa
00677,2022-01-25,2,16,17,20,31,51,50,vietlott_official,2026-09-24T03:08:28.392613+00:00,ds_aa8808303afa
00678,2022-01-27,1,26,31,36,40,46,28,vietlott_official,2026-09-24T03:08:28.392613+00:00,ds_aa8808303afa
00679,2022-01-29,6,10,17,23,25,38,21,vietlott_official,2026-09-24T03:08:28.392613+00:00,ds_aa8808303afa
00680,2022-02-03,13,18,22,35,42,43,3,vietlott_official,2026-09-24T03:08:28.392613+00:00,ds_aa8808303afa
00681,2022-02-05,1,17,23,29,44,45,37,vietlott_official,2026-09-24T03:08:28.392613+00:00,ds_aa8808303afa
00682,2022-02-08,12,15,21,28,32,40,43,vietlott_official,2026-09-24T03:08:27.088242+00:00,ds_aa8808303afa
00683,2022-02-10,3,15,26,35,43,52,7,vietlott_official,2026-09-24T03:08:27.088242+00:00,ds_aa8808303afa
00684,2022-02-12,4,8,12,42,44,51,41,vietlott_official,2026-09-24T03:08:27.088242+00:00,ds_aa8808303afa
00685,2022-02-15,5,7,14,24,29,36,46,vietlott_official,2026-09-24T03:08:27.088242+00:00,ds_aa8808303afa
00686,2022-02-17,5,24,40,42,46,54,3,vietlott_official,2026-09-24T03:08:27.088242+00:00,ds_aa8808303afa
00687,2022-02-19,1,11,14,33,46,48,40,vietlott_official,2026-09-24T03:08:27.088242+00:00,ds_aa8808303afa
00688,2022-02-22,9,16,19,23,25,39,4,vietlott_official,2026-09-24T03:08:27.088242+00:00,ds_aa8808303afa
00689,2022-02-24,2,15,25,30,31,32,13,vietlott_official,2026-09-24T03:08:27.088242+00:00,ds_aa8808303afa
00690,2022-02-26,5,8,30,36,49,51,18,vietlott_official,2026-09-24T03:08:26.625960+00:00,ds_aa8808303afa
00691,2022-03-01,15,19,25,42,51,53,2,vietlott_official,2026-09-24T03:08:26.625960+00:00,ds_aa8808303afa
00692,2022-03-03,4,10,16,25,26,43,52,vietlott_official,2026-09-24T03:08:26.625960+00:00,ds_aa8808303afa
00693,2022-03-05,5,12,15,25,43,48,1,vietlott_official,2026-09-24T03:08:26.625960+00:00,ds_aa8808303afa
00694,2022-03-08,3,23,25,39,47,48,55,vietlott_official,2026-09-24T03:08:26.625960+00:00,ds_aa8808303afa
00695,2022-03-10,1,3,8,16,19,36,41,vietlott_official,2026-09-24T03:08:26.625960+00:00,ds_aa8808303afa
00696,2022-03-12,12,16,18,26,30,45,36,vietlott_official,2026-09-24T03:08:26.625960+00:00,ds_aa8808303afa
00697,2022-03-15,6,14,24,28,33,52,50,vietlott_official,2026-09-24T03:08:26.625960+00:00,ds_aa8808303afa
00698,2022-03-17,1,6,12,21,37,49,53,vietlott_official,2026-09-24T03:08:20.603512+00:00,ds_aa8808303afa
00699,2022-03-19,8,20,24,37,51,55,27,vietlott_official,2026-09-24T03:08:20.603512+00:00,ds_aa8808303afa
00700,2022-03-22,1,14,18,28,47,49,22,vietlott_official,2026-09-24T03:08:20.603512+00:00,ds_aa8808303afa
00701,2022-03-24,5,9,16,35,45,46,44,vietlott_official,2026-09-24T03:08:20.603512+00:00,ds_aa8808303afa
00702,2022-03-26,1,6,16,30,34,55,29,vietlott_official,2026-09-24T03:08:20.603512+00:00,ds_aa8808303afa
00703,2022-03-29,5,11,32,35,40,52,31,vietlott_official,2026-09-24T03:08:20.603512+00:00,ds_aa8808303afa
00704,2022-03-31,5,24,34,39,42,49,16,vietlott_official,2026-09-24T03:08:20.603512+00:00,ds_aa8808303afa
00705,2022-04-02,32,38,42,44,47,55,46,vietlott_official,2026-09-24T03:08:20.603512+00:00,ds_aa8808303afa
00706,2022-04-05,5,18,26,36,43,44,45,vietlott_official,2026-09-24T03:08:19.666090+00:00,ds_aa8808303afa
00707,2022-04-07,6,14,15,25,29,32,41,vietlott_official,2026-09-24T03:08:19.666090+00:00,ds_aa8808303afa
00708,2022-04-09,2,3,19,28,42,45,12,vietlott_official,2026-09-24T03:08:19.666090+00:00,ds_aa8808303afa
00709,2022-04-12,11,18,20,22,25,40,5,vietlott_official,2026-09-24T03:08:19.666090+00:00,ds_aa8808303afa
00710,2022-04-14,1,5,9,34,37,45,52,vietlott_official,2026-09-24T03:08:19.666090+00:00,ds_aa8808303afa
00711,2022-04-16,4,8,39,41,53,55,52,vietlott_official,2026-09-24T03:08:19.666090+00:00,ds_aa8808303afa
00712,2022-04-19,2,7,13,28,29,34,39,vietlott_official,2026-09-24T03:08:19.666090+00:00,ds_aa8808303afa
00713,2022-04-21,21,24,27,34,38,42,46,vietlott_official,2026-09-24T03:08:19.666090+00:00,ds_aa8808303afa
00714,2022-04-23,3,27,36,41,49,55,18,vietlott_official,2026-09-24T03:08:19.411317+00:00,ds_aa8808303afa
00715,2022-04-26,14,22,24,25,43,49,17,vietlott_official,2026-09-24T03:08:19.411317+00:00,ds_aa8808303afa
00716,2022-04-28,8,24,25,32,37,44,3,vietlott_official,2026-09-24T03:08:19.411317+00:00,ds_aa8808303afa
00717,2022-04-30,11,23,51,52,53,54,27,vietlott_official,2026-09-24T03:08:19.411317+00:00,ds_aa8808303afa
00718,2022-05-03,1,22,38,48,49,53,42,vietlott_official,2026-09-24T03:08:19.411317+00:00,ds_aa8808303afa
00719,2022-05-05,27,29,33,39,47,53,55,vietlott_official,2026-09-24T03:08:19.411317+00:00,ds_aa8808303afa
00720,2022-05-07,15,32,33,36,43,46,31,vietlott_official,2026-09-24T03:08:19.411317+00:00,ds_aa8808303afa
00721,2022-05-10,12,18,41,43,47,51,10,vietlott_official,2026-09-24T03:08:19.411317+00:00,ds_aa8808303afa
00722,2022-05-12,9,18,24,43,44,50,15,vietlott_official,2026-09-24T03:08:16.146497+00:00,ds_aa8808303afa
00723,2022-05-14,2,28,30,43,44,55,22,vietlott_official,2026-09-24T03:08:16.146497+00:00,ds_aa8808303afa
00724,2022-05-17,11,17,25,29,45,48,53,vietlott_official,2026-09-24T03:08:16.146497+00:00,ds_aa8808303afa
00725,2022-05-19,3,6,31,40,47,54,8,vietlott_official,2026-09-24T03:08:16.146497+00:00,ds_aa8808303afa
00726,2022-05-21,19,32,38,40,45,48,2,vietlott_official,2026-09-24T03:08:16.146497+00:00,ds_aa8808303afa
00727,2022-05-24,18,31,32,46,50,52,28,vietlott_official,2026-09-24T03:08:16.146497+00:00,ds_aa8808303afa
00728,2022-05-26,4,30,32,39,41,53,42,vietlott_official,2026-09-24T03:08:16.146497+00:00,ds_aa8808303afa
00729,2022-05-28,33,36,38,42,43,46,3,vietlott_official,2026-09-24T03:08:16.146497+00:00,ds_aa8808303afa
00730,2022-05-31,4,10,15,16,47,51,23,vietlott_official,2026-09-24T03:08:15.164756+00:00,ds_aa8808303afa
00731,2022-06-02,7,11,28,30,33,50,49,vietlott_official,2026-09-24T03:08:15.164756+00:00,ds_aa8808303afa
00732,2022-06-04,3,17,27,30,34,49,25,vietlott_official,2026-09-24T03:08:15.164756+00:00,ds_aa8808303afa
00733,2022-06-07,16,17,21,28,39,50,19,vietlott_official,2026-09-24T03:08:15.164756+00:00,ds_aa8808303afa
00734,2022-06-09,30,31,35,43,48,50,22,vietlott_official,2026-09-24T03:08:15.164756+00:00,ds_aa8808303afa
00735,2022-06-11,10,18,23,25,45,47,38,vietlott_official,2026-09-24T03:08:15.164756+00:00,ds_aa8808303afa
00736,2022-06-14,2,15,26,32,35,36,16,vietlott_official,2026-09-24T03:08:15.164756+00:00,ds_aa8808303afa
00737,2022-06-16,9,13,21,40,51,54,4,vietlott_official,2026-09-24T03:08:15.164756+00:00,ds_aa8808303afa
00738,2022-06-18,6,27,43,44,45,47,33,vietlott_official,2026-09-24T03:08:14.249094+00:00,ds_aa8808303afa
00739,2022-06-21,9,13,19,21,34,51,35,vietlott_official,2026-09-24T03:08:14.249094+00:00,ds_aa8808303afa
00740,2022-06-23,10,22,23,34,46,54,27,vietlott_official,2026-09-24T03:08:14.249094+00:00,ds_aa8808303afa
00741,2022-06-25,14,17,31,35,37,40,28,vietlott_official,2026-09-24T03:08:14.249094+00:00,ds_aa8808303afa
00742,2022-06-28,5,22,30,32,38,55,33,vietlott_official,2026-09-24T03:08:14.249094+00:00,ds_aa8808303afa
00743,2022-06-30,5,11,15,19,29,31,35,vietlott_official,2026-09-24T03:08:14.249094+00:00,ds_aa8808303afa
00744,2022-07-02,6,26,39,40,46,47,2,vietlott_official,2026-09-24T03:08:14.249094+00:00,ds_aa8808303afa
00745,2022-07-05,5,7,12,26,29,44,38,vietlott_official,2026-09-24T03:08:14.249094+00:00,ds_aa8808303afa
00746,2022-07-07,18,24,32,43,48,55,15,vietlott_official,2026-09-24T03:08:13.180209+00:00,ds_aa8808303afa
00747,2022-07-09,5,21,24,47,52,55,20,vietlott_official,2026-09-24T03:08:13.180209+00:00,ds_aa8808303afa
00748,2022-07-12,12,13,24,25,39,41,9,vietlott_official,2026-09-24T03:08:13.180209+00:00,ds_aa8808303afa
00749,2022-07-14,11,25,29,37,39,52,45,vietlott_official,2026-09-24T03:08:13.180209+00:00,ds_aa8808303afa
00750,2022-07-16,6,13,18,27,34,46,33,vietlott_official,2026-09-24T03:08:13.180209+00:00,ds_aa8808303afa
00751,2022-07-19,8,9,33,34,35,52,36,vietlott_official,2026-09-24T03:08:13.180209+00:00,ds_aa8808303afa
00752,2022-07-21,2,20,33,45,51,55,1,vietlott_official,2026-09-24T03:08:13.180209+00:00,ds_aa8808303afa
00753,2022-07-23,27,28,29,39,40,54,13,vietlott_official,2026-09-24T03:08:13.180209+00:00,ds_aa8808303afa
00754,2022-07-26,5,8,9,13,14,47,53,vietlott_official,2026-09-24T03:08:12.140148+00:00,ds_aa8808303afa
00755,2022-07-28,5,6,17,28,29,39,34,vietlott_official,2026-09-24T03:08:12.140148+00:00,ds_aa8808303afa
00756,2022-07-30,1,4,24,35,44,47,17,vietlott_official,2026-09-24T03:08:12.140148+00:00,ds_aa8808303afa
00757,2022-08-02,2,5,28,40,47,48,31,vietlott_official,2026-09-24T03:08:12.140148+00:00,ds_aa8808303afa
00758,2022-08-04,8,9,20,41,48,54,2,vietlott_official,2026-09-24T03:08:12.140148+00:00,ds_aa8808303afa
00759,2022-08-06,6,21,27,41,51,53,43,vietlott_official,2026-09-24T03:08:12.140148+00:00,ds_aa8808303afa
00760,2022-08-09,9,10,36,41,51,55,52,vietlott_official,2026-09-24T03:08:12.140148+00:00,ds_aa8808303afa
00761,2022-08-11,1,12,21,34,48,55,50,vietlott_official,2026-09-24T03:08:12.140148+00:00,ds_aa8808303afa
00762,2022-08-13,19,28,29,30,33,36,14,vietlott_official,2026-09-24T03:08:11.161484+00:00,ds_aa8808303afa
00763,2022-08-16,17,18,28,47,50,53,11,vietlott_official,2026-09-24T03:08:11.161484+00:00,ds_aa8808303afa
00764,2022-08-18,23,27,31,37,38,42,26,vietlott_official,2026-09-24T03:08:11.161484+00:00,ds_aa8808303afa
00765,2022-08-20,6,16,29,32,42,51,43,vietlott_official,2026-09-24T03:08:11.161484+00:00,ds_aa8808303afa
00766,2022-08-23,13,21,31,41,44,45,27,vietlott_official,2026-09-24T03:08:11.161484+00:00,ds_aa8808303afa
00767,2022-08-25,19,30,35,40,49,53,42,vietlott_official,2026-09-24T03:08:11.161484+00:00,ds_aa8808303afa
00768,2022-08-27,1,5,7,10,25,48,36,vietlott_official,2026-09-24T03:08:11.161484+00:00,ds_aa8808303afa
00769,2022-08-30,2,13,19,29,30,32,16,vietlott_official,2026-09-24T03:08:11.161484+00:00,ds_aa8808303afa
00770,2022-09-01,4,14,18,39,50,53,31,vietlott_official,2026-09-24T03:08:10.189600+00:00,ds_aa8808303afa
00771,2022-09-03,11,22,31,33,40,46,41,vietlott_official,2026-09-24T03:08:10.189600+00:00,ds_aa8808303afa
00772,2022-09-06,1,5,27,43,52,54,15,vietlott_official,2026-09-24T03:08:10.189600+00:00,ds_aa8808303afa
00773,2022-09-08,9,13,23,32,36,52,43,vietlott_official,2026-09-24T03:08:10.189600+00:00,ds_aa8808303afa
00774,2022-09-10,2,8,15,19,35,38,14,vietlott_official,2026-09-24T03:08:10.189600+00:00,ds_aa8808303afa
00775,2022-09-13,9,10,21,40,41,48,54,vietlott_official,2026-09-24T03:08:10.189600+00:00,ds_aa8808303afa
00776,2022-09-15,3,8,19,30,41,52,9,vietlott_official,2026-09-24T03:08:10.189600+00:00,ds_aa8808303afa
00777,2022-09-17,5,8,19,34,40,49,39,vietlott_official,2026-09-24T03:08:10.189600+00:00,ds_aa8808303afa
00778,2022-09-20,8,27,32,43,53,54,45,vietlott_official,2026-09-24T03:08:09.152346+00:00,ds_aa8808303afa
00779,2022-09-22,12,14,19,29,44,47,26,vietlott_official,2026-09-24T03:08:09.152346+00:00,ds_aa8808303afa
00780,2022-09-24,1,4,5,17,42,47,9,vietlott_official,2026-09-24T03:08:09.152346+00:00,ds_aa8808303afa
00781,2022-09-27,11,13,23,27,37,43,34,vietlott_official,2026-09-24T03:08:09.152346+00:00,ds_aa8808303afa
00782,2022-09-29,15,32,33,37,42,54,28,vietlott_official,2026-09-24T03:08:09.152346+00:00,ds_aa8808303afa
00783,2022-10-01,14,15,16,22,23,29,20,vietlott_official,2026-09-24T03:08:09.152346+00:00,ds_aa8808303afa
00784,2022-10-04,5,11,12,22,43,45,42,vietlott_official,2026-09-24T03:08:09.152346+00:00,ds_aa8808303afa
00785,2022-10-06,6,8,19,20,47,53,7,vietlott_official,2026-09-24T03:08:09.152346+00:00,ds_aa8808303afa
00786,2022-10-08,11,17,23,34,41,51,40,vietlott_official,2026-09-24T03:08:08.124578+00:00,ds_aa8808303afa
00787,2022-10-11,11,26,34,40,46,52,1,vietlott_official,2026-09-24T03:08:08.124578+00:00,ds_aa8808303afa
00788,2022-10-13,12,13,43,48,51,52,15,vietlott_official,2026-09-24T03:08:08.124578+00:00,ds_aa8808303afa
00789,2022-10-15,8,15,16,39,45,51,23,vietlott_official,2026-09-24T03:08:08.124578+00:00,ds_aa8808303afa
00790,2022-10-18,6,30,36,39,44,46,49,vietlott_official,2026-09-24T03:08:08.124578+00:00,ds_aa8808303afa
00791,2022-10-20,15,21,27,34,37,53,29,vietlott_official,2026-09-24T03:08:08.124578+00:00,ds_aa8808303afa
00792,2022-10-22,17,19,35,42,51,52,34,vietlott_official,2026-09-24T03:08:08.124578+00:00,ds_aa8808303afa
00793,2022-10-25,8,18,20,22,42,46,1,vietlott_official,2026-09-24T03:08:08.124578+00:00,ds_aa8808303afa
00794,2022-10-27,1,7,10,17,19,30,53,vietlott_official,2026-09-24T03:08:07.187198+00:00,ds_aa8808303afa
00795,2022-10-29,1,3,10,13,15,20,32,vietlott_official,2026-09-24T03:08:07.187198+00:00,ds_aa8808303afa
00796,2022-11-01,3,9,20,23,31,54,55,vietlott_official,2026-09-24T03:08:07.187198+00:00,ds_aa8808303afa
00797,2022-11-03,8,13,24,28,29,33,49,vietlott_official,2026-09-24T03:08:07.187198+00:00,ds_aa8808303afa
00798,2022-11-05,10,19,22,25,47,53,52,vietlott_official,2026-09-24T03:08:07.187198+00:00,ds_aa8808303afa
00799,2022-11-08,12,27,33,44,48,50,18,vietlott_official,2026-09-24T03:08:07.187198+00:00,ds_aa8808303afa
00800,2022-11-10,8,11,14,27,38,45,21,vietlott_official,2026-09-24T03:08:07.187198+00:00,ds_aa8808303afa
00801,2022-11-12,8,18,23,30,35,42,43,vietlott_official,2026-09-24T03:08:07.187198+00:00,ds_aa8808303afa
00802,2022-11-15,4,20,26,36,47,51,33,vietlott_official,2026-09-24T03:08:06.149582+00:00,ds_aa8808303afa
00803,2022-11-17,1,19,25,27,38,42,54,vietlott_official,2026-09-24T03:08:06.149582+00:00,ds_aa8808303afa
00804,2022-11-19,3,15,22,39,46,48,43,vietlott_official,2026-09-24T03:08:06.149582+00:00,ds_aa8808303afa
00805,2022-11-22,3,9,21,22,26,35,15,vietlott_official,2026-09-24T03:08:06.149582+00:00,ds_aa8808303afa
00806,2022-11-24,4,6,18,27,52,53,10,vietlott_official,2026-09-24T03:08:06.149582+00:00,ds_aa8808303afa
00807,2022-11-26,8,23,24,48,49,52,1,vietlott_official,2026-09-24T03:08:06.149582+00:00,ds_aa8808303afa
00808,2022-11-29,2,13,16,18,41,42,19,vietlott_official,2026-09-24T03:08:06.149582+00:00,ds_aa8808303afa
00809,2022-12-01,11,14,29,31,52,54,7,vietlott_official,2026-09-24T03:08:06.149582+00:00,ds_aa8808303afa
00810,2022-12-03,16,17,27,48,52,53,24,vietlott_official,2026-09-24T03:08:05.129549+00:00,ds_aa8808303afa
00811,2022-12-06,1,11,25,44,45,46,35,vietlott_official,2026-09-24T03:08:05.129549+00:00,ds_aa8808303afa
00812,2022-12-08,6,30,36,41,49,55,20,vietlott_official,2026-09-24T03:08:05.129549+00:00,ds_aa8808303afa
00813,2022-12-10,2,12,13,18,33,44,31,vietlott_official,2026-09-24T03:08:05.129549+00:00,ds_aa8808303afa
00814,2022-12-13,10,22,31,37,41,52,20,vietlott_official,2026-09-24T03:08:05.129549+00:00,ds_aa8808303afa
00815,2022-12-15,2,25,38,50,51,55,21,vietlott_official,2026-09-24T03:08:05.129549+00:00,ds_aa8808303afa
00816,2022-12-17,1,2,29,34,41,42,9,vietlott_official,2026-09-24T03:08:05.129549+00:00,ds_aa8808303afa
00817,2022-12-20,2,6,9,20,31,35,42,vietlott_official,2026-09-24T03:08:05.129549+00:00,ds_aa8808303afa
00818,2022-12-22,14,26,35,43,45,48,3,vietlott_official,2026-09-24T03:08:04.187276+00:00,ds_aa8808303afa
00819,2022-12-24,5,19,22,23,30,44,52,vietlott_official,2026-09-24T03:08:04.187276+00:00,ds_aa8808303afa
00820,2022-12-27,11,12,13,14,23,55,27,vietlott_official,2026-09-24T03:08:04.187276+00:00,ds_aa8808303afa
00821,2022-12-29,6,8,33,37,38,51,48,vietlott_official,2026-09-24T03:08:04.187276+00:00,ds_aa8808303afa
00822,2022-12-31,10,15,36,42,45,52,20,vietlott_official,2026-09-24T03:08:04.187276+00:00,ds_aa8808303afa
00823,2023-01-03,9,13,24,43,47,48,18,vietlott_official,2026-09-24T03:08:04.187276+00:00,ds_aa8808303afa
00824,2023-01-05,5,12,34,37,47,49,28,vietlott_official,2026-09-24T03:08:04.187276+00:00,ds_aa8808303afa
00825,2023-01-07,3,4,9,15,33,54,16,vietlott_official,2026-09-24T03:08:04.187276+00:00,ds_aa8808303afa
00826,2023-01-10,5,12,14,19,46,51,36,vietlott_official,2026-09-24T03:08:03.168675+00:00,ds_aa8808303afa
00827,2023-01-12,5,14,37,45,47,55,25,vietlott_official,2026-09-24T03:08:03.168675+00:00,ds_aa8808303afa
00828,2023-01-14,5,17,24,30,43,53,26,vietlott_official,2026-09-24T03:08:03.168675+00:00,ds_aa8808303afa
00829,2023-01-17,1,9,20,36,44,50,40,vietlott_official,2026-09-24T03:08:03.168675+00:00,ds_aa8808303afa
00830,2023-01-19,3,21,32,33,38,52,30,vietlott_official,2026-09-24T03:08:03.168675+00:00,ds_aa8808303afa
00831,2023-01-24,3,5,10,12,29,30,9,vietlott_official,2026-09-24T03:08:03.168675+00:00,ds_aa8808303afa
00832,2023-01-26,8,15,18,20,33,41,14,vietlott_official,2026-09-24T03:08:03.168675+00:00,ds_aa8808303afa
00833,2023-01-28,9,22,23,29,38,47,33,vietlott_official,2026-09-24T03:08:03.168675+00:00,ds_aa8808303afa
00834,2023-01-31,10,11,31,32,38,52,5,vietlott_official,2026-09-24T03:08:02.155169+00:00,ds_aa8808303afa
00835,2023-02-02,3,10,23,29,34,53,11,vietlott_official,2026-09-24T03:08:02.155169+00:00,ds_aa8808303afa
00836,2023-02-04,2,6,8,27,41,46,20,vietlott_official,2026-09-24T03:08:02.155169+00:00,ds_aa8808303afa
00837,2023-02-07,6,27,29,32,39,52,9,vietlott_official,2026-09-24T03:08:02.155169+00:00,ds_aa8808303afa
00838,2023-02-09,1,10,29,30,49,50,9,vietlott_official,2026-09-24T03:08:02.155169+00:00,ds_aa8808303afa
00839,2023-02-11,4,13,45,48,52,54,5,vietlott_official,2026-09-24T03:08:02.155169+00:00,ds_aa8808303afa
00840,2023-02-14,1,9,33,37,43,45,23,vietlott_official,2026-09-24T03:08:02.155169+00:00,ds_aa8808303afa
00841,2023-02-16,1,5,7,8,20,22,33,vietlott_official,2026-09-24T03:08:02.155169+00:00,ds_aa8808303afa
00842,2023-02-18,11,23,26,29,43,50,5,vietlott_official,2026-09-24T03:08:01.256535+00:00,ds_aa8808303afa
00843,2023-02-21,4,12,15,21,30,44,5,vietlott_official,2026-09-24T03:08:01.256535+00:00,ds_aa8808303afa
00844,2023-02-23,12,16,29,31,39,48,40,vietlott_official,2026-09-24T03:08:01.256535+00:00,ds_aa8808303afa
00845,2023-02-25,1,2,14,21,38,51,50,vietlott_official,2026-09-24T03:08:01.256535+00:00,ds_aa8808303afa
00846,2023-02-28,2,13,14,30,43,55,22,vietlott_official,2026-09-24T03:08:01.256535+00:00,ds_aa8808303afa
00847,2023-03-02,1,3,23,24,43,48,31,vietlott_official,2026-09-24T03:08:01.256535+00:00,ds_aa8808303afa
00848,2023-03-04,9,13,23,36,38,54,21,vietlott_official,2026-09-24T03:08:01.256535+00:00,ds_aa8808303afa
00849,2023-03-07,8,22,25,27,39,50,28,vietlott_official,2026-09-24T03:08:01.256535+00:00,ds_aa8808303afa
00850,2023-03-09,12,22,28,34,53,54,40,vietlott_official,2026-09-24T03:08:00.137681+00:00,ds_aa8808303afa
00851,2023-03-11,13,23,25,30,35,44,8,vietlott_official,2026-09-24T03:08:00.137681+00:00,ds_aa8808303afa
00852,2023-03-14,14,15,18,20,27,35,31,vietlott_official,2026-09-24T03:08:00.137681+00:00,ds_aa8808303afa
00853,2023-03-16,6,23,34,48,50,55,2,vietlott_official,2026-09-24T03:08:00.137681+00:00,ds_aa8808303afa
00854,2023-03-18,18,24,32,33,51,53,36,vietlott_official,2026-09-24T03:08:00.137681+00:00,ds_aa8808303afa
00855,2023-03-21,7,17,31,43,45,49,52,vietlott_official,2026-09-24T03:08:00.137681+00:00,ds_aa8808303afa
00856,2023-03-23,4,7,22,33,40,49,39,vietlott_official,2026-09-24T03:08:00.137681+00:00,ds_aa8808303afa
00857,2023-03-25,17,18,28,40,49,54,16,vietlott_official,2026-09-24T03:08:00.137681+00:00,ds_aa8808303afa
00858,2023-03-28,6,21,24,41,50,53,13,vietlott_official,2026-09-24T03:07:59.164419+00:00,ds_aa8808303afa
00859,2023-03-30,6,11,14,21,30,32,22,vietlott_official,2026-09-24T03:07:59.164419+00:00,ds_aa8808303afa
00860,2023-04-01,12,34,39,44,49,55,14,vietlott_official,2026-09-24T03:07:59.164419+00:00,ds_aa8808303afa
00861,2023-04-04,13,28,41,42,47,51,9,vietlott_official,2026-09-24T03:07:59.164419+00:00,ds_aa8808303afa
00862,2023-04-06,7,10,12,33,52,54,16,vietlott_official,2026-09-24T03:07:59.164419+00:00,ds_aa8808303afa
00863,2023-04-08,17,33,36,46,50,52,40,vietlott_official,2026-09-24T03:07:59.164419+00:00,ds_aa8808303afa
00864,2023-04-11,10,14,16,18,37,49,54,vietlott_official,2026-09-24T03:07:59.164419+00:00,ds_aa8808303afa
00865,2023-04-13,22,26,28,37,39,48,15,vietlott_official,2026-09-24T03:07:59.164419+00:00,ds_aa8808303afa
00866,2023-04-15,1,34,35,36,42,43,5,vietlott_official,2026-09-24T03:07:58.245050+00:00,ds_aa8808303afa
00867,2023-04-18,17,18,30,40,51,55,50,vietlott_official,2026-09-24T03:07:58.245050+00:00,ds_aa8808303afa
00868,2023-04-20,7,11,32,35,42,51,46,vietlott_official,2026-09-24T03:07:58.245050+00:00,ds_aa8808303afa
00869,2023-04-22,9,18,23,24,48,52,10,vietlott_official,2026-09-24T03:07:58.245050+00:00,ds_aa8808303afa
00870,2023-04-25,6,10,19,23,25,28,45,vietlott_official,2026-09-24T03:07:58.245050+00:00,ds_aa8808303afa
00871,2023-04-27,8,28,38,39,41,45,54,vietlott_official,2026-09-24T03:07:58.245050+00:00,ds_aa8808303afa
00872,2023-04-29,2,9,12,24,41,53,35,vietlott_official,2026-09-24T03:07:58.245050+00:00,ds_aa8808303afa
00873,2023-05-02,4,11,18,25,33,45,21,vietlott_official,2026-09-24T03:07:58.245050+00:00,ds_aa8808303afa
00874,2023-05-04,13,30,32,35,45,52,29,vietlott_official,2026-09-24T03:07:57.185741+00:00,ds_aa8808303afa
00875,2023-05-06,1,11,22,28,34,42,10,vietlott_official,2026-09-24T03:07:57.185741+00:00,ds_aa8808303afa
00876,2023-05-09,7,9,13,22,44,47,39,vietlott_official,2026-09-24T03:07:57.185741+00:00,ds_aa8808303afa
00877,2023-05-11,1,3,19,33,34,51,17,vietlott_official,2026-09-24T03:07:57.185741+00:00,ds_aa8808303afa
00878,2023-05-13,22,24,35,43,45,54,50,vietlott_official,2026-09-24T03:07:57.185741+00:00,ds_aa8808303afa
00879,2023-05-16,19,24,30,34,40,44,51,vietlott_official,2026-09-24T03:07:57.185741+00:00,ds_aa8808303afa
00880,2023-05-18,13,14,21,23,30,41,49,vietlott_official,2026-09-24T03:07:57.185741+00:00,ds_aa8808303afa
00881,2023-05-20,1,14,21,36,48,53,44,vietlott_official,2026-09-24T03:07:57.185741+00:00,ds_aa8808303afa
00882,2023-05-23,26,27,35,36,47,54,40,vietlott_official,2026-09-24T03:07:56.927487+00:00,ds_aa8808303afa
00883,2023-05-25,15,16,19,31,33,46,7,vietlott_official,2026-09-24T03:07:56.927487+00:00,ds_aa8808303afa
00884,2023-05-27,4,6,8,18,39,43,28,vietlott_official,2026-09-24T03:07:56.927487+00:00,ds_aa8808303afa
00885,2023-05-30,1,14,24,28,40,46,34,vietlott_official,2026-09-24T03:07:56.927487+00:00,ds_aa8808303afa
00886,2023-06-01,3,18,40,41,46,47,36,vietlott_official,2026-09-24T03:07:56.927487+00:00,ds_aa8808303afa
00887,2023-06-03,23,28,29,36,38,41,7,vietlott_official,2026-09-24T03:07:56.927487+00:00,ds_aa8808303afa
00888,2023-06-06,1,14,23,27,44,50,43,vietlott_official,2026-09-24T03:07:56.927487+00:00,ds_aa8808303afa
00889,2023-06-08,3,36,38,43,51,53,2,vietlott_official,2026-09-24T03:07:56.927487+00:00,ds_aa8808303afa
00890,2023-06-10,10,17,27,32,35,41,54,vietlott_official,2026-09-24T03:07:51.001113+00:00,ds_aa8808303afa
00891,2023-06-13,4,14,18,27,47,50,33,vietlott_official,2026-09-24T03:07:51.001113+00:00,ds_aa8808303afa
00892,2023-06-15,10,11,25,39,46,55,40,vietlott_official,2026-09-24T03:07:51.001113+00:00,ds_aa8808303afa
00893,2023-06-17,7,13,23,34,38,40,55,vietlott_official,2026-09-24T03:07:51.001113+00:00,ds_aa8808303afa
00894,2023-06-20,7,23,26,31,35,53,32,vietlott_official,2026-09-24T03:07:51.001113+00:00,ds_aa8808303afa
00895,2023-06-22,2,11,14,35,43,51,55,vietlott_official,2026-09-24T03:07:51.001113+00:00,ds_aa8808303afa
00896,2023-06-24,8,9,16,20,50,53,3,vietlott_official,2026-09-24T03:07:51.001113+00:00,ds_aa8808303afa
00897,2023-06-27,2,12,15,16,27,28,47,vietlott_official,2026-09-24T03:07:51.001113+00:00,ds_aa8808303afa
00898,2023-06-29,1,11,12,28,46,54,40,vietlott_official,2026-09-24T03:07:49.959306+00:00,ds_aa8808303afa
00899,2023-07-01,13,33,36,38,45,50,25,vietlott_official,2026-09-24T03:07:49.959306+00:00,ds_aa8808303afa
00900,2023-07-04,4,13,14,23,33,50,41,vietlott_official,2026-09-24T03:07:49.959306+00:00,ds_aa8808303afa
00901,2023-07-06,7,12,29,39,46,55,1,vietlott_official,2026-09-24T03:07:49.959306+00:00,ds_aa8808303afa
00902,2023-07-08,8,11,23,43,44,48,41,vietlott_official,2026-09-24T03:07:49.959306+00:00,ds_aa8808303afa
00903,2023-07-11,24,40,44,46,47,49,5,vietlott_official,2026-09-24T03:07:49.959306+00:00,ds_aa8808303afa
00904,2023-07-13,3,4,30,34,36,49,8,vietlott_official,2026-09-24T03:07:49.959306+00:00,ds_aa8808303afa
00905,2023-07-15,2,16,31,37,38,48,36,vietlott_official,2026-09-24T03:07:49.959306+00:00,ds_aa8808303afa
00906,2023-07-18,10,11,19,28,42,47,16,vietlott_official,2026-09-24T03:07:48.954060+00:00,ds_aa8808303afa
00907,2023-07-20,5,34,36,38,47,50,26,vietlott_official,2026-09-24T03:07:48.954060+00:00,ds_aa8808303afa
00908,2023-07-22,9,15,23,25,27,34,41,vietlott_official,2026-09-24T03:07:48.954060+00:00,ds_aa8808303afa
00909,2023-07-25,12,23,42,44,51,52,3,vietlott_official,2026-09-24T03:07:48.954060+00:00,ds_aa8808303afa
00910,2023-07-27,3,11,13,31,33,45,27,vietlott_official,2026-09-24T03:07:48.954060+00:00,ds_aa8808303afa
00911,2023-07-29,16,23,25,26,29,40,32,vietlott_official,2026-09-24T03:07:48.954060+00:00,ds_aa8808303afa
00912,2023-08-01,4,18,22,25,33,48,2,vietlott_official,2026-09-24T03:07:48.954060+00:00,ds_aa8808303afa
00913,2023-08-03,3,12,22,25,37,39,7,vietlott_official,2026-09-24T03:07:48.954060+00:00,ds_aa8808303afa
00914,2023-08-05,22,34,40,47,49,51,44,vietlott_official,2026-09-24T03:07:47.956588+00:00,ds_aa8808303afa
00915,2023-08-08,5,6,19,20,40,45,47,vietlott_official,2026-09-24T03:07:47.956588+00:00,ds_aa8808303afa
00916,2023-08-10,4,14,31,42,47,49,43,vietlott_official,2026-09-24T03:07:47.956588+00:00,ds_aa8808303afa
00917,2023-08-12,13,24,39,43,45,52,8,vietlott_official,2026-09-24T03:07:47.956588+00:00,ds_aa8808303afa
00918,2023-08-15,5,12,25,39,40,53,52,vietlott_official,2026-09-24T03:07:47.956588+00:00,ds_aa8808303afa
00919,2023-08-17,1,5,25,32,51,52,54,vietlott_official,2026-09-24T03:07:47.956588+00:00,ds_aa8808303afa
00920,2023-08-19,7,9,13,22,27,42,23,vietlott_official,2026-09-24T03:07:47.956588+00:00,ds_aa8808303afa
00921,2023-08-22,2,3,6,34,35,36,31,vietlott_official,2026-09-24T03:07:47.956588+00:00,ds_aa8808303afa
00922,2023-08-24,1,10,20,41,42,50,39,vietlott_official,2026-09-24T03:07:46.977132+00:00,ds_aa8808303afa
00923,2023-08-26,5,8,24,38,50,51,47,vietlott_official,2026-09-24T03:07:46.977132+00:00,ds_aa8808303afa
00924,2023-08-29,1,8,20,25,35,53,54,vietlott_official,2026-09-24T03:07:46.977132+00:00,ds_aa8808303afa
00925,2023-08-31,23,33,37,43,45,46,29,vietlott_official,2026-09-24T03:07:46.977132+00:00,ds_aa8808303afa
00926,2023-09-02,12,15,32,44,46,51,48,vietlott_official,2026-09-24T03:07:46.977132+00:00,ds_aa8808303afa
00927,2023-09-05,2,6,19,29,34,48,39,vietlott_official,2026-09-24T03:07:46.977132+00:00,ds_aa8808303afa
00928,2023-09-07,1,4,36,42,45,54,32,vietlott_official,2026-09-24T03:07:46.977132+00:00,ds_aa8808303afa
00929,2023-09-09,13,20,32,37,43,49,40,vietlott_official,2026-09-24T03:07:46.977132+00:00,ds_aa8808303afa
00930,2023-09-12,26,31,32,39,45,55,28,vietlott_official,2026-09-24T03:07:45.942767+00:00,ds_aa8808303afa
00931,2023-09-14,6,10,20,22,50,52,34,vietlott_official,2026-09-24T03:07:45.942767+00:00,ds_aa8808303afa
00932,2023-09-16,25,27,42,51,54,55,45,vietlott_official,2026-09-24T03:07:45.942767+00:00,ds_aa8808303afa
00933,2023-09-19,17,29,35,40,51,52,23,vietlott_official,2026-09-24T03:07:45.942767+00:00,ds_aa8808303afa
00934,2023-09-21,16,26,33,34,41,43,53,vietlott_official,2026-09-24T03:07:45.942767+00:00,ds_aa8808303afa
00935,2023-09-23,20,27,36,43,45,47,35,vietlott_official,2026-09-24T03:07:45.942767+00:00,ds_aa8808303afa
00936,2023-09-26,14,20,24,27,41,44,23,vietlott_official,2026-09-24T03:07:45.942767+00:00,ds_aa8808303afa
00937,2023-09-28,4,23,36,45,47,50,22,vietlott_official,2026-09-24T03:07:45.942767+00:00,ds_aa8808303afa
00938,2023-09-30,3,13,19,30,38,44,51,vietlott_official,2026-09-24T03:07:44.939176+00:00,ds_aa8808303afa
00939,2023-10-03,3,15,27,29,37,48,55,vietlott_official,2026-09-24T03:07:44.939176+00:00,ds_aa8808303afa
00940,2023-10-05,1,21,33,46,47,53,9,vietlott_official,2026-09-24T03:07:44.939176+00:00,ds_aa8808303afa
00941,2023-10-07,4,13,36,40,43,52,34,vietlott_official,2026-09-24T03:07:44.939176+00:00,ds_aa8808303afa
00942,2023-10-10,6,23,26,37,44,46,33,vietlott_official,2026-09-24T03:07:44.939176+00:00,ds_aa8808303afa
00943,2023-10-12,5,8,9,20,36,50,35,vietlott_official,2026-09-24T03:07:44.939176+00:00,ds_aa8808303afa
00944,2023-10-14,8,23,30,34,38,47,10,vietlott_official,2026-09-24T03:07:44.939176+00:00,ds_aa8808303afa
00945,2023-10-17,13,22,33,41,46,47,9,vietlott_official,2026-09-24T03:07:44.939176+00:00,ds_aa8808303afa
00946,2023-10-19,1,23,29,37,51,55,54,vietlott_official,2026-09-24T03:07:43.929681+00:00,ds_aa8808303afa
00947,2023-10-21,11,16,24,34,47,52,15,vietlott_official,2026-09-24T03:07:43.929681+00:00,ds_aa8808303afa
00948,2023-10-24,12,20,26,33,40,44,24,vietlott_official,2026-09-24T03:07:43.929681+00:00,ds_aa8808303afa
00949,2023-10-26,14,22,32,37,43,48,42,vietlott_official,2026-09-24T03:07:43.929681+00:00,ds_aa8808303afa
00950,2023-10-28,11,14,25,44,46,47,10,vietlott_official,2026-09-24T03:07:43.929681+00:00,ds_aa8808303afa
00951,2023-10-31,10,16,17,28,37,42,43,vietlott_official,2026-09-24T03:07:43.929681+00:00,ds_aa8808303afa
00952,2023-11-02,9,15,17,21,26,36,13,vietlott_official,2026-09-24T03:07:43.929681+00:00,ds_aa8808303afa
00953,2023-11-04,14,35,37,47,48,50,43,vietlott_official,2026-09-24T03:07:43.929681+00:00,ds_aa8808303afa
00954,2023-11-07,12,18,20,28,35,52,25,vietlott_official,2026-09-24T03:07:42.980654+00:00,ds_aa8808303afa
00955,2023-11-09,8,17,24,34,39,48,44,vietlott_official,2026-09-24T03:07:42.980654+00:00,ds_aa8808303afa
00956,2023-11-11,2,3,4,19,41,42,23,vietlott_official,2026-09-24T03:07:42.980654+00:00,ds_aa8808303afa
00957,2023-11-14,4,9,12,15,22,38,40,vietlott_official,2026-09-24T03:07:42.980654+00:00,ds_aa8808303afa
00958,2023-11-16,3,5,10,18,44,49,28,vietlott_official,2026-09-24T03:07:42.980654+00:00,ds_aa8808303afa
00959,2023-11-18,1,7,10,14,28,29,2,vietlott_official,2026-09-24T03:07:42.980654+00:00,ds_aa8808303afa
00960,2023-11-21,3,7,16,37,39,51,9,vietlott_official,2026-09-24T03:07:42.980654+00:00,ds_aa8808303afa
00961,2023-11-23,4,6,26,33,52,55,15,vietlott_official,2026-09-24T03:07:42.980654+00:00,ds_aa8808303afa
00962,2023-11-25,7,9,10,17,25,53,49,vietlott_official,2026-09-24T03:07:42.008236+00:00,ds_aa8808303afa
00963,2023-11-28,10,24,47,48,52,55,28,vietlott_official,2026-09-24T03:07:42.008236+00:00,ds_aa8808303afa
00964,2023-11-30,9,13,21,28,50,54,51,vietlott_official,2026-09-24T03:07:42.008236+00:00,ds_aa8808303afa
00965,2023-12-02,1,10,20,37,48,51,54,vietlott_official,2026-09-24T03:07:42.008236+00:00,ds_aa8808303afa
00966,2023-12-05,2,4,19,32,35,39,49,vietlott_official,2026-09-24T03:07:42.008236+00:00,ds_aa8808303afa
00967,2023-12-07,9,13,28,33,50,53,47,vietlott_official,2026-09-24T03:07:42.008236+00:00,ds_aa8808303afa
00968,2023-12-09,6,9,26,27,34,47,41,vietlott_official,2026-09-24T03:07:42.008236+00:00,ds_aa8808303afa
00969,2023-12-12,6,7,16,21,34,50,31,vietlott_official,2026-09-24T03:07:42.008236+00:00,ds_aa8808303afa
00970,2023-12-14,1,12,23,43,48,52,30,vietlott_official,2026-09-24T03:07:40.976281+00:00,ds_aa8808303afa
00971,2023-12-16,13,15,21,26,34,35,45,vietlott_official,2026-09-24T03:07:40.976281+00:00,ds_aa8808303afa
00972,2023-12-19,11,14,15,24,34,53,18,vietlott_official,2026-09-24T03:07:40.976281+00:00,ds_aa8808303afa
00973,2023-12-21,9,31,39,41,47,48,3,vietlott_official,2026-09-24T03:07:40.976281+00:00,ds_aa8808303afa
00974,2023-12-23,22,32,39,46,48,49,43,vietlott_official,2026-09-24T03:07:40.976281+00:00,ds_aa8808303afa
00975,2023-12-26,10,14,17,27,29,40,25,vietlott_official,2026-09-24T03:07:40.976281+00:00,ds_aa8808303afa
00976,2023-12-28,20,28,30,40,45,52,32,vietlott_official,2026-09-24T03:07:40.976281+00:00,ds_aa8808303afa
00977,2023-12-30,9,17,29,32,38,52,2,vietlott_official,2026-09-24T03:07:40.976281+00:00,ds_aa8808303afa
00978,2024-01-02,2,5,18,31,37,45,20,vietlott_official,2026-09-24T03:07:39.974776+00:00,ds_aa8808303afa
00979,2024-01-04,7,34,37,43,52,54,28,vietlott_official,2026-09-24T03:07:39.974776+00:00,ds_aa8808303afa
00980,2024-01-06,15,17,21,24,34,46,11,vietlott_official,2026-09-24T03:07:39.974776+00:00,ds_aa8808303afa
00981,2024-01-09,16,32,45,50,52,53,54,vietlott_official,2026-09-24T03:07:39.974776+00:00,ds_aa8808303afa
00982,2024-01-11,2,23,32,44,51,52,28,vietlott_official,2026-09-24T03:07:39.974776+00:00,ds_aa8808303afa
00983,2024-01-13,1,5,7,23,35,42,21,vietlott_official,2026-09-24T03:07:39.974776+00:00,ds_aa8808303afa
00984,2024-01-16,9,14,18,20,27,43,42,vietlott_official,2026-09-24T03:07:39.974776+00:00,ds_aa8808303afa
00985,2024-01-18,12,20,33,38,40,52,35,vietlott_official,2026-09-24T03:07:39.974776+00:00,ds_aa8808303afa
00986,2024-01-20,6,25,29,34,49,54,38,vietlott_official,2026-09-24T03:07:39.289136+00:00,ds_aa8808303afa
00987,2024-01-23,13,27,32,48,49,51,23,vietlott_official,2026-09-24T03:07:39.289136+00:00,ds_aa8808303afa
00988,2024-01-25,13,17,35,38,42,48,7,vietlott_official,2026-09-24T03:07:39.289136+00:00,ds_aa8808303afa
00989,2024-01-27,6,12,38,41,46,55,13,vietlott_official,2026-09-24T03:07:39.289136+00:00,ds_aa8808303afa
00990,2024-01-30,3,10,13,40,49,52,9,vietlott_official,2026-09-24T03:07:39.289136+00:00,ds_aa8808303afa
00991,2024-02-01,2,7,10,22,32,40,39,vietlott_official,2026-09-24T03:07:39.289136+00:00,ds_aa8808303afa
00992,2024-02-03,4,6,7,13,18,26,49,vietlott_official,2026-09-24T03:07:39.289136+00:00,ds_aa8808303afa
00993,2024-02-06,8,19,27,34,46,51,24,vietlott_official,2026-09-24T03:07:39.289136+00:00,ds_aa8808303afa
00994,2024-02-08,22,31,35,36,38,42,11,vietlott_official,2026-09-24T03:07:38.001690+00:00,ds_aa8808303afa
00995,2024-02-13,8,17,22,31,34,49,18,vietlott_official,2026-09-24T03:07:38.001690+00:00,ds_aa8808303afa
00996,2024-02-15,3,7,8,18,21,26,19,vietlott_official,2026-09-24T03:07:38.001690+00:00,ds_aa8808303afa
00997,2024-02-17,8,12,17,27,38,55,47,vietlott_official,2026-09-24T03:07:38.001690+00:00,ds_aa8808303afa
00998,2024-02-20,34,46,50,51,52,55,5,vietlott_official,2026-09-24T03:07:38.001690+00:00,ds_aa8808303afa
00999,2024-02-22,8,19,24,31,35,55,1,vietlott_official,2026-09-24T03:07:38.001690+00:00,ds_aa8808303afa
01000,2024-02-24,1,3,22,27,38,40,26,vietlott_official,2026-09-24T03:07:38.001690+00:00,ds_aa8808303afa
01001,2024-02-27,1,4,6,8,24,35,53,vietlott_official,2026-09-24T03:07:38.001690+00:00,ds_aa8808303afa
01002,2024-02-29,4,11,20,38,52,53,33,vietlott_official,2026-09-24T03:07:37.005319+00:00,ds_aa8808303afa
01003,2024-03-02,1,19,21,31,50,55,37,vietlott_official,2026-09-24T03:07:37.005319+00:00,ds_aa8808303afa
01004,2024-03-05,12,19,21,23,28,54,31,vietlott_official,2026-09-24T03:07:37.005319+00:00,ds_aa8808303afa
01005,2024-03-07,13,20,33,47,53,54,19,vietlott_official,2026-09-24T03:07:37.005319+00:00,ds_aa8808303afa
01006,2024-03-09,11,13,22,36,46,49,37,vietlott_official,2026-09-24T03:07:37.005319+00:00,ds_aa8808303afa
01007,2024-03-12,11,14,18,20,22,43,16,vietlott_official,2026-09-24T03:07:37.005319+00:00,ds_aa8808303afa
01008,2024-03-14,21,25,26,29,41,51,39,vietlott_official,2026-09-24T03:07:37.005319+00:00,ds_aa8808303afa
01009,2024-03-16,8,36,42,43,44,55,54,vietlott_official,2026-09-24T03:07:37.005319+00:00,ds_aa8808303afa
01010,2024-03-19,6,25,39,45,46,55,26,vietlott_official,2026-09-24T03:07:36.028968+00:00,ds_aa8808303afa
01011,2024-03-21,12,13,41,48,49,53,43,vietlott_official,2026-09-24T03:07:36.028968+00:00,ds_aa8808303afa
01012,2024-03-23,3,10,13,30,40,52,4,vietlott_official,2026-09-24T03:07:36.028968+00:00,ds_aa8808303afa
01013,2024-03-26,1,8,13,16,38,44,47,vietlott_official,2026-09-24T03:07:36.028968+00:00,ds_aa8808303afa
01014,2024-03-28,1,7,18,26,38,49,21,vietlott_official,2026-09-24T03:07:36.028968+00:00,ds_aa8808303afa
01015,2024-03-30,14,17,27,38,54,55,23,vietlott_official,2026-09-24T03:07:36.028968+00:00,ds_aa8808303afa
01016,2024-04-02,1,12,18,20,51,52,37,vietlott_official,2026-09-24T03:07:36.028968+00:00,ds_aa8808303afa
01017,2024-04-04,3,8,12,25,47,48,15,vietlott_official,2026-09-24T03:07:36.028968+00:00,ds_aa8808303afa
01018,2024-04-06,9,13,20,30,39,54,23,vietlott_official,2026-09-24T03:07:35.008847+00:00,ds_aa8808303afa
01019,2024-04-09,4,12,27,44,46,51,22,vietlott_official,2026-09-24T03:07:35.008847+00:00,ds_aa8808303afa
01020,2024-04-11,3,6,15,25,33,43,55,vietlott_official,2026-09-24T03:07:35.008847+00:00,ds_aa8808303afa
01021,2024-04-13,29,36,37,38,40,42,46,vietlott_official,2026-09-24T03:07:35.008847+00:00,ds_aa8808303afa
01022,2024-04-16,3,5,32,40,46,50,37,vietlott_official,2026-09-24T03:07:35.008847+00:00,ds_aa8808303afa
01023,2024-04-18,1,21,23,33,43,54,28,vietlott_official,2026-09-24T03:07:35.008847+00:00,ds_aa8808303afa
01024,2024-04-20,2,6,35,43,45,47,14,vietlott_official,2026-09-24T03:07:35.008847+00:00,ds_aa8808303afa
01025,2024-04-23,1,34,39,40,49,53,9,vietlott_official,2026-09-24T03:07:35.008847+00:00,ds_aa8808303afa
01026,2024-04-25,13,19,27,38,41,54,46,vietlott_official,2026-09-24T03:07:33.925795+00:00,ds_aa8808303afa
01027,2024-04-27,7,12,38,43,48,55,8,vietlott_official,2026-09-24T03:07:33.925795+00:00,ds_aa8808303afa
01028,2024-04-30,13,16,26,46,49,54,8,vietlott_official,2026-09-24T03:07:33.925795+00:00,ds_aa8808303afa
01029,2024-05-02,30,32,33,36,42,48,18,vietlott_official,2026-09-24T03:07:33.925795+00:00,ds_aa8808303afa
01030,2024-05-04,5,27,35,45,49,55,18,vietlott_official,2026-09-24T03:07:33.925795+00:00,ds_aa8808303afa
01031,2024-05-07,21,26,35,41,44,52,13,vietlott_official,2026-09-24T03:07:33.925795+00:00,ds_aa8808303afa
01032,2024-05-09,3,16,21,36,37,40,31,vietlott_official,2026-09-24T03:07:33.925795+00:00,ds_aa8808303afa
01033,2024-05-11,19,23,25,43,46,54,42,vietlott_official,2026-09-24T03:07:33.925795+00:00,ds_aa8808303afa
01034,2024-05-14,5,17,36,40,46,50,1,vietlott_official,2026-09-24T03:07:33.012408+00:00,ds_aa8808303afa
01035,2024-05-16,20,25,27,39,45,55,44,vietlott_official,2026-09-24T03:07:33.012408+00:00,ds_aa8808303afa
01036,2024-05-18,12,18,20,25,27,52,44,vietlott_official,2026-09-24T03:07:33.012408+00:00,ds_aa8808303afa
01037,2024-05-21,1,2,14,32,33,41,4,vietlott_official,2026-09-24T03:07:33.012408+00:00,ds_aa8808303afa
01038,2024-05-23,8,12,42,47,51,52,36,vietlott_official,2026-09-24T03:07:33.012408+00:00,ds_aa8808303afa
01039,2024-05-25,15,22,38,39,43,53,20,vietlott_official,2026-09-24T03:07:33.012408+00:00,ds_aa8808303afa
01040,2024-05-28,1,25,29,37,40,54,50,vietlott_official,2026-09-24T03:07:33.012408+00:00,ds_aa8808303afa
01041,2024-05-30,4,7,8,12,23,31,45,vietlott_official,2026-09-24T03:07:33.012408+00:00,ds_aa8808303afa
01042,2024-06-01,6,24,30,31,47,49,1,vietlott_official,2026-09-24T03:07:31.996926+00:00,ds_aa8808303afa
01043,2024-06-04,1,2,7,10,13,19,24,vietlott_official,2026-09-24T03:07:31.996926+00:00,ds_aa8808303afa
01044,2024-06-06,18,26,38,39,47,51,55,vietlott_official,2026-09-24T03:07:31.996926+00:00,ds_aa8808303afa
01045,2024-06-08,13,16,32,33,35,43,42,vietlott_official,2026-09-24T03:07:31.996926+00:00,ds_aa8808303afa
01046,2024-06-11,13,16,21,30,32,39,53,vietlott_official,2026-09-24T03:07:31.996926+00:00,ds_aa8808303afa
01047,2024-06-13,8,39,45,47,49,51,16,vietlott_official,2026-09-24T03:07:31.996926+00:00,ds_aa8808303afa
01048,2024-06-15,5,10,14,20,26,51,36,vietlott_official,2026-09-24T03:07:31.996926+00:00,ds_aa8808303afa
01049,2024-06-18,20,23,27,36,38,44,52,vietlott_official,2026-09-24T03:07:31.996926+00:00,ds_aa8808303afa
01050,2024-06-20,1,10,29,34,43,55,49,vietlott_official,2026-09-24T03:07:31.578170+00:00,ds_aa8808303afa
01051,2024-06-22,17,25,31,35,41,42,36,vietlott_official,2026-09-24T03:07:31.578170+00:00,ds_aa8808303afa
01052,2024-06-25,1,5,9,13,18,27,8,vietlott_official,2026-09-24T03:07:31.578170+00:00,ds_aa8808303afa
01053,2024-06-27,7,21,22,41,43,46,32,vietlott_official,2026-09-24T03:07:31.578170+00:00,ds_aa8808303afa
01054,2024-06-29,11,15,32,34,46,48,47,vietlott_official,2026-09-24T03:07:31.578170+00:00,ds_aa8808303afa
01055,2024-07-02,7,8,50,52,53,54,2,vietlott_official,2026-09-24T03:07:31.578170+00:00,ds_aa8808303afa
01056,2024-07-04,10,19,20,29,34,41,8,vietlott_official,2026-09-24T03:07:31.578170+00:00,ds_aa8808303afa
01057,2024-07-06,8,10,12,22,25,55,52,vietlott_official,2026-09-24T03:07:31.578170+00:00,ds_aa8808303afa
01058,2024-07-09,6,8,9,28,33,53,10,vietlott_official,2026-09-24T03:07:30.140820+00:00,ds_aa8808303afa
01059,2024-07-11,1,2,11,21,22,23,26,vietlott_official,2026-09-24T03:07:30.140820+00:00,ds_aa8808303afa
01060,2024-07-13,2,12,13,33,44,52,34,vietlott_official,2026-09-24T03:07:30.140820+00:00,ds_aa8808303afa
01061,2024-07-16,20,31,34,36,47,52,2,vietlott_official,2026-09-24T03:07:30.140820+00:00,ds_aa8808303afa
01062,2024-07-18,10,13,28,35,40,42,2,vietlott_official,2026-09-24T03:07:30.140820+00:00,ds_aa8808303afa
01063,2024-07-20,12,18,32,40,51,53,28,vietlott_official,2026-09-24T03:07:30.140820+00:00,ds_aa8808303afa
01064,2024-07-23,34,39,40,42,54,55,30,vietlott_official,2026-09-24T03:07:30.140820+00:00,ds_aa8808303afa
01065,2024-07-25,12,17,21,25,33,40,39,vietlott_official,2026-09-24T03:07:30.140820+00:00,ds_aa8808303afa
01066,2024-07-27,18,23,25,37,39,40,35,vietlott_official,2026-09-24T03:07:29.200084+00:00,ds_aa8808303afa
01067,2024-07-30,2,6,22,23,38,51,32,vietlott_official,2026-09-24T03:07:29.200084+00:00,ds_aa8808303afa
01068,2024-08-01,9,17,21,48,53,55,29,vietlott_official,2026-09-24T03:07:29.200084+00:00,ds_aa8808303afa
01069,2024-08-03,7,20,34,36,41,46,16,vietlott_official,2026-09-24T03:07:29.200084+00:00,ds_aa8808303afa
01070,2024-08-06,22,34,44,46,54,55,14,vietlott_official,2026-09-24T03:07:29.200084+00:00,ds_aa8808303afa
01071,2024-08-08,1,7,42,43,48,51,29,vietlott_official,2026-09-24T03:07:29.200084+00:00,ds_aa8808303afa
01072,2024-08-10,10,23,32,37,48,55,14,vietlott_official,2026-09-24T03:07:29.200084+00:00,ds_aa8808303afa
01073,2024-08-13,9,26,40,44,45,50,27,vietlott_official,2026-09-24T03:07:29.200084+00:00,ds_aa8808303afa
01074,2024-08-15,8,16,20,30,34,43,46,vietlott_official,2026-09-24T03:07:28.068824+00:00,ds_aa8808303afa
01075,2024-08-17,4,28,35,38,39,45,5,vietlott_official,2026-09-24T03:07:28.068824+00:00,ds_aa8808303afa
01076,2024-08-20,5,24,26,27,29,54,6,vietlott_official,2026-09-24T03:07:28.068824+00:00,ds_aa8808303afa
01077,2024-08-22,11,18,20,32,41,46,33,vietlott_official,2026-09-24T03:07:28.068824+00:00,ds_aa8808303afa
01078,2024-08-24,2,17,20,21,22,23,38,vietlott_official,2026-09-24T03:07:28.068824+00:00,ds_aa8808303afa
01079,2024-08-27,5,6,29,31,37,48,2,vietlott_official,2026-09-24T03:07:28.068824+00:00,ds_aa8808303afa
01080,2024-08-29,8,11,21,29,38,55,12,vietlott_official,2026-09-24T03:07:28.068824+00:00,ds_aa8808303afa
01081,2024-08-31,24,33,38,40,42,51,28,vietlott_official,2026-09-24T03:07:28.068824+00:00,ds_aa8808303afa
01082,2024-09-03,8,10,11,14,38,48,41,vietlott_official,2026-09-24T03:07:27.737795+00:00,ds_aa8808303afa
01083,2024-09-05,15,20,23,29,34,46,1,vietlott_official,2026-09-24T03:07:27.737795+00:00,ds_aa8808303afa
01084,2024-09-07,5,11,20,39,46,53,37,vietlott_official,2026-09-24T03:07:27.737795+00:00,ds_aa8808303afa
01085,2024-09-10,15,23,37,38,45,49,30,vietlott_official,2026-09-24T03:07:27.737795+00:00,ds_aa8808303afa
01086,2024-09-12,3,8,31,36,39,47,38,vietlott_official,2026-09-24T03:07:27.737795+00:00,ds_aa8808303afa
01087,2024-09-14,2,12,25,32,51,54,34,vietlott_official,2026-09-24T03:07:27.737795+00:00,ds_aa8808303afa
01088,2024-09-17,14,32,34,41,47,54,48,vietlott_official,2026-09-24T03:07:27.737795+00:00,ds_aa8808303afa
01089,2024-09-19,4,9,22,24,45,54,48,vietlott_official,2026-09-24T03:07:27.737795+00:00,ds_aa8808303afa
01090,2024-09-21,3,8,9,22,26,55,11,vietlott_official,2026-09-24T03:07:17.592291+00:00,ds_aa8808303afa
01091,2024-09-24,1,6,11,17,24,31,43,vietlott_official,2026-09-24T03:07:17.592291+00:00,ds_aa8808303afa
01092,2024-09-26,3,18,29,39,41,49,46,vietlott_official,2026-09-24T03:07:17.592291+00:00,ds_aa8808303afa
01093,2024-09-28,2,11,13,32,41,48,15,vietlott_official,2026-09-24T03:07:17.592291+00:00,ds_aa8808303afa
01094,2024-10-01,3,18,22,41,43,44,12,vietlott_official,2026-09-24T03:07:17.592291+00:00,ds_aa8808303afa
01095,2024-10-03,18,21,34,40,42,53,25,vietlott_official,2026-09-24T03:07:17.592291+00:00,ds_aa8808303afa
01096,2024-10-05,2,10,17,27,50,52,18,vietlott_official,2026-09-24T03:07:17.592291+00:00,ds_aa8808303afa
01097,2024-10-08,3,7,14,17,48,50,40,vietlott_official,2026-09-24T03:07:17.592291+00:00,ds_aa8808303afa
01098,2024-10-10,4,5,6,29,32,44,53,vietlott_official,2026-09-24T03:07:16.592744+00:00,ds_aa8808303afa
01099,2024-10-12,29,34,35,38,50,51,37,vietlott_official,2026-09-24T03:07:16.592744+00:00,ds_aa8808303afa
01100,2024-10-15,4,25,41,42,46,52,33,vietlott_official,2026-09-24T03:07:16.592744+00:00,ds_aa8808303afa
01101,2024-10-17,11,14,15,26,38,41,25,vietlott_official,2026-09-24T03:07:16.592744+00:00,ds_aa8808303afa
01102,2024-10-19,9,22,31,39,43,51,19,vietlott_official,2026-09-24T03:07:16.592744+00:00,ds_aa8808303afa
01103,2024-10-22,15,21,23,26,31,43,35,vietlott_official,2026-09-24T03:07:16.592744+00:00,ds_aa8808303afa
01104,2024-10-24,5,17,31,39,46,53,3,vietlott_official,2026-09-24T03:07:16.592744+00:00,ds_aa8808303afa
01105,2024-10-26,5,19,27,29,42,47,40,vietlott_official,2026-09-24T03:07:16.592744+00:00,ds_aa8808303afa
01106,2024-10-29,14,17,19,28,47,51,55,vietlott_official,2026-09-24T03:07:15.604814+00:00,ds_aa8808303afa
01107,2024-10-31,5,16,20,29,30,31,39,vietlott_official,2026-09-24T03:07:15.604814+00:00,ds_aa8808303afa
01108,2024-11-02,2,9,19,20,34,54,26,vietlott_official,2026-09-24T03:07:15.604814+00:00,ds_aa8808303afa
01109,2024-11-05,9,31,36,46,49,54,7,vietlott_official,2026-09-24T03:07:15.604814+00:00,ds_aa8808303afa
01110,2024-11-07,6,9,33,39,50,51,43,vietlott_official,2026-09-24T03:07:15.604814+00:00,ds_aa8808303afa
01111,2024-11-09,11,14,24,26,34,51,40,vietlott_official,2026-09-24T03:07:15.604814+00:00,ds_aa8808303afa
01112,2024-11-12,1,21,29,35,41,45,20,vietlott_official,2026-09-24T03:07:15.604814+00:00,ds_aa8808303afa
01113,2024-11-14,12,25,37,40,49,52,31,vietlott_official,2026-09-24T03:07:15.604814+00:00,ds_aa8808303afa
01114,2024-11-16,16,22,33,37,39,51,54,vietlott_official,2026-09-24T03:07:14.652669+00:00,ds_aa8808303afa
01115,2024-11-19,6,10,17,34,41,48,31,vietlott_official,2026-09-24T03:07:14.652669+00:00,ds_aa8808303afa
01116,2024-11-21,15,22,31,40,42,51,26,vietlott_official,2026-09-24T03:07:14.652669+00:00,ds_aa8808303afa
01117,2024-11-23,4,12,25,39,48,51,45,vietlott_official,2026-09-24T03:07:14.652669+00:00,ds_aa8808303afa
01118,2024-11-26,8,11,16,32,40,43,12,vietlott_official,2026-09-24T03:07:14.652669+00:00,ds_aa8808303afa
01119,2024-11-28,1,16,24,28,38,53,9,vietlott_official,2026-09-24T03:07:14.652669+00:00,ds_aa8808303afa
01120,2024-11-30,1,20,24,26,38,41,36,vietlott_official,2026-09-24T03:07:14.652669+00:00,ds_aa8808303afa
01121,2024-12-03,10,19,33,39,47,54,16,vietlott_official,2026-09-24T03:07:14.652669+00:00,ds_aa8808303afa
01122,2024-12-05,16,21,29,41,42,47,9,vietlott_official,2026-09-24T03:07:13.670155+00:00,ds_aa8808303afa
01123,2024-12-07,16,17,22,24,29,37,54,vietlott_official,2026-09-24T03:07:13.670155+00:00,ds_aa8808303afa
01124,2024-12-10,11,15,26,45,52,55,36,vietlott_official,2026-09-24T03:07:13.670155+00:00,ds_aa8808303afa
01125,2024-12-12,1,9,12,18,37,44,11,vietlott_official,2026-09-24T03:07:13.670155+00:00,ds_aa8808303afa
01126,2024-12-14,3,10,19,20,21,24,7,vietlott_official,2026-09-24T03:07:13.670155+00:00,ds_aa8808303afa
01127,2024-12-17,2,14,27,30,53,54,16,vietlott_official,2026-09-24T03:07:13.670155+00:00,ds_aa8808303afa
01128,2024-12-19,13,16,32,39,49,51,11,vietlott_official,2026-09-24T03:07:13.670155+00:00,ds_aa8808303afa
01129,2024-12-21,4,16,29,30,35,51,48,vietlott_official,2026-09-24T03:07:13.670155+00:00,ds_aa8808303afa
01130,2024-12-24,17,20,27,32,44,51,33,vietlott_official,2026-09-24T03:07:12.594980+00:00,ds_aa8808303afa
01131,2024-12-26,6,18,33,38,41,48,16,vietlott_official,2026-09-24T03:07:12.594980+00:00,ds_aa8808303afa
01132,2024-12-28,6,19,36,42,53,55,39,vietlott_official,2026-09-24T03:07:12.594980+00:00,ds_aa8808303afa
01133,2024-12-31,8,13,29,36,42,43,28,vietlott_official,2026-09-24T03:07:12.594980+00:00,ds_aa8808303afa
01134,2025-01-02,4,10,18,22,41,45,50,vietlott_official,2026-09-24T03:07:12.594980+00:00,ds_aa8808303afa
01135,2025-01-04,4,10,30,36,40,53,51,vietlott_official,2026-09-24T03:07:12.594980+00:00,ds_aa8808303afa
01136,2025-01-07,4,5,9,16,22,39,30,vietlott_official,2026-09-24T03:07:12.594980+00:00,ds_aa8808303afa
01137,2025-01-09,18,21,31,39,50,53,13,vietlott_official,2026-09-24T03:07:12.594980+00:00,ds_aa8808303afa
01138,2025-01-11,10,25,26,29,37,46,14,vietlott_official,2026-09-24T03:07:11.650694+00:00,ds_aa8808303afa
01139,2025-01-14,3,11,12,24,33,40,46,vietlott_official,2026-09-24T03:07:11.650694+00:00,ds_aa8808303afa
01140,2025-01-16,8,16,34,37,47,50,23,vietlott_official,2026-09-24T03:07:11.650694+00:00,ds_aa8808303afa
01141,2025-01-18,1,3,26,31,37,41,51,vietlott_official,2026-09-24T03:07:11.650694+00:00,ds_aa8808303afa
01142,2025-01-21,11,18,22,28,51,52,53,vietlott_official,2026-09-24T03:07:11.650694+00:00,ds_aa8808303afa
01143,2025-01-23,11,18,22,49,50,51,37,vietlott_official,2026-09-24T03:07:11.650694+00:00,ds_aa8808303afa
01144,2025-01-25,14,21,40,42,48,51,19,vietlott_official,2026-09-24T03:07:11.650694+00:00,ds_aa8808303afa
01145,2025-01-30,5,8,24,28,34,52,39,vietlott_official,2026-09-24T03:07:11.650694+00:00,ds_aa8808303afa
01146,2025-02-01,1,20,34,38,45,47,49,vietlott_official,2026-09-24T03:07:10.625564+00:00,ds_aa8808303afa
01147,2025-02-04,7,17,29,51,52,55,41,vietlott_official,2026-09-24T03:07:10.625564+00:00,ds_aa8808303afa
01148,2025-02-06,1,11,31,43,48,54,19,vietlott_official,2026-09-24T03:07:10.625564+00:00,ds_aa8808303afa
01149,2025-02-08,11,22,28,44,48,49,23,vietlott_official,2026-09-24T03:07:10.625564+00:00,ds_aa8808303afa
01150,2025-02-11,1,9,18,21,35,40,44,vietlott_official,2026-09-24T03:07:10.625564+00:00,ds_aa8808303afa
01151,2025-02-13,2,8,23,26,42,47,7,vietlott_official,2026-09-24T03:07:10.625564+00:00,ds_aa8808303afa
01152,2025-02-15,22,37,38,47,51,55,31,vietlott_official,2026-09-24T03:07:10.625564+00:00,ds_aa8808303afa
01153,2025-02-18,12,13,30,38,40,47,42,vietlott_official,2026-09-24T03:07:10.625564+00:00,ds_aa8808303afa
01154,2025-02-20,13,17,20,27,36,54,47,vietlott_official,2026-09-24T03:07:09.607922+00:00,ds_aa8808303afa
01155,2025-02-22,1,2,7,22,23,46,50,vietlott_official,2026-09-24T03:07:09.607922+00:00,ds_aa8808303afa
01156,2025-02-25,1,7,11,24,29,30,48,vietlott_official,2026-09-24T03:07:09.607922+00:00,ds_aa8808303afa
01157,2025-02-27,5,9,21,31,43,53,11,vietlott_official,2026-09-24T03:07:09.607922+00:00,ds_aa8808303afa
01158,2025-03-01,15,17,34,37,39,45,41,vietlott_official,2026-09-24T03:07:09.607922+00:00,ds_aa8808303afa
01159,2025-03-04,5,14,27,43,45,53,47,vietlott_official,2026-09-24T03:07:09.607922+00:00,ds_aa8808303afa
01160,2025-03-06,5,10,21,26,43,51,15,vietlott_official,2026-09-24T03:07:09.607922+00:00,ds_aa8808303afa
01161,2025-03-08,10,38,41,43,45,48,8,vietlott_official,2026-09-24T03:07:09.607922+00:00,ds_aa8808303afa
01162,2025-03-11,1,16,18,30,31,44,34,vietlott_official,2026-09-24T03:07:08.603865+00:00,ds_aa8808303afa
01163,2025-03-13,7,13,21,43,52,53,17,vietlott_official,2026-09-24T03:07:08.603865+00:00,ds_aa8808303afa
01164,2025-03-15,1,34,39,40,42,50,25,vietlott_official,2026-09-24T03:07:08.603865+00:00,ds_aa8808303afa
01165,2025-03-18,2,8,29,30,50,55,27,vietlott_official,2026-09-24T03:07:08.603865+00:00,ds_aa8808303afa
01166,2025-03-20,11,13,24,28,36,41,37,vietlott_official,2026-09-24T03:07:08.603865+00:00,ds_aa8808303afa
01167,2025-03-22,2,23,42,50,52,54,44,vietlott_official,2026-09-24T03:07:08.603865+00:00,ds_aa8808303afa
01168,2025-03-25,14,23,29,30,35,40,17,vietlott_official,2026-09-24T03:07:08.603865+00:00,ds_aa8808303afa
01169,2025-03-27,13,25,32,36,41,53,29,vietlott_official,2026-09-24T03:07:08.603865+00:00,ds_aa8808303afa
01170,2025-03-29,14,19,21,24,26,48,39,vietlott_official,2026-09-24T03:07:07.591931+00:00,ds_aa8808303afa
01171,2025-04-01,14,15,29,33,39,47,4,vietlott_official,2026-09-24T03:07:07.591931+00:00,ds_aa8808303afa
01172,2025-04-03,24,26,34,42,50,51,30,vietlott_official,2026-09-24T03:07:07.591931+00:00,ds_aa8808303afa
01173,2025-04-05,13,23,29,32,41,42,9,vietlott_official,2026-09-24T03:07:07.591931+00:00,ds_aa8808303afa
01174,2025-04-08,3,7,34,41,43,53,31,vietlott_official,2026-09-24T03:07:07.591931+00:00,ds_aa8808303afa
01175,2025-04-10,10,13,36,37,40,43,41,vietlott_official,2026-09-24T03:07:07.591931+00:00,ds_aa8808303afa
01176,2025-04-12,3,14,19,37,42,55,23,vietlott_official,2026-09-24T03:07:07.591931+00:00,ds_aa8808303afa
01177,2025-04-15,8,23,24,27,42,49,20,vietlott_official,2026-09-24T03:07:07.591931+00:00,ds_aa8808303afa
01178,2025-04-17,1,17,20,38,41,52,14,vietlott_official,2026-09-24T03:07:06.654925+00:00,ds_aa8808303afa
01179,2025-04-19,5,11,15,32,42,49,43,vietlott_official,2026-09-24T03:07:06.654925+00:00,ds_aa8808303afa
01180,2025-04-22,10,25,37,40,41,48,32,vietlott_official,2026-09-24T03:07:06.654925+00:00,ds_aa8808303afa
01181,2025-04-24,1,2,15,39,40,47,24,vietlott_official,2026-09-24T03:07:06.654925+00:00,ds_aa8808303afa
01182,2025-04-26,3,15,16,31,48,52,21,vietlott_official,2026-09-24T03:07:06.654925+00:00,ds_aa8808303afa
01183,2025-04-29,14,15,18,23,28,33,29,vietlott_official,2026-09-24T03:07:06.654925+00:00,ds_aa8808303afa
01184,2025-05-01,3,17,19,41,45,50,43,vietlott_official,2026-09-24T03:07:06.654925+00:00,ds_aa8808303afa
01185,2025-05-03,15,19,21,26,42,47,38,vietlott_official,2026-09-24T03:07:06.654925+00:00,ds_aa8808303afa
01186,2025-05-06,12,16,25,28,30,39,5,vietlott_official,2026-09-24T03:07:06.413157+00:00,ds_aa8808303afa
01187,2025-05-08,8,14,29,37,39,50,21,vietlott_official,2026-09-24T03:07:06.413157+00:00,ds_aa8808303afa
01188,2025-05-10,7,16,19,28,34,51,15,vietlott_official,2026-09-24T03:07:06.413157+00:00,ds_aa8808303afa
01189,2025-05-13,3,7,24,39,54,55,42,vietlott_official,2026-09-24T03:07:06.413157+00:00,ds_aa8808303afa
01190,2025-05-15,6,9,13,44,49,54,47,vietlott_official,2026-09-24T03:07:06.413157+00:00,ds_aa8808303afa
01191,2025-05-17,2,7,26,29,41,50,43,vietlott_official,2026-09-24T03:07:06.413157+00:00,ds_aa8808303afa
01192,2025-05-20,19,27,44,45,47,52,15,vietlott_official,2026-09-24T03:07:06.413157+00:00,ds_aa8808303afa
01193,2025-05-22,3,9,14,41,47,55,22,vietlott_official,2026-09-24T03:07:06.413157+00:00,ds_aa8808303afa
01194,2025-05-24,19,20,27,30,45,55,15,vietlott_official,2026-09-24T03:07:04.580937+00:00,ds_aa8808303afa
01195,2025-05-27,4,12,18,19,44,48,42,vietlott_official,2026-09-24T03:07:04.580937+00:00,ds_aa8808303afa
01196,2025-05-29,9,37,42,45,46,50,14,vietlott_official,2026-09-24T03:07:04.580937+00:00,ds_aa8808303afa
01197,2025-05-31,6,24,41,45,49,55,8,vietlott_official,2026-09-24T03:07:04.580937+00:00,ds_aa8808303afa
01198,2025-06-03,2,11,14,16,27,38,51,vietlott_official,2026-09-24T03:07:04.580937+00:00,ds_aa8808303afa
01199,2025-06-05,14,21,33,37,46,49,34,vietlott_official,2026-09-24T03:07:04.580937+00:00,ds_aa8808303afa
01200,2025-06-07,12,17,21,46,48,52,45,vietlott_official,2026-09-24T03:07:04.580937+00:00,ds_aa8808303afa
01201,2025-06-10,3,6,21,29,40,41,37,vietlott_official,2026-09-24T03:07:04.580937+00:00,ds_aa8808303afa
01202,2025-06-12,6,8,16,18,34,44,17,vietlott_official,2026-09-24T03:07:03.521491+00:00,ds_aa8808303afa
01203,2025-06-14,11,12,22,26,41,47,24,vietlott_official,2026-09-24T03:07:03.521491+00:00,ds_aa8808303afa
01204,2025-06-17,7,13,18,22,32,44,43,vietlott_official,2026-09-24T03:07:03.521491+00:00,ds_aa8808303afa
01205,2025-06-19,3,5,9,10,16,47,34,vietlott_official,2026-09-24T03:07:03.521491+00:00,ds_aa8808303afa
01206,2025-06-21,6,10,15,43,44,53,32,vietlott_official,2026-09-24T03:07:03.521491+00:00,ds_aa8808303afa
01207,2025-06-24,3,9,18,20,30,53,48,vietlott_official,2026-09-24T03:07:03.521491+00:00,ds_aa8808303afa
01208,2025-06-26,1,14,16,27,40,51,2,vietlott_official,2026-09-24T03:07:03.521491+00:00,ds_aa8808303afa
01209,2025-06-28,8,11,13,20,45,50,25,vietlott_official,2026-09-24T03:07:03.521491+00:00,ds_aa8808303afa
01210,2025-07-01,3,11,12,14,27,33,15,vietlott_official,2026-09-24T03:07:02.545813+00:00,ds_aa8808303afa
01211,2025-07-03,18,19,29,31,45,54,27,vietlott_official,2026-09-24T03:07:02.545813+00:00,ds_aa8808303afa
01212,2025-07-05,3,15,22,45,51,55,54,vietlott_official,2026-09-24T03:07:02.545813+00:00,ds_aa8808303afa
01213,2025-07-08,23,24,32,42,48,50,31,vietlott_official,2026-09-24T03:07:02.545813+00:00,ds_aa8808303afa
01214,2025-07-10,12,33,34,42,44,53,3,vietlott_official,2026-09-24T03:07:02.545813+00:00,ds_aa8808303afa
01215,2025-07-12,2,34,39,41,45,52,51,vietlott_official,2026-09-24T03:07:02.545813+00:00,ds_aa8808303afa
01216,2025-07-15,18,26,31,32,36,48,30,vietlott_official,2026-09-24T03:07:02.545813+00:00,ds_aa8808303afa
01217,2025-07-17,13,18,33,40,48,53,54,vietlott_official,2026-09-24T03:07:02.545813+00:00,ds_aa8808303afa
01218,2025-07-19,8,9,20,36,39,44,28,vietlott_official,2026-09-24T03:07:01.557771+00:00,ds_aa8808303afa
01219,2025-07-22,9,10,15,28,33,44,22,vietlott_official,2026-09-24T03:07:01.557771+00:00,ds_aa8808303afa
01220,2025-07-24,5,10,24,29,30,34,45,vietlott_official,2026-09-24T03:07:01.557771+00:00,ds_aa8808303afa
01221,2025-07-26,5,26,28,29,33,54,34,vietlott_official,2026-09-24T03:07:01.557771+00:00,ds_aa8808303afa
01222,2025-07-29,4,8,23,43,45,51,48,vietlott_official,2026-09-24T03:07:01.557771+00:00,ds_aa8808303afa
01223,2025-07-31,5,17,31,42,46,49,37,vietlott_official,2026-09-24T03:07:01.557771+00:00,ds_aa8808303afa
01224,2025-08-02,12,24,29,33,34,35,47,vietlott_official,2026-09-24T03:07:01.557771+00:00,ds_aa8808303afa
01225,2025-08-05,8,41,45,51,52,53,31,vietlott_official,2026-09-24T03:07:01.557771+00:00,ds_aa8808303afa
01226,2025-08-07,6,24,31,32,39,48,52,vietlott_official,2026-09-24T03:07:00.571216+00:00,ds_aa8808303afa
01227,2025-08-09,5,9,16,36,43,51,19,vietlott_official,2026-09-24T03:07:00.571216+00:00,ds_aa8808303afa
01228,2025-08-12,1,6,24,37,40,55,10,vietlott_official,2026-09-24T03:07:00.571216+00:00,ds_aa8808303afa
01229,2025-08-14,6,10,17,18,32,35,53,vietlott_official,2026-09-24T03:07:00.571216+00:00,ds_aa8808303afa
01230,2025-08-16,14,23,32,36,47,48,5,vietlott_official,2026-09-24T03:07:00.571216+00:00,ds_aa8808303afa
01231,2025-08-19,1,14,31,34,36,47,45,vietlott_official,2026-09-24T03:07:00.571216+00:00,ds_aa8808303afa
01232,2025-08-21,5,9,17,35,40,41,44,vietlott_official,2026-09-24T03:07:00.571216+00:00,ds_aa8808303afa
01233,2025-08-23,1,9,26,34,44,50,52,vietlott_official,2026-09-24T03:07:00.571216+00:00,ds_aa8808303afa
01234,2025-08-26,22,30,38,44,48,55,5,vietlott_official,2026-09-24T03:07:00.345870+00:00,ds_aa8808303afa
01235,2025-08-28,6,13,28,30,35,52,50,vietlott_official,2026-09-24T03:07:00.345870+00:00,ds_aa8808303afa
01236,2025-08-30,2,17,19,24,30,44,34,vietlott_official,2026-09-24T03:07:00.345870+00:00,ds_aa8808303afa
01237,2025-09-02,9,16,22,25,30,51,43,vietlott_official,2026-09-24T03:07:00.345870+00:00,ds_aa8808303afa
01238,2025-09-04,9,19,23,42,49,53,40,vietlott_official,2026-09-24T03:07:00.345870+00:00,ds_aa8808303afa
01239,2025-09-06,9,11,19,22,34,43,31,vietlott_official,2026-09-24T03:07:00.345870+00:00,ds_aa8808303afa
01240,2025-09-09,16,20,21,31,40,52,2,vietlott_official,2026-09-24T03:07:00.345870+00:00,ds_aa8808303afa
01241,2025-09-11,6,16,46,49,51,55,42,vietlott_official,2026-09-24T03:07:00.345870+00:00,ds_aa8808303afa
01242,2025-09-13,2,7,15,18,24,27,45,vietlott_official,2026-09-24T03:06:54.939683+00:00,ds_aa8808303afa
01243,2025-09-16,17,19,28,39,43,53,33,vietlott_official,2026-09-24T03:06:54.939683+00:00,ds_aa8808303afa
01244,2025-09-18,2,3,8,27,38,55,20,vietlott_official,2026-09-24T03:06:54.939683+00:00,ds_aa8808303afa
01245,2025-09-20,8,13,14,19,36,43,30,vietlott_official,2026-09-24T03:06:54.939683+00:00,ds_aa8808303afa
01246,2025-09-23,8,18,19,34,41,46,38,vietlott_official,2026-09-24T03:06:54.939683+00:00,ds_aa8808303afa
01247,2025-09-25,5,17,30,31,38,53,8,vietlott_official,2026-09-24T03:06:54.939683+00:00,ds_aa8808303afa
01248,2025-09-27,8,13,19,24,39,46,1,vietlott_official,2026-09-24T03:06:54.939683+00:00,ds_aa8808303afa
01249,2025-09-30,17,23,34,39,46,52,8,vietlott_official,2026-09-24T03:06:54.939683+00:00,ds_aa8808303afa
01250,2025-10-02,1,2,20,24,27,42,43,vietlott_official,2026-09-24T03:06:49.717614+00:00,ds_aa8808303afa
01251,2025-10-04,22,33,35,36,38,40,7,vietlott_official,2026-09-24T03:06:49.717614+00:00,ds_aa8808303afa
01252,2025-10-07,19,22,35,37,43,45,29,vietlott_official,2026-09-24T03:06:49.717614+00:00,ds_aa8808303afa
01253,2025-10-09,7,11,21,22,39,42,40,vietlott_official,2026-09-24T03:06:49.717614+00:00,ds_aa8808303afa
01254,2025-10-11,3,7,26,43,44,46,25,vietlott_official,2026-09-24T03:06:49.717614+00:00,ds_aa8808303afa
01255,2025-10-14,8,9,16,26,37,55,12,vietlott_official,2026-09-24T03:06:49.717614+00:00,ds_aa8808303afa
01256,2025-10-16,14,15,24,26,27,45,36,vietlott_official,2026-09-24T03:06:49.717614+00:00,ds_aa8808303afa
01257,2025-10-18,5,16,19,21,38,43,50,vietlott_official,2026-09-24T03:06:49.717614+00:00,ds_aa8808303afa
01258,2025-10-21,3,11,12,14,22,40,41,vietlott_official,2026-09-24T03:06:48.725039+00:00,ds_aa8808303afa
01259,2025-10-23,8,10,21,48,49,50,40,vietlott_official,2026-09-24T03:06:48.725039+00:00,ds_aa8808303afa
01260,2025-10-25,3,5,11,13,24,27,45,vietlott_official,2026-09-24T03:06:48.725039+00:00,ds_aa8808303afa
01261,2025-10-28,6,8,10,22,25,54,9,vietlott_official,2026-09-24T03:06:48.725039+00:00,ds_aa8808303afa
01262,2025-10-30,20,23,35,41,47,55,37,vietlott_official,2026-09-24T03:06:48.725039+00:00,ds_aa8808303afa
01263,2025-11-01,7,11,28,29,31,33,8,vietlott_official,2026-09-24T03:06:48.725039+00:00,ds_aa8808303afa
01264,2025-11-04,15,27,29,31,36,43,38,vietlott_official,2026-09-24T03:06:48.725039+00:00,ds_aa8808303afa
01265,2025-11-06,16,20,29,33,36,49,6,vietlott_official,2026-09-24T03:06:48.725039+00:00,ds_aa8808303afa
01266,2025-11-08,14,16,19,22,27,44,18,vietlott_official,2026-09-24T03:06:47.707843+00:00,ds_aa8808303afa
01267,2025-11-11,11,20,28,41,47,54,31,vietlott_official,2026-09-24T03:06:47.707843+00:00,ds_aa8808303afa
01268,2025-11-13,1,15,30,38,40,43,13,vietlott_official,2026-09-24T03:06:47.707843+00:00,ds_aa8808303afa
01269,2025-11-15,2,30,33,35,42,54,45,vietlott_official,2026-09-24T03:06:47.707843+00:00,ds_aa8808303afa
01270,2025-11-18,7,12,18,22,30,49,5,vietlott_official,2026-09-24T03:06:47.707843+00:00,ds_aa8808303afa
01271,2025-11-20,3,12,19,20,31,42,13,vietlott_official,2026-09-24T03:06:47.707843+00:00,ds_aa8808303afa
01272,2025-11-22,8,10,19,29,34,46,14,vietlott_official,2026-09-24T03:06:47.707843+00:00,ds_aa8808303afa
01273,2025-11-25,23,31,32,42,46,48,4,vietlott_official,2026-09-24T03:06:47.707843+00:00,ds_aa8808303afa
01274,2025-11-27,4,5,10,11,28,35,38,vietlott_official,2026-09-24T03:06:46.726342+00:00,ds_aa8808303afa
01275,2025-11-29,4,20,24,27,40,48,9,vietlott_official,2026-09-24T03:06:46.726342+00:00,ds_aa8808303afa
01276,2025-12-02,16,20,24,36,51,54,10,vietlott_official,2026-09-24T03:06:46.726342+00:00,ds_aa8808303afa
01277,2025-12-04,10,29,32,33,44,53,14,vietlott_official,2026-09-24T03:06:46.726342+00:00,ds_aa8808303afa
01278,2025-12-06,12,26,34,37,50,52,15,vietlott_official,2026-09-24T03:06:46.726342+00:00,ds_aa8808303afa
01279,2025-12-09,14,21,26,27,31,43,42,vietlott_official,2026-09-24T03:06:46.726342+00:00,ds_aa8808303afa
01280,2025-12-11,9,13,21,45,48,55,38,vietlott_official,2026-09-24T03:06:46.726342+00:00,ds_aa8808303afa
01281,2025-12-13,5,8,12,18,20,38,52,vietlott_official,2026-09-24T03:06:46.726342+00:00,ds_aa8808303afa
01282,2025-12-16,7,36,37,38,52,55,46,vietlott_official,2026-09-24T03:06:45.742346+00:00,ds_aa8808303afa
01283,2025-12-18,12,14,29,30,39,55,50,vietlott_official,2026-09-24T03:06:45.742346+00:00,ds_aa8808303afa
01284,2025-12-20,22,32,33,35,40,41,23,vietlott_official,2026-09-24T03:06:45.742346+00:00,ds_aa8808303afa
01285,2025-12-23,2,10,16,25,32,38,3,vietlott_official,2026-09-24T03:06:45.742346+00:00,ds_aa8808303afa
01286,2025-12-25,4,6,32,37,40,48,38,vietlott_official,2026-09-24T03:06:45.742346+00:00,ds_aa8808303afa
01287,2025-12-27,16,21,30,37,39,40,13,vietlott_official,2026-09-24T03:06:45.742346+00:00,ds_aa8808303afa
01288,2025-12-30,11,30,35,41,48,55,38,vietlott_official,2026-09-24T03:06:45.742346+00:00,ds_aa8808303afa
01289,2026-01-01,5,16,29,33,39,42,54,vietlott_official,2026-09-24T03:06:45.742346+00:00,ds_aa8808303afa
01290,2026-01-03,10,16,17,23,33,36,42,vietlott_official,2026-09-24T03:06:44.719730+00:00,ds_aa8808303afa
01291,2026-01-06,22,28,29,30,34,47,20,vietlott_official,2026-09-24T03:06:44.719730+00:00,ds_aa8808303afa
01292,2026-01-08,20,22,36,43,45,50,47,vietlott_official,2026-09-24T03:06:44.719730+00:00,ds_aa8808303afa
01293,2026-01-10,9,16,30,33,34,38,49,vietlott_official,2026-09-24T03:06:44.719730+00:00,ds_aa8808303afa
01294,2026-01-13,3,12,25,51,52,55,43,vietlott_official,2026-09-24T03:06:44.719730+00:00,ds_aa8808303afa
01295,2026-01-15,13,21,31,34,48,55,27,vietlott_official,2026-09-24T03:06:44.719730+00:00,ds_aa8808303afa
01296,2026-01-17,14,21,23,25,46,48,54,vietlott_official,2026-09-24T03:06:44.719730+00:00,ds_aa8808303afa
01297,2026-01-20,4,20,26,28,37,41,32,vietlott_official,2026-09-24T03:06:44.719730+00:00,ds_aa8808303afa
01298,2026-01-22,2,20,21,29,36,50,5,vietlott_official,2026-09-24T03:06:43.725141+00:00,ds_aa8808303afa
01299,2026-01-24,14,24,25,30,35,53,18,vietlott_official,2026-09-24T03:06:43.725141+00:00,ds_aa8808303afa
01300,2026-01-27,13,22,32,42,53,54,29,vietlott_official,2026-09-24T03:06:43.725141+00:00,ds_aa8808303afa
01301,2026-01-29,11,15,22,32,34,54,28,vietlott_official,2026-09-24T03:06:43.725141+00:00,ds_aa8808303afa
01302,2026-01-31,10,11,14,17,49,53,4,vietlott_official,2026-09-24T03:06:43.725141+00:00,ds_aa8808303afa
01303,2026-02-03,12,15,18,22,48,53,45,vietlott_official,2026-09-24T03:06:43.725141+00:00,ds_aa8808303afa
01304,2026-02-05,7,13,16,25,26,55,9,vietlott_official,2026-09-24T03:06:43.725141+00:00,ds_aa8808303afa
01305,2026-02-07,3,5,13,15,29,46,1,vietlott_official,2026-09-24T03:06:43.725141+00:00,ds_aa8808303afa
01306,2026-02-10,13,21,22,26,32,55,20,vietlott_official,2026-09-24T03:06:42.742663+00:00,ds_aa8808303afa
01307,2026-02-12,8,17,19,31,32,46,26,vietlott_official,2026-09-24T03:06:42.742663+00:00,ds_aa8808303afa
01308,2026-02-14,2,13,26,32,36,42,48,vietlott_official,2026-09-24T03:06:42.742663+00:00,ds_aa8808303afa
01309,2026-02-19,1,27,30,43,45,46,48,vietlott_official,2026-09-24T03:06:42.742663+00:00,ds_aa8808303afa
01310,2026-02-21,5,7,26,30,41,45,12,vietlott_official,2026-09-24T03:06:42.742663+00:00,ds_aa8808303afa
01311,2026-02-24,5,8,18,30,39,54,51,vietlott_official,2026-09-24T03:06:42.742663+00:00,ds_aa8808303afa
01312,2026-02-26,1,7,10,21,44,51,46,vietlott_official,2026-09-24T03:06:42.742663+00:00,ds_aa8808303afa
01313,2026-02-28,22,25,31,44,51,54,36,vietlott_official,2026-09-24T03:06:42.742663+00:00,ds_aa8808303afa
01314,2026-03-03,7,13,27,29,43,50,25,vietlott_official,2026-09-24T03:06:41.755857+00:00,ds_aa8808303afa
01315,2026-03-05,14,16,35,38,43,51,37,vietlott_official,2026-09-24T03:06:41.755857+00:00,ds_aa8808303afa
01316,2026-03-07,4,32,41,45,50,52,29,vietlott_official,2026-09-24T03:06:41.755857+00:00,ds_aa8808303afa
01317,2026-03-10,3,26,31,39,47,54,20,vietlott_official,2026-09-24T03:06:41.755857+00:00,ds_aa8808303afa
01318,2026-03-12,12,28,36,40,53,55,54,vietlott_official,2026-09-24T03:06:41.755857+00:00,ds_aa8808303afa
01319,2026-03-14,7,16,27,29,47,52,26,vietlott_official,2026-09-24T03:06:41.755857+00:00,ds_aa8808303afa
01320,2026-03-17,12,26,28,43,50,54,52,vietlott_official,2026-09-24T03:06:41.755857+00:00,ds_aa8808303afa
01321,2026-03-19,7,9,17,31,34,36,55,vietlott_official,2026-09-24T03:06:41.755857+00:00,ds_aa8808303afa
01322,2026-03-21,1,6,40,43,47,53,3,vietlott_official,2026-09-24T03:06:40.706122+00:00,ds_aa8808303afa
01323,2026-03-24,12,19,25,26,32,45,3,vietlott_official,2026-09-24T03:06:40.706122+00:00,ds_aa8808303afa
01324,2026-03-26,3,9,10,34,38,44,51,vietlott_official,2026-09-24T03:06:40.706122+00:00,ds_aa8808303afa
01325,2026-03-28,7,13,21,30,33,42,39,vietlott_official,2026-09-24T03:06:40.706122+00:00,ds_aa8808303afa
01326,2026-03-31,15,16,22,38,43,48,11,vietlott_official,2026-09-24T03:06:40.706122+00:00,ds_aa8808303afa
01327,2026-04-02,9,21,32,34,52,53,22,vietlott_official,2026-09-24T03:06:40.706122+00:00,ds_aa8808303afa
01328,2026-04-04,5,7,10,23,30,54,40,vietlott_official,2026-09-24T03:06:40.706122+00:00,ds_aa8808303afa
01329,2026-04-07,1,13,23,31,44,53,32,vietlott_official,2026-09-24T03:06:40.706122+00:00,ds_aa8808303afa
01330,2026-04-09,16,18,22,29,41,53,38,vietlott_official,2026-09-24T03:06:39.726752+00:00,ds_aa8808303afa
01331,2026-04-11,13,26,29,38,49,53,7,vietlott_official,2026-09-24T03:06:39.726752+00:00,ds_aa8808303afa
01332,2026-04-14,8,16,22,35,39,47,28,vietlott_official,2026-09-24T03:06:39.726752+00:00,ds_aa8808303afa
01333,2026-04-16,2,7,15,22,47,52,55,vietlott_official,2026-09-24T03:06:39.726752+00:00,ds_aa8808303afa
01334,2026-04-18,9,19,20,28,37,39,24,vietlott_official,2026-09-24T03:06:39.726752+00:00,ds_aa8808303afa
01335,2026-04-21,8,30,36,39,50,53,15,vietlott_official,2026-09-24T03:06:39.726752+00:00,ds_aa8808303afa
01336,2026-04-23,5,16,17,22,33,53,55,vietlott_official,2026-09-24T03:06:39.726752+00:00,ds_aa8808303afa
01337,2026-04-25,4,7,10,29,41,46,43,vietlott_official,2026-09-24T03:06:39.726752+00:00,ds_aa8808303afa
01338,2026-04-28,24,25,34,51,52,53,35,vietlott_official,2026-09-24T03:06:38.683997+00:00,ds_aa8808303afa
01339,2026-04-30,9,15,21,25,29,50,16,vietlott_official,2026-09-24T03:06:38.683997+00:00,ds_aa8808303afa
01340,2026-05-02,9,21,22,26,33,51,17,vietlott_official,2026-09-24T03:06:38.683997+00:00,ds_aa8808303afa
01341,2026-05-05,4,6,8,17,30,50,32,vietlott_official,2026-09-24T03:06:38.683997+00:00,ds_aa8808303afa
01342,2026-05-07,13,14,33,44,46,50,47,vietlott_official,2026-09-24T03:06:38.683997+00:00,ds_aa8808303afa
01343,2026-05-09,3,10,32,37,45,55,46,vietlott_official,2026-09-24T03:06:38.683997+00:00,ds_aa8808303afa
01344,2026-05-12,2,11,22,26,31,38,15,vietlott_official,2026-09-24T03:06:38.683997+00:00,ds_aa8808303afa
01345,2026-05-14,26,28,39,41,48,55,50,vietlott_official,2026-09-24T03:06:38.683997+00:00,ds_aa8808303afa
01346,2026-05-16,8,25,32,36,39,47,50,vietlott_official,2026-09-24T03:06:38.511779+00:00,ds_aa8808303afa
01347,2026-05-19,12,39,40,45,48,53,21,vietlott_official,2026-09-24T03:06:38.511779+00:00,ds_aa8808303afa
01348,2026-05-21,16,18,20,28,32,34,40,vietlott_official,2026-09-24T03:06:38.511779+00:00,ds_aa8808303afa
01349,2026-05-23,17,21,22,27,38,49,3,vietlott_official,2026-09-24T03:06:38.511779+00:00,ds_aa8808303afa
01350,2026-05-26,1,14,15,19,23,34,29,vietlott_official,2026-09-24T03:06:38.511779+00:00,ds_aa8808303afa
01351,2026-05-28,8,11,21,25,31,53,54,vietlott_official,2026-09-24T03:06:38.511779+00:00,ds_aa8808303afa
01352,2026-05-30,2,8,20,24,25,42,44,vietlott_official,2026-09-24T03:06:38.511779+00:00,ds_aa8808303afa
01353,2026-06-02,1,3,5,16,37,51,42,vietlott_official,2026-09-24T03:06:38.511779+00:00,ds_aa8808303afa
01354,2026-06-04,23,24,28,29,39,43,45,vietlott_official,2026-09-24T03:06:34.440368+00:00,ds_aa8808303afa
01355,2026-06-06,3,11,16,37,39,41,28,vietlott_official,2026-09-24T03:06:34.440368+00:00,ds_aa8808303afa
01356,2026-06-09,6,8,18,27,32,34,35,vietlott_official,2026-09-24T03:06:34.440368+00:00,ds_aa8808303afa
01357,2026-06-11,1,8,17,24,40,48,46,vietlott_official,2026-09-24T03:06:34.440368+00:00,ds_aa8808303afa
01358,2026-06-13,2,8,19,33,36,47,42,vietlott_official,2026-09-24T03:06:34.440368+00:00,ds_aa8808303afa
01359,2026-06-16,2,4,5,7,31,40,14,vietlott_official,2026-09-24T03:06:34.440368+00:00,ds_aa8808303afa
01360,2026-06-18,1,4,14,20,46,49,36,vietlott_official,2026-09-24T03:06:34.440368+00:00,ds_aa8808303afa
01361,2026-06-20,16,23,26,30,52,53,46,vietlott_official,2026-09-24T03:06:34.440368+00:00,ds_aa8808303afa
01362,2026-06-23,1,13,28,38,40,46,5,vietlott_official,2026-09-24T03:06:33.556255+00:00,ds_aa8808303afa
01363,2026-06-25,1,3,8,15,35,55,23,vietlott_official,2026-09-24T03:06:33.556255+00:00,ds_aa8808303afa
01364,2026-06-27,7,16,21,23,28,52,54,vietlott_official,2026-09-24T03:06:33.556255+00:00,ds_aa8808303afa
01365,2026-06-30,5,13,18,22,43,44,47,vietlott_official,2026-09-24T03:06:33.556255+00:00,ds_aa8808303afa
01366,2026-07-02,5,11,28,34,41,42,49,vietlott_official,2026-09-24T03:06:33.556255+00:00,ds_aa8808303afa
01367,2026-07-04,13,15,18,23,31,43,41,vietlott_official,2026-09-24T03:06:33.556255+00:00,ds_aa8808303afa
01368,2026-07-07,4,6,25,32,33,44,8,vietlott_official,2026-09-24T03:06:33.556255+00:00,ds_aa8808303afa
01369,2026-07-09,2,9,10,14,17,49,45,vietlott_official,2026-09-24T03:06:33.556255+00:00,ds_aa8808303afa
01370,2026-07-11,9,17,20,33,41,42,40,vietlott_official,2026-09-24T03:06:32.485799+00:00,ds_aa8808303afa
01371,2026-07-14,10,24,30,35,45,51,33,vietlott_official,2026-09-24T03:06:32.485799+00:00,ds_aa8808303afa
01372,2026-07-16,19,20,33,45,48,53,21,vietlott_official,2026-09-24T03:06:32.485799+00:00,ds_aa8808303afa
01373,2026-07-18,22,41,45,48,54,55,16,vietlott_official,2026-09-24T03:06:32.485799+00:00,ds_aa8808303afa
01374,2026-07-21,8,11,22,24,32,39,13,vietlott_official,2026-09-24T03:06:32.485799+00:00,ds_aa8808303afa
01375,2026-07-23,1,3,8,38,40,55,36,vietlott_official,2026-09-24T03:06:32.485799+00:00,ds_aa8808303afa
01376,2026-07-25,5,9,27,33,37,50,48,vietlott_official,2026-09-24T03:06:32.485799+00:00,ds_aa8808303afa
01377,2026-07-28,7,22,23,27,41,44,48,vietlott_official,2026-09-24T03:06:32.485799+00:00,ds_aa8808303afa
01378,2026-07-30,2,12,24,28,43,49,51,vietlott_official,2026-09-24T03:06:31.453310+00:00,ds_aa8808303afa
01379,2026-08-01,11,14,16,44,49,55,39,vietlott_official,2026-09-24T03:06:31.453310+00:00,ds_aa8808303afa
01380,2026-08-04,14,39,40,42,47,54,31,vietlott_official,2026-09-24T03:06:31.453310+00:00,ds_aa8808303afa
01381,2026-08-06,14,18,23,35,51,55,1,vietlott_official,2026-09-24T03:06:31.453310+00:00,ds_aa8808303afa
01382,2026-08-08,5,29,33,38,40,45,37,vietlott_official,2026-09-24T03:06:31.453310+00:00,ds_aa8808303afa
01383,2026-08-11,2,7,19,20,39,50,31,vietlott_official,2026-09-24T03:06:31.453310+00:00,ds_aa8808303afa
01384,2026-08-13,5,9,27,29,45,46,42,vietlott_official,2026-09-24T03:06:31.453310+00:00,ds_aa8808303afa
01385,2026-08-15,16,20,25,27,30,50,2,vietlott_official,2026-09-24T03:06:31.453310+00:00,ds_aa8808303afa
01386,2026-08-18,3,15,18,38,41,48,30,vietlott_official,2026-09-24T03:06:30.473087+00:00,ds_aa8808303afa
01387,2026-08-20,2,8,29,38,39,51,47,vietlott_official,2026-09-24T03:06:30.473087+00:00,ds_aa8808303afa
01388,2026-08-22,9,18,19,21,25,36,8,vietlott_official,2026-09-24T03:06:30.473087+00:00,ds_aa8808303afa
01389,2026-08-25,5,7,13,18,31,40,14,vietlott_official,2026-09-24T03:06:30.473087+00:00,ds_aa8808303afa
01390,2026-08-27,1,3,11,21,26,44,10,vietlott_official,2026-09-24T03:06:30.473087+00:00,ds_aa8808303afa
01391,2026-08-29,5,10,15,29,34,45,24,vietlott_official,2026-09-24T03:06:30.473087+00:00,ds_aa8808303afa
01392,2026-09-01,1,17,41,44,49,55,45,vietlott_official,2026-09-24T03:06:30.473087+00:00,ds_aa8808303afa
01393,2026-09-03,8,9,16,42,46,47,11,vietlott_official,2026-09-24T03:06:30.473087+00:00,ds_aa8808303afa
01394,2026-09-05,9,11,24,31,33,47,21,vietlott_official,2026-09-24T03:06:30.259024+00:00,ds_aa8808303afa
01395,2026-09-08,8,11,14,23,25,54,17,vietlott_official,2026-09-24T03:06:30.259024+00:00,ds_aa8808303afa
01396,2026-09-10,2,5,28,32,51,53,50,vietlott_official,2026-09-24T03:06:30.259024+00:00,ds_aa8808303afa
01397,2026-09-12,7,24,31,43,47,54,22,vietlott_official,2026-09-24T03:06:30.259024+00:00,ds_aa8808303afa
01398,2026-09-15,24,27,32,36,38,47,52,vietlott_official,2026-09-24T03:06:30.259024+00:00,ds_aa8808303afa
01399,2026-09-17,6,11,25,27,37,45,15,vietlott_official,2026-09-24T03:06:30.259024+00:00,ds_aa8808303afa
01400,2026-09-19,4,7,11,18,22,25,50,vietlott_official,2026-09-24T03:06:30.259024+00:00,ds_aa8808303afa
01401,2026-09-22,1,3,9,11,41,46,10,vietlott_official,2026-09-24T03:06:30.259024+00:00,ds_aa8808303afa
01402,2026-09-24,1,13,23,25,26,28,27,vietlott_official,2026-09-25T02:29:51.851035+00:00,ds_aa8808303afa
