draw_id,draw_date,position,number,is_special
00001,2017-08-01,1,5,False
00001,2017-08-01,2,10,False
00001,2017-08-01,3,14,False
00001,2017-08-01,4,23,False
00001,2017-08-01,5,24,False
00001,2017-08-01,6,38,False
00001,2017-08-01,7,35,True
00002,2017-08-03,1,4,False
00002,2017-08-03,2,9,False
00002,2017-08-03,3,24,False
00002,2017-08-03,4,25,False
00002,2017-08-03,5,27,False
00002,2017-08-03,6,45,False
00002,2017-08-03,7,40,True
00003,2017-08-05,1,1,False
00003,2017-08-05,2,5,False
00003,2017-08-05,3,11,False
00003,2017-08-05,4,32,False
00003,2017-08-05,5,40,False
00003,2017-08-05,6,45,False
00003,2017-08-05,7,43,True
00004,2017-08-08,1,19,False
00004,2017-08-08,2,36,False
00004,2017-08-08,3,39,False
00004,2017-08-08,4,41,False
00004,2017-08-08,5,46,False
00004,2017-08-08,6,51,False
00004,2017-08-08,7,38,True
00005,2017-08-10,1,10,False
00005,2017-08-10,2,11,False
00005,2017-08-10,3,19,False
00005,2017-08-10,4,41,False
00005,2017-08-10,5,50,False
00005,2017-08-10,6,54,False
00005,2017-08-10,7,3,True
00006,2017-08-12,1,6,False
00006,2017-08-12,2,16,False
00006,2017-08-12,3,20,False
00006,2017-08-12,4,32,False
00006,2017-08-12,5,38,False
00006,2017-08-12,6,51,False
00006,2017-08-12,7,34,True
00007,2017-08-15,1,7,False
00007,2017-08-15,2,11,False
00007,2017-08-15,3,19,False
00007,2017-08-15,4,32,False
00007,2017-08-15,5,33,False
00007,2017-08-15,6,51,False
00007,2017-08-15,7,30,True
00008,2017-08-17,1,11,False
00008,2017-08-17,2,12,False
00008,2017-08-17,3,20,False
00008,2017-08-17,4,30,False
00008,2017-08-17,5,32,False
00008,2017-08-17,6,34,False
00008,2017-08-17,7,53,True
00009,2017-08-19,1,7,False
00009,2017-08-19,2,11,False
00009,2017-08-19,3,13,False
00009,2017-08-19,4,15,False
00009,2017-08-19,5,26,False
00009,2017-08-19,6,51,False
00009,2017-08-19,7,36,True
00010,2017-08-22,1,10,False
00010,2017-08-22,2,24,False
00010,2017-08-22,3,31,False
00010,2017-08-22,4,32,False
00010,2017-08-22,5,38,False
00010,2017-08-22,6,44,False
00010,2017-08-22,7,14,True
00011,2017-08-24,1,5,False
00011,2017-08-24,2,16,False
00011,2017-08-24,3,18,False
00011,2017-08-24,4,37,False
00011,2017-08-24,5,42,False
00011,2017-08-24,6,46,False
00011,2017-08-24,7,10,True
00012,2017-08-26,1,17,False
00012,2017-08-26,2,25,False
00012,2017-08-26,3,30,False
00012,2017-08-26,4,31,False
00012,2017-08-26,5,36,False
00012,2017-08-26,6,41,False
00012,2017-08-26,7,20,True
00013,2017-08-29,1,4,False
00013,2017-08-29,2,12,False
00013,2017-08-29,3,15,False
00013,2017-08-29,4,23,False
00013,2017-08-29,5,24,False
00013,2017-08-29,6,41,False
00013,2017-08-29,7,44,True
00014,2017-08-31,1,8,False
00014,2017-08-31,2,20,False
00014,2017-08-31,3,27,False
00014,2017-08-31,4,35,False
00014,2017-08-31,5,36,False
00014,2017-08-31,6,47,False
00014,2017-08-31,7,18,True
00015,2017-09-02,1,5,False
00015,2017-09-02,2,9,False
00015,2017-09-02,3,11,False
00015,2017-09-02,4,18,False
00015,2017-09-02,5,19,False
00015,2017-09-02,6,37,False
00015,2017-09-02,7,50,True
00016,2017-09-05,1,1,False
00016,2017-09-05,2,2,False
00016,2017-09-05,3,8,False
00016,2017-09-05,4,13,False
00016,2017-09-05,5,23,False
00016,2017-09-05,6,39,False
00016,2017-09-05,7,9,True
00017,2017-09-07,1,4,False
00017,2017-09-07,2,18,False
00017,2017-09-07,3,22,False
00017,2017-09-07,4,31,False
00017,2017-09-07,5,32,False
00017,2017-09-07,6,40,False
00017,2017-09-07,7,8,True
00018,2017-09-09,1,1,False
00018,2017-09-09,2,15,False
00018,2017-09-09,3,23,False
00018,2017-09-09,4,36,False
00018,2017-09-09,5,43,False
00018,2017-09-09,6,54,False
00018,2017-09-09,7,12,True
00019,2017-09-12,1,6,False
00019,2017-09-12,2,10,False
00019,2017-09-12,3,12,False
00019,2017-09-12,4,47,False
00019,2017-09-12,5,48,False
00019,2017-09-12,6,51,False
00019,2017-09-12,7,35,True
00020,2017-09-14,1,22,False
00020,2017-09-14,2,23,False
00020,2017-09-14,3,32,False
00020,2017-09-14,4,43,False
00020,2017-09-14,5,44,False
00020,2017-09-14,6,51,False
00020,2017-09-14,7,15,True
00021,2017-09-16,1,9,False
00021,2017-09-16,2,12,False
00021,2017-09-16,3,21,False
00021,2017-09-16,4,26,False
00021,2017-09-16,5,29,False
00021,2017-09-16,6,52,False
00021,2017-09-16,7,24,True
00022,2017-09-19,1,3,False
00022,2017-09-19,2,32,False
00022,2017-09-19,3,36,False
00022,2017-09-19,4,41,False
00022,2017-09-19,5,44,False
00022,2017-09-19,6,53,False
00022,2017-09-19,7,45,True
00023,2017-09-21,1,9,False
00023,2017-09-21,2,12,False
00023,2017-09-21,3,16,False
00023,2017-09-21,4,24,False
00023,2017-09-21,5,43,False
00023,2017-09-21,6,51,False
00023,2017-09-21,7,39,True
00024,2017-09-23,1,7,False
00024,2017-09-23,2,8,False
00024,2017-09-23,3,27,False
00024,2017-09-23,4,36,False
00024,2017-09-23,5,44,False
00024,2017-09-23,6,53,False
00024,2017-09-23,7,49,True
00025,2017-09-26,1,14,False
00025,2017-09-26,2,15,False
00025,2017-09-26,3,18,False
00025,2017-09-26,4,30,False
00025,2017-09-26,5,36,False
00025,2017-09-26,6,49,False
00025,2017-09-26,7,19,True
00026,2017-09-28,1,20,False
00026,2017-09-28,2,27,False
00026,2017-09-28,3,28,False
00026,2017-09-28,4,31,False
00026,2017-09-28,5,39,False
00026,2017-09-28,6,47,False
00026,2017-09-28,7,10,True
00027,2017-09-30,1,4,False
00027,2017-09-30,2,17,False
00027,2017-09-30,3,23,False
00027,2017-09-30,4,25,False
00027,2017-09-30,5,34,False
00027,2017-09-30,6,46,False
00027,2017-09-30,7,24,True
00028,2017-10-03,1,21,False
00028,2017-10-03,2,31,False
00028,2017-10-03,3,35,False
00028,2017-10-03,4,41,False
00028,2017-10-03,5,46,False
00028,2017-10-03,6,50,False
00028,2017-10-03,7,23,True
00029,2017-10-05,1,1,False
00029,2017-10-05,2,3,False
00029,2017-10-05,3,14,False
00029,2017-10-05,4,19,False
00029,2017-10-05,5,35,False
00029,2017-10-05,6,41,False
00029,2017-10-05,7,20,True
00030,2017-10-07,1,31,False
00030,2017-10-07,2,34,False
00030,2017-10-07,3,40,False
00030,2017-10-07,4,42,False
00030,2017-10-07,5,43,False
00030,2017-10-07,6,49,False
00030,2017-10-07,7,16,True
00031,2017-10-10,1,29,False
00031,2017-10-10,2,33,False
00031,2017-10-10,3,43,False
00031,2017-10-10,4,44,False
00031,2017-10-10,5,45,False
00031,2017-10-10,6,50,False
00031,2017-10-10,7,41,True
00032,2017-10-12,1,5,False
00032,2017-10-12,2,8,False
00032,2017-10-12,3,11,False
00032,2017-10-12,4,31,False
00032,2017-10-12,5,37,False
00032,2017-10-12,6,42,False
00032,2017-10-12,7,52,True
00033,2017-10-14,1,14,False
00033,2017-10-14,2,18,False
00033,2017-10-14,3,29,False
00033,2017-10-14,4,35,False
00033,2017-10-14,5,44,False
00033,2017-10-14,6,49,False
00033,2017-10-14,7,54,True
00034,2017-10-17,1,1,False
00034,2017-10-17,2,26,False
00034,2017-10-17,3,36,False
00034,2017-10-17,4,40,False
00034,2017-10-17,5,50,False
00034,2017-10-17,6,54,False
00034,2017-10-17,7,31,True
00035,2017-10-19,1,6,False
00035,2017-10-19,2,15,False
00035,2017-10-19,3,17,False
00035,2017-10-19,4,24,False
00035,2017-10-19,5,40,False
00035,2017-10-19,6,45,False
00035,2017-10-19,7,39,True
00036,2017-10-21,1,4,False
00036,2017-10-21,2,9,False
00036,2017-10-21,3,13,False
00036,2017-10-21,4,16,False
00036,2017-10-21,5,18,False
00036,2017-10-21,6,49,False
00036,2017-10-21,7,30,True
00037,2017-10-24,1,1,False
00037,2017-10-24,2,2,False
00037,2017-10-24,3,9,False
00037,2017-10-24,4,13,False
00037,2017-10-24,5,32,False
00037,2017-10-24,6,35,False
00037,2017-10-24,7,52,True
00038,2017-10-26,1,2,False
00038,2017-10-26,2,10,False
00038,2017-10-26,3,15,False
00038,2017-10-26,4,30,False
00038,2017-10-26,5,34,False
00038,2017-10-26,6,50,False
00038,2017-10-26,7,3,True
00039,2017-10-28,1,13,False
00039,2017-10-28,2,18,False
00039,2017-10-28,3,35,False
00039,2017-10-28,4,36,False
00039,2017-10-28,5,41,False
00039,2017-10-28,6,48,False
00039,2017-10-28,7,47,True
00040,2017-10-31,1,7,False
00040,2017-10-31,2,13,False
00040,2017-10-31,3,24,False
00040,2017-10-31,4,45,False
00040,2017-10-31,5,47,False
00040,2017-10-31,6,52,False
00040,2017-10-31,7,33,True
00041,2017-11-02,1,3,False
00041,2017-11-02,2,9,False
00041,2017-11-02,3,12,False
00041,2017-11-02,4,21,False
00041,2017-11-02,5,51,False
00041,2017-11-02,6,52,False
00041,2017-11-02,7,7,True
00042,2017-11-04,1,2,False
00042,2017-11-04,2,8,False
00042,2017-11-04,3,12,False
00042,2017-11-04,4,44,False
00042,2017-11-04,5,46,False
00042,2017-11-04,6,52,False
00042,2017-11-04,7,9,True
00043,2017-11-07,1,19,False
00043,2017-11-07,2,32,False
00043,2017-11-07,3,36,False
00043,2017-11-07,4,37,False
00043,2017-11-07,5,42,False
00043,2017-11-07,6,54,False
00043,2017-11-07,7,28,True
00044,2017-11-09,1,2,False
00044,2017-11-09,2,3,False
00044,2017-11-09,3,6,False
00044,2017-11-09,4,23,False
00044,2017-11-09,5,34,False
00044,2017-11-09,6,36,False
00044,2017-11-09,7,50,True
00045,2017-11-11,1,12,False
00045,2017-11-11,2,26,False
00045,2017-11-11,3,33,False
00045,2017-11-11,4,35,False
00045,2017-11-11,5,36,False
00045,2017-11-11,6,44,False
00045,2017-11-11,7,1,True
00046,2017-11-14,1,20,False
00046,2017-11-14,2,24,False
00046,2017-11-14,3,29,False
00046,2017-11-14,4,41,False
00046,2017-11-14,5,47,False
00046,2017-11-14,6,49,False
00046,2017-11-14,7,22,True
00047,2017-11-16,1,1,False
00047,2017-11-16,2,16,False
00047,2017-11-16,3,22,False
00047,2017-11-16,4,25,False
00047,2017-11-16,5,47,False
00047,2017-11-16,6,48,False
00047,2017-11-16,7,21,True
00048,2017-11-18,1,11,False
00048,2017-11-18,2,12,False
00048,2017-11-18,3,26,False
00048,2017-11-18,4,42,False
00048,2017-11-18,5,50,False
00048,2017-11-18,6,54,False
00048,2017-11-18,7,17,True
00049,2017-11-21,1,5,False
00049,2017-11-21,2,8,False
00049,2017-11-21,3,23,False
00049,2017-11-21,4,37,False
00049,2017-11-21,5,38,False
00049,2017-11-21,6,54,False
00049,2017-11-21,7,55,True
00050,2017-11-23,1,1,False
00050,2017-11-23,2,2,False
00050,2017-11-23,3,3,False
00050,2017-11-23,4,18,False
00050,2017-11-23,5,25,False
00050,2017-11-23,6,50,False
00050,2017-11-23,7,14,True
00051,2017-11-25,1,2,False
00051,2017-11-25,2,9,False
00051,2017-11-25,3,16,False
00051,2017-11-25,4,46,False
00051,2017-11-25,5,52,False
00051,2017-11-25,6,55,False
00051,2017-11-25,7,50,True
00052,2017-11-28,1,2,False
00052,2017-11-28,2,19,False
00052,2017-11-28,3,39,False
00052,2017-11-28,4,49,False
00052,2017-11-28,5,51,False
00052,2017-11-28,6,53,False
00052,2017-11-28,7,20,True
00053,2017-11-30,1,5,False
00053,2017-11-30,2,13,False
00053,2017-11-30,3,26,False
00053,2017-11-30,4,37,False
00053,2017-11-30,5,53,False
00053,2017-11-30,6,55,False
00053,2017-11-30,7,28,True
00054,2017-12-02,1,9,False
00054,2017-12-02,2,37,False
00054,2017-12-02,3,45,False
00054,2017-12-02,4,50,False
00054,2017-12-02,5,53,False
00054,2017-12-02,6,54,False
00054,2017-12-02,7,40,True
00055,2017-12-05,1,27,False
00055,2017-12-05,2,38,False
00055,2017-12-05,3,40,False
00055,2017-12-05,4,42,False
00055,2017-12-05,5,46,False
00055,2017-12-05,6,55,False
00055,2017-12-05,7,5,True
00056,2017-12-07,1,3,False
00056,2017-12-07,2,14,False
00056,2017-12-07,3,26,False
00056,2017-12-07,4,35,False
00056,2017-12-07,5,44,False
00056,2017-12-07,6,54,False
00056,2017-12-07,7,25,True
00057,2017-12-09,1,5,False
00057,2017-12-09,2,34,False
00057,2017-12-09,3,35,False
00057,2017-12-09,4,42,False
00057,2017-12-09,5,49,False
00057,2017-12-09,6,52,False
00057,2017-12-09,7,21,True
00058,2017-12-12,1,6,False
00058,2017-12-12,2,7,False
00058,2017-12-12,3,8,False
00058,2017-12-12,4,21,False
00058,2017-12-12,5,32,False
00058,2017-12-12,6,39,False
00058,2017-12-12,7,27,True
00059,2017-12-14,1,11,False
00059,2017-12-14,2,12,False
00059,2017-12-14,3,22,False
00059,2017-12-14,4,28,False
00059,2017-12-14,5,46,False
00059,2017-12-14,6,50,False
00059,2017-12-14,7,7,True
00060,2017-12-16,1,5,False
00060,2017-12-16,2,23,False
00060,2017-12-16,3,37,False
00060,2017-12-16,4,41,False
00060,2017-12-16,5,43,False
00060,2017-12-16,6,53,False
00060,2017-12-16,7,25,True
00061,2017-12-19,1,2,False
00061,2017-12-19,2,3,False
00061,2017-12-19,3,20,False
00061,2017-12-19,4,25,False
00061,2017-12-19,5,38,False
00061,2017-12-19,6,44,False
00061,2017-12-19,7,12,True
00062,2017-12-21,1,22,False
00062,2017-12-21,2,23,False
00062,2017-12-21,3,27,False
00062,2017-12-21,4,35,False
00062,2017-12-21,5,37,False
00062,2017-12-21,6,46,False
00062,2017-12-21,7,19,True
00063,2017-12-23,1,7,False
00063,2017-12-23,2,8,False
00063,2017-12-23,3,9,False
00063,2017-12-23,4,13,False
00063,2017-12-23,5,28,False
00063,2017-12-23,6,44,False
00063,2017-12-23,7,12,True
00064,2017-12-26,1,7,False
00064,2017-12-26,2,11,False
00064,2017-12-26,3,13,False
00064,2017-12-26,4,18,False
00064,2017-12-26,5,26,False
00064,2017-12-26,6,42,False
00064,2017-12-26,7,49,True
00065,2017-12-28,1,7,False
00065,2017-12-28,2,18,False
00065,2017-12-28,3,26,False
00065,2017-12-28,4,29,False
00065,2017-12-28,5,31,False
00065,2017-12-28,6,35,False
00065,2017-12-28,7,34,True
00066,2017-12-30,1,8,False
00066,2017-12-30,2,9,False
00066,2017-12-30,3,36,False
00066,2017-12-30,4,37,False
00066,2017-12-30,5,39,False
00066,2017-12-30,6,50,False
00066,2017-12-30,7,7,True
00067,2018-01-02,1,4,False
00067,2018-01-02,2,7,False
00067,2018-01-02,3,8,False
00067,2018-01-02,4,34,False
00067,2018-01-02,5,37,False
00067,2018-01-02,6,47,False
00067,2018-01-02,7,24,True
00068,2018-01-04,1,1,False
00068,2018-01-04,2,7,False
00068,2018-01-04,3,31,False
00068,2018-01-04,4,35,False
00068,2018-01-04,5,46,False
00068,2018-01-04,6,55,False
00068,2018-01-04,7,51,True
00069,2018-01-06,1,4,False
00069,2018-01-06,2,11,False
00069,2018-01-06,3,24,False
00069,2018-01-06,4,35,False
00069,2018-01-06,5,41,False
00069,2018-01-06,6,45,False
00069,2018-01-06,7,17,True
00070,2018-01-09,1,18,False
00070,2018-01-09,2,25,False
00070,2018-01-09,3,28,False
00070,2018-01-09,4,46,False
00070,2018-01-09,5,50,False
00070,2018-01-09,6,51,False
00070,2018-01-09,7,15,True
00071,2018-01-11,1,4,False
00071,2018-01-11,2,7,False
00071,2018-01-11,3,30,False
00071,2018-01-11,4,35,False
00071,2018-01-11,5,37,False
00071,2018-01-11,6,45,False
00071,2018-01-11,7,1,True
00072,2018-01-13,1,3,False
00072,2018-01-13,2,21,False
00072,2018-01-13,3,25,False
00072,2018-01-13,4,26,False
00072,2018-01-13,5,51,False
00072,2018-01-13,6,55,False
00072,2018-01-13,7,37,True
00073,2018-01-16,1,6,False
00073,2018-01-16,2,27,False
00073,2018-01-16,3,33,False
00073,2018-01-16,4,41,False
00073,2018-01-16,5,42,False
00073,2018-01-16,6,49,False
00073,2018-01-16,7,22,True
00074,2018-01-18,1,12,False
00074,2018-01-18,2,24,False
00074,2018-01-18,3,28,False
00074,2018-01-18,4,30,False
00074,2018-01-18,5,36,False
00074,2018-01-18,6,39,False
00074,2018-01-18,7,15,True
00075,2018-01-20,1,2,False
00075,2018-01-20,2,7,False
00075,2018-01-20,3,15,False
00075,2018-01-20,4,16,False
00075,2018-01-20,5,41,False
00075,2018-01-20,6,45,False
00075,2018-01-20,7,19,True
00076,2018-01-23,1,3,False
00076,2018-01-23,2,10,False
00076,2018-01-23,3,15,False
00076,2018-01-23,4,23,False
00076,2018-01-23,5,41,False
00076,2018-01-23,6,53,False
00076,2018-01-23,7,35,True
00077,2018-01-25,1,1,False
00077,2018-01-25,2,10,False
00077,2018-01-25,3,30,False
00077,2018-01-25,4,44,False
00077,2018-01-25,5,45,False
00077,2018-01-25,6,50,False
00077,2018-01-25,7,4,True
00078,2018-01-27,1,21,False
00078,2018-01-27,2,26,False
00078,2018-01-27,3,36,False
00078,2018-01-27,4,38,False
00078,2018-01-27,5,40,False
00078,2018-01-27,6,50,False
00078,2018-01-27,7,11,True
00079,2018-01-30,1,15,False
00079,2018-01-30,2,19,False
00079,2018-01-30,3,24,False
00079,2018-01-30,4,51,False
00079,2018-01-30,5,53,False
00079,2018-01-30,6,55,False
00079,2018-01-30,7,29,True
00080,2018-02-01,1,1,False
00080,2018-02-01,2,7,False
00080,2018-02-01,3,8,False
00080,2018-02-01,4,9,False
00080,2018-02-01,5,39,False
00080,2018-02-01,6,43,False
00080,2018-02-01,7,52,True
00081,2018-02-03,1,12,False
00081,2018-02-03,2,29,False
00081,2018-02-03,3,42,False
00081,2018-02-03,4,48,False
00081,2018-02-03,5,54,False
00081,2018-02-03,6,55,False
00081,2018-02-03,7,18,True
00082,2018-02-06,1,1,False
00082,2018-02-06,2,20,False
00082,2018-02-06,3,29,False
00082,2018-02-06,4,31,False
00082,2018-02-06,5,43,False
00082,2018-02-06,6,53,False
00082,2018-02-06,7,16,True
00083,2018-02-08,1,21,False
00083,2018-02-08,2,22,False
00083,2018-02-08,3,29,False
00083,2018-02-08,4,37,False
00083,2018-02-08,5,41,False
00083,2018-02-08,6,50,False
00083,2018-02-08,7,33,True
00084,2018-02-10,1,8,False
00084,2018-02-10,2,10,False
00084,2018-02-10,3,19,False
00084,2018-02-10,4,25,False
00084,2018-02-10,5,36,False
00084,2018-02-10,6,46,False
00084,2018-02-10,7,7,True
00085,2018-02-13,1,9,False
00085,2018-02-13,2,25,False
00085,2018-02-13,3,26,False
00085,2018-02-13,4,30,False
00085,2018-02-13,5,42,False
00085,2018-02-13,6,54,False
00085,2018-02-13,7,19,True
00086,2018-02-17,1,16,False
00086,2018-02-17,2,22,False
00086,2018-02-17,3,28,False
00086,2018-02-17,4,29,False
00086,2018-02-17,5,35,False
00086,2018-02-17,6,43,False
00086,2018-02-17,7,45,True
00087,2018-02-20,1,1,False
00087,2018-02-20,2,2,False
00087,2018-02-20,3,21,False
00087,2018-02-20,4,24,False
00087,2018-02-20,5,50,False
00087,2018-02-20,6,52,False
00087,2018-02-20,7,33,True
00088,2018-02-22,1,11,False
00088,2018-02-22,2,14,False
00088,2018-02-22,3,32,False
00088,2018-02-22,4,36,False
00088,2018-02-22,5,42,False
00088,2018-02-22,6,48,False
00088,2018-02-22,7,20,True
00089,2018-02-24,1,5,False
00089,2018-02-24,2,7,False
00089,2018-02-24,3,24,False
00089,2018-02-24,4,32,False
00089,2018-02-24,5,45,False
00089,2018-02-24,6,49,False
00089,2018-02-24,7,1,True
00090,2018-02-27,1,8,False
00090,2018-02-27,2,16,False
00090,2018-02-27,3,23,False
00090,2018-02-27,4,28,False
00090,2018-02-27,5,44,False
00090,2018-02-27,6,49,False
00090,2018-02-27,7,45,True
00091,2018-03-01,1,4,False
00091,2018-03-01,2,5,False
00091,2018-03-01,3,7,False
00091,2018-03-01,4,17,False
00091,2018-03-01,5,20,False
00091,2018-03-01,6,38,False
00091,2018-03-01,7,9,True
00092,2018-03-03,1,4,False
00092,2018-03-03,2,10,False
00092,2018-03-03,3,32,False
00092,2018-03-03,4,37,False
00092,2018-03-03,5,47,False
00092,2018-03-03,6,52,False
00092,2018-03-03,7,49,True
00093,2018-03-06,1,2,False
00093,2018-03-06,2,6,False
00093,2018-03-06,3,13,False
00093,2018-03-06,4,22,False
00093,2018-03-06,5,40,False
00093,2018-03-06,6,48,False
00093,2018-03-06,7,12,True
00094,2018-03-08,1,14,False
00094,2018-03-08,2,17,False
00094,2018-03-08,3,18,False
00094,2018-03-08,4,23,False
00094,2018-03-08,5,41,False
00094,2018-03-08,6,52,False
00094,2018-03-08,7,40,True
00095,2018-03-10,1,9,False
00095,2018-03-10,2,20,False
00095,2018-03-10,3,27,False
00095,2018-03-10,4,31,False
00095,2018-03-10,5,48,False
00095,2018-03-10,6,49,False
00095,2018-03-10,7,42,True
00096,2018-03-13,1,1,False
00096,2018-03-13,2,2,False
00096,2018-03-13,3,17,False
00096,2018-03-13,4,46,False
00096,2018-03-13,5,47,False
00096,2018-03-13,6,49,False
00096,2018-03-13,7,44,True
00097,2018-03-15,1,15,False
00097,2018-03-15,2,20,False
00097,2018-03-15,3,23,False
00097,2018-03-15,4,28,False
00097,2018-03-15,5,39,False
00097,2018-03-15,6,49,False
00097,2018-03-15,7,19,True
00098,2018-03-17,1,3,False
00098,2018-03-17,2,14,False
00098,2018-03-17,3,28,False
00098,2018-03-17,4,35,False
00098,2018-03-17,5,50,False
00098,2018-03-17,6,52,False
00098,2018-03-17,7,29,True
00099,2018-03-20,1,11,False
00099,2018-03-20,2,40,False
00099,2018-03-20,3,43,False
00099,2018-03-20,4,46,False
00099,2018-03-20,5,49,False
00099,2018-03-20,6,55,False
00099,2018-03-20,7,37,True
00100,2018-03-22,1,1,False
00100,2018-03-22,2,8,False
00100,2018-03-22,3,24,False
00100,2018-03-22,4,33,False
00100,2018-03-22,5,34,False
00100,2018-03-22,6,41,False
00100,2018-03-22,7,20,True
00101,2018-03-24,1,1,False
00101,2018-03-24,2,30,False
00101,2018-03-24,3,38,False
00101,2018-03-24,4,45,False
00101,2018-03-24,5,48,False
00101,2018-03-24,6,50,False
00101,2018-03-24,7,12,True
00102,2018-03-27,1,9,False
00102,2018-03-27,2,13,False
00102,2018-03-27,3,14,False
00102,2018-03-27,4,15,False
00102,2018-03-27,5,54,False
00102,2018-03-27,6,55,False
00102,2018-03-27,7,22,True
00103,2018-03-29,1,5,False
00103,2018-03-29,2,27,False
00103,2018-03-29,3,35,False
00103,2018-03-29,4,39,False
00103,2018-03-29,5,46,False
00103,2018-03-29,6,52,False
00103,2018-03-29,7,31,True
00104,2018-03-31,1,3,False
00104,2018-03-31,2,7,False
00104,2018-03-31,3,31,False
00104,2018-03-31,4,43,False
00104,2018-03-31,5,51,False
00104,2018-03-31,6,53,False
00104,2018-03-31,7,26,True
00105,2018-04-03,1,20,False
00105,2018-04-03,2,21,False
00105,2018-04-03,3,39,False
00105,2018-04-03,4,42,False
00105,2018-04-03,5,51,False
00105,2018-04-03,6,53,False
00105,2018-04-03,7,1,True
00106,2018-04-05,1,7,False
00106,2018-04-05,2,9,False
00106,2018-04-05,3,17,False
00106,2018-04-05,4,25,False
00106,2018-04-05,5,31,False
00106,2018-04-05,6,32,False
00106,2018-04-05,7,6,True
00107,2018-04-07,1,12,False
00107,2018-04-07,2,24,False
00107,2018-04-07,3,33,False
00107,2018-04-07,4,34,False
00107,2018-04-07,5,36,False
00107,2018-04-07,6,53,False
00107,2018-04-07,7,5,True
00108,2018-04-10,1,1,False
00108,2018-04-10,2,22,False
00108,2018-04-10,3,25,False
00108,2018-04-10,4,31,False
00108,2018-04-10,5,36,False
00108,2018-04-10,6,48,False
00108,2018-04-10,7,41,True
00109,2018-04-12,1,4,False
00109,2018-04-12,2,29,False
00109,2018-04-12,3,35,False
00109,2018-04-12,4,37,False
00109,2018-04-12,5,42,False
00109,2018-04-12,6,54,False
00109,2018-04-12,7,19,True
00110,2018-04-14,1,2,False
00110,2018-04-14,2,10,False
00110,2018-04-14,3,14,False
00110,2018-04-14,4,26,False
00110,2018-04-14,5,45,False
00110,2018-04-14,6,54,False
00110,2018-04-14,7,20,True
00111,2018-04-17,1,2,False
00111,2018-04-17,2,10,False
00111,2018-04-17,3,26,False
00111,2018-04-17,4,27,False
00111,2018-04-17,5,31,False
00111,2018-04-17,6,38,False
00111,2018-04-17,7,39,True
00112,2018-04-19,1,4,False
00112,2018-04-19,2,17,False
00112,2018-04-19,3,19,False
00112,2018-04-19,4,35,False
00112,2018-04-19,5,49,False
00112,2018-04-19,6,55,False
00112,2018-04-19,7,9,True
00113,2018-04-21,1,16,False
00113,2018-04-21,2,18,False
00113,2018-04-21,3,41,False
00113,2018-04-21,4,43,False
00113,2018-04-21,5,46,False
00113,2018-04-21,6,55,False
00113,2018-04-21,7,35,True
00114,2018-04-24,1,17,False
00114,2018-04-24,2,18,False
00114,2018-04-24,3,24,False
00114,2018-04-24,4,40,False
00114,2018-04-24,5,41,False
00114,2018-04-24,6,46,False
00114,2018-04-24,7,6,True
00115,2018-04-26,1,23,False
00115,2018-04-26,2,26,False
00115,2018-04-26,3,29,False
00115,2018-04-26,4,31,False
00115,2018-04-26,5,36,False
00115,2018-04-26,6,54,False
00115,2018-04-26,7,55,True
00116,2018-04-28,1,12,False
00116,2018-04-28,2,19,False
00116,2018-04-28,3,22,False
00116,2018-04-28,4,29,False
00116,2018-04-28,5,32,False
00116,2018-04-28,6,46,False
00116,2018-04-28,7,25,True
00117,2018-05-01,1,1,False
00117,2018-05-01,2,7,False
00117,2018-05-01,3,20,False
00117,2018-05-01,4,23,False
00117,2018-05-01,5,25,False
00117,2018-05-01,6,38,False
00117,2018-05-01,7,14,True
00118,2018-05-03,1,23,False
00118,2018-05-03,2,27,False
00118,2018-05-03,3,33,False
00118,2018-05-03,4,37,False
00118,2018-05-03,5,39,False
00118,2018-05-03,6,49,False
00118,2018-05-03,7,44,True
00119,2018-05-05,1,16,False
00119,2018-05-05,2,32,False
00119,2018-05-05,3,33,False
00119,2018-05-05,4,37,False
00119,2018-05-05,5,40,False
00119,2018-05-05,6,48,False
00119,2018-05-05,7,15,True
00120,2018-05-08,1,3,False
00120,2018-05-08,2,16,False
00120,2018-05-08,3,23,False
00120,2018-05-08,4,24,False
00120,2018-05-08,5,38,False
00120,2018-05-08,6,42,False
00120,2018-05-08,7,48,True
00121,2018-05-10,1,2,False
00121,2018-05-10,2,6,False
00121,2018-05-10,3,8,False
00121,2018-05-10,4,34,False
00121,2018-05-10,5,39,False
00121,2018-05-10,6,43,False
00121,2018-05-10,7,11,True
00122,2018-05-12,1,1,False
00122,2018-05-12,2,9,False
00122,2018-05-12,3,26,False
00122,2018-05-12,4,38,False
00122,2018-05-12,5,54,False
00122,2018-05-12,6,55,False
00122,2018-05-12,7,51,True
00123,2018-05-15,1,3,False
00123,2018-05-15,2,6,False
00123,2018-05-15,3,29,False
00123,2018-05-15,4,37,False
00123,2018-05-15,5,44,False
00123,2018-05-15,6,49,False
00123,2018-05-15,7,24,True
00124,2018-05-17,1,13,False
00124,2018-05-17,2,31,False
00124,2018-05-17,3,38,False
00124,2018-05-17,4,45,False
00124,2018-05-17,5,53,False
00124,2018-05-17,6,55,False
00124,2018-05-17,7,46,True
00125,2018-05-19,1,33,False
00125,2018-05-19,2,35,False
00125,2018-05-19,3,45,False
00125,2018-05-19,4,52,False
00125,2018-05-19,5,53,False
00125,2018-05-19,6,55,False
00125,2018-05-19,7,25,True
00126,2018-05-22,1,4,False
00126,2018-05-22,2,5,False
00126,2018-05-22,3,8,False
00126,2018-05-22,4,17,False
00126,2018-05-22,5,35,False
00126,2018-05-22,6,47,False
00126,2018-05-22,7,39,True
00127,2018-05-24,1,24,False
00127,2018-05-24,2,25,False
00127,2018-05-24,3,26,False
00127,2018-05-24,4,29,False
00127,2018-05-24,5,36,False
00127,2018-05-24,6,48,False
00127,2018-05-24,7,40,True
00128,2018-05-26,1,7,False
00128,2018-05-26,2,12,False
00128,2018-05-26,3,28,False
00128,2018-05-26,4,31,False
00128,2018-05-26,5,40,False
00128,2018-05-26,6,44,False
00128,2018-05-26,7,15,True
00129,2018-05-29,1,9,False
00129,2018-05-29,2,13,False
00129,2018-05-29,3,17,False
00129,2018-05-29,4,18,False
00129,2018-05-29,5,46,False
00129,2018-05-29,6,50,False
00129,2018-05-29,7,26,True
00130,2018-05-31,1,3,False
00130,2018-05-31,2,15,False
00130,2018-05-31,3,18,False
00130,2018-05-31,4,25,False
00130,2018-05-31,5,26,False
00130,2018-05-31,6,29,False
00130,2018-05-31,7,19,True
00131,2018-06-02,1,5,False
00131,2018-06-02,2,7,False
00131,2018-06-02,3,17,False
00131,2018-06-02,4,22,False
00131,2018-06-02,5,32,False
00131,2018-06-02,6,33,False
00131,2018-06-02,7,6,True
00132,2018-06-05,1,11,False
00132,2018-06-05,2,21,False
00132,2018-06-05,3,26,False
00132,2018-06-05,4,32,False
00132,2018-06-05,5,51,False
00132,2018-06-05,6,52,False
00132,2018-06-05,7,5,True
00133,2018-06-07,1,11,False
00133,2018-06-07,2,16,False
00133,2018-06-07,3,18,False
00133,2018-06-07,4,26,False
00133,2018-06-07,5,46,False
00133,2018-06-07,6,47,False
00133,2018-06-07,7,42,True
00134,2018-06-09,1,9,False
00134,2018-06-09,2,23,False
00134,2018-06-09,3,25,False
00134,2018-06-09,4,39,False
00134,2018-06-09,5,52,False
00134,2018-06-09,6,53,False
00134,2018-06-09,7,38,True
00135,2018-06-12,1,4,False
00135,2018-06-12,2,13,False
00135,2018-06-12,3,23,False
00135,2018-06-12,4,27,False
00135,2018-06-12,5,29,False
00135,2018-06-12,6,35,False
00135,2018-06-12,7,14,True
00136,2018-06-14,1,3,False
00136,2018-06-14,2,15,False
00136,2018-06-14,3,32,False
00136,2018-06-14,4,45,False
00136,2018-06-14,5,48,False
00136,2018-06-14,6,54,False
00136,2018-06-14,7,55,True
00137,2018-06-16,1,14,False
00137,2018-06-16,2,15,False
00137,2018-06-16,3,21,False
00137,2018-06-16,4,30,False
00137,2018-06-16,5,44,False
00137,2018-06-16,6,47,False
00137,2018-06-16,7,48,True
00138,2018-06-19,1,16,False
00138,2018-06-19,2,17,False
00138,2018-06-19,3,31,False
00138,2018-06-19,4,37,False
00138,2018-06-19,5,41,False
00138,2018-06-19,6,52,False
00138,2018-06-19,7,34,True
00139,2018-06-21,1,2,False
00139,2018-06-21,2,8,False
00139,2018-06-21,3,19,False
00139,2018-06-21,4,23,False
00139,2018-06-21,5,25,False
00139,2018-06-21,6,33,False
00139,2018-06-21,7,32,True
00140,2018-06-23,1,6,False
00140,2018-06-23,2,8,False
00140,2018-06-23,3,13,False
00140,2018-06-23,4,23,False
00140,2018-06-23,5,46,False
00140,2018-06-23,6,55,False
00140,2018-06-23,7,1,True
00141,2018-06-26,1,17,False
00141,2018-06-26,2,18,False
00141,2018-06-26,3,21,False
00141,2018-06-26,4,39,False
00141,2018-06-26,5,40,False
00141,2018-06-26,6,43,False
00141,2018-06-26,7,3,True
00142,2018-06-28,1,11,False
00142,2018-06-28,2,31,False
00142,2018-06-28,3,33,False
00142,2018-06-28,4,43,False
00142,2018-06-28,5,48,False
00142,2018-06-28,6,51,False
00142,2018-06-28,7,23,True
00143,2018-06-30,1,3,False
00143,2018-06-30,2,12,False
00143,2018-06-30,3,23,False
00143,2018-06-30,4,24,False
00143,2018-06-30,5,30,False
00143,2018-06-30,6,33,False
00143,2018-06-30,7,1,True
00144,2018-07-03,1,30,False
00144,2018-07-03,2,32,False
00144,2018-07-03,3,34,False
00144,2018-07-03,4,47,False
00144,2018-07-03,5,48,False
00144,2018-07-03,6,49,False
00144,2018-07-03,7,50,True
00145,2018-07-05,1,4,False
00145,2018-07-05,2,15,False
00145,2018-07-05,3,22,False
00145,2018-07-05,4,24,False
00145,2018-07-05,5,43,False
00145,2018-07-05,6,51,False
00145,2018-07-05,7,48,True
00146,2018-07-07,1,2,False
00146,2018-07-07,2,30,False
00146,2018-07-07,3,45,False
00146,2018-07-07,4,48,False
00146,2018-07-07,5,49,False
00146,2018-07-07,6,53,False
00146,2018-07-07,7,41,True
00147,2018-07-10,1,6,False
00147,2018-07-10,2,10,False
00147,2018-07-10,3,16,False
00147,2018-07-10,4,20,False
00147,2018-07-10,5,27,False
00147,2018-07-10,6,29,False
00147,2018-07-10,7,24,True
00148,2018-07-12,1,8,False
00148,2018-07-12,2,15,False
00148,2018-07-12,3,18,False
00148,2018-07-12,4,21,False
00148,2018-07-12,5,24,False
00148,2018-07-12,6,49,False
00148,2018-07-12,7,22,True
00149,2018-07-14,1,4,False
00149,2018-07-14,2,19,False
00149,2018-07-14,3,23,False
00149,2018-07-14,4,34,False
00149,2018-07-14,5,38,False
00149,2018-07-14,6,50,False
00149,2018-07-14,7,1,True
00150,2018-07-17,1,5,False
00150,2018-07-17,2,14,False
00150,2018-07-17,3,22,False
00150,2018-07-17,4,27,False
00150,2018-07-17,5,31,False
00150,2018-07-17,6,40,False
00150,2018-07-17,7,48,True
00151,2018-07-19,1,11,False
00151,2018-07-19,2,13,False
00151,2018-07-19,3,28,False
00151,2018-07-19,4,34,False
00151,2018-07-19,5,44,False
00151,2018-07-19,6,47,False
00151,2018-07-19,7,10,True
00152,2018-07-21,1,7,False
00152,2018-07-21,2,31,False
00152,2018-07-21,3,33,False
00152,2018-07-21,4,37,False
00152,2018-07-21,5,46,False
00152,2018-07-21,6,52,False
00152,2018-07-21,7,28,True
00153,2018-07-24,1,11,False
00153,2018-07-24,2,18,False
00153,2018-07-24,3,34,False
00153,2018-07-24,4,37,False
00153,2018-07-24,5,50,False
00153,2018-07-24,6,53,False
00153,2018-07-24,7,20,True
00154,2018-07-26,1,21,False
00154,2018-07-26,2,24,False
00154,2018-07-26,3,33,False
00154,2018-07-26,4,37,False
00154,2018-07-26,5,40,False
00154,2018-07-26,6,46,False
00154,2018-07-26,7,52,True
00155,2018-07-28,1,11,False
00155,2018-07-28,2,16,False
00155,2018-07-28,3,22,False
00155,2018-07-28,4,25,False
00155,2018-07-28,5,30,False
00155,2018-07-28,6,40,False
00155,2018-07-28,7,9,True
00156,2018-07-31,1,1,False
00156,2018-07-31,2,5,False
00156,2018-07-31,3,27,False
00156,2018-07-31,4,31,False
00156,2018-07-31,5,47,False
00156,2018-07-31,6,50,False
00156,2018-07-31,7,41,True
00157,2018-08-02,1,6,False
00157,2018-08-02,2,11,False
00157,2018-08-02,3,16,False
00157,2018-08-02,4,17,False
00157,2018-08-02,5,41,False
00157,2018-08-02,6,55,False
00157,2018-08-02,7,7,True
00158,2018-08-04,1,11,False
00158,2018-08-04,2,12,False
00158,2018-08-04,3,24,False
00158,2018-08-04,4,32,False
00158,2018-08-04,5,41,False
00158,2018-08-04,6,48,False
00158,2018-08-04,7,3,True
00159,2018-08-07,1,3,False
00159,2018-08-07,2,9,False
00159,2018-08-07,3,15,False
00159,2018-08-07,4,20,False
00159,2018-08-07,5,39,False
00159,2018-08-07,6,49,False
00159,2018-08-07,7,4,True
00160,2018-08-09,1,24,False
00160,2018-08-09,2,29,False
00160,2018-08-09,3,32,False
00160,2018-08-09,4,33,False
00160,2018-08-09,5,49,False
00160,2018-08-09,6,55,False
00160,2018-08-09,7,9,True
00161,2018-08-11,1,16,False
00161,2018-08-11,2,17,False
00161,2018-08-11,3,31,False
00161,2018-08-11,4,33,False
00161,2018-08-11,5,42,False
00161,2018-08-11,6,44,False
00161,2018-08-11,7,14,True
00162,2018-08-14,1,29,False
00162,2018-08-14,2,30,False
00162,2018-08-14,3,36,False
00162,2018-08-14,4,38,False
00162,2018-08-14,5,45,False
00162,2018-08-14,6,52,False
00162,2018-08-14,7,46,True
00163,2018-08-16,1,6,False
00163,2018-08-16,2,10,False
00163,2018-08-16,3,34,False
00163,2018-08-16,4,46,False
00163,2018-08-16,5,48,False
00163,2018-08-16,6,51,False
00163,2018-08-16,7,47,True
00164,2018-08-18,1,7,False
00164,2018-08-18,2,33,False
00164,2018-08-18,3,36,False
00164,2018-08-18,4,39,False
00164,2018-08-18,5,51,False
00164,2018-08-18,6,55,False
00164,2018-08-18,7,11,True
00165,2018-08-21,1,9,False
00165,2018-08-21,2,12,False
00165,2018-08-21,3,14,False
00165,2018-08-21,4,23,False
00165,2018-08-21,5,32,False
00165,2018-08-21,6,46,False
00165,2018-08-21,7,31,True
00166,2018-08-23,1,14,False
00166,2018-08-23,2,18,False
00166,2018-08-23,3,27,False
00166,2018-08-23,4,38,False
00166,2018-08-23,5,39,False
00166,2018-08-23,6,53,False
00166,2018-08-23,7,2,True
00167,2018-08-25,1,10,False
00167,2018-08-25,2,11,False
00167,2018-08-25,3,15,False
00167,2018-08-25,4,32,False
00167,2018-08-25,5,40,False
00167,2018-08-25,6,48,False
00167,2018-08-25,7,27,True
00168,2018-08-28,1,2,False
00168,2018-08-28,2,10,False
00168,2018-08-28,3,15,False
00168,2018-08-28,4,31,False
00168,2018-08-28,5,39,False
00168,2018-08-28,6,48,False
00168,2018-08-28,7,23,True
00169,2018-08-30,1,5,False
00169,2018-08-30,2,22,False
00169,2018-08-30,3,28,False
00169,2018-08-30,4,42,False
00169,2018-08-30,5,49,False
00169,2018-08-30,6,54,False
00169,2018-08-30,7,36,True
00170,2018-09-01,1,2,False
00170,2018-09-01,2,8,False
00170,2018-09-01,3,20,False
00170,2018-09-01,4,21,False
00170,2018-09-01,5,28,False
00170,2018-09-01,6,36,False
00170,2018-09-01,7,5,True
00171,2018-09-04,1,8,False
00171,2018-09-04,2,18,False
00171,2018-09-04,3,20,False
00171,2018-09-04,4,29,False
00171,2018-09-04,5,34,False
00171,2018-09-04,6,37,False
00171,2018-09-04,7,51,True
00172,2018-09-06,1,4,False
00172,2018-09-06,2,11,False
00172,2018-09-06,3,15,False
00172,2018-09-06,4,21,False
00172,2018-09-06,5,24,False
00172,2018-09-06,6,27,False
00172,2018-09-06,7,7,True
00173,2018-09-08,1,9,False
00173,2018-09-08,2,11,False
00173,2018-09-08,3,12,False
00173,2018-09-08,4,24,False
00173,2018-09-08,5,35,False
00173,2018-09-08,6,43,False
00173,2018-09-08,7,15,True
00174,2018-09-11,1,13,False
00174,2018-09-11,2,17,False
00174,2018-09-11,3,28,False
00174,2018-09-11,4,42,False
00174,2018-09-11,5,45,False
00174,2018-09-11,6,49,False
00174,2018-09-11,7,50,True
00175,2018-09-13,1,4,False
00175,2018-09-13,2,6,False
00175,2018-09-13,3,7,False
00175,2018-09-13,4,26,False
00175,2018-09-13,5,40,False
00175,2018-09-13,6,44,False
00175,2018-09-13,7,9,True
00176,2018-09-15,1,2,False
00176,2018-09-15,2,5,False
00176,2018-09-15,3,28,False
00176,2018-09-15,4,30,False
00176,2018-09-15,5,46,False
00176,2018-09-15,6,50,False
00176,2018-09-15,7,49,True
00177,2018-09-18,1,8,False
00177,2018-09-18,2,21,False
00177,2018-09-18,3,32,False
00177,2018-09-18,4,43,False
00177,2018-09-18,5,48,False
00177,2018-09-18,6,53,False
00177,2018-09-18,7,38,True
00178,2018-09-20,1,3,False
00178,2018-09-20,2,32,False
00178,2018-09-20,3,35,False
00178,2018-09-20,4,46,False
00178,2018-09-20,5,47,False
00178,2018-09-20,6,49,False
00178,2018-09-20,7,51,True
00179,2018-09-22,1,1,False
00179,2018-09-22,2,8,False
00179,2018-09-22,3,17,False
00179,2018-09-22,4,28,False
00179,2018-09-22,5,40,False
00179,2018-09-22,6,50,False
00179,2018-09-22,7,21,True
00180,2018-09-25,1,2,False
00180,2018-09-25,2,3,False
00180,2018-09-25,3,6,False
00180,2018-09-25,4,13,False
00180,2018-09-25,5,14,False
00180,2018-09-25,6,17,False
00180,2018-09-25,7,9,True
00181,2018-09-27,1,8,False
00181,2018-09-27,2,12,False
00181,2018-09-27,3,29,False
00181,2018-09-27,4,35,False
00181,2018-09-27,5,51,False
00181,2018-09-27,6,54,False
00181,2018-09-27,7,34,True
00182,2018-09-29,1,3,False
00182,2018-09-29,2,7,False
00182,2018-09-29,3,12,False
00182,2018-09-29,4,32,False
00182,2018-09-29,5,34,False
00182,2018-09-29,6,55,False
00182,2018-09-29,7,38,True
00183,2018-10-02,1,3,False
00183,2018-10-02,2,7,False
00183,2018-10-02,3,28,False
00183,2018-10-02,4,32,False
00183,2018-10-02,5,33,False
00183,2018-10-02,6,37,False
00183,2018-10-02,7,22,True
00184,2018-10-04,1,3,False
00184,2018-10-04,2,9,False
00184,2018-10-04,3,12,False
00184,2018-10-04,4,17,False
00184,2018-10-04,5,34,False
00184,2018-10-04,6,42,False
00184,2018-10-04,7,46,True
00185,2018-10-06,1,5,False
00185,2018-10-06,2,6,False
00185,2018-10-06,3,16,False
00185,2018-10-06,4,42,False
00185,2018-10-06,5,48,False
00185,2018-10-06,6,51,False
00185,2018-10-06,7,3,True
00186,2018-10-09,1,10,False
00186,2018-10-09,2,27,False
00186,2018-10-09,3,46,False
00186,2018-10-09,4,50,False
00186,2018-10-09,5,51,False
00186,2018-10-09,6,55,False
00186,2018-10-09,7,1,True
00187,2018-10-11,1,5,False
00187,2018-10-11,2,16,False
00187,2018-10-11,3,17,False
00187,2018-10-11,4,37,False
00187,2018-10-11,5,46,False
00187,2018-10-11,6,49,False
00187,2018-10-11,7,35,True
00188,2018-10-13,1,12,False
00188,2018-10-13,2,21,False
00188,2018-10-13,3,23,False
00188,2018-10-13,4,44,False
00188,2018-10-13,5,47,False
00188,2018-10-13,6,48,False
00188,2018-10-13,7,43,True
00189,2018-10-16,1,5,False
00189,2018-10-16,2,28,False
00189,2018-10-16,3,29,False
00189,2018-10-16,4,34,False
00189,2018-10-16,5,42,False
00189,2018-10-16,6,46,False
00189,2018-10-16,7,17,True
00190,2018-10-18,1,1,False
00190,2018-10-18,2,11,False
00190,2018-10-18,3,22,False
00190,2018-10-18,4,34,False
00190,2018-10-18,5,42,False
00190,2018-10-18,6,47,False
00190,2018-10-18,7,30,True
00191,2018-10-20,1,2,False
00191,2018-10-20,2,5,False
00191,2018-10-20,3,10,False
00191,2018-10-20,4,17,False
00191,2018-10-20,5,35,False
00191,2018-10-20,6,41,False
00191,2018-10-20,7,21,True
00192,2018-10-23,1,1,False
00192,2018-10-23,2,3,False
00192,2018-10-23,3,6,False
00192,2018-10-23,4,13,False
00192,2018-10-23,5,21,False
00192,2018-10-23,6,30,False
00192,2018-10-23,7,36,True
00193,2018-10-25,1,16,False
00193,2018-10-25,2,23,False
00193,2018-10-25,3,29,False
00193,2018-10-25,4,31,False
00193,2018-10-25,5,45,False
00193,2018-10-25,6,48,False
00193,2018-10-25,7,19,True
00194,2018-10-27,1,8,False
00194,2018-10-27,2,9,False
00194,2018-10-27,3,15,False
00194,2018-10-27,4,21,False
00194,2018-10-27,5,44,False
00194,2018-10-27,6,49,False
00194,2018-10-27,7,16,True
00195,2018-10-30,1,1,False
00195,2018-10-30,2,12,False
00195,2018-10-30,3,22,False
00195,2018-10-30,4,27,False
00195,2018-10-30,5,30,False
00195,2018-10-30,6,39,False
00195,2018-10-30,7,46,True
00196,2018-11-01,1,3,False
00196,2018-11-01,2,11,False
00196,2018-11-01,3,15,False
00196,2018-11-01,4,42,False
00196,2018-11-01,5,44,False
00196,2018-11-01,6,54,False
00196,2018-11-01,7,41,True
00197,2018-11-03,1,14,False
00197,2018-11-03,2,17,False
00197,2018-11-03,3,20,False
00197,2018-11-03,4,23,False
00197,2018-11-03,5,25,False
00197,2018-11-03,6,45,False
00197,2018-11-03,7,34,True
00198,2018-11-06,1,19,False
00198,2018-11-06,2,22,False
00198,2018-11-06,3,23,False
00198,2018-11-06,4,43,False
00198,2018-11-06,5,47,False
00198,2018-11-06,6,53,False
00198,2018-11-06,7,3,True
00199,2018-11-08,1,22,False
00199,2018-11-08,2,28,False
00199,2018-11-08,3,31,False
00199,2018-11-08,4,39,False
00199,2018-11-08,5,52,False
00199,2018-11-08,6,53,False
00199,2018-11-08,7,14,True
00200,2018-11-10,1,3,False
00200,2018-11-10,2,5,False
00200,2018-11-10,3,19,False
00200,2018-11-10,4,22,False
00200,2018-11-10,5,29,False
00200,2018-11-10,6,39,False
00200,2018-11-10,7,15,True
00201,2018-11-13,1,3,False
00201,2018-11-13,2,25,False
00201,2018-11-13,3,26,False
00201,2018-11-13,4,32,False
00201,2018-11-13,5,41,False
00201,2018-11-13,6,47,False
00201,2018-11-13,7,5,True
00202,2018-11-15,1,13,False
00202,2018-11-15,2,16,False
00202,2018-11-15,3,21,False
00202,2018-11-15,4,40,False
00202,2018-11-15,5,49,False
00202,2018-11-15,6,52,False
00202,2018-11-15,7,54,True
00203,2018-11-17,1,12,False
00203,2018-11-17,2,22,False
00203,2018-11-17,3,26,False
00203,2018-11-17,4,29,False
00203,2018-11-17,5,45,False
00203,2018-11-17,6,47,False
00203,2018-11-17,7,15,True
00204,2018-11-20,1,9,False
00204,2018-11-20,2,23,False
00204,2018-11-20,3,33,False
00204,2018-11-20,4,40,False
00204,2018-11-20,5,44,False
00204,2018-11-20,6,49,False
00204,2018-11-20,7,17,True
00205,2018-11-22,1,17,False
00205,2018-11-22,2,22,False
00205,2018-11-22,3,24,False
00205,2018-11-22,4,28,False
00205,2018-11-22,5,37,False
00205,2018-11-22,6,44,False
00205,2018-11-22,7,6,True
00206,2018-11-24,1,3,False
00206,2018-11-24,2,10,False
00206,2018-11-24,3,11,False
00206,2018-11-24,4,25,False
00206,2018-11-24,5,40,False
00206,2018-11-24,6,54,False
00206,2018-11-24,7,17,True
00207,2018-11-27,1,3,False
00207,2018-11-27,2,5,False
00207,2018-11-27,3,23,False
00207,2018-11-27,4,28,False
00207,2018-11-27,5,35,False
00207,2018-11-27,6,44,False
00207,2018-11-27,7,8,True
00208,2018-11-29,1,10,False
00208,2018-11-29,2,23,False
00208,2018-11-29,3,27,False
00208,2018-11-29,4,42,False
00208,2018-11-29,5,51,False
00208,2018-11-29,6,52,False
00208,2018-11-29,7,20,True
00209,2018-12-01,1,3,False
00209,2018-12-01,2,5,False
00209,2018-12-01,3,12,False
00209,2018-12-01,4,20,False
00209,2018-12-01,5,25,False
00209,2018-12-01,6,33,False
00209,2018-12-01,7,41,True
00210,2018-12-04,1,10,False
00210,2018-12-04,2,13,False
00210,2018-12-04,3,16,False
00210,2018-12-04,4,23,False
00210,2018-12-04,5,30,False
00210,2018-12-04,6,49,False
00210,2018-12-04,7,24,True
00211,2018-12-06,1,9,False
00211,2018-12-06,2,13,False
00211,2018-12-06,3,23,False
00211,2018-12-06,4,27,False
00211,2018-12-06,5,39,False
00211,2018-12-06,6,42,False
00211,2018-12-06,7,49,True
00212,2018-12-08,1,3,False
00212,2018-12-08,2,6,False
00212,2018-12-08,3,9,False
00212,2018-12-08,4,31,False
00212,2018-12-08,5,48,False
00212,2018-12-08,6,54,False
00212,2018-12-08,7,53,True
00213,2018-12-11,1,1,False
00213,2018-12-11,2,5,False
00213,2018-12-11,3,11,False
00213,2018-12-11,4,37,False
00213,2018-12-11,5,39,False
00213,2018-12-11,6,44,False
00213,2018-12-11,7,31,True
00214,2018-12-13,1,2,False
00214,2018-12-13,2,11,False
00214,2018-12-13,3,14,False
00214,2018-12-13,4,36,False
00214,2018-12-13,5,49,False
00214,2018-12-13,6,55,False
00214,2018-12-13,7,53,True
00215,2018-12-15,1,14,False
00215,2018-12-15,2,17,False
00215,2018-12-15,3,49,False
00215,2018-12-15,4,52,False
00215,2018-12-15,5,53,False
00215,2018-12-15,6,55,False
00215,2018-12-15,7,12,True
00216,2018-12-18,1,1,False
00216,2018-12-18,2,9,False
00216,2018-12-18,3,15,False
00216,2018-12-18,4,17,False
00216,2018-12-18,5,25,False
00216,2018-12-18,6,26,False
00216,2018-12-18,7,8,True
00217,2018-12-20,1,8,False
00217,2018-12-20,2,17,False
00217,2018-12-20,3,24,False
00217,2018-12-20,4,33,False
00217,2018-12-20,5,34,False
00217,2018-12-20,6,44,False
00217,2018-12-20,7,55,True
00218,2018-12-22,1,3,False
00218,2018-12-22,2,8,False
00218,2018-12-22,3,16,False
00218,2018-12-22,4,35,False
00218,2018-12-22,5,39,False
00218,2018-12-22,6,52,False
00218,2018-12-22,7,29,True
00219,2018-12-25,1,3,False
00219,2018-12-25,2,9,False
00219,2018-12-25,3,17,False
00219,2018-12-25,4,21,False
00219,2018-12-25,5,23,False
00219,2018-12-25,6,51,False
00219,2018-12-25,7,15,True
00220,2018-12-27,1,5,False
00220,2018-12-27,2,20,False
00220,2018-12-27,3,33,False
00220,2018-12-27,4,42,False
00220,2018-12-27,5,43,False
00220,2018-12-27,6,50,False
00220,2018-12-27,7,40,True
00221,2018-12-29,1,8,False
00221,2018-12-29,2,36,False
00221,2018-12-29,3,42,False
00221,2018-12-29,4,43,False
00221,2018-12-29,5,50,False
00221,2018-12-29,6,52,False
00221,2018-12-29,7,30,True
00222,2019-01-01,1,2,False
00222,2019-01-01,2,19,False
00222,2019-01-01,3,21,False
00222,2019-01-01,4,27,False
00222,2019-01-01,5,37,False
00222,2019-01-01,6,46,False
00222,2019-01-01,7,12,True
00223,2019-01-03,1,23,False
00223,2019-01-03,2,31,False
00223,2019-01-03,3,37,False
00223,2019-01-03,4,45,False
00223,2019-01-03,5,49,False
00223,2019-01-03,6,54,False
00223,2019-01-03,7,18,True
00224,2019-01-05,1,10,False
00224,2019-01-05,2,11,False
00224,2019-01-05,3,38,False
00224,2019-01-05,4,47,False
00224,2019-01-05,5,53,False
00224,2019-01-05,6,55,False
00224,2019-01-05,7,51,True
00225,2019-01-08,1,3,False
00225,2019-01-08,2,5,False
00225,2019-01-08,3,9,False
00225,2019-01-08,4,11,False
00225,2019-01-08,5,45,False
00225,2019-01-08,6,48,False
00225,2019-01-08,7,40,True
00226,2019-01-10,1,12,False
00226,2019-01-10,2,22,False
00226,2019-01-10,3,31,False
00226,2019-01-10,4,35,False
00226,2019-01-10,5,40,False
00226,2019-01-10,6,47,False
00226,2019-01-10,7,8,True
00227,2019-01-12,1,7,False
00227,2019-01-12,2,13,False
00227,2019-01-12,3,14,False
00227,2019-01-12,4,26,False
00227,2019-01-12,5,42,False
00227,2019-01-12,6,54,False
00227,2019-01-12,7,11,True
00228,2019-01-15,1,4,False
00228,2019-01-15,2,6,False
00228,2019-01-15,3,13,False
00228,2019-01-15,4,22,False
00228,2019-01-15,5,29,False
00228,2019-01-15,6,30,False
00228,2019-01-15,7,52,True
00229,2019-01-17,1,13,False
00229,2019-01-17,2,14,False
00229,2019-01-17,3,22,False
00229,2019-01-17,4,34,False
00229,2019-01-17,5,35,False
00229,2019-01-17,6,55,False
00229,2019-01-17,7,54,True
00230,2019-01-19,1,13,False
00230,2019-01-19,2,29,False
00230,2019-01-19,3,42,False
00230,2019-01-19,4,46,False
00230,2019-01-19,5,51,False
00230,2019-01-19,6,53,False
00230,2019-01-19,7,36,True
00231,2019-01-22,1,1,False
00231,2019-01-22,2,14,False
00231,2019-01-22,3,22,False
00231,2019-01-22,4,40,False
00231,2019-01-22,5,52,False
00231,2019-01-22,6,55,False
00231,2019-01-22,7,21,True
00232,2019-01-24,1,31,False
00232,2019-01-24,2,35,False
00232,2019-01-24,3,38,False
00232,2019-01-24,4,44,False
00232,2019-01-24,5,49,False
00232,2019-01-24,6,55,False
00232,2019-01-24,7,24,True
00233,2019-01-26,1,20,False
00233,2019-01-26,2,27,False
00233,2019-01-26,3,33,False
00233,2019-01-26,4,43,False
00233,2019-01-26,5,53,False
00233,2019-01-26,6,54,False
00233,2019-01-26,7,48,True
00234,2019-01-29,1,15,False
00234,2019-01-29,2,20,False
00234,2019-01-29,3,26,False
00234,2019-01-29,4,41,False
00234,2019-01-29,5,45,False
00234,2019-01-29,6,55,False
00234,2019-01-29,7,10,True
00235,2019-01-31,1,10,False
00235,2019-01-31,2,19,False
00235,2019-01-31,3,20,False
00235,2019-01-31,4,28,False
00235,2019-01-31,5,34,False
00235,2019-01-31,6,44,False
00235,2019-01-31,7,29,True
00236,2019-02-02,1,11,False
00236,2019-02-02,2,23,False
00236,2019-02-02,3,27,False
00236,2019-02-02,4,35,False
00236,2019-02-02,5,36,False
00236,2019-02-02,6,46,False
00236,2019-02-02,7,37,True
00237,2019-02-07,1,20,False
00237,2019-02-07,2,27,False
00237,2019-02-07,3,28,False
00237,2019-02-07,4,32,False
00237,2019-02-07,5,47,False
00237,2019-02-07,6,50,False
00237,2019-02-07,7,41,True
00238,2019-02-09,1,2,False
00238,2019-02-09,2,14,False
00238,2019-02-09,3,15,False
00238,2019-02-09,4,44,False
00238,2019-02-09,5,46,False
00238,2019-02-09,6,50,False
00238,2019-02-09,7,18,True
00239,2019-02-12,1,1,False
00239,2019-02-12,2,12,False
00239,2019-02-12,3,17,False
00239,2019-02-12,4,34,False
00239,2019-02-12,5,48,False
00239,2019-02-12,6,49,False
00239,2019-02-12,7,47,True
00240,2019-02-14,1,8,False
00240,2019-02-14,2,15,False
00240,2019-02-14,3,26,False
00240,2019-02-14,4,41,False
00240,2019-02-14,5,43,False
00240,2019-02-14,6,53,False
00240,2019-02-14,7,46,True
00241,2019-02-16,1,5,False
00241,2019-02-16,2,8,False
00241,2019-02-16,3,14,False
00241,2019-02-16,4,28,False
00241,2019-02-16,5,37,False
00241,2019-02-16,6,40,False
00241,2019-02-16,7,41,True
00242,2019-02-19,1,12,False
00242,2019-02-19,2,18,False
00242,2019-02-19,3,22,False
00242,2019-02-19,4,29,False
00242,2019-02-19,5,32,False
00242,2019-02-19,6,52,False
00242,2019-02-19,7,51,True
00243,2019-02-21,1,3,False
00243,2019-02-21,2,10,False
00243,2019-02-21,3,11,False
00243,2019-02-21,4,15,False
00243,2019-02-21,5,29,False
00243,2019-02-21,6,34,False
00243,2019-02-21,7,50,True
00244,2019-02-23,1,16,False
00244,2019-02-23,2,19,False
00244,2019-02-23,3,30,False
00244,2019-02-23,4,39,False
00244,2019-02-23,5,43,False
00244,2019-02-23,6,52,False
00244,2019-02-23,7,21,True
00245,2019-02-26,1,8,False
00245,2019-02-26,2,9,False
00245,2019-02-26,3,16,False
00245,2019-02-26,4,34,False
00245,2019-02-26,5,42,False
00245,2019-02-26,6,43,False
00245,2019-02-26,7,45,True
00246,2019-02-28,1,4,False
00246,2019-02-28,2,15,False
00246,2019-02-28,3,19,False
00246,2019-02-28,4,34,False
00246,2019-02-28,5,40,False
00246,2019-02-28,6,42,False
00246,2019-02-28,7,49,True
00247,2019-03-02,1,1,False
00247,2019-03-02,2,2,False
00247,2019-03-02,3,3,False
00247,2019-03-02,4,20,False
00247,2019-03-02,5,46,False
00247,2019-03-02,6,48,False
00247,2019-03-02,7,31,True
00248,2019-03-05,1,1,False
00248,2019-03-05,2,15,False
00248,2019-03-05,3,23,False
00248,2019-03-05,4,51,False
00248,2019-03-05,5,53,False
00248,2019-03-05,6,55,False
00248,2019-03-05,7,26,True
00249,2019-03-07,1,2,False
00249,2019-03-07,2,14,False
00249,2019-03-07,3,20,False
00249,2019-03-07,4,33,False
00249,2019-03-07,5,41,False
00249,2019-03-07,6,47,False
00249,2019-03-07,7,27,True
00250,2019-03-09,1,18,False
00250,2019-03-09,2,24,False
00250,2019-03-09,3,31,False
00250,2019-03-09,4,34,False
00250,2019-03-09,5,35,False
00250,2019-03-09,6,44,False
00250,2019-03-09,7,52,True
00251,2019-03-12,1,9,False
00251,2019-03-12,2,16,False
00251,2019-03-12,3,26,False
00251,2019-03-12,4,34,False
00251,2019-03-12,5,44,False
00251,2019-03-12,6,49,False
00251,2019-03-12,7,19,True
00252,2019-03-14,1,18,False
00252,2019-03-14,2,21,False
00252,2019-03-14,3,25,False
00252,2019-03-14,4,35,False
00252,2019-03-14,5,44,False
00252,2019-03-14,6,53,False
00252,2019-03-14,7,4,True
00253,2019-03-16,1,10,False
00253,2019-03-16,2,18,False
00253,2019-03-16,3,22,False
00253,2019-03-16,4,24,False
00253,2019-03-16,5,35,False
00253,2019-03-16,6,40,False
00253,2019-03-16,7,53,True
00254,2019-03-19,1,8,False
00254,2019-03-19,2,28,False
00254,2019-03-19,3,32,False
00254,2019-03-19,4,35,False
00254,2019-03-19,5,40,False
00254,2019-03-19,6,45,False
00254,2019-03-19,7,34,True
00255,2019-03-21,1,7,False
00255,2019-03-21,2,18,False
00255,2019-03-21,3,32,False
00255,2019-03-21,4,42,False
00255,2019-03-21,5,46,False
00255,2019-03-21,6,53,False
00255,2019-03-21,7,28,True
00256,2019-03-23,1,3,False
00256,2019-03-23,2,9,False
00256,2019-03-23,3,30,False
00256,2019-03-23,4,41,False
00256,2019-03-23,5,46,False
00256,2019-03-23,6,52,False
00256,2019-03-23,7,22,True
00257,2019-03-26,1,15,False
00257,2019-03-26,2,19,False
00257,2019-03-26,3,28,False
00257,2019-03-26,4,40,False
00257,2019-03-26,5,44,False
00257,2019-03-26,6,48,False
00257,2019-03-26,7,14,True
00258,2019-03-28,1,3,False
00258,2019-03-28,2,23,False
00258,2019-03-28,3,37,False
00258,2019-03-28,4,43,False
00258,2019-03-28,5,44,False
00258,2019-03-28,6,49,False
00258,2019-03-28,7,27,True
00259,2019-03-30,1,3,False
00259,2019-03-30,2,15,False
00259,2019-03-30,3,18,False
00259,2019-03-30,4,35,False
00259,2019-03-30,5,50,False
00259,2019-03-30,6,54,False
00259,2019-03-30,7,32,True
00260,2019-04-02,1,1,False
00260,2019-04-02,2,4,False
00260,2019-04-02,3,9,False
00260,2019-04-02,4,20,False
00260,2019-04-02,5,22,False
00260,2019-04-02,6,26,False
00260,2019-04-02,7,48,True
00261,2019-04-04,1,16,False
00261,2019-04-04,2,26,False
00261,2019-04-04,3,29,False
00261,2019-04-04,4,38,False
00261,2019-04-04,5,47,False
00261,2019-04-04,6,51,False
00261,2019-04-04,7,13,True
00262,2019-04-06,1,1,False
00262,2019-04-06,2,20,False
00262,2019-04-06,3,30,False
00262,2019-04-06,4,41,False
00262,2019-04-06,5,46,False
00262,2019-04-06,6,50,False
00262,2019-04-06,7,48,True
00263,2019-04-09,1,10,False
00263,2019-04-09,2,14,False
00263,2019-04-09,3,19,False
00263,2019-04-09,4,36,False
00263,2019-04-09,5,48,False
00263,2019-04-09,6,49,False
00263,2019-04-09,7,3,True
00264,2019-04-11,1,1,False
00264,2019-04-11,2,8,False
00264,2019-04-11,3,31,False
00264,2019-04-11,4,32,False
00264,2019-04-11,5,37,False
00264,2019-04-11,6,55,False
00264,2019-04-11,7,53,True
00265,2019-04-13,1,9,False
00265,2019-04-13,2,13,False
00265,2019-04-13,3,20,False
00265,2019-04-13,4,21,False
00265,2019-04-13,5,36,False
00265,2019-04-13,6,43,False
00265,2019-04-13,7,32,True
00266,2019-04-16,1,16,False
00266,2019-04-16,2,29,False
00266,2019-04-16,3,32,False
00266,2019-04-16,4,33,False
00266,2019-04-16,5,52,False
00266,2019-04-16,6,53,False
00266,2019-04-16,7,5,True
00267,2019-04-18,1,7,False
00267,2019-04-18,2,8,False
00267,2019-04-18,3,15,False
00267,2019-04-18,4,24,False
00267,2019-04-18,5,26,False
00267,2019-04-18,6,48,False
00267,2019-04-18,7,10,True
00268,2019-04-20,1,8,False
00268,2019-04-20,2,10,False
00268,2019-04-20,3,12,False
00268,2019-04-20,4,24,False
00268,2019-04-20,5,40,False
00268,2019-04-20,6,44,False
00268,2019-04-20,7,51,True
00269,2019-04-23,1,20,False
00269,2019-04-23,2,21,False
00269,2019-04-23,3,22,False
00269,2019-04-23,4,31,False
00269,2019-04-23,5,43,False
00269,2019-04-23,6,45,False
00269,2019-04-23,7,30,True
00270,2019-04-25,1,16,False
00270,2019-04-25,2,22,False
00270,2019-04-25,3,23,False
00270,2019-04-25,4,33,False
00270,2019-04-25,5,36,False
00270,2019-04-25,6,38,False
00270,2019-04-25,7,45,True
00271,2019-04-27,1,1,False
00271,2019-04-27,2,11,False
00271,2019-04-27,3,22,False
00271,2019-04-27,4,26,False
00271,2019-04-27,5,33,False
00271,2019-04-27,6,51,False
00271,2019-04-27,7,4,True
00272,2019-04-30,1,3,False
00272,2019-04-30,2,5,False
00272,2019-04-30,3,13,False
00272,2019-04-30,4,40,False
00272,2019-04-30,5,41,False
00272,2019-04-30,6,45,False
00272,2019-04-30,7,52,True
00273,2019-05-02,1,2,False
00273,2019-05-02,2,10,False
00273,2019-05-02,3,16,False
00273,2019-05-02,4,17,False
00273,2019-05-02,5,33,False
00273,2019-05-02,6,36,False
00273,2019-05-02,7,20,True
00274,2019-05-04,1,1,False
00274,2019-05-04,2,2,False
00274,2019-05-04,3,3,False
00274,2019-05-04,4,17,False
00274,2019-05-04,5,26,False
00274,2019-05-04,6,53,False
00274,2019-05-04,7,50,True
00275,2019-05-07,1,3,False
00275,2019-05-07,2,6,False
00275,2019-05-07,3,7,False
00275,2019-05-07,4,8,False
00275,2019-05-07,5,9,False
00275,2019-05-07,6,49,False
00275,2019-05-07,7,24,True
00276,2019-05-09,1,19,False
00276,2019-05-09,2,21,False
00276,2019-05-09,3,48,False
00276,2019-05-09,4,49,False
00276,2019-05-09,5,54,False
00276,2019-05-09,6,55,False
00276,2019-05-09,7,27,True
00277,2019-05-11,1,6,False
00277,2019-05-11,2,11,False
00277,2019-05-11,3,20,False
00277,2019-05-11,4,22,False
00277,2019-05-11,5,26,False
00277,2019-05-11,6,28,False
00277,2019-05-11,7,36,True
00278,2019-05-14,1,6,False
00278,2019-05-14,2,11,False
00278,2019-05-14,3,15,False
00278,2019-05-14,4,21,False
00278,2019-05-14,5,30,False
00278,2019-05-14,6,40,False
00278,2019-05-14,7,10,True
00279,2019-05-16,1,8,False
00279,2019-05-16,2,28,False
00279,2019-05-16,3,30,False
00279,2019-05-16,4,33,False
00279,2019-05-16,5,40,False
00279,2019-05-16,6,43,False
00279,2019-05-16,7,24,True
00280,2019-05-18,1,6,False
00280,2019-05-18,2,10,False
00280,2019-05-18,3,13,False
00280,2019-05-18,4,18,False
00280,2019-05-18,5,29,False
00280,2019-05-18,6,38,False
00280,2019-05-18,7,53,True
00281,2019-05-21,1,11,False
00281,2019-05-21,2,12,False
00281,2019-05-21,3,29,False
00281,2019-05-21,4,31,False
00281,2019-05-21,5,37,False
00281,2019-05-21,6,53,False
00281,2019-05-21,7,41,True
00282,2019-05-23,1,13,False
00282,2019-05-23,2,21,False
00282,2019-05-23,3,33,False
00282,2019-05-23,4,42,False
00282,2019-05-23,5,53,False
00282,2019-05-23,6,55,False
00282,2019-05-23,7,44,True
00283,2019-05-25,1,4,False
00283,2019-05-25,2,12,False
00283,2019-05-25,3,35,False
00283,2019-05-25,4,44,False
00283,2019-05-25,5,50,False
00283,2019-05-25,6,55,False
00283,2019-05-25,7,19,True
00284,2019-05-28,1,15,False
00284,2019-05-28,2,22,False
00284,2019-05-28,3,31,False
00284,2019-05-28,4,32,False
00284,2019-05-28,5,33,False
00284,2019-05-28,6,37,False
00284,2019-05-28,7,51,True
00285,2019-05-30,1,17,False
00285,2019-05-30,2,31,False
00285,2019-05-30,3,33,False
00285,2019-05-30,4,34,False
00285,2019-05-30,5,37,False
00285,2019-05-30,6,40,False
00285,2019-05-30,7,35,True
00286,2019-06-01,1,10,False
00286,2019-06-01,2,24,False
00286,2019-06-01,3,31,False
00286,2019-06-01,4,41,False
00286,2019-06-01,5,42,False
00286,2019-06-01,6,47,False
00286,2019-06-01,7,20,True
00287,2019-06-04,1,18,False
00287,2019-06-04,2,20,False
00287,2019-06-04,3,24,False
00287,2019-06-04,4,26,False
00287,2019-06-04,5,33,False
00287,2019-06-04,6,41,False
00287,2019-06-04,7,55,True
00288,2019-06-06,1,10,False
00288,2019-06-06,2,13,False
00288,2019-06-06,3,30,False
00288,2019-06-06,4,36,False
00288,2019-06-06,5,51,False
00288,2019-06-06,6,54,False
00288,2019-06-06,7,16,True
00289,2019-06-08,1,2,False
00289,2019-06-08,2,8,False
00289,2019-06-08,3,10,False
00289,2019-06-08,4,23,False
00289,2019-06-08,5,27,False
00289,2019-06-08,6,35,False
00289,2019-06-08,7,47,True
00290,2019-06-11,1,2,False
00290,2019-06-11,2,5,False
00290,2019-06-11,3,13,False
00290,2019-06-11,4,20,False
00290,2019-06-11,5,30,False
00290,2019-06-11,6,49,False
00290,2019-06-11,7,35,True
00291,2019-06-13,1,6,False
00291,2019-06-13,2,9,False
00291,2019-06-13,3,15,False
00291,2019-06-13,4,22,False
00291,2019-06-13,5,29,False
00291,2019-06-13,6,53,False
00291,2019-06-13,7,25,True
00292,2019-06-15,1,13,False
00292,2019-06-15,2,23,False
00292,2019-06-15,3,40,False
00292,2019-06-15,4,45,False
00292,2019-06-15,5,52,False
00292,2019-06-15,6,55,False
00292,2019-06-15,7,9,True
00293,2019-06-18,1,24,False
00293,2019-06-18,2,31,False
00293,2019-06-18,3,45,False
00293,2019-06-18,4,46,False
00293,2019-06-18,5,47,False
00293,2019-06-18,6,54,False
00293,2019-06-18,7,4,True
00294,2019-06-20,1,9,False
00294,2019-06-20,2,15,False
00294,2019-06-20,3,23,False
00294,2019-06-20,4,41,False
00294,2019-06-20,5,49,False
00294,2019-06-20,6,51,False
00294,2019-06-20,7,52,True
00295,2019-06-22,1,1,False
00295,2019-06-22,2,9,False
00295,2019-06-22,3,23,False
00295,2019-06-22,4,28,False
00295,2019-06-22,5,42,False
00295,2019-06-22,6,54,False
00295,2019-06-22,7,49,True
00296,2019-06-25,1,3,False
00296,2019-06-25,2,14,False
00296,2019-06-25,3,34,False
00296,2019-06-25,4,35,False
00296,2019-06-25,5,40,False
00296,2019-06-25,6,49,False
00296,2019-06-25,7,23,True
00297,2019-06-27,1,9,False
00297,2019-06-27,2,29,False
00297,2019-06-27,3,32,False
00297,2019-06-27,4,44,False
00297,2019-06-27,5,49,False
00297,2019-06-27,6,53,False
00297,2019-06-27,7,5,True
00298,2019-06-29,1,6,False
00298,2019-06-29,2,10,False
00298,2019-06-29,3,19,False
00298,2019-06-29,4,31,False
00298,2019-06-29,5,34,False
00298,2019-06-29,6,43,False
00298,2019-06-29,7,37,True
00299,2019-07-02,1,2,False
00299,2019-07-02,2,9,False
00299,2019-07-02,3,33,False
00299,2019-07-02,4,45,False
00299,2019-07-02,5,52,False
00299,2019-07-02,6,54,False
00299,2019-07-02,7,1,True
00300,2019-07-04,1,4,False
00300,2019-07-04,2,5,False
00300,2019-07-04,3,14,False
00300,2019-07-04,4,46,False
00300,2019-07-04,5,52,False
00300,2019-07-04,6,54,False
00300,2019-07-04,7,3,True
00301,2019-07-06,1,5,False
00301,2019-07-06,2,29,False
00301,2019-07-06,3,36,False
00301,2019-07-06,4,39,False
00301,2019-07-06,5,46,False
00301,2019-07-06,6,53,False
00301,2019-07-06,7,48,True
00302,2019-07-09,1,4,False
00302,2019-07-09,2,17,False
00302,2019-07-09,3,25,False
00302,2019-07-09,4,40,False
00302,2019-07-09,5,42,False
00302,2019-07-09,6,51,False
00302,2019-07-09,7,2,True
00303,2019-07-11,1,6,False
00303,2019-07-11,2,9,False
00303,2019-07-11,3,15,False
00303,2019-07-11,4,26,False
00303,2019-07-11,5,35,False
00303,2019-07-11,6,38,False
00303,2019-07-11,7,34,True
00304,2019-07-13,1,5,False
00304,2019-07-13,2,23,False
00304,2019-07-13,3,29,False
00304,2019-07-13,4,45,False
00304,2019-07-13,5,50,False
00304,2019-07-13,6,52,False
00304,2019-07-13,7,1,True
00305,2019-07-16,1,4,False
00305,2019-07-16,2,12,False
00305,2019-07-16,3,19,False
00305,2019-07-16,4,31,False
00305,2019-07-16,5,33,False
00305,2019-07-16,6,40,False
00305,2019-07-16,7,51,True
00306,2019-07-18,1,4,False
00306,2019-07-18,2,24,False
00306,2019-07-18,3,29,False
00306,2019-07-18,4,31,False
00306,2019-07-18,5,39,False
00306,2019-07-18,6,41,False
00306,2019-07-18,7,38,True
00307,2019-07-20,1,15,False
00307,2019-07-20,2,18,False
00307,2019-07-20,3,25,False
00307,2019-07-20,4,32,False
00307,2019-07-20,5,42,False
00307,2019-07-20,6,52,False
00307,2019-07-20,7,10,True
00308,2019-07-23,1,5,False
00308,2019-07-23,2,10,False
00308,2019-07-23,3,21,False
00308,2019-07-23,4,32,False
00308,2019-07-23,5,39,False
00308,2019-07-23,6,52,False
00308,2019-07-23,7,41,True
00309,2019-07-25,1,3,False
00309,2019-07-25,2,31,False
00309,2019-07-25,3,34,False
00309,2019-07-25,4,41,False
00309,2019-07-25,5,52,False
00309,2019-07-25,6,53,False
00309,2019-07-25,7,16,True
00310,2019-07-27,1,2,False
00310,2019-07-27,2,3,False
00310,2019-07-27,3,25,False
00310,2019-07-27,4,33,False
00310,2019-07-27,5,44,False
00310,2019-07-27,6,50,False
00310,2019-07-27,7,17,True
00311,2019-07-30,1,3,False
00311,2019-07-30,2,8,False
00311,2019-07-30,3,12,False
00311,2019-07-30,4,21,False
00311,2019-07-30,5,32,False
00311,2019-07-30,6,51,False
00311,2019-07-30,7,7,True
00312,2019-08-01,1,1,False
00312,2019-08-01,2,18,False
00312,2019-08-01,3,39,False
00312,2019-08-01,4,45,False
00312,2019-08-01,5,48,False
00312,2019-08-01,6,49,False
00312,2019-08-01,7,26,True
00313,2019-08-03,1,13,False
00313,2019-08-03,2,24,False
00313,2019-08-03,3,25,False
00313,2019-08-03,4,26,False
00313,2019-08-03,5,27,False
00313,2019-08-03,6,30,False
00313,2019-08-03,7,4,True
00314,2019-08-06,1,9,False
00314,2019-08-06,2,11,False
00314,2019-08-06,3,19,False
00314,2019-08-06,4,20,False
00314,2019-08-06,5,26,False
00314,2019-08-06,6,42,False
00314,2019-08-06,7,17,True
00315,2019-08-08,1,1,False
00315,2019-08-08,2,6,False
00315,2019-08-08,3,17,False
00315,2019-08-08,4,18,False
00315,2019-08-08,5,21,False
00315,2019-08-08,6,41,False
00315,2019-08-08,7,22,True
00316,2019-08-10,1,7,False
00316,2019-08-10,2,17,False
00316,2019-08-10,3,36,False
00316,2019-08-10,4,42,False
00316,2019-08-10,5,43,False
00316,2019-08-10,6,50,False
00316,2019-08-10,7,44,True
00317,2019-08-13,1,4,False
00317,2019-08-13,2,8,False
00317,2019-08-13,3,16,False
00317,2019-08-13,4,27,False
00317,2019-08-13,5,32,False
00317,2019-08-13,6,40,False
00317,2019-08-13,7,23,True
00318,2019-08-15,1,19,False
00318,2019-08-15,2,25,False
00318,2019-08-15,3,31,False
00318,2019-08-15,4,32,False
00318,2019-08-15,5,39,False
00318,2019-08-15,6,47,False
00318,2019-08-15,7,8,True
00319,2019-08-17,1,9,False
00319,2019-08-17,2,11,False
00319,2019-08-17,3,24,False
00319,2019-08-17,4,26,False
00319,2019-08-17,5,38,False
00319,2019-08-17,6,53,False
00319,2019-08-17,7,41,True
00320,2019-08-20,1,10,False
00320,2019-08-20,2,30,False
00320,2019-08-20,3,38,False
00320,2019-08-20,4,48,False
00320,2019-08-20,5,54,False
00320,2019-08-20,6,55,False
00320,2019-08-20,7,46,True
00321,2019-08-22,1,4,False
00321,2019-08-22,2,7,False
00321,2019-08-22,3,16,False
00321,2019-08-22,4,17,False
00321,2019-08-22,5,30,False
00321,2019-08-22,6,39,False
00321,2019-08-22,7,27,True
00322,2019-08-24,1,19,False
00322,2019-08-24,2,20,False
00322,2019-08-24,3,34,False
00322,2019-08-24,4,40,False
00322,2019-08-24,5,49,False
00322,2019-08-24,6,51,False
00322,2019-08-24,7,1,True
00323,2019-08-27,1,16,False
00323,2019-08-27,2,22,False
00323,2019-08-27,3,29,False
00323,2019-08-27,4,33,False
00323,2019-08-27,5,46,False
00323,2019-08-27,6,47,False
00323,2019-08-27,7,55,True
00324,2019-08-29,1,10,False
00324,2019-08-29,2,11,False
00324,2019-08-29,3,12,False
00324,2019-08-29,4,23,False
00324,2019-08-29,5,27,False
00324,2019-08-29,6,48,False
00324,2019-08-29,7,9,True
00325,2019-08-31,1,13,False
00325,2019-08-31,2,20,False
00325,2019-08-31,3,23,False
00325,2019-08-31,4,32,False
00325,2019-08-31,5,51,False
00325,2019-08-31,6,52,False
00325,2019-08-31,7,42,True
00326,2019-09-03,1,13,False
00326,2019-09-03,2,14,False
00326,2019-09-03,3,29,False
00326,2019-09-03,4,35,False
00326,2019-09-03,5,41,False
00326,2019-09-03,6,55,False
00326,2019-09-03,7,25,True
00327,2019-09-05,1,20,False
00327,2019-09-05,2,24,False
00327,2019-09-05,3,27,False
00327,2019-09-05,4,30,False
00327,2019-09-05,5,33,False
00327,2019-09-05,6,45,False
00327,2019-09-05,7,21,True
00328,2019-09-07,1,7,False
00328,2019-09-07,2,17,False
00328,2019-09-07,3,31,False
00328,2019-09-07,4,35,False
00328,2019-09-07,5,38,False
00328,2019-09-07,6,46,False
00328,2019-09-07,7,16,True
00329,2019-09-10,1,6,False
00329,2019-09-10,2,9,False
00329,2019-09-10,3,19,False
00329,2019-09-10,4,39,False
00329,2019-09-10,5,50,False
00329,2019-09-10,6,54,False
00329,2019-09-10,7,37,True
00330,2019-09-12,1,18,False
00330,2019-09-12,2,29,False
00330,2019-09-12,3,32,False
00330,2019-09-12,4,33,False
00330,2019-09-12,5,45,False
00330,2019-09-12,6,49,False
00330,2019-09-12,7,40,True
00331,2019-09-14,1,10,False
00331,2019-09-14,2,36,False
00331,2019-09-14,3,42,False
00331,2019-09-14,4,44,False
00331,2019-09-14,5,45,False
00331,2019-09-14,6,54,False
00331,2019-09-14,7,14,True
00332,2019-09-17,1,3,False
00332,2019-09-17,2,14,False
00332,2019-09-17,3,26,False
00332,2019-09-17,4,38,False
00332,2019-09-17,5,43,False
00332,2019-09-17,6,47,False
00332,2019-09-17,7,10,True
00333,2019-09-19,1,2,False
00333,2019-09-19,2,8,False
00333,2019-09-19,3,22,False
00333,2019-09-19,4,34,False
00333,2019-09-19,5,39,False
00333,2019-09-19,6,41,False
00333,2019-09-19,7,13,True
00334,2019-09-21,1,2,False
00334,2019-09-21,2,5,False
00334,2019-09-21,3,23,False
00334,2019-09-21,4,30,False
00334,2019-09-21,5,42,False
00334,2019-09-21,6,45,False
00334,2019-09-21,7,34,True
00335,2019-09-24,1,12,False
00335,2019-09-24,2,33,False
00335,2019-09-24,3,39,False
00335,2019-09-24,4,40,False
00335,2019-09-24,5,48,False
00335,2019-09-24,6,53,False
00335,2019-09-24,7,35,True
00336,2019-09-26,1,7,False
00336,2019-09-26,2,12,False
00336,2019-09-26,3,38,False
00336,2019-09-26,4,43,False
00336,2019-09-26,5,51,False
00336,2019-09-26,6,55,False
00336,2019-09-26,7,15,True
00337,2019-09-28,1,4,False
00337,2019-09-28,2,8,False
00337,2019-09-28,3,21,False
00337,2019-09-28,4,23,False
00337,2019-09-28,5,40,False
00337,2019-09-28,6,43,False
00337,2019-09-28,7,44,True
00338,2019-10-01,1,5,False
00338,2019-10-01,2,22,False
00338,2019-10-01,3,38,False
00338,2019-10-01,4,41,False
00338,2019-10-01,5,47,False
00338,2019-10-01,6,49,False
00338,2019-10-01,7,29,True
00339,2019-10-03,1,4,False
00339,2019-10-03,2,7,False
00339,2019-10-03,3,8,False
00339,2019-10-03,4,26,False
00339,2019-10-03,5,37,False
00339,2019-10-03,6,44,False
00339,2019-10-03,7,29,True
00340,2019-10-05,1,10,False
00340,2019-10-05,2,29,False
00340,2019-10-05,3,30,False
00340,2019-10-05,4,31,False
00340,2019-10-05,5,37,False
00340,2019-10-05,6,51,False
00340,2019-10-05,7,50,True
00341,2019-10-08,1,8,False
00341,2019-10-08,2,36,False
00341,2019-10-08,3,39,False
00341,2019-10-08,4,43,False
00341,2019-10-08,5,48,False
00341,2019-10-08,6,50,False
00341,2019-10-08,7,40,True
00342,2019-10-10,1,4,False
00342,2019-10-10,2,17,False
00342,2019-10-10,3,42,False
00342,2019-10-10,4,51,False
00342,2019-10-10,5,53,False
00342,2019-10-10,6,55,False
00342,2019-10-10,7,29,True
00343,2019-10-12,1,21,False
00343,2019-10-12,2,39,False
00343,2019-10-12,3,48,False
00343,2019-10-12,4,51,False
00343,2019-10-12,5,53,False
00343,2019-10-12,6,55,False
00343,2019-10-12,7,5,True
00344,2019-10-15,1,9,False
00344,2019-10-15,2,12,False
00344,2019-10-15,3,29,False
00344,2019-10-15,4,46,False
00344,2019-10-15,5,48,False
00344,2019-10-15,6,53,False
00344,2019-10-15,7,3,True
00345,2019-10-17,1,5,False
00345,2019-10-17,2,11,False
00345,2019-10-17,3,14,False
00345,2019-10-17,4,34,False
00345,2019-10-17,5,51,False
00345,2019-10-17,6,53,False
00345,2019-10-17,7,16,True
00346,2019-10-19,1,1,False
00346,2019-10-19,2,10,False
00346,2019-10-19,3,21,False
00346,2019-10-19,4,26,False
00346,2019-10-19,5,42,False
00346,2019-10-19,6,43,False
00346,2019-10-19,7,25,True
00347,2019-10-22,1,2,False
00347,2019-10-22,2,16,False
00347,2019-10-22,3,26,False
00347,2019-10-22,4,27,False
00347,2019-10-22,5,36,False
00347,2019-10-22,6,40,False
00347,2019-10-22,7,31,True
00348,2019-10-24,1,9,False
00348,2019-10-24,2,14,False
00348,2019-10-24,3,23,False
00348,2019-10-24,4,41,False
00348,2019-10-24,5,45,False
00348,2019-10-24,6,50,False
00348,2019-10-24,7,13,True
00349,2019-10-26,1,18,False
00349,2019-10-26,2,20,False
00349,2019-10-26,3,22,False
00349,2019-10-26,4,50,False
00349,2019-10-26,5,51,False
00349,2019-10-26,6,53,False
00349,2019-10-26,7,35,True
00350,2019-10-29,1,12,False
00350,2019-10-29,2,15,False
00350,2019-10-29,3,16,False
00350,2019-10-29,4,31,False
00350,2019-10-29,5,43,False
00350,2019-10-29,6,55,False
00350,2019-10-29,7,11,True
00351,2019-10-31,1,18,False
00351,2019-10-31,2,19,False
00351,2019-10-31,3,22,False
00351,2019-10-31,4,37,False
00351,2019-10-31,5,47,False
00351,2019-10-31,6,48,False
00351,2019-10-31,7,46,True
00352,2019-11-02,1,2,False
00352,2019-11-02,2,15,False
00352,2019-11-02,3,34,False
00352,2019-11-02,4,35,False
00352,2019-11-02,5,48,False
00352,2019-11-02,6,50,False
00352,2019-11-02,7,32,True
00353,2019-11-05,1,3,False
00353,2019-11-05,2,6,False
00353,2019-11-05,3,16,False
00353,2019-11-05,4,17,False
00353,2019-11-05,5,44,False
00353,2019-11-05,6,50,False
00353,2019-11-05,7,28,True
00354,2019-11-07,1,1,False
00354,2019-11-07,2,12,False
00354,2019-11-07,3,19,False
00354,2019-11-07,4,37,False
00354,2019-11-07,5,44,False
00354,2019-11-07,6,52,False
00354,2019-11-07,7,18,True
00355,2019-11-09,1,1,False
00355,2019-11-09,2,3,False
00355,2019-11-09,3,6,False
00355,2019-11-09,4,25,False
00355,2019-11-09,5,29,False
00355,2019-11-09,6,41,False
00355,2019-11-09,7,12,True
00356,2019-11-12,1,10,False
00356,2019-11-12,2,17,False
00356,2019-11-12,3,24,False
00356,2019-11-12,4,27,False
00356,2019-11-12,5,36,False
00356,2019-11-12,6,39,False
00356,2019-11-12,7,33,True
00357,2019-11-14,1,9,False
00357,2019-11-14,2,12,False
00357,2019-11-14,3,16,False
00357,2019-11-14,4,36,False
00357,2019-11-14,5,41,False
00357,2019-11-14,6,55,False
00357,2019-11-14,7,35,True
00358,2019-11-16,1,6,False
00358,2019-11-16,2,8,False
00358,2019-11-16,3,18,False
00358,2019-11-16,4,22,False
00358,2019-11-16,5,49,False
00358,2019-11-16,6,52,False
00358,2019-11-16,7,10,True
00359,2019-11-19,1,19,False
00359,2019-11-19,2,21,False
00359,2019-11-19,3,33,False
00359,2019-11-19,4,35,False
00359,2019-11-19,5,38,False
00359,2019-11-19,6,40,False
00359,2019-11-19,7,4,True
00360,2019-11-21,1,21,False
00360,2019-11-21,2,24,False
00360,2019-11-21,3,35,False
00360,2019-11-21,4,38,False
00360,2019-11-21,5,42,False
00360,2019-11-21,6,47,False
00360,2019-11-21,7,34,True
00361,2019-11-23,1,7,False
00361,2019-11-23,2,29,False
00361,2019-11-23,3,30,False
00361,2019-11-23,4,45,False
00361,2019-11-23,5,50,False
00361,2019-11-23,6,55,False
00361,2019-11-23,7,15,True
00362,2019-11-26,1,7,False
00362,2019-11-26,2,19,False
00362,2019-11-26,3,38,False
00362,2019-11-26,4,41,False
00362,2019-11-26,5,42,False
00362,2019-11-26,6,47,False
00362,2019-11-26,7,4,True
00363,2019-11-28,1,1,False
00363,2019-11-28,2,18,False
00363,2019-11-28,3,26,False
00363,2019-11-28,4,28,False
00363,2019-11-28,5,53,False
00363,2019-11-28,6,55,False
00363,2019-11-28,7,14,True
00364,2019-11-30,1,8,False
00364,2019-11-30,2,9,False
00364,2019-11-30,3,10,False
00364,2019-11-30,4,32,False
00364,2019-11-30,5,44,False
00364,2019-11-30,6,50,False
00364,2019-11-30,7,15,True
00365,2019-12-03,1,21,False
00365,2019-12-03,2,29,False
00365,2019-12-03,3,36,False
00365,2019-12-03,4,41,False
00365,2019-12-03,5,50,False
00365,2019-12-03,6,52,False
00365,2019-12-03,7,42,True
00366,2019-12-05,1,9,False
00366,2019-12-05,2,11,False
00366,2019-12-05,3,16,False
00366,2019-12-05,4,27,False
00366,2019-12-05,5,35,False
00366,2019-12-05,6,40,False
00366,2019-12-05,7,51,True
00367,2019-12-07,1,7,False
00367,2019-12-07,2,18,False
00367,2019-12-07,3,38,False
00367,2019-12-07,4,42,False
00367,2019-12-07,5,47,False
00367,2019-12-07,6,51,False
00367,2019-12-07,7,8,True
00368,2019-12-10,1,5,False
00368,2019-12-10,2,20,False
00368,2019-12-10,3,33,False
00368,2019-12-10,4,42,False
00368,2019-12-10,5,43,False
00368,2019-12-10,6,49,False
00368,2019-12-10,7,26,True
00369,2019-12-12,1,1,False
00369,2019-12-12,2,9,False
00369,2019-12-12,3,15,False
00369,2019-12-12,4,42,False
00369,2019-12-12,5,49,False
00369,2019-12-12,6,50,False
00369,2019-12-12,7,48,True
00370,2019-12-14,1,3,False
00370,2019-12-14,2,30,False
00370,2019-12-14,3,33,False
00370,2019-12-14,4,34,False
00370,2019-12-14,5,40,False
00370,2019-12-14,6,47,False
00370,2019-12-14,7,26,True
00371,2019-12-17,1,4,False
00371,2019-12-17,2,5,False
00371,2019-12-17,3,14,False
00371,2019-12-17,4,19,False
00371,2019-12-17,5,22,False
00371,2019-12-17,6,37,False
00371,2019-12-17,7,43,True
00372,2019-12-19,1,18,False
00372,2019-12-19,2,22,False
00372,2019-12-19,3,25,False
00372,2019-12-19,4,28,False
00372,2019-12-19,5,29,False
00372,2019-12-19,6,34,False
00372,2019-12-19,7,50,True
00373,2019-12-21,1,5,False
00373,2019-12-21,2,8,False
00373,2019-12-21,3,20,False
00373,2019-12-21,4,34,False
00373,2019-12-21,5,37,False
00373,2019-12-21,6,42,False
00373,2019-12-21,7,51,True
00374,2019-12-24,1,3,False
00374,2019-12-24,2,16,False
00374,2019-12-24,3,30,False
00374,2019-12-24,4,34,False
00374,2019-12-24,5,50,False
00374,2019-12-24,6,55,False
00374,2019-12-24,7,48,True
00375,2019-12-26,1,5,False
00375,2019-12-26,2,6,False
00375,2019-12-26,3,12,False
00375,2019-12-26,4,18,False
00375,2019-12-26,5,23,False
00375,2019-12-26,6,54,False
00375,2019-12-26,7,26,True
00376,2019-12-28,1,10,False
00376,2019-12-28,2,17,False
00376,2019-12-28,3,26,False
00376,2019-12-28,4,28,False
00376,2019-12-28,5,29,False
00376,2019-12-28,6,32,False
00376,2019-12-28,7,21,True
00377,2019-12-31,1,2,False
00377,2019-12-31,2,22,False
00377,2019-12-31,3,26,False
00377,2019-12-31,4,28,False
00377,2019-12-31,5,44,False
00377,2019-12-31,6,55,False
00377,2019-12-31,7,27,True
00378,2020-01-02,1,12,False
00378,2020-01-02,2,14,False
00378,2020-01-02,3,26,False
00378,2020-01-02,4,29,False
00378,2020-01-02,5,33,False
00378,2020-01-02,6,40,False
00378,2020-01-02,7,50,True
00379,2020-01-04,1,4,False
00379,2020-01-04,2,14,False
00379,2020-01-04,3,26,False
00379,2020-01-04,4,42,False
00379,2020-01-04,5,44,False
00379,2020-01-04,6,55,False
00379,2020-01-04,7,48,True
00380,2020-01-07,1,8,False
00380,2020-01-07,2,11,False
00380,2020-01-07,3,16,False
00380,2020-01-07,4,22,False
00380,2020-01-07,5,42,False
00380,2020-01-07,6,54,False
00380,2020-01-07,7,13,True
00381,2020-01-09,1,17,False
00381,2020-01-09,2,20,False
00381,2020-01-09,3,21,False
00381,2020-01-09,4,29,False
00381,2020-01-09,5,52,False
00381,2020-01-09,6,54,False
00381,2020-01-09,7,51,True
00382,2020-01-11,1,8,False
00382,2020-01-11,2,11,False
00382,2020-01-11,3,17,False
00382,2020-01-11,4,19,False
00382,2020-01-11,5,25,False
00382,2020-01-11,6,47,False
00382,2020-01-11,7,53,True
00383,2020-01-14,1,3,False
00383,2020-01-14,2,4,False
00383,2020-01-14,3,17,False
00383,2020-01-14,4,39,False
00383,2020-01-14,5,50,False
00383,2020-01-14,6,51,False
00383,2020-01-14,7,53,True
00384,2020-01-16,1,10,False
00384,2020-01-16,2,11,False
00384,2020-01-16,3,26,False
00384,2020-01-16,4,33,False
00384,2020-01-16,5,44,False
00384,2020-01-16,6,46,False
00384,2020-01-16,7,55,True
00385,2020-01-18,1,13,False
00385,2020-01-18,2,18,False
00385,2020-01-18,3,19,False
00385,2020-01-18,4,23,False
00385,2020-01-18,5,32,False
00385,2020-01-18,6,43,False
00385,2020-01-18,7,11,True
00386,2020-01-21,1,14,False
00386,2020-01-21,2,31,False
00386,2020-01-21,3,45,False
00386,2020-01-21,4,47,False
00386,2020-01-21,5,52,False
00386,2020-01-21,6,54,False
00386,2020-01-21,7,13,True
00387,2020-01-23,1,9,False
00387,2020-01-23,2,15,False
00387,2020-01-23,3,18,False
00387,2020-01-23,4,25,False
00387,2020-01-23,5,31,False
00387,2020-01-23,6,49,False
00387,2020-01-23,7,46,True
00388,2020-01-28,1,1,False
00388,2020-01-28,2,20,False
00388,2020-01-28,3,24,False
00388,2020-01-28,4,33,False
00388,2020-01-28,5,40,False
00388,2020-01-28,6,55,False
00388,2020-01-28,7,46,True
00389,2020-01-30,1,12,False
00389,2020-01-30,2,18,False
00389,2020-01-30,3,28,False
00389,2020-01-30,4,30,False
00389,2020-01-30,5,47,False
00389,2020-01-30,6,50,False
00389,2020-01-30,7,41,True
00390,2020-02-01,1,2,False
00390,2020-02-01,2,3,False
00390,2020-02-01,3,11,False
00390,2020-02-01,4,23,False
00390,2020-02-01,5,35,False
00390,2020-02-01,6,54,False
00390,2020-02-01,7,6,True
00391,2020-02-04,1,6,False
00391,2020-02-04,2,10,False
00391,2020-02-04,3,20,False
00391,2020-02-04,4,47,False
00391,2020-02-04,5,52,False
00391,2020-02-04,6,55,False
00391,2020-02-04,7,46,True
00392,2020-02-06,1,13,False
00392,2020-02-06,2,18,False
00392,2020-02-06,3,34,False
00392,2020-02-06,4,36,False
00392,2020-02-06,5,45,False
00392,2020-02-06,6,49,False
00392,2020-02-06,7,37,True
00393,2020-02-08,1,9,False
00393,2020-02-08,2,12,False
00393,2020-02-08,3,19,False
00393,2020-02-08,4,25,False
00393,2020-02-08,5,41,False
00393,2020-02-08,6,54,False
00393,2020-02-08,7,38,True
00394,2020-02-11,1,4,False
00394,2020-02-11,2,14,False
00394,2020-02-11,3,18,False
00394,2020-02-11,4,21,False
00394,2020-02-11,5,32,False
00394,2020-02-11,6,53,False
00394,2020-02-11,7,2,True
00395,2020-02-13,1,25,False
00395,2020-02-13,2,28,False
00395,2020-02-13,3,32,False
00395,2020-02-13,4,34,False
00395,2020-02-13,5,35,False
00395,2020-02-13,6,39,False
00395,2020-02-13,7,7,True
00396,2020-02-15,1,26,False
00396,2020-02-15,2,36,False
00396,2020-02-15,3,37,False
00396,2020-02-15,4,38,False
00396,2020-02-15,5,42,False
00396,2020-02-15,6,49,False
00396,2020-02-15,7,46,True
00397,2020-02-18,1,27,False
00397,2020-02-18,2,32,False
00397,2020-02-18,3,36,False
00397,2020-02-18,4,37,False
00397,2020-02-18,5,47,False
00397,2020-02-18,6,48,False
00397,2020-02-18,7,50,True
00398,2020-02-20,1,1,False
00398,2020-02-20,2,3,False
00398,2020-02-20,3,20,False
00398,2020-02-20,4,33,False
00398,2020-02-20,5,36,False
00398,2020-02-20,6,51,False
00398,2020-02-20,7,49,True
00399,2020-02-22,1,7,False
00399,2020-02-22,2,24,False
00399,2020-02-22,3,32,False
00399,2020-02-22,4,49,False
00399,2020-02-22,5,51,False
00399,2020-02-22,6,54,False
00399,2020-02-22,7,44,True
00400,2020-02-25,1,5,False
00400,2020-02-25,2,13,False
00400,2020-02-25,3,21,False
00400,2020-02-25,4,36,False
00400,2020-02-25,5,39,False
00400,2020-02-25,6,48,False
00400,2020-02-25,7,6,True
00401,2020-02-27,1,3,False
00401,2020-02-27,2,11,False
00401,2020-02-27,3,21,False
00401,2020-02-27,4,29,False
00401,2020-02-27,5,47,False
00401,2020-02-27,6,55,False
00401,2020-02-27,7,50,True
00402,2020-02-29,1,9,False
00402,2020-02-29,2,17,False
00402,2020-02-29,3,23,False
00402,2020-02-29,4,26,False
00402,2020-02-29,5,51,False
00402,2020-02-29,6,54,False
00402,2020-02-29,7,32,True
00403,2020-03-03,1,14,False
00403,2020-03-03,2,15,False
00403,2020-03-03,3,31,False
00403,2020-03-03,4,40,False
00403,2020-03-03,5,43,False
00403,2020-03-03,6,49,False
00403,2020-03-03,7,12,True
00404,2020-03-05,1,8,False
00404,2020-03-05,2,9,False
00404,2020-03-05,3,34,False
00404,2020-03-05,4,40,False
00404,2020-03-05,5,41,False
00404,2020-03-05,6,54,False
00404,2020-03-05,7,13,True
00405,2020-03-07,1,5,False
00405,2020-03-07,2,11,False
00405,2020-03-07,3,21,False
00405,2020-03-07,4,30,False
00405,2020-03-07,5,40,False
00405,2020-03-07,6,48,False
00405,2020-03-07,7,20,True
00406,2020-03-10,1,23,False
00406,2020-03-10,2,25,False
00406,2020-03-10,3,30,False
00406,2020-03-10,4,36,False
00406,2020-03-10,5,45,False
00406,2020-03-10,6,52,False
00406,2020-03-10,7,53,True
00407,2020-03-12,1,2,False
00407,2020-03-12,2,14,False
00407,2020-03-12,3,19,False
00407,2020-03-12,4,24,False
00407,2020-03-12,5,27,False
00407,2020-03-12,6,34,False
00407,2020-03-12,7,48,True
00408,2020-03-14,1,12,False
00408,2020-03-14,2,20,False
00408,2020-03-14,3,25,False
00408,2020-03-14,4,38,False
00408,2020-03-14,5,39,False
00408,2020-03-14,6,40,False
00408,2020-03-14,7,37,True
00409,2020-03-17,1,1,False
00409,2020-03-17,2,14,False
00409,2020-03-17,3,18,False
00409,2020-03-17,4,43,False
00409,2020-03-17,5,49,False
00409,2020-03-17,6,50,False
00409,2020-03-17,7,8,True
00410,2020-03-19,1,3,False
00410,2020-03-19,2,35,False
00410,2020-03-19,3,41,False
00410,2020-03-19,4,42,False
00410,2020-03-19,5,43,False
00410,2020-03-19,6,49,False
00410,2020-03-19,7,31,True
00411,2020-03-21,1,10,False
00411,2020-03-21,2,12,False
00411,2020-03-21,3,14,False
00411,2020-03-21,4,17,False
00411,2020-03-21,5,29,False
00411,2020-03-21,6,53,False
00411,2020-03-21,7,25,True
00412,2020-03-24,1,3,False
00412,2020-03-24,2,9,False
00412,2020-03-24,3,20,False
00412,2020-03-24,4,21,False
00412,2020-03-24,5,33,False
00412,2020-03-24,6,52,False
00412,2020-03-24,7,50,True
00413,2020-03-26,1,7,False
00413,2020-03-26,2,8,False
00413,2020-03-26,3,11,False
00413,2020-03-26,4,31,False
00413,2020-03-26,5,35,False
00413,2020-03-26,6,36,False
00413,2020-03-26,7,45,True
00414,2020-03-28,1,1,False
00414,2020-03-28,2,10,False
00414,2020-03-28,3,11,False
00414,2020-03-28,4,13,False
00414,2020-03-28,5,27,False
00414,2020-03-28,6,55,False
00414,2020-03-28,7,19,True
00415,2020-03-31,1,12,False
00415,2020-03-31,2,19,False
00415,2020-03-31,3,40,False
00415,2020-03-31,4,41,False
00415,2020-03-31,5,43,False
00415,2020-03-31,6,53,False
00415,2020-03-31,7,23,True
00416,2020-04-25,1,4,False
00416,2020-04-25,2,18,False
00416,2020-04-25,3,24,False
00416,2020-04-25,4,30,False
00416,2020-04-25,5,53,False
00416,2020-04-25,6,55,False
00416,2020-04-25,7,13,True
00417,2020-04-28,1,4,False
00417,2020-04-28,2,6,False
00417,2020-04-28,3,10,False
00417,2020-04-28,4,16,False
00417,2020-04-28,5,30,False
00417,2020-04-28,6,46,False
00417,2020-04-28,7,34,True
00418,2020-04-30,1,12,False
00418,2020-04-30,2,31,False
00418,2020-04-30,3,32,False
00418,2020-04-30,4,33,False
00418,2020-04-30,5,39,False
00418,2020-04-30,6,41,False
00418,2020-04-30,7,14,True
00419,2020-05-02,1,2,False
00419,2020-05-02,2,6,False
00419,2020-05-02,3,9,False
00419,2020-05-02,4,16,False
00419,2020-05-02,5,43,False
00419,2020-05-02,6,53,False
00419,2020-05-02,7,19,True
00420,2020-05-05,1,1,False
00420,2020-05-05,2,4,False
00420,2020-05-05,3,13,False
00420,2020-05-05,4,15,False
00420,2020-05-05,5,18,False
00420,2020-05-05,6,20,False
00420,2020-05-05,7,22,True
00421,2020-05-07,1,9,False
00421,2020-05-07,2,19,False
00421,2020-05-07,3,28,False
00421,2020-05-07,4,30,False
00421,2020-05-07,5,32,False
00421,2020-05-07,6,54,False
00421,2020-05-07,7,22,True
00422,2020-05-09,1,18,False
00422,2020-05-09,2,19,False
00422,2020-05-09,3,30,False
00422,2020-05-09,4,39,False
00422,2020-05-09,5,45,False
00422,2020-05-09,6,46,False
00422,2020-05-09,7,11,True
00423,2020-05-12,1,1,False
00423,2020-05-12,2,8,False
00423,2020-05-12,3,25,False
00423,2020-05-12,4,34,False
00423,2020-05-12,5,38,False
00423,2020-05-12,6,44,False
00423,2020-05-12,7,28,True
00424,2020-05-14,1,7,False
00424,2020-05-14,2,23,False
00424,2020-05-14,3,29,False
00424,2020-05-14,4,47,False
00424,2020-05-14,5,51,False
00424,2020-05-14,6,55,False
00424,2020-05-14,7,12,True
00425,2020-05-16,1,19,False
00425,2020-05-16,2,35,False
00425,2020-05-16,3,38,False
00425,2020-05-16,4,49,False
00425,2020-05-16,5,52,False
00425,2020-05-16,6,55,False
00425,2020-05-16,7,1,True
00426,2020-05-19,1,5,False
00426,2020-05-19,2,15,False
00426,2020-05-19,3,16,False
00426,2020-05-19,4,19,False
00426,2020-05-19,5,49,False
00426,2020-05-19,6,55,False
00426,2020-05-19,7,3,True
00427,2020-05-21,1,2,False
00427,2020-05-21,2,15,False
00427,2020-05-21,3,22,False
00427,2020-05-21,4,25,False
00427,2020-05-21,5,30,False
00427,2020-05-21,6,46,False
00427,2020-05-21,7,10,True
00428,2020-05-23,1,4,False
00428,2020-05-23,2,13,False
00428,2020-05-23,3,27,False
00428,2020-05-23,4,47,False
00428,2020-05-23,5,50,False
00428,2020-05-23,6,55,False
00428,2020-05-23,7,31,True
00429,2020-05-26,1,11,False
00429,2020-05-26,2,12,False
00429,2020-05-26,3,23,False
00429,2020-05-26,4,24,False
00429,2020-05-26,5,34,False
00429,2020-05-26,6,47,False
00429,2020-05-26,7,43,True
00430,2020-05-28,1,1,False
00430,2020-05-28,2,4,False
00430,2020-05-28,3,8,False
00430,2020-05-28,4,21,False
00430,2020-05-28,5,44,False
00430,2020-05-28,6,49,False
00430,2020-05-28,7,52,True
00431,2020-05-30,1,12,False
00431,2020-05-30,2,13,False
00431,2020-05-30,3,41,False
00431,2020-05-30,4,42,False
00431,2020-05-30,5,48,False
00431,2020-05-30,6,53,False
00431,2020-05-30,7,20,True
00432,2020-06-02,1,4,False
00432,2020-06-02,2,19,False
00432,2020-06-02,3,31,False
00432,2020-06-02,4,42,False
00432,2020-06-02,5,48,False
00432,2020-06-02,6,55,False
00432,2020-06-02,7,22,True
00433,2020-06-04,1,6,False
00433,2020-06-04,2,12,False
00433,2020-06-04,3,16,False
00433,2020-06-04,4,34,False
00433,2020-06-04,5,39,False
00433,2020-06-04,6,54,False
00433,2020-06-04,7,19,True
00434,2020-06-06,1,8,False
00434,2020-06-06,2,12,False
00434,2020-06-06,3,24,False
00434,2020-06-06,4,32,False
00434,2020-06-06,5,35,False
00434,2020-06-06,6,51,False
00434,2020-06-06,7,21,True
00435,2020-06-09,1,1,False
00435,2020-06-09,2,3,False
00435,2020-06-09,3,8,False
00435,2020-06-09,4,22,False
00435,2020-06-09,5,42,False
00435,2020-06-09,6,48,False
00435,2020-06-09,7,44,True
00436,2020-06-11,1,3,False
00436,2020-06-11,2,21,False
00436,2020-06-11,3,25,False
00436,2020-06-11,4,32,False
00436,2020-06-11,5,35,False
00436,2020-06-11,6,52,False
00436,2020-06-11,7,34,True
00437,2020-06-13,1,7,False
00437,2020-06-13,2,9,False
00437,2020-06-13,3,11,False
00437,2020-06-13,4,30,False
00437,2020-06-13,5,43,False
00437,2020-06-13,6,53,False
00437,2020-06-13,7,10,True
00438,2020-06-16,1,2,False
00438,2020-06-16,2,15,False
00438,2020-06-16,3,16,False
00438,2020-06-16,4,23,False
00438,2020-06-16,5,33,False
00438,2020-06-16,6,54,False
00438,2020-06-16,7,45,True
00439,2020-06-18,1,5,False
00439,2020-06-18,2,18,False
00439,2020-06-18,3,27,False
00439,2020-06-18,4,45,False
00439,2020-06-18,5,50,False
00439,2020-06-18,6,54,False
00439,2020-06-18,7,9,True
00440,2020-06-20,1,5,False
00440,2020-06-20,2,9,False
00440,2020-06-20,3,33,False
00440,2020-06-20,4,43,False
00440,2020-06-20,5,44,False
00440,2020-06-20,6,50,False
00440,2020-06-20,7,46,True
00441,2020-06-23,1,2,False
00441,2020-06-23,2,18,False
00441,2020-06-23,3,28,False
00441,2020-06-23,4,46,False
00441,2020-06-23,5,52,False
00441,2020-06-23,6,54,False
00441,2020-06-23,7,19,True
00442,2020-06-25,1,9,False
00442,2020-06-25,2,10,False
00442,2020-06-25,3,12,False
00442,2020-06-25,4,19,False
00442,2020-06-25,5,27,False
00442,2020-06-25,6,40,False
00442,2020-06-25,7,55,True
00443,2020-06-27,1,2,False
00443,2020-06-27,2,6,False
00443,2020-06-27,3,38,False
00443,2020-06-27,4,47,False
00443,2020-06-27,5,50,False
00443,2020-06-27,6,53,False
00443,2020-06-27,7,14,True
00444,2020-06-30,1,5,False
00444,2020-06-30,2,11,False
00444,2020-06-30,3,18,False
00444,2020-06-30,4,19,False
00444,2020-06-30,5,20,False
00444,2020-06-30,6,21,False
00444,2020-06-30,7,52,True
00445,2020-07-02,1,4,False
00445,2020-07-02,2,10,False
00445,2020-07-02,3,20,False
00445,2020-07-02,4,38,False
00445,2020-07-02,5,48,False
00445,2020-07-02,6,53,False
00445,2020-07-02,7,5,True
00446,2020-07-04,1,3,False
00446,2020-07-04,2,9,False
00446,2020-07-04,3,10,False
00446,2020-07-04,4,18,False
00446,2020-07-04,5,29,False
00446,2020-07-04,6,45,False
00446,2020-07-04,7,36,True
00447,2020-07-07,1,7,False
00447,2020-07-07,2,24,False
00447,2020-07-07,3,32,False
00447,2020-07-07,4,35,False
00447,2020-07-07,5,48,False
00447,2020-07-07,6,50,False
00447,2020-07-07,7,1,True
00448,2020-07-09,1,3,False
00448,2020-07-09,2,10,False
00448,2020-07-09,3,11,False
00448,2020-07-09,4,17,False
00448,2020-07-09,5,26,False
00448,2020-07-09,6,54,False
00448,2020-07-09,7,21,True
00449,2020-07-11,1,3,False
00449,2020-07-11,2,4,False
00449,2020-07-11,3,6,False
00449,2020-07-11,4,14,False
00449,2020-07-11,5,20,False
00449,2020-07-11,6,38,False
00449,2020-07-11,7,35,True
00450,2020-07-14,1,5,False
00450,2020-07-14,2,22,False
00450,2020-07-14,3,32,False
00450,2020-07-14,4,34,False
00450,2020-07-14,5,43,False
00450,2020-07-14,6,51,False
00450,2020-07-14,7,12,True
00451,2020-07-16,1,2,False
00451,2020-07-16,2,5,False
00451,2020-07-16,3,11,False
00451,2020-07-16,4,20,False
00451,2020-07-16,5,24,False
00451,2020-07-16,6,32,False
00451,2020-07-16,7,6,True
00452,2020-07-18,1,3,False
00452,2020-07-18,2,13,False
00452,2020-07-18,3,22,False
00452,2020-07-18,4,28,False
00452,2020-07-18,5,30,False
00452,2020-07-18,6,53,False
00452,2020-07-18,7,16,True
00453,2020-07-21,1,6,False
00453,2020-07-21,2,14,False
00453,2020-07-21,3,31,False
00453,2020-07-21,4,37,False
00453,2020-07-21,5,38,False
00453,2020-07-21,6,44,False
00453,2020-07-21,7,4,True
00454,2020-07-23,1,4,False
00454,2020-07-23,2,12,False
00454,2020-07-23,3,31,False
00454,2020-07-23,4,47,False
00454,2020-07-23,5,49,False
00454,2020-07-23,6,52,False
00454,2020-07-23,7,2,True
00455,2020-07-25,1,2,False
00455,2020-07-25,2,19,False
00455,2020-07-25,3,21,False
00455,2020-07-25,4,34,False
00455,2020-07-25,5,54,False
00455,2020-07-25,6,55,False
00455,2020-07-25,7,24,True
00456,2020-07-28,1,3,False
00456,2020-07-28,2,11,False
00456,2020-07-28,3,20,False
00456,2020-07-28,4,34,False
00456,2020-07-28,5,44,False
00456,2020-07-28,6,54,False
00456,2020-07-28,7,16,True
00457,2020-07-30,1,6,False
00457,2020-07-30,2,7,False
00457,2020-07-30,3,16,False
00457,2020-07-30,4,26,False
00457,2020-07-30,5,29,False
00457,2020-07-30,6,54,False
00457,2020-07-30,7,4,True
00458,2020-08-01,1,13,False
00458,2020-08-01,2,18,False
00458,2020-08-01,3,29,False
00458,2020-08-01,4,30,False
00458,2020-08-01,5,40,False
00458,2020-08-01,6,47,False
00458,2020-08-01,7,4,True
00459,2020-08-04,1,10,False
00459,2020-08-04,2,15,False
00459,2020-08-04,3,20,False
00459,2020-08-04,4,21,False
00459,2020-08-04,5,32,False
00459,2020-08-04,6,51,False
00459,2020-08-04,7,8,True
00460,2020-08-06,1,2,False
00460,2020-08-06,2,5,False
00460,2020-08-06,3,21,False
00460,2020-08-06,4,24,False
00460,2020-08-06,5,26,False
00460,2020-08-06,6,27,False
00460,2020-08-06,7,11,True
00461,2020-08-08,1,3,False
00461,2020-08-08,2,12,False
00461,2020-08-08,3,24,False
00461,2020-08-08,4,26,False
00461,2020-08-08,5,36,False
00461,2020-08-08,6,43,False
00461,2020-08-08,7,8,True
00462,2020-08-11,1,2,False
00462,2020-08-11,2,12,False
00462,2020-08-11,3,33,False
00462,2020-08-11,4,39,False
00462,2020-08-11,5,52,False
00462,2020-08-11,6,53,False
00462,2020-08-11,7,44,True
00463,2020-08-13,1,3,False
00463,2020-08-13,2,25,False
00463,2020-08-13,3,28,False
00463,2020-08-13,4,44,False
00463,2020-08-13,5,49,False
00463,2020-08-13,6,54,False
00463,2020-08-13,7,19,True
00464,2020-08-15,1,1,False
00464,2020-08-15,2,11,False
00464,2020-08-15,3,29,False
00464,2020-08-15,4,30,False
00464,2020-08-15,5,41,False
00464,2020-08-15,6,51,False
00464,2020-08-15,7,4,True
00465,2020-08-18,1,22,False
00465,2020-08-18,2,41,False
00465,2020-08-18,3,44,False
00465,2020-08-18,4,46,False
00465,2020-08-18,5,51,False
00465,2020-08-18,6,52,False
00465,2020-08-18,7,2,True
00466,2020-08-20,1,14,False
00466,2020-08-20,2,18,False
00466,2020-08-20,3,28,False
00466,2020-08-20,4,32,False
00466,2020-08-20,5,33,False
00466,2020-08-20,6,36,False
00466,2020-08-20,7,41,True
00467,2020-08-22,1,1,False
00467,2020-08-22,2,20,False
00467,2020-08-22,3,24,False
00467,2020-08-22,4,26,False
00467,2020-08-22,5,35,False
00467,2020-08-22,6,51,False
00467,2020-08-22,7,12,True
00468,2020-08-25,1,21,False
00468,2020-08-25,2,35,False
00468,2020-08-25,3,36,False
00468,2020-08-25,4,38,False
00468,2020-08-25,5,44,False
00468,2020-08-25,6,47,False
00468,2020-08-25,7,14,True
00469,2020-08-29,1,1,False
00469,2020-08-29,2,4,False
00469,2020-08-29,3,14,False
00469,2020-08-29,4,28,False
00469,2020-08-29,5,35,False
00469,2020-08-29,6,53,False
00469,2020-08-29,7,2,True
00470,2020-09-01,1,11,False
00470,2020-09-01,2,22,False
00470,2020-09-01,3,24,False
00470,2020-09-01,4,47,False
00470,2020-09-01,5,49,False
00470,2020-09-01,6,53,False
00470,2020-09-01,7,3,True
00471,2020-09-03,1,7,False
00471,2020-09-03,2,9,False
00471,2020-09-03,3,18,False
00471,2020-09-03,4,22,False
00471,2020-09-03,5,35,False
00471,2020-09-03,6,54,False
00471,2020-09-03,7,50,True
00472,2020-09-05,1,9,False
00472,2020-09-05,2,12,False
00472,2020-09-05,3,19,False
00472,2020-09-05,4,22,False
00472,2020-09-05,5,31,False
00472,2020-09-05,6,46,False
00472,2020-09-05,7,20,True
00473,2020-09-08,1,22,False
00473,2020-09-08,2,47,False
00473,2020-09-08,3,48,False
00473,2020-09-08,4,52,False
00473,2020-09-08,5,53,False
00473,2020-09-08,6,55,False
00473,2020-09-08,7,14,True
00474,2020-09-10,1,18,False
00474,2020-09-10,2,25,False
00474,2020-09-10,3,27,False
00474,2020-09-10,4,37,False
00474,2020-09-10,5,45,False
00474,2020-09-10,6,50,False
00474,2020-09-10,7,52,True
00475,2020-09-12,1,20,False
00475,2020-09-12,2,21,False
00475,2020-09-12,3,24,False
00475,2020-09-12,4,30,False
00475,2020-09-12,5,31,False
00475,2020-09-12,6,44,False
00475,2020-09-12,7,40,True
00476,2020-09-15,1,13,False
00476,2020-09-15,2,14,False
00476,2020-09-15,3,15,False
00476,2020-09-15,4,17,False
00476,2020-09-15,5,26,False
00476,2020-09-15,6,53,False
00476,2020-09-15,7,21,True
00477,2020-09-17,1,1,False
00477,2020-09-17,2,5,False
00477,2020-09-17,3,28,False
00477,2020-09-17,4,43,False
00477,2020-09-17,5,44,False
00477,2020-09-17,6,53,False
00477,2020-09-17,7,49,True
00478,2020-09-19,1,4,False
00478,2020-09-19,2,7,False
00478,2020-09-19,3,8,False
00478,2020-09-19,4,29,False
00478,2020-09-19,5,31,False
00478,2020-09-19,6,41,False
00478,2020-09-19,7,38,True
00479,2020-09-22,1,5,False
00479,2020-09-22,2,8,False
00479,2020-09-22,3,15,False
00479,2020-09-22,4,18,False
00479,2020-09-22,5,36,False
00479,2020-09-22,6,45,False
00479,2020-09-22,7,6,True
00480,2020-09-24,1,12,False
00480,2020-09-24,2,28,False
00480,2020-09-24,3,41,False
00480,2020-09-24,4,42,False
00480,2020-09-24,5,52,False
00480,2020-09-24,6,53,False
00480,2020-09-24,7,50,True
00481,2020-09-26,1,7,False
00481,2020-09-26,2,10,False
00481,2020-09-26,3,13,False
00481,2020-09-26,4,15,False
00481,2020-09-26,5,40,False
00481,2020-09-26,6,48,False
00481,2020-09-26,7,1,True
00482,2020-09-29,1,1,False
00482,2020-09-29,2,6,False
00482,2020-09-29,3,7,False
00482,2020-09-29,4,13,False
00482,2020-09-29,5,30,False
00482,2020-09-29,6,55,False
00482,2020-09-29,7,34,True
00483,2020-10-01,1,3,False
00483,2020-10-01,2,6,False
00483,2020-10-01,3,7,False
00483,2020-10-01,4,19,False
00483,2020-10-01,5,38,False
00483,2020-10-01,6,54,False
00483,2020-10-01,7,50,True
00484,2020-10-03,1,12,False
00484,2020-10-03,2,14,False
00484,2020-10-03,3,22,False
00484,2020-10-03,4,23,False
00484,2020-10-03,5,39,False
00484,2020-10-03,6,44,False
00484,2020-10-03,7,28,True
00485,2020-10-06,1,11,False
00485,2020-10-06,2,14,False
00485,2020-10-06,3,29,False
00485,2020-10-06,4,32,False
00485,2020-10-06,5,33,False
00485,2020-10-06,6,40,False
00485,2020-10-06,7,35,True
00486,2020-10-08,1,10,False
00486,2020-10-08,2,18,False
00486,2020-10-08,3,20,False
00486,2020-10-08,4,21,False
00486,2020-10-08,5,26,False
00486,2020-10-08,6,51,False
00486,2020-10-08,7,52,True
00487,2020-10-10,1,5,False
00487,2020-10-10,2,10,False
00487,2020-10-10,3,47,False
00487,2020-10-10,4,50,False
00487,2020-10-10,5,53,False
00487,2020-10-10,6,54,False
00487,2020-10-10,7,22,True
00488,2020-10-13,1,12,False
00488,2020-10-13,2,19,False
00488,2020-10-13,3,28,False
00488,2020-10-13,4,29,False
00488,2020-10-13,5,52,False
00488,2020-10-13,6,53,False
00488,2020-10-13,7,20,True
00489,2020-10-15,1,8,False
00489,2020-10-15,2,38,False
00489,2020-10-15,3,41,False
00489,2020-10-15,4,47,False
00489,2020-10-15,5,50,False
00489,2020-10-15,6,52,False
00489,2020-10-15,7,45,True
00490,2020-10-17,1,3,False
00490,2020-10-17,2,14,False
00490,2020-10-17,3,25,False
00490,2020-10-17,4,37,False
00490,2020-10-17,5,49,False
00490,2020-10-17,6,54,False
00490,2020-10-17,7,53,True
00491,2020-10-20,1,8,False
00491,2020-10-20,2,33,False
00491,2020-10-20,3,38,False
00491,2020-10-20,4,47,False
00491,2020-10-20,5,49,False
00491,2020-10-20,6,54,False
00491,2020-10-20,7,31,True
00492,2020-10-22,1,2,False
00492,2020-10-22,2,3,False
00492,2020-10-22,3,12,False
00492,2020-10-22,4,21,False
00492,2020-10-22,5,24,False
00492,2020-10-22,6,38,False
00492,2020-10-22,7,14,True
00493,2020-10-24,1,12,False
00493,2020-10-24,2,21,False
00493,2020-10-24,3,22,False
00493,2020-10-24,4,27,False
00493,2020-10-24,5,41,False
00493,2020-10-24,6,50,False
00493,2020-10-24,7,34,True
00494,2020-10-27,1,3,False
00494,2020-10-27,2,31,False
00494,2020-10-27,3,33,False
00494,2020-10-27,4,36,False
00494,2020-10-27,5,38,False
00494,2020-10-27,6,39,False
00494,2020-10-27,7,8,True
00495,2020-10-29,1,9,False
00495,2020-10-29,2,11,False
00495,2020-10-29,3,14,False
00495,2020-10-29,4,16,False
00495,2020-10-29,5,21,False
00495,2020-10-29,6,23,False
00495,2020-10-29,7,54,True
00496,2020-10-31,1,8,False
00496,2020-10-31,2,18,False
00496,2020-10-31,3,19,False
00496,2020-10-31,4,20,False
00496,2020-10-31,5,43,False
00496,2020-10-31,6,54,False
00496,2020-10-31,7,50,True
00497,2020-11-03,1,2,False
00497,2020-11-03,2,22,False
00497,2020-11-03,3,27,False
00497,2020-11-03,4,46,False
00497,2020-11-03,5,48,False
00497,2020-11-03,6,52,False
00497,2020-11-03,7,23,True
00498,2020-11-05,1,1,False
00498,2020-11-05,2,2,False
00498,2020-11-05,3,6,False
00498,2020-11-05,4,18,False
00498,2020-11-05,5,34,False
00498,2020-11-05,6,51,False
00498,2020-11-05,7,52,True
00499,2020-11-07,1,12,False
00499,2020-11-07,2,28,False
00499,2020-11-07,3,30,False
00499,2020-11-07,4,33,False
00499,2020-11-07,5,45,False
00499,2020-11-07,6,52,False
00499,2020-11-07,7,15,True
00500,2020-11-10,1,2,False
00500,2020-11-10,2,5,False
00500,2020-11-10,3,19,False
00500,2020-11-10,4,39,False
00500,2020-11-10,5,48,False
00500,2020-11-10,6,53,False
00500,2020-11-10,7,6,True
00501,2020-11-12,1,4,False
00501,2020-11-12,2,20,False
00501,2020-11-12,3,22,False
00501,2020-11-12,4,25,False
00501,2020-11-12,5,43,False
00501,2020-11-12,6,47,False
00501,2020-11-12,7,12,True
00502,2020-11-14,1,5,False
00502,2020-11-14,2,11,False
00502,2020-11-14,3,15,False
00502,2020-11-14,4,34,False
00502,2020-11-14,5,44,False
00502,2020-11-14,6,48,False
00502,2020-11-14,7,35,True
00503,2020-11-17,1,6,False
00503,2020-11-17,2,17,False
00503,2020-11-17,3,27,False
00503,2020-11-17,4,34,False
00503,2020-11-17,5,36,False
00503,2020-11-17,6,51,False
00503,2020-11-17,7,48,True
00504,2020-11-19,1,12,False
00504,2020-11-19,2,15,False
00504,2020-11-19,3,23,False
00504,2020-11-19,4,28,False
00504,2020-11-19,5,45,False
00504,2020-11-19,6,48,False
00504,2020-11-19,7,43,True
00505,2020-11-21,1,8,False
00505,2020-11-21,2,14,False
00505,2020-11-21,3,19,False
00505,2020-11-21,4,20,False
00505,2020-11-21,5,49,False
00505,2020-11-21,6,51,False
00505,2020-11-21,7,28,True
00506,2020-11-24,1,4,False
00506,2020-11-24,2,7,False
00506,2020-11-24,3,19,False
00506,2020-11-24,4,20,False
00506,2020-11-24,5,22,False
00506,2020-11-24,6,53,False
00506,2020-11-24,7,23,True
00507,2020-11-26,1,18,False
00507,2020-11-26,2,19,False
00507,2020-11-26,3,29,False
00507,2020-11-26,4,31,False
00507,2020-11-26,5,36,False
00507,2020-11-26,6,52,False
00507,2020-11-26,7,50,True
00508,2020-11-28,1,1,False
00508,2020-11-28,2,20,False
00508,2020-11-28,3,36,False
00508,2020-11-28,4,44,False
00508,2020-11-28,5,45,False
00508,2020-11-28,6,49,False
00508,2020-11-28,7,52,True
00509,2020-12-01,1,6,False
00509,2020-12-01,2,10,False
00509,2020-12-01,3,12,False
00509,2020-12-01,4,24,False
00509,2020-12-01,5,34,False
00509,2020-12-01,6,43,False
00509,2020-12-01,7,15,True
00510,2020-12-03,1,5,False
00510,2020-12-03,2,19,False
00510,2020-12-03,3,32,False
00510,2020-12-03,4,41,False
00510,2020-12-03,5,42,False
00510,2020-12-03,6,45,False
00510,2020-12-03,7,17,True
00511,2020-12-05,1,10,False
00511,2020-12-05,2,28,False
00511,2020-12-05,3,29,False
00511,2020-12-05,4,30,False
00511,2020-12-05,5,37,False
00511,2020-12-05,6,38,False
00511,2020-12-05,7,36,True
00512,2020-12-08,1,2,False
00512,2020-12-08,2,17,False
00512,2020-12-08,3,32,False
00512,2020-12-08,4,33,False
00512,2020-12-08,5,38,False
00512,2020-12-08,6,45,False
00512,2020-12-08,7,37,True
00513,2020-12-10,1,3,False
00513,2020-12-10,2,31,False
00513,2020-12-10,3,34,False
00513,2020-12-10,4,36,False
00513,2020-12-10,5,44,False
00513,2020-12-10,6,54,False
00513,2020-12-10,7,45,True
00514,2020-12-12,1,3,False
00514,2020-12-12,2,14,False
00514,2020-12-12,3,32,False
00514,2020-12-12,4,36,False
00514,2020-12-12,5,41,False
00514,2020-12-12,6,46,False
00514,2020-12-12,7,54,True
00515,2020-12-15,1,10,False
00515,2020-12-15,2,11,False
00515,2020-12-15,3,13,False
00515,2020-12-15,4,35,False
00515,2020-12-15,5,38,False
00515,2020-12-15,6,49,False
00515,2020-12-15,7,14,True
00516,2020-12-17,1,15,False
00516,2020-12-17,2,25,False
00516,2020-12-17,3,27,False
00516,2020-12-17,4,35,False
00516,2020-12-17,5,40,False
00516,2020-12-17,6,48,False
00516,2020-12-17,7,45,True
00517,2020-12-19,1,14,False
00517,2020-12-19,2,20,False
00517,2020-12-19,3,32,False
00517,2020-12-19,4,34,False
00517,2020-12-19,5,37,False
00517,2020-12-19,6,49,False
00517,2020-12-19,7,31,True
00518,2020-12-22,1,10,False
00518,2020-12-22,2,11,False
00518,2020-12-22,3,16,False
00518,2020-12-22,4,29,False
00518,2020-12-22,5,35,False
00518,2020-12-22,6,38,False
00518,2020-12-22,7,3,True
00519,2020-12-24,1,11,False
00519,2020-12-24,2,19,False
00519,2020-12-24,3,34,False
00519,2020-12-24,4,41,False
00519,2020-12-24,5,44,False
00519,2020-12-24,6,48,False
00519,2020-12-24,7,43,True
00520,2020-12-26,1,1,False
00520,2020-12-26,2,24,False
00520,2020-12-26,3,33,False
00520,2020-12-26,4,41,False
00520,2020-12-26,5,43,False
00520,2020-12-26,6,51,False
00520,2020-12-26,7,48,True
00521,2020-12-29,1,4,False
00521,2020-12-29,2,8,False
00521,2020-12-29,3,11,False
00521,2020-12-29,4,15,False
00521,2020-12-29,5,17,False
00521,2020-12-29,6,41,False
00521,2020-12-29,7,23,True
00522,2020-12-31,1,2,False
00522,2020-12-31,2,15,False
00522,2020-12-31,3,25,False
00522,2020-12-31,4,27,False
00522,2020-12-31,5,37,False
00522,2020-12-31,6,51,False
00522,2020-12-31,7,53,True
00523,2021-01-02,1,7,False
00523,2021-01-02,2,19,False
00523,2021-01-02,3,23,False
00523,2021-01-02,4,26,False
00523,2021-01-02,5,35,False
00523,2021-01-02,6,45,False
00523,2021-01-02,7,11,True
00524,2021-01-05,1,5,False
00524,2021-01-05,2,7,False
00524,2021-01-05,3,9,False
00524,2021-01-05,4,22,False
00524,2021-01-05,5,42,False
00524,2021-01-05,6,54,False
00524,2021-01-05,7,47,True
00525,2021-01-07,1,7,False
00525,2021-01-07,2,11,False
00525,2021-01-07,3,22,False
00525,2021-01-07,4,38,False
00525,2021-01-07,5,48,False
00525,2021-01-07,6,51,False
00525,2021-01-07,7,53,True
00526,2021-01-09,1,10,False
00526,2021-01-09,2,19,False
00526,2021-01-09,3,24,False
00526,2021-01-09,4,29,False
00526,2021-01-09,5,46,False
00526,2021-01-09,6,48,False
00526,2021-01-09,7,5,True
00527,2021-01-12,1,19,False
00527,2021-01-12,2,23,False
00527,2021-01-12,3,29,False
00527,2021-01-12,4,34,False
00527,2021-01-12,5,44,False
00527,2021-01-12,6,53,False
00527,2021-01-12,7,35,True
00528,2021-01-14,1,1,False
00528,2021-01-14,2,4,False
00528,2021-01-14,3,42,False
00528,2021-01-14,4,44,False
00528,2021-01-14,5,46,False
00528,2021-01-14,6,50,False
00528,2021-01-14,7,9,True
00529,2021-01-16,1,13,False
00529,2021-01-16,2,15,False
00529,2021-01-16,3,28,False
00529,2021-01-16,4,29,False
00529,2021-01-16,5,32,False
00529,2021-01-16,6,44,False
00529,2021-01-16,7,49,True
00530,2021-01-19,1,5,False
00530,2021-01-19,2,22,False
00530,2021-01-19,3,25,False
00530,2021-01-19,4,43,False
00530,2021-01-19,5,48,False
00530,2021-01-19,6,53,False
00530,2021-01-19,7,18,True
00531,2021-01-21,1,9,False
00531,2021-01-21,2,20,False
00531,2021-01-21,3,22,False
00531,2021-01-21,4,31,False
00531,2021-01-21,5,47,False
00531,2021-01-21,6,52,False
00531,2021-01-21,7,18,True
00532,2021-01-23,1,12,False
00532,2021-01-23,2,31,False
00532,2021-01-23,3,39,False
00532,2021-01-23,4,41,False
00532,2021-01-23,5,45,False
00532,2021-01-23,6,55,False
00532,2021-01-23,7,34,True
00533,2021-01-26,1,7,False
00533,2021-01-26,2,16,False
00533,2021-01-26,3,32,False
00533,2021-01-26,4,42,False
00533,2021-01-26,5,44,False
00533,2021-01-26,6,47,False
00533,2021-01-26,7,35,True
00534,2021-01-28,1,3,False
00534,2021-01-28,2,4,False
00534,2021-01-28,3,16,False
00534,2021-01-28,4,34,False
00534,2021-01-28,5,40,False
00534,2021-01-28,6,55,False
00534,2021-01-28,7,2,True
00535,2021-01-30,1,2,False
00535,2021-01-30,2,7,False
00535,2021-01-30,3,17,False
00535,2021-01-30,4,18,False
00535,2021-01-30,5,21,False
00535,2021-01-30,6,29,False
00535,2021-01-30,7,19,True
00536,2021-02-02,1,4,False
00536,2021-02-02,2,13,False
00536,2021-02-02,3,31,False
00536,2021-02-02,4,36,False
00536,2021-02-02,5,40,False
00536,2021-02-02,6,54,False
00536,2021-02-02,7,30,True
00537,2021-02-04,1,28,False
00537,2021-02-04,2,43,False
00537,2021-02-04,3,44,False
00537,2021-02-04,4,50,False
00537,2021-02-04,5,51,False
00537,2021-02-04,6,53,False
00537,2021-02-04,7,13,True
00538,2021-02-06,1,6,False
00538,2021-02-06,2,22,False
00538,2021-02-06,3,32,False
00538,2021-02-06,4,33,False
00538,2021-02-06,5,35,False
00538,2021-02-06,6,53,False
00538,2021-02-06,7,12,True
00539,2021-02-09,1,15,False
00539,2021-02-09,2,20,False
00539,2021-02-09,3,21,False
00539,2021-02-09,4,29,False
00539,2021-02-09,5,31,False
00539,2021-02-09,6,41,False
00539,2021-02-09,7,34,True
00540,2021-02-13,1,3,False
00540,2021-02-13,2,11,False
00540,2021-02-13,3,14,False
00540,2021-02-13,4,31,False
00540,2021-02-13,5,34,False
00540,2021-02-13,6,42,False
00540,2021-02-13,7,24,True
00541,2021-02-16,1,4,False
00541,2021-02-16,2,10,False
00541,2021-02-16,3,11,False
00541,2021-02-16,4,21,False
00541,2021-02-16,5,23,False
00541,2021-02-16,6,44,False
00541,2021-02-16,7,50,True
00542,2021-02-18,1,2,False
00542,2021-02-18,2,5,False
00542,2021-02-18,3,10,False
00542,2021-02-18,4,22,False
00542,2021-02-18,5,26,False
00542,2021-02-18,6,47,False
00542,2021-02-18,7,53,True
00543,2021-02-20,1,1,False
00543,2021-02-20,2,2,False
00543,2021-02-20,3,4,False
00543,2021-02-20,4,32,False
00543,2021-02-20,5,34,False
00543,2021-02-20,6,39,False
00543,2021-02-20,7,20,True
00544,2021-02-23,1,16,False
00544,2021-02-23,2,19,False
00544,2021-02-23,3,21,False
00544,2021-02-23,4,23,False
00544,2021-02-23,5,30,False
00544,2021-02-23,6,48,False
00544,2021-02-23,7,6,True
00545,2021-02-25,1,9,False
00545,2021-02-25,2,19,False
00545,2021-02-25,3,32,False
00545,2021-02-25,4,40,False
00545,2021-02-25,5,45,False
00545,2021-02-25,6,51,False
00545,2021-02-25,7,1,True
00546,2021-02-27,1,6,False
00546,2021-02-27,2,11,False
00546,2021-02-27,3,24,False
00546,2021-02-27,4,30,False
00546,2021-02-27,5,50,False
00546,2021-02-27,6,52,False
00546,2021-02-27,7,22,True
00547,2021-03-02,1,23,False
00547,2021-03-02,2,29,False
00547,2021-03-02,3,45,False
00547,2021-03-02,4,46,False
00547,2021-03-02,5,49,False
00547,2021-03-02,6,51,False
00547,2021-03-02,7,1,True
00548,2021-03-04,1,2,False
00548,2021-03-04,2,9,False
00548,2021-03-04,3,21,False
00548,2021-03-04,4,23,False
00548,2021-03-04,5,33,False
00548,2021-03-04,6,41,False
00548,2021-03-04,7,45,True
00549,2021-03-06,1,18,False
00549,2021-03-06,2,24,False
00549,2021-03-06,3,34,False
00549,2021-03-06,4,39,False
00549,2021-03-06,5,46,False
00549,2021-03-06,6,55,False
00549,2021-03-06,7,4,True
00550,2021-03-09,1,15,False
00550,2021-03-09,2,18,False
00550,2021-03-09,3,29,False
00550,2021-03-09,4,35,False
00550,2021-03-09,5,47,False
00550,2021-03-09,6,54,False
00550,2021-03-09,7,20,True
00551,2021-03-11,1,4,False
00551,2021-03-11,2,5,False
00551,2021-03-11,3,12,False
00551,2021-03-11,4,25,False
00551,2021-03-11,5,43,False
00551,2021-03-11,6,44,False
00551,2021-03-11,7,27,True
00552,2021-03-13,1,7,False
00552,2021-03-13,2,19,False
00552,2021-03-13,3,20,False
00552,2021-03-13,4,23,False
00552,2021-03-13,5,36,False
00552,2021-03-13,6,55,False
00552,2021-03-13,7,9,True
00553,2021-03-16,1,3,False
00553,2021-03-16,2,31,False
00553,2021-03-16,3,45,False
00553,2021-03-16,4,46,False
00553,2021-03-16,5,49,False
00553,2021-03-16,6,54,False
00553,2021-03-16,7,40,True
00554,2021-03-18,1,17,False
00554,2021-03-18,2,24,False
00554,2021-03-18,3,38,False
00554,2021-03-18,4,41,False
00554,2021-03-18,5,46,False
00554,2021-03-18,6,54,False
00554,2021-03-18,7,51,True
00555,2021-03-20,1,16,False
00555,2021-03-20,2,18,False
00555,2021-03-20,3,20,False
00555,2021-03-20,4,25,False
00555,2021-03-20,5,35,False
00555,2021-03-20,6,36,False
00555,2021-03-20,7,17,True
00556,2021-03-23,1,9,False
00556,2021-03-23,2,13,False
00556,2021-03-23,3,17,False
00556,2021-03-23,4,33,False
00556,2021-03-23,5,34,False
00556,2021-03-23,6,53,False
00556,2021-03-23,7,31,True
00557,2021-03-25,1,19,False
00557,2021-03-25,2,20,False
00557,2021-03-25,3,24,False
00557,2021-03-25,4,29,False
00557,2021-03-25,5,36,False
00557,2021-03-25,6,39,False
00557,2021-03-25,7,22,True
00558,2021-03-27,1,5,False
00558,2021-03-27,2,11,False
00558,2021-03-27,3,17,False
00558,2021-03-27,4,20,False
00558,2021-03-27,5,26,False
00558,2021-03-27,6,37,False
00558,2021-03-27,7,12,True
00559,2021-03-30,1,2,False
00559,2021-03-30,2,11,False
00559,2021-03-30,3,17,False
00559,2021-03-30,4,19,False
00559,2021-03-30,5,47,False
00559,2021-03-30,6,51,False
00559,2021-03-30,7,22,True
00560,2021-04-01,1,13,False
00560,2021-04-01,2,18,False
00560,2021-04-01,3,24,False
00560,2021-04-01,4,34,False
00560,2021-04-01,5,38,False
00560,2021-04-01,6,54,False
00560,2021-04-01,7,8,True
00561,2021-04-03,1,2,False
00561,2021-04-03,2,4,False
00561,2021-04-03,3,34,False
00561,2021-04-03,4,38,False
00561,2021-04-03,5,41,False
00561,2021-04-03,6,55,False
00561,2021-04-03,7,19,True
00562,2021-04-06,1,27,False
00562,2021-04-06,2,33,False
00562,2021-04-06,3,34,False
00562,2021-04-06,4,38,False
00562,2021-04-06,5,46,False
00562,2021-04-06,6,48,False
00562,2021-04-06,7,5,True
00563,2021-04-08,1,8,False
00563,2021-04-08,2,11,False
00563,2021-04-08,3,16,False
00563,2021-04-08,4,22,False
00563,2021-04-08,5,28,False
00563,2021-04-08,6,30,False
00563,2021-04-08,7,45,True
00564,2021-04-10,1,12,False
00564,2021-04-10,2,13,False
00564,2021-04-10,3,16,False
00564,2021-04-10,4,17,False
00564,2021-04-10,5,27,False
00564,2021-04-10,6,47,False
00564,2021-04-10,7,49,True
00565,2021-04-13,1,25,False
00565,2021-04-13,2,33,False
00565,2021-04-13,3,39,False
00565,2021-04-13,4,45,False
00565,2021-04-13,5,49,False
00565,2021-04-13,6,55,False
00565,2021-04-13,7,36,True
00566,2021-04-15,1,5,False
00566,2021-04-15,2,8,False
00566,2021-04-15,3,27,False
00566,2021-04-15,4,42,False
00566,2021-04-15,5,47,False
00566,2021-04-15,6,51,False
00566,2021-04-15,7,36,True
00567,2021-04-17,1,4,False
00567,2021-04-17,2,15,False
00567,2021-04-17,3,16,False
00567,2021-04-17,4,29,False
00567,2021-04-17,5,42,False
00567,2021-04-17,6,46,False
00567,2021-04-17,7,36,True
00568,2021-04-20,1,18,False
00568,2021-04-20,2,25,False
00568,2021-04-20,3,38,False
00568,2021-04-20,4,43,False
00568,2021-04-20,5,47,False
00568,2021-04-20,6,51,False
00568,2021-04-20,7,11,True
00569,2021-04-22,1,5,False
00569,2021-04-22,2,11,False
00569,2021-04-22,3,17,False
00569,2021-04-22,4,25,False
00569,2021-04-22,5,39,False
00569,2021-04-22,6,48,False
00569,2021-04-22,7,22,True
00570,2021-04-24,1,1,False
00570,2021-04-24,2,4,False
00570,2021-04-24,3,5,False
00570,2021-04-24,4,21,False
00570,2021-04-24,5,25,False
00570,2021-04-24,6,44,False
00570,2021-04-24,7,45,True
00571,2021-04-27,1,3,False
00571,2021-04-27,2,9,False
00571,2021-04-27,3,22,False
00571,2021-04-27,4,26,False
00571,2021-04-27,5,32,False
00571,2021-04-27,6,37,False
00571,2021-04-27,7,41,True
00572,2021-04-29,1,3,False
00572,2021-04-29,2,9,False
00572,2021-04-29,3,23,False
00572,2021-04-29,4,33,False
00572,2021-04-29,5,42,False
00572,2021-04-29,6,44,False
00572,2021-04-29,7,50,True
00573,2021-05-01,1,3,False
00573,2021-05-01,2,7,False
00573,2021-05-01,3,14,False
00573,2021-05-01,4,22,False
00573,2021-05-01,5,41,False
00573,2021-05-01,6,42,False
00573,2021-05-01,7,10,True
00574,2021-05-04,1,7,False
00574,2021-05-04,2,24,False
00574,2021-05-04,3,45,False
00574,2021-05-04,4,48,False
00574,2021-05-04,5,49,False
00574,2021-05-04,6,53,False
00574,2021-05-04,7,14,True
00575,2021-05-06,1,15,False
00575,2021-05-06,2,19,False
00575,2021-05-06,3,24,False
00575,2021-05-06,4,31,False
00575,2021-05-06,5,44,False
00575,2021-05-06,6,53,False
00575,2021-05-06,7,32,True
00576,2021-05-08,1,14,False
00576,2021-05-08,2,23,False
00576,2021-05-08,3,26,False
00576,2021-05-08,4,37,False
00576,2021-05-08,5,42,False
00576,2021-05-08,6,51,False
00576,2021-05-08,7,40,True
00577,2021-05-11,1,1,False
00577,2021-05-11,2,14,False
00577,2021-05-11,3,41,False
00577,2021-05-11,4,44,False
00577,2021-05-11,5,46,False
00577,2021-05-11,6,53,False
00577,2021-05-11,7,48,True
00578,2021-05-13,1,13,False
00578,2021-05-13,2,24,False
00578,2021-05-13,3,25,False
00578,2021-05-13,4,35,False
00578,2021-05-13,5,39,False
00578,2021-05-13,6,41,False
00578,2021-05-13,7,29,True
00579,2021-05-15,1,1,False
00579,2021-05-15,2,5,False
00579,2021-05-15,3,6,False
00579,2021-05-15,4,13,False
00579,2021-05-15,5,23,False
00579,2021-05-15,6,27,False
00579,2021-05-15,7,46,True
00580,2021-05-18,1,6,False
00580,2021-05-18,2,7,False
00580,2021-05-18,3,22,False
00580,2021-05-18,4,32,False
00580,2021-05-18,5,38,False
00580,2021-05-18,6,47,False
00580,2021-05-18,7,27,True
00581,2021-05-20,1,7,False
00581,2021-05-20,2,10,False
00581,2021-05-20,3,12,False
00581,2021-05-20,4,19,False
00581,2021-05-20,5,42,False
00581,2021-05-20,6,54,False
00581,2021-05-20,7,24,True
00582,2021-05-22,1,15,False
00582,2021-05-22,2,27,False
00582,2021-05-22,3,37,False
00582,2021-05-22,4,45,False
00582,2021-05-22,5,46,False
00582,2021-05-22,6,52,False
00582,2021-05-22,7,31,True
00583,2021-05-25,1,6,False
00583,2021-05-25,2,10,False
00583,2021-05-25,3,33,False
00583,2021-05-25,4,35,False
00583,2021-05-25,5,36,False
00583,2021-05-25,6,43,False
00583,2021-05-25,7,8,True
00584,2021-05-27,1,3,False
00584,2021-05-27,2,7,False
00584,2021-05-27,3,18,False
00584,2021-05-27,4,22,False
00584,2021-05-27,5,40,False
00584,2021-05-27,6,46,False
00584,2021-05-27,7,14,True
00585,2021-05-29,1,2,False
00585,2021-05-29,2,11,False
00585,2021-05-29,3,31,False
00585,2021-05-29,4,37,False
00585,2021-05-29,5,43,False
00585,2021-05-29,6,55,False
00585,2021-05-29,7,14,True
00586,2021-06-01,1,6,False
00586,2021-06-01,2,12,False
00586,2021-06-01,3,14,False
00586,2021-06-01,4,27,False
00586,2021-06-01,5,43,False
00586,2021-06-01,6,45,False
00586,2021-06-01,7,38,True
00587,2021-06-03,1,4,False
00587,2021-06-03,2,8,False
00587,2021-06-03,3,21,False
00587,2021-06-03,4,24,False
00587,2021-06-03,5,26,False
00587,2021-06-03,6,47,False
00587,2021-06-03,7,43,True
00588,2021-06-05,1,14,False
00588,2021-06-05,2,22,False
00588,2021-06-05,3,25,False
00588,2021-06-05,4,39,False
00588,2021-06-05,5,41,False
00588,2021-06-05,6,52,False
00588,2021-06-05,7,17,True
00589,2021-06-08,1,16,False
00589,2021-06-08,2,28,False
00589,2021-06-08,3,33,False
00589,2021-06-08,4,41,False
00589,2021-06-08,5,42,False
00589,2021-06-08,6,54,False
00589,2021-06-08,7,12,True
00590,2021-06-10,1,11,False
00590,2021-06-10,2,22,False
00590,2021-06-10,3,24,False
00590,2021-06-10,4,27,False
00590,2021-06-10,5,43,False
00590,2021-06-10,6,54,False
00590,2021-06-10,7,45,True
00591,2021-06-12,1,4,False
00591,2021-06-12,2,16,False
00591,2021-06-12,3,17,False
00591,2021-06-12,4,20,False
00591,2021-06-12,5,27,False
00591,2021-06-12,6,44,False
00591,2021-06-12,7,30,True
00592,2021-06-15,1,11,False
00592,2021-06-15,2,18,False
00592,2021-06-15,3,21,False
00592,2021-06-15,4,22,False
00592,2021-06-15,5,30,False
00592,2021-06-15,6,55,False
00592,2021-06-15,7,35,True
00593,2021-06-17,1,18,False
00593,2021-06-17,2,23,False
00593,2021-06-17,3,38,False
00593,2021-06-17,4,41,False
00593,2021-06-17,5,44,False
00593,2021-06-17,6,55,False
00593,2021-06-17,7,40,True
00594,2021-06-19,1,1,False
00594,2021-06-19,2,3,False
00594,2021-06-19,3,7,False
00594,2021-06-19,4,13,False
00594,2021-06-19,5,28,False
00594,2021-06-19,6,45,False
00594,2021-06-19,7,33,True
00595,2021-06-22,1,3,False
00595,2021-06-22,2,9,False
00595,2021-06-22,3,32,False
00595,2021-06-22,4,33,False
00595,2021-06-22,5,41,False
00595,2021-06-22,6,43,False
00595,2021-06-22,7,40,True
00596,2021-06-24,1,3,False
00596,2021-06-24,2,16,False
00596,2021-06-24,3,17,False
00596,2021-06-24,4,24,False
00596,2021-06-24,5,41,False
00596,2021-06-24,6,44,False
00596,2021-06-24,7,37,True
00597,2021-06-26,1,6,False
00597,2021-06-26,2,16,False
00597,2021-06-26,3,17,False
00597,2021-06-26,4,20,False
00597,2021-06-26,5,49,False
00597,2021-06-26,6,52,False
00597,2021-06-26,7,27,True
00598,2021-06-29,1,5,False
00598,2021-06-29,2,14,False
00598,2021-06-29,3,24,False
00598,2021-06-29,4,36,False
00598,2021-06-29,5,44,False
00598,2021-06-29,6,55,False
00598,2021-06-29,7,48,True
00599,2021-07-01,1,4,False
00599,2021-07-01,2,15,False
00599,2021-07-01,3,28,False
00599,2021-07-01,4,30,False
00599,2021-07-01,5,49,False
00599,2021-07-01,6,52,False
00599,2021-07-01,7,55,True
00600,2021-07-03,1,4,False
00600,2021-07-03,2,25,False
00600,2021-07-03,3,30,False
00600,2021-07-03,4,38,False
00600,2021-07-03,5,50,False
00600,2021-07-03,6,55,False
00600,2021-07-03,7,53,True
00601,2021-07-06,1,17,False
00601,2021-07-06,2,20,False
00601,2021-07-06,3,22,False
00601,2021-07-06,4,24,False
00601,2021-07-06,5,30,False
00601,2021-07-06,6,54,False
00601,2021-07-06,7,51,True
00602,2021-07-08,1,3,False
00602,2021-07-08,2,32,False
00602,2021-07-08,3,34,False
00602,2021-07-08,4,42,False
00602,2021-07-08,5,44,False
00602,2021-07-08,6,54,False
00602,2021-07-08,7,35,True
00603,2021-07-10,1,7,False
00603,2021-07-10,2,8,False
00603,2021-07-10,3,17,False
00603,2021-07-10,4,37,False
00603,2021-07-10,5,47,False
00603,2021-07-10,6,48,False
00603,2021-07-10,7,27,True
00604,2021-07-13,1,5,False
00604,2021-07-13,2,11,False
00604,2021-07-13,3,18,False
00604,2021-07-13,4,27,False
00604,2021-07-13,5,34,False
00604,2021-07-13,6,43,False
00604,2021-07-13,7,42,True
00605,2021-07-15,1,3,False
00605,2021-07-15,2,4,False
00605,2021-07-15,3,12,False
00605,2021-07-15,4,16,False
00605,2021-07-15,5,30,False
00605,2021-07-15,6,50,False
00605,2021-07-15,7,20,True
00606,2021-07-17,1,2,False
00606,2021-07-17,2,7,False
00606,2021-07-17,3,11,False
00606,2021-07-17,4,21,False
00606,2021-07-17,5,31,False
00606,2021-07-17,6,42,False
00606,2021-07-17,7,45,True
00607,2021-07-20,1,2,False
00607,2021-07-20,2,8,False
00607,2021-07-20,3,11,False
00607,2021-07-20,4,13,False
00607,2021-07-20,5,17,False
00607,2021-07-20,6,26,False
00607,2021-07-20,7,53,True
00608,2021-07-22,1,2,False
00608,2021-07-22,2,20,False
00608,2021-07-22,3,24,False
00608,2021-07-22,4,39,False
00608,2021-07-22,5,46,False
00608,2021-07-22,6,53,False
00608,2021-07-22,7,55,True
00609,2021-08-19,1,5,False
00609,2021-08-19,2,9,False
00609,2021-08-19,3,12,False
00609,2021-08-19,4,20,False
00609,2021-08-19,5,43,False
00609,2021-08-19,6,51,False
00609,2021-08-19,7,13,True
00610,2021-08-21,1,22,False
00610,2021-08-21,2,24,False
00610,2021-08-21,3,27,False
00610,2021-08-21,4,37,False
00610,2021-08-21,5,38,False
00610,2021-08-21,6,48,False
00610,2021-08-21,7,14,True
00611,2021-08-24,1,2,False
00611,2021-08-24,2,4,False
00611,2021-08-24,3,7,False
00611,2021-08-24,4,18,False
00611,2021-08-24,5,30,False
00611,2021-08-24,6,35,False
00611,2021-08-24,7,20,True
00612,2021-08-26,1,11,False
00612,2021-08-26,2,13,False
00612,2021-08-26,3,20,False
00612,2021-08-26,4,51,False
00612,2021-08-26,5,53,False
00612,2021-08-26,6,55,False
00612,2021-08-26,7,4,True
00613,2021-08-28,1,10,False
00613,2021-08-28,2,16,False
00613,2021-08-28,3,26,False
00613,2021-08-28,4,27,False
00613,2021-08-28,5,34,False
00613,2021-08-28,6,48,False
00613,2021-08-28,7,51,True
00614,2021-08-31,1,7,False
00614,2021-08-31,2,20,False
00614,2021-08-31,3,37,False
00614,2021-08-31,4,47,False
00614,2021-08-31,5,51,False
00614,2021-08-31,6,53,False
00614,2021-08-31,7,5,True
00615,2021-09-02,1,1,False
00615,2021-09-02,2,8,False
00615,2021-09-02,3,12,False
00615,2021-09-02,4,26,False
00615,2021-09-02,5,28,False
00615,2021-09-02,6,45,False
00615,2021-09-02,7,43,True
00616,2021-09-04,1,11,False
00616,2021-09-04,2,12,False
00616,2021-09-04,3,32,False
00616,2021-09-04,4,42,False
00616,2021-09-04,5,43,False
00616,2021-09-04,6,51,False
00616,2021-09-04,7,31,True
00617,2021-09-07,1,19,False
00617,2021-09-07,2,30,False
00617,2021-09-07,3,35,False
00617,2021-09-07,4,43,False
00617,2021-09-07,5,47,False
00617,2021-09-07,6,55,False
00617,2021-09-07,7,12,True
00618,2021-09-09,1,6,False
00618,2021-09-09,2,8,False
00618,2021-09-09,3,10,False
00618,2021-09-09,4,23,False
00618,2021-09-09,5,39,False
00618,2021-09-09,6,44,False
00618,2021-09-09,7,43,True
00619,2021-09-11,1,8,False
00619,2021-09-11,2,17,False
00619,2021-09-11,3,20,False
00619,2021-09-11,4,36,False
00619,2021-09-11,5,39,False
00619,2021-09-11,6,44,False
00619,2021-09-11,7,30,True
00620,2021-09-14,1,17,False
00620,2021-09-14,2,22,False
00620,2021-09-14,3,30,False
00620,2021-09-14,4,40,False
00620,2021-09-14,5,43,False
00620,2021-09-14,6,44,False
00620,2021-09-14,7,41,True
00621,2021-09-16,1,10,False
00621,2021-09-16,2,16,False
00621,2021-09-16,3,40,False
00621,2021-09-16,4,43,False
00621,2021-09-16,5,45,False
00621,2021-09-16,6,46,False
00621,2021-09-16,7,22,True
00622,2021-09-18,1,3,False
00622,2021-09-18,2,14,False
00622,2021-09-18,3,15,False
00622,2021-09-18,4,21,False
00622,2021-09-18,5,47,False
00622,2021-09-18,6,52,False
00622,2021-09-18,7,54,True
00623,2021-09-21,1,15,False
00623,2021-09-21,2,24,False
00623,2021-09-21,3,25,False
00623,2021-09-21,4,40,False
00623,2021-09-21,5,42,False
00623,2021-09-21,6,50,False
00623,2021-09-21,7,49,True
00624,2021-09-23,1,6,False
00624,2021-09-23,2,7,False
00624,2021-09-23,3,21,False
00624,2021-09-23,4,25,False
00624,2021-09-23,5,27,False
00624,2021-09-23,6,49,False
00624,2021-09-23,7,26,True
00625,2021-09-25,1,7,False
00625,2021-09-25,2,20,False
00625,2021-09-25,3,27,False
00625,2021-09-25,4,43,False
00625,2021-09-25,5,48,False
00625,2021-09-25,6,51,False
00625,2021-09-25,7,37,True
00626,2021-09-28,1,7,False
00626,2021-09-28,2,22,False
00626,2021-09-28,3,25,False
00626,2021-09-28,4,40,False
00626,2021-09-28,5,49,False
00626,2021-09-28,6,50,False
00626,2021-09-28,7,37,True
00627,2021-09-30,1,18,False
00627,2021-09-30,2,23,False
00627,2021-09-30,3,26,False
00627,2021-09-30,4,32,False
00627,2021-09-30,5,46,False
00627,2021-09-30,6,49,False
00627,2021-09-30,7,54,True
00628,2021-10-02,1,5,False
00628,2021-10-02,2,6,False
00628,2021-10-02,3,22,False
00628,2021-10-02,4,26,False
00628,2021-10-02,5,49,False
00628,2021-10-02,6,51,False
00628,2021-10-02,7,32,True
00629,2021-10-05,1,11,False
00629,2021-10-05,2,16,False
00629,2021-10-05,3,17,False
00629,2021-10-05,4,19,False
00629,2021-10-05,5,38,False
00629,2021-10-05,6,43,False
00629,2021-10-05,7,24,True
00630,2021-10-07,1,6,False
00630,2021-10-07,2,15,False
00630,2021-10-07,3,21,False
00630,2021-10-07,4,24,False
00630,2021-10-07,5,45,False
00630,2021-10-07,6,55,False
00630,2021-10-07,7,46,True
00631,2021-10-09,1,1,False
00631,2021-10-09,2,22,False
00631,2021-10-09,3,25,False
00631,2021-10-09,4,38,False
00631,2021-10-09,5,39,False
00631,2021-10-09,6,54,False
00631,2021-10-09,7,19,True
00632,2021-10-12,1,14,False
00632,2021-10-12,2,17,False
00632,2021-10-12,3,31,False
00632,2021-10-12,4,33,False
00632,2021-10-12,5,42,False
00632,2021-10-12,6,50,False
00632,2021-10-12,7,40,True
00633,2021-10-14,1,9,False
00633,2021-10-14,2,21,False
00633,2021-10-14,3,24,False
00633,2021-10-14,4,30,False
00633,2021-10-14,5,41,False
00633,2021-10-14,6,44,False
00633,2021-10-14,7,40,True
00634,2021-10-16,1,9,False
00634,2021-10-16,2,17,False
00634,2021-10-16,3,22,False
00634,2021-10-16,4,28,False
00634,2021-10-16,5,50,False
00634,2021-10-16,6,55,False
00634,2021-10-16,7,7,True
00635,2021-10-19,1,3,False
00635,2021-10-19,2,9,False
00635,2021-10-19,3,25,False
00635,2021-10-19,4,29,False
00635,2021-10-19,5,46,False
00635,2021-10-19,6,50,False
00635,2021-10-19,7,18,True
00636,2021-10-21,1,3,False
00636,2021-10-21,2,19,False
00636,2021-10-21,3,32,False
00636,2021-10-21,4,36,False
00636,2021-10-21,5,41,False
00636,2021-10-21,6,51,False
00636,2021-10-21,7,35,True
00637,2021-10-23,1,5,False
00637,2021-10-23,2,11,False
00637,2021-10-23,3,19,False
00637,2021-10-23,4,26,False
00637,2021-10-23,5,28,False
00637,2021-10-23,6,33,False
00637,2021-10-23,7,9,True
00638,2021-10-26,1,21,False
00638,2021-10-26,2,24,False
00638,2021-10-26,3,29,False
00638,2021-10-26,4,34,False
00638,2021-10-26,5,39,False
00638,2021-10-26,6,53,False
00638,2021-10-26,7,20,True
00639,2021-10-28,1,2,False
00639,2021-10-28,2,4,False
00639,2021-10-28,3,6,False
00639,2021-10-28,4,13,False
00639,2021-10-28,5,31,False
00639,2021-10-28,6,35,False
00639,2021-10-28,7,16,True
00640,2021-10-30,1,31,False
00640,2021-10-30,2,36,False
00640,2021-10-30,3,40,False
00640,2021-10-30,4,44,False
00640,2021-10-30,5,50,False
00640,2021-10-30,6,53,False
00640,2021-10-30,7,11,True
00641,2021-11-02,1,37,False
00641,2021-11-02,2,38,False
00641,2021-11-02,3,42,False
00641,2021-11-02,4,46,False
00641,2021-11-02,5,47,False
00641,2021-11-02,6,55,False
00641,2021-11-02,7,23,True
00642,2021-11-04,1,5,False
00642,2021-11-04,2,10,False
00642,2021-11-04,3,15,False
00642,2021-11-04,4,31,False
00642,2021-11-04,5,32,False
00642,2021-11-04,6,50,False
00642,2021-11-04,7,28,True
00643,2021-11-06,1,23,False
00643,2021-11-06,2,31,False
00643,2021-11-06,3,41,False
00643,2021-11-06,4,48,False
00643,2021-11-06,5,49,False
00643,2021-11-06,6,51,False
00643,2021-11-06,7,3,True
00644,2021-11-09,1,12,False
00644,2021-11-09,2,25,False
00644,2021-11-09,3,26,False
00644,2021-11-09,4,47,False
00644,2021-11-09,5,51,False
00644,2021-11-09,6,53,False
00644,2021-11-09,7,16,True
00645,2021-11-11,1,3,False
00645,2021-11-11,2,35,False
00645,2021-11-11,3,37,False
00645,2021-11-11,4,41,False
00645,2021-11-11,5,45,False
00645,2021-11-11,6,49,False
00645,2021-11-11,7,31,True
00646,2021-11-13,1,18,False
00646,2021-11-13,2,22,False
00646,2021-11-13,3,29,False
00646,2021-11-13,4,33,False
00646,2021-11-13,5,46,False
00646,2021-11-13,6,48,False
00646,2021-11-13,7,37,True
00647,2021-11-16,1,8,False
00647,2021-11-16,2,19,False
00647,2021-11-16,3,27,False
00647,2021-11-16,4,34,False
00647,2021-11-16,5,46,False
00647,2021-11-16,6,51,False
00647,2021-11-16,7,2,True
00648,2021-11-18,1,18,False
00648,2021-11-18,2,30,False
00648,2021-11-18,3,32,False
00648,2021-11-18,4,37,False
00648,2021-11-18,5,39,False
00648,2021-11-18,6,40,False
00648,2021-11-18,7,10,True
00649,2021-11-20,1,6,False
00649,2021-11-20,2,10,False
00649,2021-11-20,3,29,False
00649,2021-11-20,4,30,False
00649,2021-11-20,5,31,False
00649,2021-11-20,6,51,False
00649,2021-11-20,7,35,True
00650,2021-11-23,1,5,False
00650,2021-11-23,2,7,False
00650,2021-11-23,3,9,False
00650,2021-11-23,4,28,False
00650,2021-11-23,5,38,False
00650,2021-11-23,6,55,False
00650,2021-11-23,7,50,True
00651,2021-11-25,1,16,False
00651,2021-11-25,2,18,False
00651,2021-11-25,3,24,False
00651,2021-11-25,4,29,False
00651,2021-11-25,5,33,False
00651,2021-11-25,6,41,False
00651,2021-11-25,7,43,True
00652,2021-11-27,1,2,False
00652,2021-11-27,2,5,False
00652,2021-11-27,3,7,False
00652,2021-11-27,4,21,False
00652,2021-11-27,5,31,False
00652,2021-11-27,6,37,False
00652,2021-11-27,7,44,True
00653,2021-11-30,1,12,False
00653,2021-11-30,2,21,False
00653,2021-11-30,3,23,False
00653,2021-11-30,4,28,False
00653,2021-11-30,5,33,False
00653,2021-11-30,6,46,False
00653,2021-11-30,7,38,True
00654,2021-12-02,1,6,False
00654,2021-12-02,2,23,False
00654,2021-12-02,3,28,False
00654,2021-12-02,4,31,False
00654,2021-12-02,5,44,False
00654,2021-12-02,6,48,False
00654,2021-12-02,7,14,True
00655,2021-12-04,1,7,False
00655,2021-12-04,2,9,False
00655,2021-12-04,3,31,False
00655,2021-12-04,4,32,False
00655,2021-12-04,5,36,False
00655,2021-12-04,6,49,False
00655,2021-12-04,7,37,True
00656,2021-12-07,1,4,False
00656,2021-12-07,2,6,False
00656,2021-12-07,3,22,False
00656,2021-12-07,4,32,False
00656,2021-12-07,5,34,False
00656,2021-12-07,6,53,False
00656,2021-12-07,7,41,True
00657,2021-12-09,1,3,False
00657,2021-12-09,2,14,False
00657,2021-12-09,3,33,False
00657,2021-12-09,4,40,False
00657,2021-12-09,5,41,False
00657,2021-12-09,6,50,False
00657,2021-12-09,7,17,True
00658,2021-12-11,1,8,False
00658,2021-12-11,2,13,False
00658,2021-12-11,3,17,False
00658,2021-12-11,4,22,False
00658,2021-12-11,5,42,False
00658,2021-12-11,6,51,False
00658,2021-12-11,7,45,True
00659,2021-12-14,1,10,False
00659,2021-12-14,2,16,False
00659,2021-12-14,3,19,False
00659,2021-12-14,4,24,False
00659,2021-12-14,5,39,False
00659,2021-12-14,6,50,False
00659,2021-12-14,7,29,True
00660,2021-12-16,1,19,False
00660,2021-12-16,2,24,False
00660,2021-12-16,3,30,False
00660,2021-12-16,4,41,False
00660,2021-12-16,5,43,False
00660,2021-12-16,6,49,False
00660,2021-12-16,7,55,True
00661,2021-12-18,1,4,False
00661,2021-12-18,2,6,False
00661,2021-12-18,3,19,False
00661,2021-12-18,4,26,False
00661,2021-12-18,5,38,False
00661,2021-12-18,6,41,False
00661,2021-12-18,7,16,True
00662,2021-12-21,1,23,False
00662,2021-12-21,2,25,False
00662,2021-12-21,3,28,False
00662,2021-12-21,4,49,False
00662,2021-12-21,5,52,False
00662,2021-12-21,6,54,False
00662,2021-12-21,7,44,True
00663,2021-12-23,1,8,False
00663,2021-12-23,2,22,False
00663,2021-12-23,3,29,False
00663,2021-12-23,4,43,False
00663,2021-12-23,5,45,False
00663,2021-12-23,6,54,False
00663,2021-12-23,7,23,True
00664,2021-12-25,1,6,False
00664,2021-12-25,2,8,False
00664,2021-12-25,3,23,False
00664,2021-12-25,4,25,False
00664,2021-12-25,5,33,False
00664,2021-12-25,6,35,False
00664,2021-12-25,7,27,True
00665,2021-12-28,1,3,False
00665,2021-12-28,2,8,False
00665,2021-12-28,3,9,False
00665,2021-12-28,4,40,False
00665,2021-12-28,5,44,False
00665,2021-12-28,6,48,False
00665,2021-12-28,7,2,True
00666,2021-12-30,1,9,False
00666,2021-12-30,2,25,False
00666,2021-12-30,3,27,False
00666,2021-12-30,4,32,False
00666,2021-12-30,5,37,False
00666,2021-12-30,6,46,False
00666,2021-12-30,7,23,True
00667,2022-01-01,1,4,False
00667,2022-01-01,2,25,False
00667,2022-01-01,3,28,False
00667,2022-01-01,4,32,False
00667,2022-01-01,5,33,False
00667,2022-01-01,6,55,False
00667,2022-01-01,7,3,True
00668,2022-01-04,1,11,False
00668,2022-01-04,2,17,False
00668,2022-01-04,3,22,False
00668,2022-01-04,4,28,False
00668,2022-01-04,5,39,False
00668,2022-01-04,6,49,False
00668,2022-01-04,7,43,True
00669,2022-01-06,1,4,False
00669,2022-01-06,2,8,False
00669,2022-01-06,3,14,False
00669,2022-01-06,4,21,False
00669,2022-01-06,5,30,False
00669,2022-01-06,6,49,False
00669,2022-01-06,7,38,True
00670,2022-01-08,1,6,False
00670,2022-01-08,2,17,False
00670,2022-01-08,3,37,False
00670,2022-01-08,4,41,False
00670,2022-01-08,5,48,False
00670,2022-01-08,6,50,False
00670,2022-01-08,7,13,True
00671,2022-01-11,1,12,False
00671,2022-01-11,2,25,False
00671,2022-01-11,3,26,False
00671,2022-01-11,4,28,False
00671,2022-01-11,5,33,False
00671,2022-01-11,6,46,False
00671,2022-01-11,7,22,True
00672,2022-01-13,1,7,False
00672,2022-01-13,2,12,False
00672,2022-01-13,3,17,False
00672,2022-01-13,4,26,False
00672,2022-01-13,5,37,False
00672,2022-01-13,6,46,False
00672,2022-01-13,7,28,True
00673,2022-01-15,1,20,False
00673,2022-01-15,2,26,False
00673,2022-01-15,3,41,False
00673,2022-01-15,4,46,False
00673,2022-01-15,5,47,False
00673,2022-01-15,6,48,False
00673,2022-01-15,7,18,True
00674,2022-01-18,1,6,False
00674,2022-01-18,2,15,False
00674,2022-01-18,3,16,False
00674,2022-01-18,4,33,False
00674,2022-01-18,5,41,False
00674,2022-01-18,6,43,False
00674,2022-01-18,7,51,True
00675,2022-01-20,1,8,False
00675,2022-01-20,2,21,False
00675,2022-01-20,3,32,False
00675,2022-01-20,4,34,False
00675,2022-01-20,5,41,False
00675,2022-01-20,6,46,False
00675,2022-01-20,7,48,True
00676,2022-01-22,1,2,False
00676,2022-01-22,2,6,False
00676,2022-01-22,3,16,False
00676,2022-01-22,4,29,False
00676,2022-01-22,5,37,False
00676,2022-01-22,6,42,False
00676,2022-01-22,7,22,True
00677,2022-01-25,1,2,False
00677,2022-01-25,2,16,False
00677,2022-01-25,3,17,False
00677,2022-01-25,4,20,False
00677,2022-01-25,5,31,False
00677,2022-01-25,6,51,False
00677,2022-01-25,7,50,True
00678,2022-01-27,1,1,False
00678,2022-01-27,2,26,False
00678,2022-01-27,3,31,False
00678,2022-01-27,4,36,False
00678,2022-01-27,5,40,False
00678,2022-01-27,6,46,False
00678,2022-01-27,7,28,True
00679,2022-01-29,1,6,False
00679,2022-01-29,2,10,False
00679,2022-01-29,3,17,False
00679,2022-01-29,4,23,False
00679,2022-01-29,5,25,False
00679,2022-01-29,6,38,False
00679,2022-01-29,7,21,True
00680,2022-02-03,1,13,False
00680,2022-02-03,2,18,False
00680,2022-02-03,3,22,False
00680,2022-02-03,4,35,False
00680,2022-02-03,5,42,False
00680,2022-02-03,6,43,False
00680,2022-02-03,7,3,True
00681,2022-02-05,1,1,False
00681,2022-02-05,2,17,False
00681,2022-02-05,3,23,False
00681,2022-02-05,4,29,False
00681,2022-02-05,5,44,False
00681,2022-02-05,6,45,False
00681,2022-02-05,7,37,True
00682,2022-02-08,1,12,False
00682,2022-02-08,2,15,False
00682,2022-02-08,3,21,False
00682,2022-02-08,4,28,False
00682,2022-02-08,5,32,False
00682,2022-02-08,6,40,False
00682,2022-02-08,7,43,True
00683,2022-02-10,1,3,False
00683,2022-02-10,2,15,False
00683,2022-02-10,3,26,False
00683,2022-02-10,4,35,False
00683,2022-02-10,5,43,False
00683,2022-02-10,6,52,False
00683,2022-02-10,7,7,True
00684,2022-02-12,1,4,False
00684,2022-02-12,2,8,False
00684,2022-02-12,3,12,False
00684,2022-02-12,4,42,False
00684,2022-02-12,5,44,False
00684,2022-02-12,6,51,False
00684,2022-02-12,7,41,True
00685,2022-02-15,1,5,False
00685,2022-02-15,2,7,False
00685,2022-02-15,3,14,False
00685,2022-02-15,4,24,False
00685,2022-02-15,5,29,False
00685,2022-02-15,6,36,False
00685,2022-02-15,7,46,True
00686,2022-02-17,1,5,False
00686,2022-02-17,2,24,False
00686,2022-02-17,3,40,False
00686,2022-02-17,4,42,False
00686,2022-02-17,5,46,False
00686,2022-02-17,6,54,False
00686,2022-02-17,7,3,True
00687,2022-02-19,1,1,False
00687,2022-02-19,2,11,False
00687,2022-02-19,3,14,False
00687,2022-02-19,4,33,False
00687,2022-02-19,5,46,False
00687,2022-02-19,6,48,False
00687,2022-02-19,7,40,True
00688,2022-02-22,1,9,False
00688,2022-02-22,2,16,False
00688,2022-02-22,3,19,False
00688,2022-02-22,4,23,False
00688,2022-02-22,5,25,False
00688,2022-02-22,6,39,False
00688,2022-02-22,7,4,True
00689,2022-02-24,1,2,False
00689,2022-02-24,2,15,False
00689,2022-02-24,3,25,False
00689,2022-02-24,4,30,False
00689,2022-02-24,5,31,False
00689,2022-02-24,6,32,False
00689,2022-02-24,7,13,True
00690,2022-02-26,1,5,False
00690,2022-02-26,2,8,False
00690,2022-02-26,3,30,False
00690,2022-02-26,4,36,False
00690,2022-02-26,5,49,False
00690,2022-02-26,6,51,False
00690,2022-02-26,7,18,True
00691,2022-03-01,1,15,False
00691,2022-03-01,2,19,False
00691,2022-03-01,3,25,False
00691,2022-03-01,4,42,False
00691,2022-03-01,5,51,False
00691,2022-03-01,6,53,False
00691,2022-03-01,7,2,True
00692,2022-03-03,1,4,False
00692,2022-03-03,2,10,False
00692,2022-03-03,3,16,False
00692,2022-03-03,4,25,False
00692,2022-03-03,5,26,False
00692,2022-03-03,6,43,False
00692,2022-03-03,7,52,True
00693,2022-03-05,1,5,False
00693,2022-03-05,2,12,False
00693,2022-03-05,3,15,False
00693,2022-03-05,4,25,False
00693,2022-03-05,5,43,False
00693,2022-03-05,6,48,False
00693,2022-03-05,7,1,True
00694,2022-03-08,1,3,False
00694,2022-03-08,2,23,False
00694,2022-03-08,3,25,False
00694,2022-03-08,4,39,False
00694,2022-03-08,5,47,False
00694,2022-03-08,6,48,False
00694,2022-03-08,7,55,True
00695,2022-03-10,1,1,False
00695,2022-03-10,2,3,False
00695,2022-03-10,3,8,False
00695,2022-03-10,4,16,False
00695,2022-03-10,5,19,False
00695,2022-03-10,6,36,False
00695,2022-03-10,7,41,True
00696,2022-03-12,1,12,False
00696,2022-03-12,2,16,False
00696,2022-03-12,3,18,False
00696,2022-03-12,4,26,False
00696,2022-03-12,5,30,False
00696,2022-03-12,6,45,False
00696,2022-03-12,7,36,True
00697,2022-03-15,1,6,False
00697,2022-03-15,2,14,False
00697,2022-03-15,3,24,False
00697,2022-03-15,4,28,False
00697,2022-03-15,5,33,False
00697,2022-03-15,6,52,False
00697,2022-03-15,7,50,True
00698,2022-03-17,1,1,False
00698,2022-03-17,2,6,False
00698,2022-03-17,3,12,False
00698,2022-03-17,4,21,False
00698,2022-03-17,5,37,False
00698,2022-03-17,6,49,False
00698,2022-03-17,7,53,True
00699,2022-03-19,1,8,False
00699,2022-03-19,2,20,False
00699,2022-03-19,3,24,False
00699,2022-03-19,4,37,False
00699,2022-03-19,5,51,False
00699,2022-03-19,6,55,False
00699,2022-03-19,7,27,True
00700,2022-03-22,1,1,False
00700,2022-03-22,2,14,False
00700,2022-03-22,3,18,False
00700,2022-03-22,4,28,False
00700,2022-03-22,5,47,False
00700,2022-03-22,6,49,False
00700,2022-03-22,7,22,True
00701,2022-03-24,1,5,False
00701,2022-03-24,2,9,False
00701,2022-03-24,3,16,False
00701,2022-03-24,4,35,False
00701,2022-03-24,5,45,False
00701,2022-03-24,6,46,False
00701,2022-03-24,7,44,True
00702,2022-03-26,1,1,False
00702,2022-03-26,2,6,False
00702,2022-03-26,3,16,False
00702,2022-03-26,4,30,False
00702,2022-03-26,5,34,False
00702,2022-03-26,6,55,False
00702,2022-03-26,7,29,True
00703,2022-03-29,1,5,False
00703,2022-03-29,2,11,False
00703,2022-03-29,3,32,False
00703,2022-03-29,4,35,False
00703,2022-03-29,5,40,False
00703,2022-03-29,6,52,False
00703,2022-03-29,7,31,True
00704,2022-03-31,1,5,False
00704,2022-03-31,2,24,False
00704,2022-03-31,3,34,False
00704,2022-03-31,4,39,False
00704,2022-03-31,5,42,False
00704,2022-03-31,6,49,False
00704,2022-03-31,7,16,True
00705,2022-04-02,1,32,False
00705,2022-04-02,2,38,False
00705,2022-04-02,3,42,False
00705,2022-04-02,4,44,False
00705,2022-04-02,5,47,False
00705,2022-04-02,6,55,False
00705,2022-04-02,7,46,True
00706,2022-04-05,1,5,False
00706,2022-04-05,2,18,False
00706,2022-04-05,3,26,False
00706,2022-04-05,4,36,False
00706,2022-04-05,5,43,False
00706,2022-04-05,6,44,False
00706,2022-04-05,7,45,True
00707,2022-04-07,1,6,False
00707,2022-04-07,2,14,False
00707,2022-04-07,3,15,False
00707,2022-04-07,4,25,False
00707,2022-04-07,5,29,False
00707,2022-04-07,6,32,False
00707,2022-04-07,7,41,True
00708,2022-04-09,1,2,False
00708,2022-04-09,2,3,False
00708,2022-04-09,3,19,False
00708,2022-04-09,4,28,False
00708,2022-04-09,5,42,False
00708,2022-04-09,6,45,False
00708,2022-04-09,7,12,True
00709,2022-04-12,1,11,False
00709,2022-04-12,2,18,False
00709,2022-04-12,3,20,False
00709,2022-04-12,4,22,False
00709,2022-04-12,5,25,False
00709,2022-04-12,6,40,False
00709,2022-04-12,7,5,True
00710,2022-04-14,1,1,False
00710,2022-04-14,2,5,False
00710,2022-04-14,3,9,False
00710,2022-04-14,4,34,False
00710,2022-04-14,5,37,False
00710,2022-04-14,6,45,False
00710,2022-04-14,7,52,True
00711,2022-04-16,1,4,False
00711,2022-04-16,2,8,False
00711,2022-04-16,3,39,False
00711,2022-04-16,4,41,False
00711,2022-04-16,5,53,False
00711,2022-04-16,6,55,False
00711,2022-04-16,7,52,True
00712,2022-04-19,1,2,False
00712,2022-04-19,2,7,False
00712,2022-04-19,3,13,False
00712,2022-04-19,4,28,False
00712,2022-04-19,5,29,False
00712,2022-04-19,6,34,False
00712,2022-04-19,7,39,True
00713,2022-04-21,1,21,False
00713,2022-04-21,2,24,False
00713,2022-04-21,3,27,False
00713,2022-04-21,4,34,False
00713,2022-04-21,5,38,False
00713,2022-04-21,6,42,False
00713,2022-04-21,7,46,True
00714,2022-04-23,1,3,False
00714,2022-04-23,2,27,False
00714,2022-04-23,3,36,False
00714,2022-04-23,4,41,False
00714,2022-04-23,5,49,False
00714,2022-04-23,6,55,False
00714,2022-04-23,7,18,True
00715,2022-04-26,1,14,False
00715,2022-04-26,2,22,False
00715,2022-04-26,3,24,False
00715,2022-04-26,4,25,False
00715,2022-04-26,5,43,False
00715,2022-04-26,6,49,False
00715,2022-04-26,7,17,True
00716,2022-04-28,1,8,False
00716,2022-04-28,2,24,False
00716,2022-04-28,3,25,False
00716,2022-04-28,4,32,False
00716,2022-04-28,5,37,False
00716,2022-04-28,6,44,False
00716,2022-04-28,7,3,True
00717,2022-04-30,1,11,False
00717,2022-04-30,2,23,False
00717,2022-04-30,3,51,False
00717,2022-04-30,4,52,False
00717,2022-04-30,5,53,False
00717,2022-04-30,6,54,False
00717,2022-04-30,7,27,True
00718,2022-05-03,1,1,False
00718,2022-05-03,2,22,False
00718,2022-05-03,3,38,False
00718,2022-05-03,4,48,False
00718,2022-05-03,5,49,False
00718,2022-05-03,6,53,False
00718,2022-05-03,7,42,True
00719,2022-05-05,1,27,False
00719,2022-05-05,2,29,False
00719,2022-05-05,3,33,False
00719,2022-05-05,4,39,False
00719,2022-05-05,5,47,False
00719,2022-05-05,6,53,False
00719,2022-05-05,7,55,True
00720,2022-05-07,1,15,False
00720,2022-05-07,2,32,False
00720,2022-05-07,3,33,False
00720,2022-05-07,4,36,False
00720,2022-05-07,5,43,False
00720,2022-05-07,6,46,False
00720,2022-05-07,7,31,True
00721,2022-05-10,1,12,False
00721,2022-05-10,2,18,False
00721,2022-05-10,3,41,False
00721,2022-05-10,4,43,False
00721,2022-05-10,5,47,False
00721,2022-05-10,6,51,False
00721,2022-05-10,7,10,True
00722,2022-05-12,1,9,False
00722,2022-05-12,2,18,False
00722,2022-05-12,3,24,False
00722,2022-05-12,4,43,False
00722,2022-05-12,5,44,False
00722,2022-05-12,6,50,False
00722,2022-05-12,7,15,True
00723,2022-05-14,1,2,False
00723,2022-05-14,2,28,False
00723,2022-05-14,3,30,False
00723,2022-05-14,4,43,False
00723,2022-05-14,5,44,False
00723,2022-05-14,6,55,False
00723,2022-05-14,7,22,True
00724,2022-05-17,1,11,False
00724,2022-05-17,2,17,False
00724,2022-05-17,3,25,False
00724,2022-05-17,4,29,False
00724,2022-05-17,5,45,False
00724,2022-05-17,6,48,False
00724,2022-05-17,7,53,True
00725,2022-05-19,1,3,False
00725,2022-05-19,2,6,False
00725,2022-05-19,3,31,False
00725,2022-05-19,4,40,False
00725,2022-05-19,5,47,False
00725,2022-05-19,6,54,False
00725,2022-05-19,7,8,True
00726,2022-05-21,1,19,False
00726,2022-05-21,2,32,False
00726,2022-05-21,3,38,False
00726,2022-05-21,4,40,False
00726,2022-05-21,5,45,False
00726,2022-05-21,6,48,False
00726,2022-05-21,7,2,True
00727,2022-05-24,1,18,False
00727,2022-05-24,2,31,False
00727,2022-05-24,3,32,False
00727,2022-05-24,4,46,False
00727,2022-05-24,5,50,False
00727,2022-05-24,6,52,False
00727,2022-05-24,7,28,True
00728,2022-05-26,1,4,False
00728,2022-05-26,2,30,False
00728,2022-05-26,3,32,False
00728,2022-05-26,4,39,False
00728,2022-05-26,5,41,False
00728,2022-05-26,6,53,False
00728,2022-05-26,7,42,True
00729,2022-05-28,1,33,False
00729,2022-05-28,2,36,False
00729,2022-05-28,3,38,False
00729,2022-05-28,4,42,False
00729,2022-05-28,5,43,False
00729,2022-05-28,6,46,False
00729,2022-05-28,7,3,True
00730,2022-05-31,1,4,False
00730,2022-05-31,2,10,False
00730,2022-05-31,3,15,False
00730,2022-05-31,4,16,False
00730,2022-05-31,5,47,False
00730,2022-05-31,6,51,False
00730,2022-05-31,7,23,True
00731,2022-06-02,1,7,False
00731,2022-06-02,2,11,False
00731,2022-06-02,3,28,False
00731,2022-06-02,4,30,False
00731,2022-06-02,5,33,False
00731,2022-06-02,6,50,False
00731,2022-06-02,7,49,True
00732,2022-06-04,1,3,False
00732,2022-06-04,2,17,False
00732,2022-06-04,3,27,False
00732,2022-06-04,4,30,False
00732,2022-06-04,5,34,False
00732,2022-06-04,6,49,False
00732,2022-06-04,7,25,True
00733,2022-06-07,1,16,False
00733,2022-06-07,2,17,False
00733,2022-06-07,3,21,False
00733,2022-06-07,4,28,False
00733,2022-06-07,5,39,False
00733,2022-06-07,6,50,False
00733,2022-06-07,7,19,True
00734,2022-06-09,1,30,False
00734,2022-06-09,2,31,False
00734,2022-06-09,3,35,False
00734,2022-06-09,4,43,False
00734,2022-06-09,5,48,False
00734,2022-06-09,6,50,False
00734,2022-06-09,7,22,True
00735,2022-06-11,1,10,False
00735,2022-06-11,2,18,False
00735,2022-06-11,3,23,False
00735,2022-06-11,4,25,False
00735,2022-06-11,5,45,False
00735,2022-06-11,6,47,False
00735,2022-06-11,7,38,True
00736,2022-06-14,1,2,False
00736,2022-06-14,2,15,False
00736,2022-06-14,3,26,False
00736,2022-06-14,4,32,False
00736,2022-06-14,5,35,False
00736,2022-06-14,6,36,False
00736,2022-06-14,7,16,True
00737,2022-06-16,1,9,False
00737,2022-06-16,2,13,False
00737,2022-06-16,3,21,False
00737,2022-06-16,4,40,False
00737,2022-06-16,5,51,False
00737,2022-06-16,6,54,False
00737,2022-06-16,7,4,True
00738,2022-06-18,1,6,False
00738,2022-06-18,2,27,False
00738,2022-06-18,3,43,False
00738,2022-06-18,4,44,False
00738,2022-06-18,5,45,False
00738,2022-06-18,6,47,False
00738,2022-06-18,7,33,True
00739,2022-06-21,1,9,False
00739,2022-06-21,2,13,False
00739,2022-06-21,3,19,False
00739,2022-06-21,4,21,False
00739,2022-06-21,5,34,False
00739,2022-06-21,6,51,False
00739,2022-06-21,7,35,True
00740,2022-06-23,1,10,False
00740,2022-06-23,2,22,False
00740,2022-06-23,3,23,False
00740,2022-06-23,4,34,False
00740,2022-06-23,5,46,False
00740,2022-06-23,6,54,False
00740,2022-06-23,7,27,True
00741,2022-06-25,1,14,False
00741,2022-06-25,2,17,False
00741,2022-06-25,3,31,False
00741,2022-06-25,4,35,False
00741,2022-06-25,5,37,False
00741,2022-06-25,6,40,False
00741,2022-06-25,7,28,True
00742,2022-06-28,1,5,False
00742,2022-06-28,2,22,False
00742,2022-06-28,3,30,False
00742,2022-06-28,4,32,False
00742,2022-06-28,5,38,False
00742,2022-06-28,6,55,False
00742,2022-06-28,7,33,True
00743,2022-06-30,1,5,False
00743,2022-06-30,2,11,False
00743,2022-06-30,3,15,False
00743,2022-06-30,4,19,False
00743,2022-06-30,5,29,False
00743,2022-06-30,6,31,False
00743,2022-06-30,7,35,True
00744,2022-07-02,1,6,False
00744,2022-07-02,2,26,False
00744,2022-07-02,3,39,False
00744,2022-07-02,4,40,False
00744,2022-07-02,5,46,False
00744,2022-07-02,6,47,False
00744,2022-07-02,7,2,True
00745,2022-07-05,1,5,False
00745,2022-07-05,2,7,False
00745,2022-07-05,3,12,False
00745,2022-07-05,4,26,False
00745,2022-07-05,5,29,False
00745,2022-07-05,6,44,False
00745,2022-07-05,7,38,True
00746,2022-07-07,1,18,False
00746,2022-07-07,2,24,False
00746,2022-07-07,3,32,False
00746,2022-07-07,4,43,False
00746,2022-07-07,5,48,False
00746,2022-07-07,6,55,False
00746,2022-07-07,7,15,True
00747,2022-07-09,1,5,False
00747,2022-07-09,2,21,False
00747,2022-07-09,3,24,False
00747,2022-07-09,4,47,False
00747,2022-07-09,5,52,False
00747,2022-07-09,6,55,False
00747,2022-07-09,7,20,True
00748,2022-07-12,1,12,False
00748,2022-07-12,2,13,False
00748,2022-07-12,3,24,False
00748,2022-07-12,4,25,False
00748,2022-07-12,5,39,False
00748,2022-07-12,6,41,False
00748,2022-07-12,7,9,True
00749,2022-07-14,1,11,False
00749,2022-07-14,2,25,False
00749,2022-07-14,3,29,False
00749,2022-07-14,4,37,False
00749,2022-07-14,5,39,False
00749,2022-07-14,6,52,False
00749,2022-07-14,7,45,True
00750,2022-07-16,1,6,False
00750,2022-07-16,2,13,False
00750,2022-07-16,3,18,False
00750,2022-07-16,4,27,False
00750,2022-07-16,5,34,False
00750,2022-07-16,6,46,False
00750,2022-07-16,7,33,True
00751,2022-07-19,1,8,False
00751,2022-07-19,2,9,False
00751,2022-07-19,3,33,False
00751,2022-07-19,4,34,False
00751,2022-07-19,5,35,False
00751,2022-07-19,6,52,False
00751,2022-07-19,7,36,True
00752,2022-07-21,1,2,False
00752,2022-07-21,2,20,False
00752,2022-07-21,3,33,False
00752,2022-07-21,4,45,False
00752,2022-07-21,5,51,False
00752,2022-07-21,6,55,False
00752,2022-07-21,7,1,True
00753,2022-07-23,1,27,False
00753,2022-07-23,2,28,False
00753,2022-07-23,3,29,False
00753,2022-07-23,4,39,False
00753,2022-07-23,5,40,False
00753,2022-07-23,6,54,False
00753,2022-07-23,7,13,True
00754,2022-07-26,1,5,False
00754,2022-07-26,2,8,False
00754,2022-07-26,3,9,False
00754,2022-07-26,4,13,False
00754,2022-07-26,5,14,False
00754,2022-07-26,6,47,False
00754,2022-07-26,7,53,True
00755,2022-07-28,1,5,False
00755,2022-07-28,2,6,False
00755,2022-07-28,3,17,False
00755,2022-07-28,4,28,False
00755,2022-07-28,5,29,False
00755,2022-07-28,6,39,False
00755,2022-07-28,7,34,True
00756,2022-07-30,1,1,False
00756,2022-07-30,2,4,False
00756,2022-07-30,3,24,False
00756,2022-07-30,4,35,False
00756,2022-07-30,5,44,False
00756,2022-07-30,6,47,False
00756,2022-07-30,7,17,True
00757,2022-08-02,1,2,False
00757,2022-08-02,2,5,False
00757,2022-08-02,3,28,False
00757,2022-08-02,4,40,False
00757,2022-08-02,5,47,False
00757,2022-08-02,6,48,False
00757,2022-08-02,7,31,True
00758,2022-08-04,1,8,False
00758,2022-08-04,2,9,False
00758,2022-08-04,3,20,False
00758,2022-08-04,4,41,False
00758,2022-08-04,5,48,False
00758,2022-08-04,6,54,False
00758,2022-08-04,7,2,True
00759,2022-08-06,1,6,False
00759,2022-08-06,2,21,False
00759,2022-08-06,3,27,False
00759,2022-08-06,4,41,False
00759,2022-08-06,5,51,False
00759,2022-08-06,6,53,False
00759,2022-08-06,7,43,True
00760,2022-08-09,1,9,False
00760,2022-08-09,2,10,False
00760,2022-08-09,3,36,False
00760,2022-08-09,4,41,False
00760,2022-08-09,5,51,False
00760,2022-08-09,6,55,False
00760,2022-08-09,7,52,True
00761,2022-08-11,1,1,False
00761,2022-08-11,2,12,False
00761,2022-08-11,3,21,False
00761,2022-08-11,4,34,False
00761,2022-08-11,5,48,False
00761,2022-08-11,6,55,False
00761,2022-08-11,7,50,True
00762,2022-08-13,1,19,False
00762,2022-08-13,2,28,False
00762,2022-08-13,3,29,False
00762,2022-08-13,4,30,False
00762,2022-08-13,5,33,False
00762,2022-08-13,6,36,False
00762,2022-08-13,7,14,True
00763,2022-08-16,1,17,False
00763,2022-08-16,2,18,False
00763,2022-08-16,3,28,False
00763,2022-08-16,4,47,False
00763,2022-08-16,5,50,False
00763,2022-08-16,6,53,False
00763,2022-08-16,7,11,True
00764,2022-08-18,1,23,False
00764,2022-08-18,2,27,False
00764,2022-08-18,3,31,False
00764,2022-08-18,4,37,False
00764,2022-08-18,5,38,False
00764,2022-08-18,6,42,False
00764,2022-08-18,7,26,True
00765,2022-08-20,1,6,False
00765,2022-08-20,2,16,False
00765,2022-08-20,3,29,False
00765,2022-08-20,4,32,False
00765,2022-08-20,5,42,False
00765,2022-08-20,6,51,False
00765,2022-08-20,7,43,True
00766,2022-08-23,1,13,False
00766,2022-08-23,2,21,False
00766,2022-08-23,3,31,False
00766,2022-08-23,4,41,False
00766,2022-08-23,5,44,False
00766,2022-08-23,6,45,False
00766,2022-08-23,7,27,True
00767,2022-08-25,1,19,False
00767,2022-08-25,2,30,False
00767,2022-08-25,3,35,False
00767,2022-08-25,4,40,False
00767,2022-08-25,5,49,False
00767,2022-08-25,6,53,False
00767,2022-08-25,7,42,True
00768,2022-08-27,1,1,False
00768,2022-08-27,2,5,False
00768,2022-08-27,3,7,False
00768,2022-08-27,4,10,False
00768,2022-08-27,5,25,False
00768,2022-08-27,6,48,False
00768,2022-08-27,7,36,True
00769,2022-08-30,1,2,False
00769,2022-08-30,2,13,False
00769,2022-08-30,3,19,False
00769,2022-08-30,4,29,False
00769,2022-08-30,5,30,False
00769,2022-08-30,6,32,False
00769,2022-08-30,7,16,True
00770,2022-09-01,1,4,False
00770,2022-09-01,2,14,False
00770,2022-09-01,3,18,False
00770,2022-09-01,4,39,False
00770,2022-09-01,5,50,False
00770,2022-09-01,6,53,False
00770,2022-09-01,7,31,True
00771,2022-09-03,1,11,False
00771,2022-09-03,2,22,False
00771,2022-09-03,3,31,False
00771,2022-09-03,4,33,False
00771,2022-09-03,5,40,False
00771,2022-09-03,6,46,False
00771,2022-09-03,7,41,True
00772,2022-09-06,1,1,False
00772,2022-09-06,2,5,False
00772,2022-09-06,3,27,False
00772,2022-09-06,4,43,False
00772,2022-09-06,5,52,False
00772,2022-09-06,6,54,False
00772,2022-09-06,7,15,True
00773,2022-09-08,1,9,False
00773,2022-09-08,2,13,False
00773,2022-09-08,3,23,False
00773,2022-09-08,4,32,False
00773,2022-09-08,5,36,False
00773,2022-09-08,6,52,False
00773,2022-09-08,7,43,True
00774,2022-09-10,1,2,False
00774,2022-09-10,2,8,False
00774,2022-09-10,3,15,False
00774,2022-09-10,4,19,False
00774,2022-09-10,5,35,False
00774,2022-09-10,6,38,False
00774,2022-09-10,7,14,True
00775,2022-09-13,1,9,False
00775,2022-09-13,2,10,False
00775,2022-09-13,3,21,False
00775,2022-09-13,4,40,False
00775,2022-09-13,5,41,False
00775,2022-09-13,6,48,False
00775,2022-09-13,7,54,True
00776,2022-09-15,1,3,False
00776,2022-09-15,2,8,False
00776,2022-09-15,3,19,False
00776,2022-09-15,4,30,False
00776,2022-09-15,5,41,False
00776,2022-09-15,6,52,False
00776,2022-09-15,7,9,True
00777,2022-09-17,1,5,False
00777,2022-09-17,2,8,False
00777,2022-09-17,3,19,False
00777,2022-09-17,4,34,False
00777,2022-09-17,5,40,False
00777,2022-09-17,6,49,False
00777,2022-09-17,7,39,True
00778,2022-09-20,1,8,False
00778,2022-09-20,2,27,False
00778,2022-09-20,3,32,False
00778,2022-09-20,4,43,False
00778,2022-09-20,5,53,False
00778,2022-09-20,6,54,False
00778,2022-09-20,7,45,True
00779,2022-09-22,1,12,False
00779,2022-09-22,2,14,False
00779,2022-09-22,3,19,False
00779,2022-09-22,4,29,False
00779,2022-09-22,5,44,False
00779,2022-09-22,6,47,False
00779,2022-09-22,7,26,True
00780,2022-09-24,1,1,False
00780,2022-09-24,2,4,False
00780,2022-09-24,3,5,False
00780,2022-09-24,4,17,False
00780,2022-09-24,5,42,False
00780,2022-09-24,6,47,False
00780,2022-09-24,7,9,True
00781,2022-09-27,1,11,False
00781,2022-09-27,2,13,False
00781,2022-09-27,3,23,False
00781,2022-09-27,4,27,False
00781,2022-09-27,5,37,False
00781,2022-09-27,6,43,False
00781,2022-09-27,7,34,True
00782,2022-09-29,1,15,False
00782,2022-09-29,2,32,False
00782,2022-09-29,3,33,False
00782,2022-09-29,4,37,False
00782,2022-09-29,5,42,False
00782,2022-09-29,6,54,False
00782,2022-09-29,7,28,True
00783,2022-10-01,1,14,False
00783,2022-10-01,2,15,False
00783,2022-10-01,3,16,False
00783,2022-10-01,4,22,False
00783,2022-10-01,5,23,False
00783,2022-10-01,6,29,False
00783,2022-10-01,7,20,True
00784,2022-10-04,1,5,False
00784,2022-10-04,2,11,False
00784,2022-10-04,3,12,False
00784,2022-10-04,4,22,False
00784,2022-10-04,5,43,False
00784,2022-10-04,6,45,False
00784,2022-10-04,7,42,True
00785,2022-10-06,1,6,False
00785,2022-10-06,2,8,False
00785,2022-10-06,3,19,False
00785,2022-10-06,4,20,False
00785,2022-10-06,5,47,False
00785,2022-10-06,6,53,False
00785,2022-10-06,7,7,True
00786,2022-10-08,1,11,False
00786,2022-10-08,2,17,False
00786,2022-10-08,3,23,False
00786,2022-10-08,4,34,False
00786,2022-10-08,5,41,False
00786,2022-10-08,6,51,False
00786,2022-10-08,7,40,True
00787,2022-10-11,1,11,False
00787,2022-10-11,2,26,False
00787,2022-10-11,3,34,False
00787,2022-10-11,4,40,False
00787,2022-10-11,5,46,False
00787,2022-10-11,6,52,False
00787,2022-10-11,7,1,True
00788,2022-10-13,1,12,False
00788,2022-10-13,2,13,False
00788,2022-10-13,3,43,False
00788,2022-10-13,4,48,False
00788,2022-10-13,5,51,False
00788,2022-10-13,6,52,False
00788,2022-10-13,7,15,True
00789,2022-10-15,1,8,False
00789,2022-10-15,2,15,False
00789,2022-10-15,3,16,False
00789,2022-10-15,4,39,False
00789,2022-10-15,5,45,False
00789,2022-10-15,6,51,False
00789,2022-10-15,7,23,True
00790,2022-10-18,1,6,False
00790,2022-10-18,2,30,False
00790,2022-10-18,3,36,False
00790,2022-10-18,4,39,False
00790,2022-10-18,5,44,False
00790,2022-10-18,6,46,False
00790,2022-10-18,7,49,True
00791,2022-10-20,1,15,False
00791,2022-10-20,2,21,False
00791,2022-10-20,3,27,False
00791,2022-10-20,4,34,False
00791,2022-10-20,5,37,False
00791,2022-10-20,6,53,False
00791,2022-10-20,7,29,True
00792,2022-10-22,1,17,False
00792,2022-10-22,2,19,False
00792,2022-10-22,3,35,False
00792,2022-10-22,4,42,False
00792,2022-10-22,5,51,False
00792,2022-10-22,6,52,False
00792,2022-10-22,7,34,True
00793,2022-10-25,1,8,False
00793,2022-10-25,2,18,False
00793,2022-10-25,3,20,False
00793,2022-10-25,4,22,False
00793,2022-10-25,5,42,False
00793,2022-10-25,6,46,False
00793,2022-10-25,7,1,True
00794,2022-10-27,1,1,False
00794,2022-10-27,2,7,False
00794,2022-10-27,3,10,False
00794,2022-10-27,4,17,False
00794,2022-10-27,5,19,False
00794,2022-10-27,6,30,False
00794,2022-10-27,7,53,True
00795,2022-10-29,1,1,False
00795,2022-10-29,2,3,False
00795,2022-10-29,3,10,False
00795,2022-10-29,4,13,False
00795,2022-10-29,5,15,False
00795,2022-10-29,6,20,False
00795,2022-10-29,7,32,True
00796,2022-11-01,1,3,False
00796,2022-11-01,2,9,False
00796,2022-11-01,3,20,False
00796,2022-11-01,4,23,False
00796,2022-11-01,5,31,False
00796,2022-11-01,6,54,False
00796,2022-11-01,7,55,True
00797,2022-11-03,1,8,False
00797,2022-11-03,2,13,False
00797,2022-11-03,3,24,False
00797,2022-11-03,4,28,False
00797,2022-11-03,5,29,False
00797,2022-11-03,6,33,False
00797,2022-11-03,7,49,True
00798,2022-11-05,1,10,False
00798,2022-11-05,2,19,False
00798,2022-11-05,3,22,False
00798,2022-11-05,4,25,False
00798,2022-11-05,5,47,False
00798,2022-11-05,6,53,False
00798,2022-11-05,7,52,True
00799,2022-11-08,1,12,False
00799,2022-11-08,2,27,False
00799,2022-11-08,3,33,False
00799,2022-11-08,4,44,False
00799,2022-11-08,5,48,False
00799,2022-11-08,6,50,False
00799,2022-11-08,7,18,True
00800,2022-11-10,1,8,False
00800,2022-11-10,2,11,False
00800,2022-11-10,3,14,False
00800,2022-11-10,4,27,False
00800,2022-11-10,5,38,False
00800,2022-11-10,6,45,False
00800,2022-11-10,7,21,True
00801,2022-11-12,1,8,False
00801,2022-11-12,2,18,False
00801,2022-11-12,3,23,False
00801,2022-11-12,4,30,False
00801,2022-11-12,5,35,False
00801,2022-11-12,6,42,False
00801,2022-11-12,7,43,True
00802,2022-11-15,1,4,False
00802,2022-11-15,2,20,False
00802,2022-11-15,3,26,False
00802,2022-11-15,4,36,False
00802,2022-11-15,5,47,False
00802,2022-11-15,6,51,False
00802,2022-11-15,7,33,True
00803,2022-11-17,1,1,False
00803,2022-11-17,2,19,False
00803,2022-11-17,3,25,False
00803,2022-11-17,4,27,False
00803,2022-11-17,5,38,False
00803,2022-11-17,6,42,False
00803,2022-11-17,7,54,True
00804,2022-11-19,1,3,False
00804,2022-11-19,2,15,False
00804,2022-11-19,3,22,False
00804,2022-11-19,4,39,False
00804,2022-11-19,5,46,False
00804,2022-11-19,6,48,False
00804,2022-11-19,7,43,True
00805,2022-11-22,1,3,False
00805,2022-11-22,2,9,False
00805,2022-11-22,3,21,False
00805,2022-11-22,4,22,False
00805,2022-11-22,5,26,False
00805,2022-11-22,6,35,False
00805,2022-11-22,7,15,True
00806,2022-11-24,1,4,False
00806,2022-11-24,2,6,False
00806,2022-11-24,3,18,False
00806,2022-11-24,4,27,False
00806,2022-11-24,5,52,False
00806,2022-11-24,6,53,False
00806,2022-11-24,7,10,True
00807,2022-11-26,1,8,False
00807,2022-11-26,2,23,False
00807,2022-11-26,3,24,False
00807,2022-11-26,4,48,False
00807,2022-11-26,5,49,False
00807,2022-11-26,6,52,False
00807,2022-11-26,7,1,True
00808,2022-11-29,1,2,False
00808,2022-11-29,2,13,False
00808,2022-11-29,3,16,False
00808,2022-11-29,4,18,False
00808,2022-11-29,5,41,False
00808,2022-11-29,6,42,False
00808,2022-11-29,7,19,True
00809,2022-12-01,1,11,False
00809,2022-12-01,2,14,False
00809,2022-12-01,3,29,False
00809,2022-12-01,4,31,False
00809,2022-12-01,5,52,False
00809,2022-12-01,6,54,False
00809,2022-12-01,7,7,True
00810,2022-12-03,1,16,False
00810,2022-12-03,2,17,False
00810,2022-12-03,3,27,False
00810,2022-12-03,4,48,False
00810,2022-12-03,5,52,False
00810,2022-12-03,6,53,False
00810,2022-12-03,7,24,True
00811,2022-12-06,1,1,False
00811,2022-12-06,2,11,False
00811,2022-12-06,3,25,False
00811,2022-12-06,4,44,False
00811,2022-12-06,5,45,False
00811,2022-12-06,6,46,False
00811,2022-12-06,7,35,True
00812,2022-12-08,1,6,False
00812,2022-12-08,2,30,False
00812,2022-12-08,3,36,False
00812,2022-12-08,4,41,False
00812,2022-12-08,5,49,False
00812,2022-12-08,6,55,False
00812,2022-12-08,7,20,True
00813,2022-12-10,1,2,False
00813,2022-12-10,2,12,False
00813,2022-12-10,3,13,False
00813,2022-12-10,4,18,False
00813,2022-12-10,5,33,False
00813,2022-12-10,6,44,False
00813,2022-12-10,7,31,True
00814,2022-12-13,1,10,False
00814,2022-12-13,2,22,False
00814,2022-12-13,3,31,False
00814,2022-12-13,4,37,False
00814,2022-12-13,5,41,False
00814,2022-12-13,6,52,False
00814,2022-12-13,7,20,True
00815,2022-12-15,1,2,False
00815,2022-12-15,2,25,False
00815,2022-12-15,3,38,False
00815,2022-12-15,4,50,False
00815,2022-12-15,5,51,False
00815,2022-12-15,6,55,False
00815,2022-12-15,7,21,True
00816,2022-12-17,1,1,False
00816,2022-12-17,2,2,False
00816,2022-12-17,3,29,False
00816,2022-12-17,4,34,False
00816,2022-12-17,5,41,False
00816,2022-12-17,6,42,False
00816,2022-12-17,7,9,True
00817,2022-12-20,1,2,False
00817,2022-12-20,2,6,False
00817,2022-12-20,3,9,False
00817,2022-12-20,4,20,False
00817,2022-12-20,5,31,False
00817,2022-12-20,6,35,False
00817,2022-12-20,7,42,True
00818,2022-12-22,1,14,False
00818,2022-12-22,2,26,False
00818,2022-12-22,3,35,False
00818,2022-12-22,4,43,False
00818,2022-12-22,5,45,False
00818,2022-12-22,6,48,False
00818,2022-12-22,7,3,True
00819,2022-12-24,1,5,False
00819,2022-12-24,2,19,False
00819,2022-12-24,3,22,False
00819,2022-12-24,4,23,False
00819,2022-12-24,5,30,False
00819,2022-12-24,6,44,False
00819,2022-12-24,7,52,True
00820,2022-12-27,1,11,False
00820,2022-12-27,2,12,False
00820,2022-12-27,3,13,False
00820,2022-12-27,4,14,False
00820,2022-12-27,5,23,False
00820,2022-12-27,6,55,False
00820,2022-12-27,7,27,True
00821,2022-12-29,1,6,False
00821,2022-12-29,2,8,False
00821,2022-12-29,3,33,False
00821,2022-12-29,4,37,False
00821,2022-12-29,5,38,False
00821,2022-12-29,6,51,False
00821,2022-12-29,7,48,True
00822,2022-12-31,1,10,False
00822,2022-12-31,2,15,False
00822,2022-12-31,3,36,False
00822,2022-12-31,4,42,False
00822,2022-12-31,5,45,False
00822,2022-12-31,6,52,False
00822,2022-12-31,7,20,True
00823,2023-01-03,1,9,False
00823,2023-01-03,2,13,False
00823,2023-01-03,3,24,False
00823,2023-01-03,4,43,False
00823,2023-01-03,5,47,False
00823,2023-01-03,6,48,False
00823,2023-01-03,7,18,True
00824,2023-01-05,1,5,False
00824,2023-01-05,2,12,False
00824,2023-01-05,3,34,False
00824,2023-01-05,4,37,False
00824,2023-01-05,5,47,False
00824,2023-01-05,6,49,False
00824,2023-01-05,7,28,True
00825,2023-01-07,1,3,False
00825,2023-01-07,2,4,False
00825,2023-01-07,3,9,False
00825,2023-01-07,4,15,False
00825,2023-01-07,5,33,False
00825,2023-01-07,6,54,False
00825,2023-01-07,7,16,True
00826,2023-01-10,1,5,False
00826,2023-01-10,2,12,False
00826,2023-01-10,3,14,False
00826,2023-01-10,4,19,False
00826,2023-01-10,5,46,False
00826,2023-01-10,6,51,False
00826,2023-01-10,7,36,True
00827,2023-01-12,1,5,False
00827,2023-01-12,2,14,False
00827,2023-01-12,3,37,False
00827,2023-01-12,4,45,False
00827,2023-01-12,5,47,False
00827,2023-01-12,6,55,False
00827,2023-01-12,7,25,True
00828,2023-01-14,1,5,False
00828,2023-01-14,2,17,False
00828,2023-01-14,3,24,False
00828,2023-01-14,4,30,False
00828,2023-01-14,5,43,False
00828,2023-01-14,6,53,False
00828,2023-01-14,7,26,True
00829,2023-01-17,1,1,False
00829,2023-01-17,2,9,False
00829,2023-01-17,3,20,False
00829,2023-01-17,4,36,False
00829,2023-01-17,5,44,False
00829,2023-01-17,6,50,False
00829,2023-01-17,7,40,True
00830,2023-01-19,1,3,False
00830,2023-01-19,2,21,False
00830,2023-01-19,3,32,False
00830,2023-01-19,4,33,False
00830,2023-01-19,5,38,False
00830,2023-01-19,6,52,False
00830,2023-01-19,7,30,True
00831,2023-01-24,1,3,False
00831,2023-01-24,2,5,False
00831,2023-01-24,3,10,False
00831,2023-01-24,4,12,False
00831,2023-01-24,5,29,False
00831,2023-01-24,6,30,False
00831,2023-01-24,7,9,True
00832,2023-01-26,1,8,False
00832,2023-01-26,2,15,False
00832,2023-01-26,3,18,False
00832,2023-01-26,4,20,False
00832,2023-01-26,5,33,False
00832,2023-01-26,6,41,False
00832,2023-01-26,7,14,True
00833,2023-01-28,1,9,False
00833,2023-01-28,2,22,False
00833,2023-01-28,3,23,False
00833,2023-01-28,4,29,False
00833,2023-01-28,5,38,False
00833,2023-01-28,6,47,False
00833,2023-01-28,7,33,True
00834,2023-01-31,1,10,False
00834,2023-01-31,2,11,False
00834,2023-01-31,3,31,False
00834,2023-01-31,4,32,False
00834,2023-01-31,5,38,False
00834,2023-01-31,6,52,False
00834,2023-01-31,7,5,True
00835,2023-02-02,1,3,False
00835,2023-02-02,2,10,False
00835,2023-02-02,3,23,False
00835,2023-02-02,4,29,False
00835,2023-02-02,5,34,False
00835,2023-02-02,6,53,False
00835,2023-02-02,7,11,True
00836,2023-02-04,1,2,False
00836,2023-02-04,2,6,False
00836,2023-02-04,3,8,False
00836,2023-02-04,4,27,False
00836,2023-02-04,5,41,False
00836,2023-02-04,6,46,False
00836,2023-02-04,7,20,True
00837,2023-02-07,1,6,False
00837,2023-02-07,2,27,False
00837,2023-02-07,3,29,False
00837,2023-02-07,4,32,False
00837,2023-02-07,5,39,False
00837,2023-02-07,6,52,False
00837,2023-02-07,7,9,True
00838,2023-02-09,1,1,False
00838,2023-02-09,2,10,False
00838,2023-02-09,3,29,False
00838,2023-02-09,4,30,False
00838,2023-02-09,5,49,False
00838,2023-02-09,6,50,False
00838,2023-02-09,7,9,True
00839,2023-02-11,1,4,False
00839,2023-02-11,2,13,False
00839,2023-02-11,3,45,False
00839,2023-02-11,4,48,False
00839,2023-02-11,5,52,False
00839,2023-02-11,6,54,False
00839,2023-02-11,7,5,True
00840,2023-02-14,1,1,False
00840,2023-02-14,2,9,False
00840,2023-02-14,3,33,False
00840,2023-02-14,4,37,False
00840,2023-02-14,5,43,False
00840,2023-02-14,6,45,False
00840,2023-02-14,7,23,True
00841,2023-02-16,1,1,False
00841,2023-02-16,2,5,False
00841,2023-02-16,3,7,False
00841,2023-02-16,4,8,False
00841,2023-02-16,5,20,False
00841,2023-02-16,6,22,False
00841,2023-02-16,7,33,True
00842,2023-02-18,1,11,False
00842,2023-02-18,2,23,False
00842,2023-02-18,3,26,False
00842,2023-02-18,4,29,False
00842,2023-02-18,5,43,False
00842,2023-02-18,6,50,False
00842,2023-02-18,7,5,True
00843,2023-02-21,1,4,False
00843,2023-02-21,2,12,False
00843,2023-02-21,3,15,False
00843,2023-02-21,4,21,False
00843,2023-02-21,5,30,False
00843,2023-02-21,6,44,False
00843,2023-02-21,7,5,True
00844,2023-02-23,1,12,False
00844,2023-02-23,2,16,False
00844,2023-02-23,3,29,False
00844,2023-02-23,4,31,False
00844,2023-02-23,5,39,False
00844,2023-02-23,6,48,False
00844,2023-02-23,7,40,True
00845,2023-02-25,1,1,False
00845,2023-02-25,2,2,False
00845,2023-02-25,3,14,False
00845,2023-02-25,4,21,False
00845,2023-02-25,5,38,False
00845,2023-02-25,6,51,False
00845,2023-02-25,7,50,True
00846,2023-02-28,1,2,False
00846,2023-02-28,2,13,False
00846,2023-02-28,3,14,False
00846,2023-02-28,4,30,False
00846,2023-02-28,5,43,False
00846,2023-02-28,6,55,False
00846,2023-02-28,7,22,True
00847,2023-03-02,1,1,False
00847,2023-03-02,2,3,False
00847,2023-03-02,3,23,False
00847,2023-03-02,4,24,False
00847,2023-03-02,5,43,False
00847,2023-03-02,6,48,False
00847,2023-03-02,7,31,True
00848,2023-03-04,1,9,False
00848,2023-03-04,2,13,False
00848,2023-03-04,3,23,False
00848,2023-03-04,4,36,False
00848,2023-03-04,5,38,False
00848,2023-03-04,6,54,False
00848,2023-03-04,7,21,True
00849,2023-03-07,1,8,False
00849,2023-03-07,2,22,False
00849,2023-03-07,3,25,False
00849,2023-03-07,4,27,False
00849,2023-03-07,5,39,False
00849,2023-03-07,6,50,False
00849,2023-03-07,7,28,True
00850,2023-03-09,1,12,False
00850,2023-03-09,2,22,False
00850,2023-03-09,3,28,False
00850,2023-03-09,4,34,False
00850,2023-03-09,5,53,False
00850,2023-03-09,6,54,False
00850,2023-03-09,7,40,True
00851,2023-03-11,1,13,False
00851,2023-03-11,2,23,False
00851,2023-03-11,3,25,False
00851,2023-03-11,4,30,False
00851,2023-03-11,5,35,False
00851,2023-03-11,6,44,False
00851,2023-03-11,7,8,True
00852,2023-03-14,1,14,False
00852,2023-03-14,2,15,False
00852,2023-03-14,3,18,False
00852,2023-03-14,4,20,False
00852,2023-03-14,5,27,False
00852,2023-03-14,6,35,False
00852,2023-03-14,7,31,True
00853,2023-03-16,1,6,False
00853,2023-03-16,2,23,False
00853,2023-03-16,3,34,False
00853,2023-03-16,4,48,False
00853,2023-03-16,5,50,False
00853,2023-03-16,6,55,False
00853,2023-03-16,7,2,True
00854,2023-03-18,1,18,False
00854,2023-03-18,2,24,False
00854,2023-03-18,3,32,False
00854,2023-03-18,4,33,False
00854,2023-03-18,5,51,False
00854,2023-03-18,6,53,False
00854,2023-03-18,7,36,True
00855,2023-03-21,1,7,False
00855,2023-03-21,2,17,False
00855,2023-03-21,3,31,False
00855,2023-03-21,4,43,False
00855,2023-03-21,5,45,False
00855,2023-03-21,6,49,False
00855,2023-03-21,7,52,True
00856,2023-03-23,1,4,False
00856,2023-03-23,2,7,False
00856,2023-03-23,3,22,False
00856,2023-03-23,4,33,False
00856,2023-03-23,5,40,False
00856,2023-03-23,6,49,False
00856,2023-03-23,7,39,True
00857,2023-03-25,1,17,False
00857,2023-03-25,2,18,False
00857,2023-03-25,3,28,False
00857,2023-03-25,4,40,False
00857,2023-03-25,5,49,False
00857,2023-03-25,6,54,False
00857,2023-03-25,7,16,True
00858,2023-03-28,1,6,False
00858,2023-03-28,2,21,False
00858,2023-03-28,3,24,False
00858,2023-03-28,4,41,False
00858,2023-03-28,5,50,False
00858,2023-03-28,6,53,False
00858,2023-03-28,7,13,True
00859,2023-03-30,1,6,False
00859,2023-03-30,2,11,False
00859,2023-03-30,3,14,False
00859,2023-03-30,4,21,False
00859,2023-03-30,5,30,False
00859,2023-03-30,6,32,False
00859,2023-03-30,7,22,True
00860,2023-04-01,1,12,False
00860,2023-04-01,2,34,False
00860,2023-04-01,3,39,False
00860,2023-04-01,4,44,False
00860,2023-04-01,5,49,False
00860,2023-04-01,6,55,False
00860,2023-04-01,7,14,True
00861,2023-04-04,1,13,False
00861,2023-04-04,2,28,False
00861,2023-04-04,3,41,False
00861,2023-04-04,4,42,False
00861,2023-04-04,5,47,False
00861,2023-04-04,6,51,False
00861,2023-04-04,7,9,True
00862,2023-04-06,1,7,False
00862,2023-04-06,2,10,False
00862,2023-04-06,3,12,False
00862,2023-04-06,4,33,False
00862,2023-04-06,5,52,False
00862,2023-04-06,6,54,False
00862,2023-04-06,7,16,True
00863,2023-04-08,1,17,False
00863,2023-04-08,2,33,False
00863,2023-04-08,3,36,False
00863,2023-04-08,4,46,False
00863,2023-04-08,5,50,False
00863,2023-04-08,6,52,False
00863,2023-04-08,7,40,True
00864,2023-04-11,1,10,False
00864,2023-04-11,2,14,False
00864,2023-04-11,3,16,False
00864,2023-04-11,4,18,False
00864,2023-04-11,5,37,False
00864,2023-04-11,6,49,False
00864,2023-04-11,7,54,True
00865,2023-04-13,1,22,False
00865,2023-04-13,2,26,False
00865,2023-04-13,3,28,False
00865,2023-04-13,4,37,False
00865,2023-04-13,5,39,False
00865,2023-04-13,6,48,False
00865,2023-04-13,7,15,True
00866,2023-04-15,1,1,False
00866,2023-04-15,2,34,False
00866,2023-04-15,3,35,False
00866,2023-04-15,4,36,False
00866,2023-04-15,5,42,False
00866,2023-04-15,6,43,False
00866,2023-04-15,7,5,True
00867,2023-04-18,1,17,False
00867,2023-04-18,2,18,False
00867,2023-04-18,3,30,False
00867,2023-04-18,4,40,False
00867,2023-04-18,5,51,False
00867,2023-04-18,6,55,False
00867,2023-04-18,7,50,True
00868,2023-04-20,1,7,False
00868,2023-04-20,2,11,False
00868,2023-04-20,3,32,False
00868,2023-04-20,4,35,False
00868,2023-04-20,5,42,False
00868,2023-04-20,6,51,False
00868,2023-04-20,7,46,True
00869,2023-04-22,1,9,False
00869,2023-04-22,2,18,False
00869,2023-04-22,3,23,False
00869,2023-04-22,4,24,False
00869,2023-04-22,5,48,False
00869,2023-04-22,6,52,False
00869,2023-04-22,7,10,True
00870,2023-04-25,1,6,False
00870,2023-04-25,2,10,False
00870,2023-04-25,3,19,False
00870,2023-04-25,4,23,False
00870,2023-04-25,5,25,False
00870,2023-04-25,6,28,False
00870,2023-04-25,7,45,True
00871,2023-04-27,1,8,False
00871,2023-04-27,2,28,False
00871,2023-04-27,3,38,False
00871,2023-04-27,4,39,False
00871,2023-04-27,5,41,False
00871,2023-04-27,6,45,False
00871,2023-04-27,7,54,True
00872,2023-04-29,1,2,False
00872,2023-04-29,2,9,False
00872,2023-04-29,3,12,False
00872,2023-04-29,4,24,False
00872,2023-04-29,5,41,False
00872,2023-04-29,6,53,False
00872,2023-04-29,7,35,True
00873,2023-05-02,1,4,False
00873,2023-05-02,2,11,False
00873,2023-05-02,3,18,False
00873,2023-05-02,4,25,False
00873,2023-05-02,5,33,False
00873,2023-05-02,6,45,False
00873,2023-05-02,7,21,True
00874,2023-05-04,1,13,False
00874,2023-05-04,2,30,False
00874,2023-05-04,3,32,False
00874,2023-05-04,4,35,False
00874,2023-05-04,5,45,False
00874,2023-05-04,6,52,False
00874,2023-05-04,7,29,True
00875,2023-05-06,1,1,False
00875,2023-05-06,2,11,False
00875,2023-05-06,3,22,False
00875,2023-05-06,4,28,False
00875,2023-05-06,5,34,False
00875,2023-05-06,6,42,False
00875,2023-05-06,7,10,True
00876,2023-05-09,1,7,False
00876,2023-05-09,2,9,False
00876,2023-05-09,3,13,False
00876,2023-05-09,4,22,False
00876,2023-05-09,5,44,False
00876,2023-05-09,6,47,False
00876,2023-05-09,7,39,True
00877,2023-05-11,1,1,False
00877,2023-05-11,2,3,False
00877,2023-05-11,3,19,False
00877,2023-05-11,4,33,False
00877,2023-05-11,5,34,False
00877,2023-05-11,6,51,False
00877,2023-05-11,7,17,True
00878,2023-05-13,1,22,False
00878,2023-05-13,2,24,False
00878,2023-05-13,3,35,False
00878,2023-05-13,4,43,False
00878,2023-05-13,5,45,False
00878,2023-05-13,6,54,False
00878,2023-05-13,7,50,True
00879,2023-05-16,1,19,False
00879,2023-05-16,2,24,False
00879,2023-05-16,3,30,False
00879,2023-05-16,4,34,False
00879,2023-05-16,5,40,False
00879,2023-05-16,6,44,False
00879,2023-05-16,7,51,True
00880,2023-05-18,1,13,False
00880,2023-05-18,2,14,False
00880,2023-05-18,3,21,False
00880,2023-05-18,4,23,False
00880,2023-05-18,5,30,False
00880,2023-05-18,6,41,False
00880,2023-05-18,7,49,True
00881,2023-05-20,1,1,False
00881,2023-05-20,2,14,False
00881,2023-05-20,3,21,False
00881,2023-05-20,4,36,False
00881,2023-05-20,5,48,False
00881,2023-05-20,6,53,False
00881,2023-05-20,7,44,True
00882,2023-05-23,1,26,False
00882,2023-05-23,2,27,False
00882,2023-05-23,3,35,False
00882,2023-05-23,4,36,False
00882,2023-05-23,5,47,False
00882,2023-05-23,6,54,False
00882,2023-05-23,7,40,True
00883,2023-05-25,1,15,False
00883,2023-05-25,2,16,False
00883,2023-05-25,3,19,False
00883,2023-05-25,4,31,False
00883,2023-05-25,5,33,False
00883,2023-05-25,6,46,False
00883,2023-05-25,7,7,True
00884,2023-05-27,1,4,False
00884,2023-05-27,2,6,False
00884,2023-05-27,3,8,False
00884,2023-05-27,4,18,False
00884,2023-05-27,5,39,False
00884,2023-05-27,6,43,False
00884,2023-05-27,7,28,True
00885,2023-05-30,1,1,False
00885,2023-05-30,2,14,False
00885,2023-05-30,3,24,False
00885,2023-05-30,4,28,False
00885,2023-05-30,5,40,False
00885,2023-05-30,6,46,False
00885,2023-05-30,7,34,True
00886,2023-06-01,1,3,False
00886,2023-06-01,2,18,False
00886,2023-06-01,3,40,False
00886,2023-06-01,4,41,False
00886,2023-06-01,5,46,False
00886,2023-06-01,6,47,False
00886,2023-06-01,7,36,True
00887,2023-06-03,1,23,False
00887,2023-06-03,2,28,False
00887,2023-06-03,3,29,False
00887,2023-06-03,4,36,False
00887,2023-06-03,5,38,False
00887,2023-06-03,6,41,False
00887,2023-06-03,7,7,True
00888,2023-06-06,1,1,False
00888,2023-06-06,2,14,False
00888,2023-06-06,3,23,False
00888,2023-06-06,4,27,False
00888,2023-06-06,5,44,False
00888,2023-06-06,6,50,False
00888,2023-06-06,7,43,True
00889,2023-06-08,1,3,False
00889,2023-06-08,2,36,False
00889,2023-06-08,3,38,False
00889,2023-06-08,4,43,False
00889,2023-06-08,5,51,False
00889,2023-06-08,6,53,False
00889,2023-06-08,7,2,True
00890,2023-06-10,1,10,False
00890,2023-06-10,2,17,False
00890,2023-06-10,3,27,False
00890,2023-06-10,4,32,False
00890,2023-06-10,5,35,False
00890,2023-06-10,6,41,False
00890,2023-06-10,7,54,True
00891,2023-06-13,1,4,False
00891,2023-06-13,2,14,False
00891,2023-06-13,3,18,False
00891,2023-06-13,4,27,False
00891,2023-06-13,5,47,False
00891,2023-06-13,6,50,False
00891,2023-06-13,7,33,True
00892,2023-06-15,1,10,False
00892,2023-06-15,2,11,False
00892,2023-06-15,3,25,False
00892,2023-06-15,4,39,False
00892,2023-06-15,5,46,False
00892,2023-06-15,6,55,False
00892,2023-06-15,7,40,True
00893,2023-06-17,1,7,False
00893,2023-06-17,2,13,False
00893,2023-06-17,3,23,False
00893,2023-06-17,4,34,False
00893,2023-06-17,5,38,False
00893,2023-06-17,6,40,False
00893,2023-06-17,7,55,True
00894,2023-06-20,1,7,False
00894,2023-06-20,2,23,False
00894,2023-06-20,3,26,False
00894,2023-06-20,4,31,False
00894,2023-06-20,5,35,False
00894,2023-06-20,6,53,False
00894,2023-06-20,7,32,True
00895,2023-06-22,1,2,False
00895,2023-06-22,2,11,False
00895,2023-06-22,3,14,False
00895,2023-06-22,4,35,False
00895,2023-06-22,5,43,False
00895,2023-06-22,6,51,False
00895,2023-06-22,7,55,True
00896,2023-06-24,1,8,False
00896,2023-06-24,2,9,False
00896,2023-06-24,3,16,False
00896,2023-06-24,4,20,False
00896,2023-06-24,5,50,False
00896,2023-06-24,6,53,False
00896,2023-06-24,7,3,True
00897,2023-06-27,1,2,False
00897,2023-06-27,2,12,False
00897,2023-06-27,3,15,False
00897,2023-06-27,4,16,False
00897,2023-06-27,5,27,False
00897,2023-06-27,6,28,False
00897,2023-06-27,7,47,True
00898,2023-06-29,1,1,False
00898,2023-06-29,2,11,False
00898,2023-06-29,3,12,False
00898,2023-06-29,4,28,False
00898,2023-06-29,5,46,False
00898,2023-06-29,6,54,False
00898,2023-06-29,7,40,True
00899,2023-07-01,1,13,False
00899,2023-07-01,2,33,False
00899,2023-07-01,3,36,False
00899,2023-07-01,4,38,False
00899,2023-07-01,5,45,False
00899,2023-07-01,6,50,False
00899,2023-07-01,7,25,True
00900,2023-07-04,1,4,False
00900,2023-07-04,2,13,False
00900,2023-07-04,3,14,False
00900,2023-07-04,4,23,False
00900,2023-07-04,5,33,False
00900,2023-07-04,6,50,False
00900,2023-07-04,7,41,True
00901,2023-07-06,1,7,False
00901,2023-07-06,2,12,False
00901,2023-07-06,3,29,False
00901,2023-07-06,4,39,False
00901,2023-07-06,5,46,False
00901,2023-07-06,6,55,False
00901,2023-07-06,7,1,True
00902,2023-07-08,1,8,False
00902,2023-07-08,2,11,False
00902,2023-07-08,3,23,False
00902,2023-07-08,4,43,False
00902,2023-07-08,5,44,False
00902,2023-07-08,6,48,False
00902,2023-07-08,7,41,True
00903,2023-07-11,1,24,False
00903,2023-07-11,2,40,False
00903,2023-07-11,3,44,False
00903,2023-07-11,4,46,False
00903,2023-07-11,5,47,False
00903,2023-07-11,6,49,False
00903,2023-07-11,7,5,True
00904,2023-07-13,1,3,False
00904,2023-07-13,2,4,False
00904,2023-07-13,3,30,False
00904,2023-07-13,4,34,False
00904,2023-07-13,5,36,False
00904,2023-07-13,6,49,False
00904,2023-07-13,7,8,True
00905,2023-07-15,1,2,False
00905,2023-07-15,2,16,False
00905,2023-07-15,3,31,False
00905,2023-07-15,4,37,False
00905,2023-07-15,5,38,False
00905,2023-07-15,6,48,False
00905,2023-07-15,7,36,True
00906,2023-07-18,1,10,False
00906,2023-07-18,2,11,False
00906,2023-07-18,3,19,False
00906,2023-07-18,4,28,False
00906,2023-07-18,5,42,False
00906,2023-07-18,6,47,False
00906,2023-07-18,7,16,True
00907,2023-07-20,1,5,False
00907,2023-07-20,2,34,False
00907,2023-07-20,3,36,False
00907,2023-07-20,4,38,False
00907,2023-07-20,5,47,False
00907,2023-07-20,6,50,False
00907,2023-07-20,7,26,True
00908,2023-07-22,1,9,False
00908,2023-07-22,2,15,False
00908,2023-07-22,3,23,False
00908,2023-07-22,4,25,False
00908,2023-07-22,5,27,False
00908,2023-07-22,6,34,False
00908,2023-07-22,7,41,True
00909,2023-07-25,1,12,False
00909,2023-07-25,2,23,False
00909,2023-07-25,3,42,False
00909,2023-07-25,4,44,False
00909,2023-07-25,5,51,False
00909,2023-07-25,6,52,False
00909,2023-07-25,7,3,True
00910,2023-07-27,1,3,False
00910,2023-07-27,2,11,False
00910,2023-07-27,3,13,False
00910,2023-07-27,4,31,False
00910,2023-07-27,5,33,False
00910,2023-07-27,6,45,False
00910,2023-07-27,7,27,True
00911,2023-07-29,1,16,False
00911,2023-07-29,2,23,False
00911,2023-07-29,3,25,False
00911,2023-07-29,4,26,False
00911,2023-07-29,5,29,False
00911,2023-07-29,6,40,False
00911,2023-07-29,7,32,True
00912,2023-08-01,1,4,False
00912,2023-08-01,2,18,False
00912,2023-08-01,3,22,False
00912,2023-08-01,4,25,False
00912,2023-08-01,5,33,False
00912,2023-08-01,6,48,False
00912,2023-08-01,7,2,True
00913,2023-08-03,1,3,False
00913,2023-08-03,2,12,False
00913,2023-08-03,3,22,False
00913,2023-08-03,4,25,False
00913,2023-08-03,5,37,False
00913,2023-08-03,6,39,False
00913,2023-08-03,7,7,True
00914,2023-08-05,1,22,False
00914,2023-08-05,2,34,False
00914,2023-08-05,3,40,False
00914,2023-08-05,4,47,False
00914,2023-08-05,5,49,False
00914,2023-08-05,6,51,False
00914,2023-08-05,7,44,True
00915,2023-08-08,1,5,False
00915,2023-08-08,2,6,False
00915,2023-08-08,3,19,False
00915,2023-08-08,4,20,False
00915,2023-08-08,5,40,False
00915,2023-08-08,6,45,False
00915,2023-08-08,7,47,True
00916,2023-08-10,1,4,False
00916,2023-08-10,2,14,False
00916,2023-08-10,3,31,False
00916,2023-08-10,4,42,False
00916,2023-08-10,5,47,False
00916,2023-08-10,6,49,False
00916,2023-08-10,7,43,True
00917,2023-08-12,1,13,False
00917,2023-08-12,2,24,False
00917,2023-08-12,3,39,False
00917,2023-08-12,4,43,False
00917,2023-08-12,5,45,False
00917,2023-08-12,6,52,False
00917,2023-08-12,7,8,True
00918,2023-08-15,1,5,False
00918,2023-08-15,2,12,False
00918,2023-08-15,3,25,False
00918,2023-08-15,4,39,False
00918,2023-08-15,5,40,False
00918,2023-08-15,6,53,False
00918,2023-08-15,7,52,True
00919,2023-08-17,1,1,False
00919,2023-08-17,2,5,False
00919,2023-08-17,3,25,False
00919,2023-08-17,4,32,False
00919,2023-08-17,5,51,False
00919,2023-08-17,6,52,False
00919,2023-08-17,7,54,True
00920,2023-08-19,1,7,False
00920,2023-08-19,2,9,False
00920,2023-08-19,3,13,False
00920,2023-08-19,4,22,False
00920,2023-08-19,5,27,False
00920,2023-08-19,6,42,False
00920,2023-08-19,7,23,True
00921,2023-08-22,1,2,False
00921,2023-08-22,2,3,False
00921,2023-08-22,3,6,False
00921,2023-08-22,4,34,False
00921,2023-08-22,5,35,False
00921,2023-08-22,6,36,False
00921,2023-08-22,7,31,True
00922,2023-08-24,1,1,False
00922,2023-08-24,2,10,False
00922,2023-08-24,3,20,False
00922,2023-08-24,4,41,False
00922,2023-08-24,5,42,False
00922,2023-08-24,6,50,False
00922,2023-08-24,7,39,True
00923,2023-08-26,1,5,False
00923,2023-08-26,2,8,False
00923,2023-08-26,3,24,False
00923,2023-08-26,4,38,False
00923,2023-08-26,5,50,False
00923,2023-08-26,6,51,False
00923,2023-08-26,7,47,True
00924,2023-08-29,1,1,False
00924,2023-08-29,2,8,False
00924,2023-08-29,3,20,False
00924,2023-08-29,4,25,False
00924,2023-08-29,5,35,False
00924,2023-08-29,6,53,False
00924,2023-08-29,7,54,True
00925,2023-08-31,1,23,False
00925,2023-08-31,2,33,False
00925,2023-08-31,3,37,False
00925,2023-08-31,4,43,False
00925,2023-08-31,5,45,False
00925,2023-08-31,6,46,False
00925,2023-08-31,7,29,True
00926,2023-09-02,1,12,False
00926,2023-09-02,2,15,False
00926,2023-09-02,3,32,False
00926,2023-09-02,4,44,False
00926,2023-09-02,5,46,False
00926,2023-09-02,6,51,False
00926,2023-09-02,7,48,True
00927,2023-09-05,1,2,False
00927,2023-09-05,2,6,False
00927,2023-09-05,3,19,False
00927,2023-09-05,4,29,False
00927,2023-09-05,5,34,False
00927,2023-09-05,6,48,False
00927,2023-09-05,7,39,True
00928,2023-09-07,1,1,False
00928,2023-09-07,2,4,False
00928,2023-09-07,3,36,False
00928,2023-09-07,4,42,False
00928,2023-09-07,5,45,False
00928,2023-09-07,6,54,False
00928,2023-09-07,7,32,True
00929,2023-09-09,1,13,False
00929,2023-09-09,2,20,False
00929,2023-09-09,3,32,False
00929,2023-09-09,4,37,False
00929,2023-09-09,5,43,False
00929,2023-09-09,6,49,False
00929,2023-09-09,7,40,True
00930,2023-09-12,1,26,False
00930,2023-09-12,2,31,False
00930,2023-09-12,3,32,False
00930,2023-09-12,4,39,False
00930,2023-09-12,5,45,False
00930,2023-09-12,6,55,False
00930,2023-09-12,7,28,True
00931,2023-09-14,1,6,False
00931,2023-09-14,2,10,False
00931,2023-09-14,3,20,False
00931,2023-09-14,4,22,False
00931,2023-09-14,5,50,False
00931,2023-09-14,6,52,False
00931,2023-09-14,7,34,True
00932,2023-09-16,1,25,False
00932,2023-09-16,2,27,False
00932,2023-09-16,3,42,False
00932,2023-09-16,4,51,False
00932,2023-09-16,5,54,False
00932,2023-09-16,6,55,False
00932,2023-09-16,7,45,True
00933,2023-09-19,1,17,False
00933,2023-09-19,2,29,False
00933,2023-09-19,3,35,False
00933,2023-09-19,4,40,False
00933,2023-09-19,5,51,False
00933,2023-09-19,6,52,False
00933,2023-09-19,7,23,True
00934,2023-09-21,1,16,False
00934,2023-09-21,2,26,False
00934,2023-09-21,3,33,False
00934,2023-09-21,4,34,False
00934,2023-09-21,5,41,False
00934,2023-09-21,6,43,False
00934,2023-09-21,7,53,True
00935,2023-09-23,1,20,False
00935,2023-09-23,2,27,False
00935,2023-09-23,3,36,False
00935,2023-09-23,4,43,False
00935,2023-09-23,5,45,False
00935,2023-09-23,6,47,False
00935,2023-09-23,7,35,True
00936,2023-09-26,1,14,False
00936,2023-09-26,2,20,False
00936,2023-09-26,3,24,False
00936,2023-09-26,4,27,False
00936,2023-09-26,5,41,False
00936,2023-09-26,6,44,False
00936,2023-09-26,7,23,True
00937,2023-09-28,1,4,False
00937,2023-09-28,2,23,False
00937,2023-09-28,3,36,False
00937,2023-09-28,4,45,False
00937,2023-09-28,5,47,False
00937,2023-09-28,6,50,False
00937,2023-09-28,7,22,True
00938,2023-09-30,1,3,False
00938,2023-09-30,2,13,False
00938,2023-09-30,3,19,False
00938,2023-09-30,4,30,False
00938,2023-09-30,5,38,False
00938,2023-09-30,6,44,False
00938,2023-09-30,7,51,True
00939,2023-10-03,1,3,False
00939,2023-10-03,2,15,False
00939,2023-10-03,3,27,False
00939,2023-10-03,4,29,False
00939,2023-10-03,5,37,False
00939,2023-10-03,6,48,False
00939,2023-10-03,7,55,True
00940,2023-10-05,1,1,False
00940,2023-10-05,2,21,False
00940,2023-10-05,3,33,False
00940,2023-10-05,4,46,False
00940,2023-10-05,5,47,False
00940,2023-10-05,6,53,False
00940,2023-10-05,7,9,True
00941,2023-10-07,1,4,False
00941,2023-10-07,2,13,False
00941,2023-10-07,3,36,False
00941,2023-10-07,4,40,False
00941,2023-10-07,5,43,False
00941,2023-10-07,6,52,False
00941,2023-10-07,7,34,True
00942,2023-10-10,1,6,False
00942,2023-10-10,2,23,False
00942,2023-10-10,3,26,False
00942,2023-10-10,4,37,False
00942,2023-10-10,5,44,False
00942,2023-10-10,6,46,False
00942,2023-10-10,7,33,True
00943,2023-10-12,1,5,False
00943,2023-10-12,2,8,False
00943,2023-10-12,3,9,False
00943,2023-10-12,4,20,False
00943,2023-10-12,5,36,False
00943,2023-10-12,6,50,False
00943,2023-10-12,7,35,True
00944,2023-10-14,1,8,False
00944,2023-10-14,2,23,False
00944,2023-10-14,3,30,False
00944,2023-10-14,4,34,False
00944,2023-10-14,5,38,False
00944,2023-10-14,6,47,False
00944,2023-10-14,7,10,True
00945,2023-10-17,1,13,False
00945,2023-10-17,2,22,False
00945,2023-10-17,3,33,False
00945,2023-10-17,4,41,False
00945,2023-10-17,5,46,False
00945,2023-10-17,6,47,False
00945,2023-10-17,7,9,True
00946,2023-10-19,1,1,False
00946,2023-10-19,2,23,False
00946,2023-10-19,3,29,False
00946,2023-10-19,4,37,False
00946,2023-10-19,5,51,False
00946,2023-10-19,6,55,False
00946,2023-10-19,7,54,True
00947,2023-10-21,1,11,False
00947,2023-10-21,2,16,False
00947,2023-10-21,3,24,False
00947,2023-10-21,4,34,False
00947,2023-10-21,5,47,False
00947,2023-10-21,6,52,False
00947,2023-10-21,7,15,True
00948,2023-10-24,1,12,False
00948,2023-10-24,2,20,False
00948,2023-10-24,3,26,False
00948,2023-10-24,4,33,False
00948,2023-10-24,5,40,False
00948,2023-10-24,6,44,False
00948,2023-10-24,7,24,True
00949,2023-10-26,1,14,False
00949,2023-10-26,2,22,False
00949,2023-10-26,3,32,False
00949,2023-10-26,4,37,False
00949,2023-10-26,5,43,False
00949,2023-10-26,6,48,False
00949,2023-10-26,7,42,True
00950,2023-10-28,1,11,False
00950,2023-10-28,2,14,False
00950,2023-10-28,3,25,False
00950,2023-10-28,4,44,False
00950,2023-10-28,5,46,False
00950,2023-10-28,6,47,False
00950,2023-10-28,7,10,True
00951,2023-10-31,1,10,False
00951,2023-10-31,2,16,False
00951,2023-10-31,3,17,False
00951,2023-10-31,4,28,False
00951,2023-10-31,5,37,False
00951,2023-10-31,6,42,False
00951,2023-10-31,7,43,True
00952,2023-11-02,1,9,False
00952,2023-11-02,2,15,False
00952,2023-11-02,3,17,False
00952,2023-11-02,4,21,False
00952,2023-11-02,5,26,False
00952,2023-11-02,6,36,False
00952,2023-11-02,7,13,True
00953,2023-11-04,1,14,False
00953,2023-11-04,2,35,False
00953,2023-11-04,3,37,False
00953,2023-11-04,4,47,False
00953,2023-11-04,5,48,False
00953,2023-11-04,6,50,False
00953,2023-11-04,7,43,True
00954,2023-11-07,1,12,False
00954,2023-11-07,2,18,False
00954,2023-11-07,3,20,False
00954,2023-11-07,4,28,False
00954,2023-11-07,5,35,False
00954,2023-11-07,6,52,False
00954,2023-11-07,7,25,True
00955,2023-11-09,1,8,False
00955,2023-11-09,2,17,False
00955,2023-11-09,3,24,False
00955,2023-11-09,4,34,False
00955,2023-11-09,5,39,False
00955,2023-11-09,6,48,False
00955,2023-11-09,7,44,True
00956,2023-11-11,1,2,False
00956,2023-11-11,2,3,False
00956,2023-11-11,3,4,False
00956,2023-11-11,4,19,False
00956,2023-11-11,5,41,False
00956,2023-11-11,6,42,False
00956,2023-11-11,7,23,True
00957,2023-11-14,1,4,False
00957,2023-11-14,2,9,False
00957,2023-11-14,3,12,False
00957,2023-11-14,4,15,False
00957,2023-11-14,5,22,False
00957,2023-11-14,6,38,False
00957,2023-11-14,7,40,True
00958,2023-11-16,1,3,False
00958,2023-11-16,2,5,False
00958,2023-11-16,3,10,False
00958,2023-11-16,4,18,False
00958,2023-11-16,5,44,False
00958,2023-11-16,6,49,False
00958,2023-11-16,7,28,True
00959,2023-11-18,1,1,False
00959,2023-11-18,2,7,False
00959,2023-11-18,3,10,False
00959,2023-11-18,4,14,False
00959,2023-11-18,5,28,False
00959,2023-11-18,6,29,False
00959,2023-11-18,7,2,True
00960,2023-11-21,1,3,False
00960,2023-11-21,2,7,False
00960,2023-11-21,3,16,False
00960,2023-11-21,4,37,False
00960,2023-11-21,5,39,False
00960,2023-11-21,6,51,False
00960,2023-11-21,7,9,True
00961,2023-11-23,1,4,False
00961,2023-11-23,2,6,False
00961,2023-11-23,3,26,False
00961,2023-11-23,4,33,False
00961,2023-11-23,5,52,False
00961,2023-11-23,6,55,False
00961,2023-11-23,7,15,True
00962,2023-11-25,1,7,False
00962,2023-11-25,2,9,False
00962,2023-11-25,3,10,False
00962,2023-11-25,4,17,False
00962,2023-11-25,5,25,False
00962,2023-11-25,6,53,False
00962,2023-11-25,7,49,True
00963,2023-11-28,1,10,False
00963,2023-11-28,2,24,False
00963,2023-11-28,3,47,False
00963,2023-11-28,4,48,False
00963,2023-11-28,5,52,False
00963,2023-11-28,6,55,False
00963,2023-11-28,7,28,True
00964,2023-11-30,1,9,False
00964,2023-11-30,2,13,False
00964,2023-11-30,3,21,False
00964,2023-11-30,4,28,False
00964,2023-11-30,5,50,False
00964,2023-11-30,6,54,False
00964,2023-11-30,7,51,True
00965,2023-12-02,1,1,False
00965,2023-12-02,2,10,False
00965,2023-12-02,3,20,False
00965,2023-12-02,4,37,False
00965,2023-12-02,5,48,False
00965,2023-12-02,6,51,False
00965,2023-12-02,7,54,True
00966,2023-12-05,1,2,False
00966,2023-12-05,2,4,False
00966,2023-12-05,3,19,False
00966,2023-12-05,4,32,False
00966,2023-12-05,5,35,False
00966,2023-12-05,6,39,False
00966,2023-12-05,7,49,True
00967,2023-12-07,1,9,False
00967,2023-12-07,2,13,False
00967,2023-12-07,3,28,False
00967,2023-12-07,4,33,False
00967,2023-12-07,5,50,False
00967,2023-12-07,6,53,False
00967,2023-12-07,7,47,True
00968,2023-12-09,1,6,False
00968,2023-12-09,2,9,False
00968,2023-12-09,3,26,False
00968,2023-12-09,4,27,False
00968,2023-12-09,5,34,False
00968,2023-12-09,6,47,False
00968,2023-12-09,7,41,True
00969,2023-12-12,1,6,False
00969,2023-12-12,2,7,False
00969,2023-12-12,3,16,False
00969,2023-12-12,4,21,False
00969,2023-12-12,5,34,False
00969,2023-12-12,6,50,False
00969,2023-12-12,7,31,True
00970,2023-12-14,1,1,False
00970,2023-12-14,2,12,False
00970,2023-12-14,3,23,False
00970,2023-12-14,4,43,False
00970,2023-12-14,5,48,False
00970,2023-12-14,6,52,False
00970,2023-12-14,7,30,True
00971,2023-12-16,1,13,False
00971,2023-12-16,2,15,False
00971,2023-12-16,3,21,False
00971,2023-12-16,4,26,False
00971,2023-12-16,5,34,False
00971,2023-12-16,6,35,False
00971,2023-12-16,7,45,True
00972,2023-12-19,1,11,False
00972,2023-12-19,2,14,False
00972,2023-12-19,3,15,False
00972,2023-12-19,4,24,False
00972,2023-12-19,5,34,False
00972,2023-12-19,6,53,False
00972,2023-12-19,7,18,True
00973,2023-12-21,1,9,False
00973,2023-12-21,2,31,False
00973,2023-12-21,3,39,False
00973,2023-12-21,4,41,False
00973,2023-12-21,5,47,False
00973,2023-12-21,6,48,False
00973,2023-12-21,7,3,True
00974,2023-12-23,1,22,False
00974,2023-12-23,2,32,False
00974,2023-12-23,3,39,False
00974,2023-12-23,4,46,False
00974,2023-12-23,5,48,False
00974,2023-12-23,6,49,False
00974,2023-12-23,7,43,True
00975,2023-12-26,1,10,False
00975,2023-12-26,2,14,False
00975,2023-12-26,3,17,False
00975,2023-12-26,4,27,False
00975,2023-12-26,5,29,False
00975,2023-12-26,6,40,False
00975,2023-12-26,7,25,True
00976,2023-12-28,1,20,False
00976,2023-12-28,2,28,False
00976,2023-12-28,3,30,False
00976,2023-12-28,4,40,False
00976,2023-12-28,5,45,False
00976,2023-12-28,6,52,False
00976,2023-12-28,7,32,True
00977,2023-12-30,1,9,False
00977,2023-12-30,2,17,False
00977,2023-12-30,3,29,False
00977,2023-12-30,4,32,False
00977,2023-12-30,5,38,False
00977,2023-12-30,6,52,False
00977,2023-12-30,7,2,True
00978,2024-01-02,1,2,False
00978,2024-01-02,2,5,False
00978,2024-01-02,3,18,False
00978,2024-01-02,4,31,False
00978,2024-01-02,5,37,False
00978,2024-01-02,6,45,False
00978,2024-01-02,7,20,True
00979,2024-01-04,1,7,False
00979,2024-01-04,2,34,False
00979,2024-01-04,3,37,False
00979,2024-01-04,4,43,False
00979,2024-01-04,5,52,False
00979,2024-01-04,6,54,False
00979,2024-01-04,7,28,True
00980,2024-01-06,1,15,False
00980,2024-01-06,2,17,False
00980,2024-01-06,3,21,False
00980,2024-01-06,4,24,False
00980,2024-01-06,5,34,False
00980,2024-01-06,6,46,False
00980,2024-01-06,7,11,True
00981,2024-01-09,1,16,False
00981,2024-01-09,2,32,False
00981,2024-01-09,3,45,False
00981,2024-01-09,4,50,False
00981,2024-01-09,5,52,False
00981,2024-01-09,6,53,False
00981,2024-01-09,7,54,True
00982,2024-01-11,1,2,False
00982,2024-01-11,2,23,False
00982,2024-01-11,3,32,False
00982,2024-01-11,4,44,False
00982,2024-01-11,5,51,False
00982,2024-01-11,6,52,False
00982,2024-01-11,7,28,True
00983,2024-01-13,1,1,False
00983,2024-01-13,2,5,False
00983,2024-01-13,3,7,False
00983,2024-01-13,4,23,False
00983,2024-01-13,5,35,False
00983,2024-01-13,6,42,False
00983,2024-01-13,7,21,True
00984,2024-01-16,1,9,False
00984,2024-01-16,2,14,False
00984,2024-01-16,3,18,False
00984,2024-01-16,4,20,False
00984,2024-01-16,5,27,False
00984,2024-01-16,6,43,False
00984,2024-01-16,7,42,True
00985,2024-01-18,1,12,False
00985,2024-01-18,2,20,False
00985,2024-01-18,3,33,False
00985,2024-01-18,4,38,False
00985,2024-01-18,5,40,False
00985,2024-01-18,6,52,False
00985,2024-01-18,7,35,True
00986,2024-01-20,1,6,False
00986,2024-01-20,2,25,False
00986,2024-01-20,3,29,False
00986,2024-01-20,4,34,False
00986,2024-01-20,5,49,False
00986,2024-01-20,6,54,False
00986,2024-01-20,7,38,True
00987,2024-01-23,1,13,False
00987,2024-01-23,2,27,False
00987,2024-01-23,3,32,False
00987,2024-01-23,4,48,False
00987,2024-01-23,5,49,False
00987,2024-01-23,6,51,False
00987,2024-01-23,7,23,True
00988,2024-01-25,1,13,False
00988,2024-01-25,2,17,False
00988,2024-01-25,3,35,False
00988,2024-01-25,4,38,False
00988,2024-01-25,5,42,False
00988,2024-01-25,6,48,False
00988,2024-01-25,7,7,True
00989,2024-01-27,1,6,False
00989,2024-01-27,2,12,False
00989,2024-01-27,3,38,False
00989,2024-01-27,4,41,False
00989,2024-01-27,5,46,False
00989,2024-01-27,6,55,False
00989,2024-01-27,7,13,True
00990,2024-01-30,1,3,False
00990,2024-01-30,2,10,False
00990,2024-01-30,3,13,False
00990,2024-01-30,4,40,False
00990,2024-01-30,5,49,False
00990,2024-01-30,6,52,False
00990,2024-01-30,7,9,True
00991,2024-02-01,1,2,False
00991,2024-02-01,2,7,False
00991,2024-02-01,3,10,False
00991,2024-02-01,4,22,False
00991,2024-02-01,5,32,False
00991,2024-02-01,6,40,False
00991,2024-02-01,7,39,True
00992,2024-02-03,1,4,False
00992,2024-02-03,2,6,False
00992,2024-02-03,3,7,False
00992,2024-02-03,4,13,False
00992,2024-02-03,5,18,False
00992,2024-02-03,6,26,False
00992,2024-02-03,7,49,True
00993,2024-02-06,1,8,False
00993,2024-02-06,2,19,False
00993,2024-02-06,3,27,False
00993,2024-02-06,4,34,False
00993,2024-02-06,5,46,False
00993,2024-02-06,6,51,False
00993,2024-02-06,7,24,True
00994,2024-02-08,1,22,False
00994,2024-02-08,2,31,False
00994,2024-02-08,3,35,False
00994,2024-02-08,4,36,False
00994,2024-02-08,5,38,False
00994,2024-02-08,6,42,False
00994,2024-02-08,7,11,True
00995,2024-02-13,1,8,False
00995,2024-02-13,2,17,False
00995,2024-02-13,3,22,False
00995,2024-02-13,4,31,False
00995,2024-02-13,5,34,False
00995,2024-02-13,6,49,False
00995,2024-02-13,7,18,True
00996,2024-02-15,1,3,False
00996,2024-02-15,2,7,False
00996,2024-02-15,3,8,False
00996,2024-02-15,4,18,False
00996,2024-02-15,5,21,False
00996,2024-02-15,6,26,False
00996,2024-02-15,7,19,True
00997,2024-02-17,1,8,False
00997,2024-02-17,2,12,False
00997,2024-02-17,3,17,False
00997,2024-02-17,4,27,False
00997,2024-02-17,5,38,False
00997,2024-02-17,6,55,False
00997,2024-02-17,7,47,True
00998,2024-02-20,1,34,False
00998,2024-02-20,2,46,False
00998,2024-02-20,3,50,False
00998,2024-02-20,4,51,False
00998,2024-02-20,5,52,False
00998,2024-02-20,6,55,False
00998,2024-02-20,7,5,True
00999,2024-02-22,1,8,False
00999,2024-02-22,2,19,False
00999,2024-02-22,3,24,False
00999,2024-02-22,4,31,False
00999,2024-02-22,5,35,False
00999,2024-02-22,6,55,False
00999,2024-02-22,7,1,True
01000,2024-02-24,1,1,False
01000,2024-02-24,2,3,False
01000,2024-02-24,3,22,False
01000,2024-02-24,4,27,False
01000,2024-02-24,5,38,False
01000,2024-02-24,6,40,False
01000,2024-02-24,7,26,True
01001,2024-02-27,1,1,False
01001,2024-02-27,2,4,False
01001,2024-02-27,3,6,False
01001,2024-02-27,4,8,False
01001,2024-02-27,5,24,False
01001,2024-02-27,6,35,False
01001,2024-02-27,7,53,True
01002,2024-02-29,1,4,False
01002,2024-02-29,2,11,False
01002,2024-02-29,3,20,False
01002,2024-02-29,4,38,False
01002,2024-02-29,5,52,False
01002,2024-02-29,6,53,False
01002,2024-02-29,7,33,True
01003,2024-03-02,1,1,False
01003,2024-03-02,2,19,False
01003,2024-03-02,3,21,False
01003,2024-03-02,4,31,False
01003,2024-03-02,5,50,False
01003,2024-03-02,6,55,False
01003,2024-03-02,7,37,True
01004,2024-03-05,1,12,False
01004,2024-03-05,2,19,False
01004,2024-03-05,3,21,False
01004,2024-03-05,4,23,False
01004,2024-03-05,5,28,False
01004,2024-03-05,6,54,False
01004,2024-03-05,7,31,True
01005,2024-03-07,1,13,False
01005,2024-03-07,2,20,False
01005,2024-03-07,3,33,False
01005,2024-03-07,4,47,False
01005,2024-03-07,5,53,False
01005,2024-03-07,6,54,False
01005,2024-03-07,7,19,True
01006,2024-03-09,1,11,False
01006,2024-03-09,2,13,False
01006,2024-03-09,3,22,False
01006,2024-03-09,4,36,False
01006,2024-03-09,5,46,False
01006,2024-03-09,6,49,False
01006,2024-03-09,7,37,True
01007,2024-03-12,1,11,False
01007,2024-03-12,2,14,False
01007,2024-03-12,3,18,False
01007,2024-03-12,4,20,False
01007,2024-03-12,5,22,False
01007,2024-03-12,6,43,False
01007,2024-03-12,7,16,True
01008,2024-03-14,1,21,False
01008,2024-03-14,2,25,False
01008,2024-03-14,3,26,False
01008,2024-03-14,4,29,False
01008,2024-03-14,5,41,False
01008,2024-03-14,6,51,False
01008,2024-03-14,7,39,True
01009,2024-03-16,1,8,False
01009,2024-03-16,2,36,False
01009,2024-03-16,3,42,False
01009,2024-03-16,4,43,False
01009,2024-03-16,5,44,False
01009,2024-03-16,6,55,False
01009,2024-03-16,7,54,True
01010,2024-03-19,1,6,False
01010,2024-03-19,2,25,False
01010,2024-03-19,3,39,False
01010,2024-03-19,4,45,False
01010,2024-03-19,5,46,False
01010,2024-03-19,6,55,False
01010,2024-03-19,7,26,True
01011,2024-03-21,1,12,False
01011,2024-03-21,2,13,False
01011,2024-03-21,3,41,False
01011,2024-03-21,4,48,False
01011,2024-03-21,5,49,False
01011,2024-03-21,6,53,False
01011,2024-03-21,7,43,True
01012,2024-03-23,1,3,False
01012,2024-03-23,2,10,False
01012,2024-03-23,3,13,False
01012,2024-03-23,4,30,False
01012,2024-03-23,5,40,False
01012,2024-03-23,6,52,False
01012,2024-03-23,7,4,True
01013,2024-03-26,1,1,False
01013,2024-03-26,2,8,False
01013,2024-03-26,3,13,False
01013,2024-03-26,4,16,False
01013,2024-03-26,5,38,False
01013,2024-03-26,6,44,False
01013,2024-03-26,7,47,True
01014,2024-03-28,1,1,False
01014,2024-03-28,2,7,False
01014,2024-03-28,3,18,False
01014,2024-03-28,4,26,False
01014,2024-03-28,5,38,False
01014,2024-03-28,6,49,False
01014,2024-03-28,7,21,True
01015,2024-03-30,1,14,False
01015,2024-03-30,2,17,False
01015,2024-03-30,3,27,False
01015,2024-03-30,4,38,False
01015,2024-03-30,5,54,False
01015,2024-03-30,6,55,False
01015,2024-03-30,7,23,True
01016,2024-04-02,1,1,False
01016,2024-04-02,2,12,False
01016,2024-04-02,3,18,False
01016,2024-04-02,4,20,False
01016,2024-04-02,5,51,False
01016,2024-04-02,6,52,False
01016,2024-04-02,7,37,True
01017,2024-04-04,1,3,False
01017,2024-04-04,2,8,False
01017,2024-04-04,3,12,False
01017,2024-04-04,4,25,False
01017,2024-04-04,5,47,False
01017,2024-04-04,6,48,False
01017,2024-04-04,7,15,True
01018,2024-04-06,1,9,False
01018,2024-04-06,2,13,False
01018,2024-04-06,3,20,False
01018,2024-04-06,4,30,False
01018,2024-04-06,5,39,False
01018,2024-04-06,6,54,False
01018,2024-04-06,7,23,True
01019,2024-04-09,1,4,False
01019,2024-04-09,2,12,False
01019,2024-04-09,3,27,False
01019,2024-04-09,4,44,False
01019,2024-04-09,5,46,False
01019,2024-04-09,6,51,False
01019,2024-04-09,7,22,True
01020,2024-04-11,1,3,False
01020,2024-04-11,2,6,False
01020,2024-04-11,3,15,False
01020,2024-04-11,4,25,False
01020,2024-04-11,5,33,False
01020,2024-04-11,6,43,False
01020,2024-04-11,7,55,True
01021,2024-04-13,1,29,False
01021,2024-04-13,2,36,False
01021,2024-04-13,3,37,False
01021,2024-04-13,4,38,False
01021,2024-04-13,5,40,False
01021,2024-04-13,6,42,False
01021,2024-04-13,7,46,True
01022,2024-04-16,1,3,False
01022,2024-04-16,2,5,False
01022,2024-04-16,3,32,False
01022,2024-04-16,4,40,False
01022,2024-04-16,5,46,False
01022,2024-04-16,6,50,False
01022,2024-04-16,7,37,True
01023,2024-04-18,1,1,False
01023,2024-04-18,2,21,False
01023,2024-04-18,3,23,False
01023,2024-04-18,4,33,False
01023,2024-04-18,5,43,False
01023,2024-04-18,6,54,False
01023,2024-04-18,7,28,True
01024,2024-04-20,1,2,False
01024,2024-04-20,2,6,False
01024,2024-04-20,3,35,False
01024,2024-04-20,4,43,False
01024,2024-04-20,5,45,False
01024,2024-04-20,6,47,False
01024,2024-04-20,7,14,True
01025,2024-04-23,1,1,False
01025,2024-04-23,2,34,False
01025,2024-04-23,3,39,False
01025,2024-04-23,4,40,False
01025,2024-04-23,5,49,False
01025,2024-04-23,6,53,False
01025,2024-04-23,7,9,True
01026,2024-04-25,1,13,False
01026,2024-04-25,2,19,False
01026,2024-04-25,3,27,False
01026,2024-04-25,4,38,False
01026,2024-04-25,5,41,False
01026,2024-04-25,6,54,False
01026,2024-04-25,7,46,True
01027,2024-04-27,1,7,False
01027,2024-04-27,2,12,False
01027,2024-04-27,3,38,False
01027,2024-04-27,4,43,False
01027,2024-04-27,5,48,False
01027,2024-04-27,6,55,False
01027,2024-04-27,7,8,True
01028,2024-04-30,1,13,False
01028,2024-04-30,2,16,False
01028,2024-04-30,3,26,False
01028,2024-04-30,4,46,False
01028,2024-04-30,5,49,False
01028,2024-04-30,6,54,False
01028,2024-04-30,7,8,True
01029,2024-05-02,1,30,False
01029,2024-05-02,2,32,False
01029,2024-05-02,3,33,False
01029,2024-05-02,4,36,False
01029,2024-05-02,5,42,False
01029,2024-05-02,6,48,False
01029,2024-05-02,7,18,True
01030,2024-05-04,1,5,False
01030,2024-05-04,2,27,False
01030,2024-05-04,3,35,False
01030,2024-05-04,4,45,False
01030,2024-05-04,5,49,False
01030,2024-05-04,6,55,False
01030,2024-05-04,7,18,True
01031,2024-05-07,1,21,False
01031,2024-05-07,2,26,False
01031,2024-05-07,3,35,False
01031,2024-05-07,4,41,False
01031,2024-05-07,5,44,False
01031,2024-05-07,6,52,False
01031,2024-05-07,7,13,True
01032,2024-05-09,1,3,False
01032,2024-05-09,2,16,False
01032,2024-05-09,3,21,False
01032,2024-05-09,4,36,False
01032,2024-05-09,5,37,False
01032,2024-05-09,6,40,False
01032,2024-05-09,7,31,True
01033,2024-05-11,1,19,False
01033,2024-05-11,2,23,False
01033,2024-05-11,3,25,False
01033,2024-05-11,4,43,False
01033,2024-05-11,5,46,False
01033,2024-05-11,6,54,False
01033,2024-05-11,7,42,True
01034,2024-05-14,1,5,False
01034,2024-05-14,2,17,False
01034,2024-05-14,3,36,False
01034,2024-05-14,4,40,False
01034,2024-05-14,5,46,False
01034,2024-05-14,6,50,False
01034,2024-05-14,7,1,True
01035,2024-05-16,1,20,False
01035,2024-05-16,2,25,False
01035,2024-05-16,3,27,False
01035,2024-05-16,4,39,False
01035,2024-05-16,5,45,False
01035,2024-05-16,6,55,False
01035,2024-05-16,7,44,True
01036,2024-05-18,1,12,False
01036,2024-05-18,2,18,False
01036,2024-05-18,3,20,False
01036,2024-05-18,4,25,False
01036,2024-05-18,5,27,False
01036,2024-05-18,6,52,False
01036,2024-05-18,7,44,True
01037,2024-05-21,1,1,False
01037,2024-05-21,2,2,False
01037,2024-05-21,3,14,False
01037,2024-05-21,4,32,False
01037,2024-05-21,5,33,False
01037,2024-05-21,6,41,False
01037,2024-05-21,7,4,True
01038,2024-05-23,1,8,False
01038,2024-05-23,2,12,False
01038,2024-05-23,3,42,False
01038,2024-05-23,4,47,False
01038,2024-05-23,5,51,False
01038,2024-05-23,6,52,False
01038,2024-05-23,7,36,True
01039,2024-05-25,1,15,False
01039,2024-05-25,2,22,False
01039,2024-05-25,3,38,False
01039,2024-05-25,4,39,False
01039,2024-05-25,5,43,False
01039,2024-05-25,6,53,False
01039,2024-05-25,7,20,True
01040,2024-05-28,1,1,False
01040,2024-05-28,2,25,False
01040,2024-05-28,3,29,False
01040,2024-05-28,4,37,False
01040,2024-05-28,5,40,False
01040,2024-05-28,6,54,False
01040,2024-05-28,7,50,True
01041,2024-05-30,1,4,False
01041,2024-05-30,2,7,False
01041,2024-05-30,3,8,False
01041,2024-05-30,4,12,False
01041,2024-05-30,5,23,False
01041,2024-05-30,6,31,False
01041,2024-05-30,7,45,True
01042,2024-06-01,1,6,False
01042,2024-06-01,2,24,False
01042,2024-06-01,3,30,False
01042,2024-06-01,4,31,False
01042,2024-06-01,5,47,False
01042,2024-06-01,6,49,False
01042,2024-06-01,7,1,True
01043,2024-06-04,1,1,False
01043,2024-06-04,2,2,False
01043,2024-06-04,3,7,False
01043,2024-06-04,4,10,False
01043,2024-06-04,5,13,False
01043,2024-06-04,6,19,False
01043,2024-06-04,7,24,True
01044,2024-06-06,1,18,False
01044,2024-06-06,2,26,False
01044,2024-06-06,3,38,False
01044,2024-06-06,4,39,False
01044,2024-06-06,5,47,False
01044,2024-06-06,6,51,False
01044,2024-06-06,7,55,True
01045,2024-06-08,1,13,False
01045,2024-06-08,2,16,False
01045,2024-06-08,3,32,False
01045,2024-06-08,4,33,False
01045,2024-06-08,5,35,False
01045,2024-06-08,6,43,False
01045,2024-06-08,7,42,True
01046,2024-06-11,1,13,False
01046,2024-06-11,2,16,False
01046,2024-06-11,3,21,False
01046,2024-06-11,4,30,False
01046,2024-06-11,5,32,False
01046,2024-06-11,6,39,False
01046,2024-06-11,7,53,True
01047,2024-06-13,1,8,False
01047,2024-06-13,2,39,False
01047,2024-06-13,3,45,False
01047,2024-06-13,4,47,False
01047,2024-06-13,5,49,False
01047,2024-06-13,6,51,False
01047,2024-06-13,7,16,True
01048,2024-06-15,1,5,False
01048,2024-06-15,2,10,False
01048,2024-06-15,3,14,False
01048,2024-06-15,4,20,False
01048,2024-06-15,5,26,False
01048,2024-06-15,6,51,False
01048,2024-06-15,7,36,True
01049,2024-06-18,1,20,False
01049,2024-06-18,2,23,False
01049,2024-06-18,3,27,False
01049,2024-06-18,4,36,False
01049,2024-06-18,5,38,False
01049,2024-06-18,6,44,False
01049,2024-06-18,7,52,True
01050,2024-06-20,1,1,False
01050,2024-06-20,2,10,False
01050,2024-06-20,3,29,False
01050,2024-06-20,4,34,False
01050,2024-06-20,5,43,False
01050,2024-06-20,6,55,False
01050,2024-06-20,7,49,True
01051,2024-06-22,1,17,False
01051,2024-06-22,2,25,False
01051,2024-06-22,3,31,False
01051,2024-06-22,4,35,False
01051,2024-06-22,5,41,False
01051,2024-06-22,6,42,False
01051,2024-06-22,7,36,True
01052,2024-06-25,1,1,False
01052,2024-06-25,2,5,False
01052,2024-06-25,3,9,False
01052,2024-06-25,4,13,False
01052,2024-06-25,5,18,False
01052,2024-06-25,6,27,False
01052,2024-06-25,7,8,True
01053,2024-06-27,1,7,False
01053,2024-06-27,2,21,False
01053,2024-06-27,3,22,False
01053,2024-06-27,4,41,False
01053,2024-06-27,5,43,False
01053,2024-06-27,6,46,False
01053,2024-06-27,7,32,True
01054,2024-06-29,1,11,False
01054,2024-06-29,2,15,False
01054,2024-06-29,3,32,False
01054,2024-06-29,4,34,False
01054,2024-06-29,5,46,False
01054,2024-06-29,6,48,False
01054,2024-06-29,7,47,True
01055,2024-07-02,1,7,False
01055,2024-07-02,2,8,False
01055,2024-07-02,3,50,False
01055,2024-07-02,4,52,False
01055,2024-07-02,5,53,False
01055,2024-07-02,6,54,False
01055,2024-07-02,7,2,True
01056,2024-07-04,1,10,False
01056,2024-07-04,2,19,False
01056,2024-07-04,3,20,False
01056,2024-07-04,4,29,False
01056,2024-07-04,5,34,False
01056,2024-07-04,6,41,False
01056,2024-07-04,7,8,True
01057,2024-07-06,1,8,False
01057,2024-07-06,2,10,False
01057,2024-07-06,3,12,False
01057,2024-07-06,4,22,False
01057,2024-07-06,5,25,False
01057,2024-07-06,6,55,False
01057,2024-07-06,7,52,True
01058,2024-07-09,1,6,False
01058,2024-07-09,2,8,False
01058,2024-07-09,3,9,False
01058,2024-07-09,4,28,False
01058,2024-07-09,5,33,False
01058,2024-07-09,6,53,False
01058,2024-07-09,7,10,True
01059,2024-07-11,1,1,False
01059,2024-07-11,2,2,False
01059,2024-07-11,3,11,False
01059,2024-07-11,4,21,False
01059,2024-07-11,5,22,False
01059,2024-07-11,6,23,False
01059,2024-07-11,7,26,True
01060,2024-07-13,1,2,False
01060,2024-07-13,2,12,False
01060,2024-07-13,3,13,False
01060,2024-07-13,4,33,False
01060,2024-07-13,5,44,False
01060,2024-07-13,6,52,False
01060,2024-07-13,7,34,True
01061,2024-07-16,1,20,False
01061,2024-07-16,2,31,False
01061,2024-07-16,3,34,False
01061,2024-07-16,4,36,False
01061,2024-07-16,5,47,False
01061,2024-07-16,6,52,False
01061,2024-07-16,7,2,True
01062,2024-07-18,1,10,False
01062,2024-07-18,2,13,False
01062,2024-07-18,3,28,False
01062,2024-07-18,4,35,False
01062,2024-07-18,5,40,False
01062,2024-07-18,6,42,False
01062,2024-07-18,7,2,True
01063,2024-07-20,1,12,False
01063,2024-07-20,2,18,False
01063,2024-07-20,3,32,False
01063,2024-07-20,4,40,False
01063,2024-07-20,5,51,False
01063,2024-07-20,6,53,False
01063,2024-07-20,7,28,True
01064,2024-07-23,1,34,False
01064,2024-07-23,2,39,False
01064,2024-07-23,3,40,False
01064,2024-07-23,4,42,False
01064,2024-07-23,5,54,False
01064,2024-07-23,6,55,False
01064,2024-07-23,7,30,True
01065,2024-07-25,1,12,False
01065,2024-07-25,2,17,False
01065,2024-07-25,3,21,False
01065,2024-07-25,4,25,False
01065,2024-07-25,5,33,False
01065,2024-07-25,6,40,False
01065,2024-07-25,7,39,True
01066,2024-07-27,1,18,False
01066,2024-07-27,2,23,False
01066,2024-07-27,3,25,False
01066,2024-07-27,4,37,False
01066,2024-07-27,5,39,False
01066,2024-07-27,6,40,False
01066,2024-07-27,7,35,True
01067,2024-07-30,1,2,False
01067,2024-07-30,2,6,False
01067,2024-07-30,3,22,False
01067,2024-07-30,4,23,False
01067,2024-07-30,5,38,False
01067,2024-07-30,6,51,False
01067,2024-07-30,7,32,True
01068,2024-08-01,1,9,False
01068,2024-08-01,2,17,False
01068,2024-08-01,3,21,False
01068,2024-08-01,4,48,False
01068,2024-08-01,5,53,False
01068,2024-08-01,6,55,False
01068,2024-08-01,7,29,True
01069,2024-08-03,1,7,False
01069,2024-08-03,2,20,False
01069,2024-08-03,3,34,False
01069,2024-08-03,4,36,False
01069,2024-08-03,5,41,False
01069,2024-08-03,6,46,False
01069,2024-08-03,7,16,True
01070,2024-08-06,1,22,False
01070,2024-08-06,2,34,False
01070,2024-08-06,3,44,False
01070,2024-08-06,4,46,False
01070,2024-08-06,5,54,False
01070,2024-08-06,6,55,False
01070,2024-08-06,7,14,True
01071,2024-08-08,1,1,False
01071,2024-08-08,2,7,False
01071,2024-08-08,3,42,False
01071,2024-08-08,4,43,False
01071,2024-08-08,5,48,False
01071,2024-08-08,6,51,False
01071,2024-08-08,7,29,True
01072,2024-08-10,1,10,False
01072,2024-08-10,2,23,False
01072,2024-08-10,3,32,False
01072,2024-08-10,4,37,False
01072,2024-08-10,5,48,False
01072,2024-08-10,6,55,False
01072,2024-08-10,7,14,True
01073,2024-08-13,1,9,False
01073,2024-08-13,2,26,False
01073,2024-08-13,3,40,False
01073,2024-08-13,4,44,False
01073,2024-08-13,5,45,False
01073,2024-08-13,6,50,False
01073,2024-08-13,7,27,True
01074,2024-08-15,1,8,False
01074,2024-08-15,2,16,False
01074,2024-08-15,3,20,False
01074,2024-08-15,4,30,False
01074,2024-08-15,5,34,False
01074,2024-08-15,6,43,False
01074,2024-08-15,7,46,True
01075,2024-08-17,1,4,False
01075,2024-08-17,2,28,False
01075,2024-08-17,3,35,False
01075,2024-08-17,4,38,False
01075,2024-08-17,5,39,False
01075,2024-08-17,6,45,False
01075,2024-08-17,7,5,True
01076,2024-08-20,1,5,False
01076,2024-08-20,2,24,False
01076,2024-08-20,3,26,False
01076,2024-08-20,4,27,False
01076,2024-08-20,5,29,False
01076,2024-08-20,6,54,False
01076,2024-08-20,7,6,True
01077,2024-08-22,1,11,False
01077,2024-08-22,2,18,False
01077,2024-08-22,3,20,False
01077,2024-08-22,4,32,False
01077,2024-08-22,5,41,False
01077,2024-08-22,6,46,False
01077,2024-08-22,7,33,True
01078,2024-08-24,1,2,False
01078,2024-08-24,2,17,False
01078,2024-08-24,3,20,False
01078,2024-08-24,4,21,False
01078,2024-08-24,5,22,False
01078,2024-08-24,6,23,False
01078,2024-08-24,7,38,True
01079,2024-08-27,1,5,False
01079,2024-08-27,2,6,False
01079,2024-08-27,3,29,False
01079,2024-08-27,4,31,False
01079,2024-08-27,5,37,False
01079,2024-08-27,6,48,False
01079,2024-08-27,7,2,True
01080,2024-08-29,1,8,False
01080,2024-08-29,2,11,False
01080,2024-08-29,3,21,False
01080,2024-08-29,4,29,False
01080,2024-08-29,5,38,False
01080,2024-08-29,6,55,False
01080,2024-08-29,7,12,True
01081,2024-08-31,1,24,False
01081,2024-08-31,2,33,False
01081,2024-08-31,3,38,False
01081,2024-08-31,4,40,False
01081,2024-08-31,5,42,False
01081,2024-08-31,6,51,False
01081,2024-08-31,7,28,True
01082,2024-09-03,1,8,False
01082,2024-09-03,2,10,False
01082,2024-09-03,3,11,False
01082,2024-09-03,4,14,False
01082,2024-09-03,5,38,False
01082,2024-09-03,6,48,False
01082,2024-09-03,7,41,True
01083,2024-09-05,1,15,False
01083,2024-09-05,2,20,False
01083,2024-09-05,3,23,False
01083,2024-09-05,4,29,False
01083,2024-09-05,5,34,False
01083,2024-09-05,6,46,False
01083,2024-09-05,7,1,True
01084,2024-09-07,1,5,False
01084,2024-09-07,2,11,False
01084,2024-09-07,3,20,False
01084,2024-09-07,4,39,False
01084,2024-09-07,5,46,False
01084,2024-09-07,6,53,False
01084,2024-09-07,7,37,True
01085,2024-09-10,1,15,False
01085,2024-09-10,2,23,False
01085,2024-09-10,3,37,False
01085,2024-09-10,4,38,False
01085,2024-09-10,5,45,False
01085,2024-09-10,6,49,False
01085,2024-09-10,7,30,True
01086,2024-09-12,1,3,False
01086,2024-09-12,2,8,False
01086,2024-09-12,3,31,False
01086,2024-09-12,4,36,False
01086,2024-09-12,5,39,False
01086,2024-09-12,6,47,False
01086,2024-09-12,7,38,True
01087,2024-09-14,1,2,False
01087,2024-09-14,2,12,False
01087,2024-09-14,3,25,False
01087,2024-09-14,4,32,False
01087,2024-09-14,5,51,False
01087,2024-09-14,6,54,False
01087,2024-09-14,7,34,True
01088,2024-09-17,1,14,False
01088,2024-09-17,2,32,False
01088,2024-09-17,3,34,False
01088,2024-09-17,4,41,False
01088,2024-09-17,5,47,False
01088,2024-09-17,6,54,False
01088,2024-09-17,7,48,True
01089,2024-09-19,1,4,False
01089,2024-09-19,2,9,False
01089,2024-09-19,3,22,False
01089,2024-09-19,4,24,False
01089,2024-09-19,5,45,False
01089,2024-09-19,6,54,False
01089,2024-09-19,7,48,True
01090,2024-09-21,1,3,False
01090,2024-09-21,2,8,False
01090,2024-09-21,3,9,False
01090,2024-09-21,4,22,False
01090,2024-09-21,5,26,False
01090,2024-09-21,6,55,False
01090,2024-09-21,7,11,True
01091,2024-09-24,1,1,False
01091,2024-09-24,2,6,False
01091,2024-09-24,3,11,False
01091,2024-09-24,4,17,False
01091,2024-09-24,5,24,False
01091,2024-09-24,6,31,False
01091,2024-09-24,7,43,True
01092,2024-09-26,1,3,False
01092,2024-09-26,2,18,False
01092,2024-09-26,3,29,False
01092,2024-09-26,4,39,False
01092,2024-09-26,5,41,False
01092,2024-09-26,6,49,False
01092,2024-09-26,7,46,True
01093,2024-09-28,1,2,False
01093,2024-09-28,2,11,False
01093,2024-09-28,3,13,False
01093,2024-09-28,4,32,False
01093,2024-09-28,5,41,False
01093,2024-09-28,6,48,False
01093,2024-09-28,7,15,True
01094,2024-10-01,1,3,False
01094,2024-10-01,2,18,False
01094,2024-10-01,3,22,False
01094,2024-10-01,4,41,False
01094,2024-10-01,5,43,False
01094,2024-10-01,6,44,False
01094,2024-10-01,7,12,True
01095,2024-10-03,1,18,False
01095,2024-10-03,2,21,False
01095,2024-10-03,3,34,False
01095,2024-10-03,4,40,False
01095,2024-10-03,5,42,False
01095,2024-10-03,6,53,False
01095,2024-10-03,7,25,True
01096,2024-10-05,1,2,False
01096,2024-10-05,2,10,False
01096,2024-10-05,3,17,False
01096,2024-10-05,4,27,False
01096,2024-10-05,5,50,False
01096,2024-10-05,6,52,False
01096,2024-10-05,7,18,True
01097,2024-10-08,1,3,False
01097,2024-10-08,2,7,False
01097,2024-10-08,3,14,False
01097,2024-10-08,4,17,False
01097,2024-10-08,5,48,False
01097,2024-10-08,6,50,False
01097,2024-10-08,7,40,True
01098,2024-10-10,1,4,False
01098,2024-10-10,2,5,False
01098,2024-10-10,3,6,False
01098,2024-10-10,4,29,False
01098,2024-10-10,5,32,False
01098,2024-10-10,6,44,False
01098,2024-10-10,7,53,True
01099,2024-10-12,1,29,False
01099,2024-10-12,2,34,False
01099,2024-10-12,3,35,False
01099,2024-10-12,4,38,False
01099,2024-10-12,5,50,False
01099,2024-10-12,6,51,False
01099,2024-10-12,7,37,True
01100,2024-10-15,1,4,False
01100,2024-10-15,2,25,False
01100,2024-10-15,3,41,False
01100,2024-10-15,4,42,False
01100,2024-10-15,5,46,False
01100,2024-10-15,6,52,False
01100,2024-10-15,7,33,True
01101,2024-10-17,1,11,False
01101,2024-10-17,2,14,False
01101,2024-10-17,3,15,False
01101,2024-10-17,4,26,False
01101,2024-10-17,5,38,False
01101,2024-10-17,6,41,False
01101,2024-10-17,7,25,True
01102,2024-10-19,1,9,False
01102,2024-10-19,2,22,False
01102,2024-10-19,3,31,False
01102,2024-10-19,4,39,False
01102,2024-10-19,5,43,False
01102,2024-10-19,6,51,False
01102,2024-10-19,7,19,True
01103,2024-10-22,1,15,False
01103,2024-10-22,2,21,False
01103,2024-10-22,3,23,False
01103,2024-10-22,4,26,False
01103,2024-10-22,5,31,False
01103,2024-10-22,6,43,False
01103,2024-10-22,7,35,True
01104,2024-10-24,1,5,False
01104,2024-10-24,2,17,False
01104,2024-10-24,3,31,False
01104,2024-10-24,4,39,False
01104,2024-10-24,5,46,False
01104,2024-10-24,6,53,False
01104,2024-10-24,7,3,True
01105,2024-10-26,1,5,False
01105,2024-10-26,2,19,False
01105,2024-10-26,3,27,False
01105,2024-10-26,4,29,False
01105,2024-10-26,5,42,False
01105,2024-10-26,6,47,False
01105,2024-10-26,7,40,True
01106,2024-10-29,1,14,False
01106,2024-10-29,2,17,False
01106,2024-10-29,3,19,False
01106,2024-10-29,4,28,False
01106,2024-10-29,5,47,False
01106,2024-10-29,6,51,False
01106,2024-10-29,7,55,True
01107,2024-10-31,1,5,False
01107,2024-10-31,2,16,False
01107,2024-10-31,3,20,False
01107,2024-10-31,4,29,False
01107,2024-10-31,5,30,False
01107,2024-10-31,6,31,False
01107,2024-10-31,7,39,True
01108,2024-11-02,1,2,False
01108,2024-11-02,2,9,False
01108,2024-11-02,3,19,False
01108,2024-11-02,4,20,False
01108,2024-11-02,5,34,False
01108,2024-11-02,6,54,False
01108,2024-11-02,7,26,True
01109,2024-11-05,1,9,False
01109,2024-11-05,2,31,False
01109,2024-11-05,3,36,False
01109,2024-11-05,4,46,False
01109,2024-11-05,5,49,False
01109,2024-11-05,6,54,False
01109,2024-11-05,7,7,True
01110,2024-11-07,1,6,False
01110,2024-11-07,2,9,False
01110,2024-11-07,3,33,False
01110,2024-11-07,4,39,False
01110,2024-11-07,5,50,False
01110,2024-11-07,6,51,False
01110,2024-11-07,7,43,True
01111,2024-11-09,1,11,False
01111,2024-11-09,2,14,False
01111,2024-11-09,3,24,False
01111,2024-11-09,4,26,False
01111,2024-11-09,5,34,False
01111,2024-11-09,6,51,False
01111,2024-11-09,7,40,True
01112,2024-11-12,1,1,False
01112,2024-11-12,2,21,False
01112,2024-11-12,3,29,False
01112,2024-11-12,4,35,False
01112,2024-11-12,5,41,False
01112,2024-11-12,6,45,False
01112,2024-11-12,7,20,True
01113,2024-11-14,1,12,False
01113,2024-11-14,2,25,False
01113,2024-11-14,3,37,False
01113,2024-11-14,4,40,False
01113,2024-11-14,5,49,False
01113,2024-11-14,6,52,False
01113,2024-11-14,7,31,True
01114,2024-11-16,1,16,False
01114,2024-11-16,2,22,False
01114,2024-11-16,3,33,False
01114,2024-11-16,4,37,False
01114,2024-11-16,5,39,False
01114,2024-11-16,6,51,False
01114,2024-11-16,7,54,True
01115,2024-11-19,1,6,False
01115,2024-11-19,2,10,False
01115,2024-11-19,3,17,False
01115,2024-11-19,4,34,False
01115,2024-11-19,5,41,False
01115,2024-11-19,6,48,False
01115,2024-11-19,7,31,True
01116,2024-11-21,1,15,False
01116,2024-11-21,2,22,False
01116,2024-11-21,3,31,False
01116,2024-11-21,4,40,False
01116,2024-11-21,5,42,False
01116,2024-11-21,6,51,False
01116,2024-11-21,7,26,True
01117,2024-11-23,1,4,False
01117,2024-11-23,2,12,False
01117,2024-11-23,3,25,False
01117,2024-11-23,4,39,False
01117,2024-11-23,5,48,False
01117,2024-11-23,6,51,False
01117,2024-11-23,7,45,True
01118,2024-11-26,1,8,False
01118,2024-11-26,2,11,False
01118,2024-11-26,3,16,False
01118,2024-11-26,4,32,False
01118,2024-11-26,5,40,False
01118,2024-11-26,6,43,False
01118,2024-11-26,7,12,True
01119,2024-11-28,1,1,False
01119,2024-11-28,2,16,False
01119,2024-11-28,3,24,False
01119,2024-11-28,4,28,False
01119,2024-11-28,5,38,False
01119,2024-11-28,6,53,False
01119,2024-11-28,7,9,True
01120,2024-11-30,1,1,False
01120,2024-11-30,2,20,False
01120,2024-11-30,3,24,False
01120,2024-11-30,4,26,False
01120,2024-11-30,5,38,False
01120,2024-11-30,6,41,False
01120,2024-11-30,7,36,True
01121,2024-12-03,1,10,False
01121,2024-12-03,2,19,False
01121,2024-12-03,3,33,False
01121,2024-12-03,4,39,False
01121,2024-12-03,5,47,False
01121,2024-12-03,6,54,False
01121,2024-12-03,7,16,True
01122,2024-12-05,1,16,False
01122,2024-12-05,2,21,False
01122,2024-12-05,3,29,False
01122,2024-12-05,4,41,False
01122,2024-12-05,5,42,False
01122,2024-12-05,6,47,False
01122,2024-12-05,7,9,True
01123,2024-12-07,1,16,False
01123,2024-12-07,2,17,False
01123,2024-12-07,3,22,False
01123,2024-12-07,4,24,False
01123,2024-12-07,5,29,False
01123,2024-12-07,6,37,False
01123,2024-12-07,7,54,True
01124,2024-12-10,1,11,False
01124,2024-12-10,2,15,False
01124,2024-12-10,3,26,False
01124,2024-12-10,4,45,False
01124,2024-12-10,5,52,False
01124,2024-12-10,6,55,False
01124,2024-12-10,7,36,True
01125,2024-12-12,1,1,False
01125,2024-12-12,2,9,False
01125,2024-12-12,3,12,False
01125,2024-12-12,4,18,False
01125,2024-12-12,5,37,False
01125,2024-12-12,6,44,False
01125,2024-12-12,7,11,True
01126,2024-12-14,1,3,False
01126,2024-12-14,2,10,False
01126,2024-12-14,3,19,False
01126,2024-12-14,4,20,False
01126,2024-12-14,5,21,False
01126,2024-12-14,6,24,False
01126,2024-12-14,7,7,True
01127,2024-12-17,1,2,False
01127,2024-12-17,2,14,False
01127,2024-12-17,3,27,False
01127,2024-12-17,4,30,False
01127,2024-12-17,5,53,False
01127,2024-12-17,6,54,False
01127,2024-12-17,7,16,True
01128,2024-12-19,1,13,False
01128,2024-12-19,2,16,False
01128,2024-12-19,3,32,False
01128,2024-12-19,4,39,False
01128,2024-12-19,5,49,False
01128,2024-12-19,6,51,False
01128,2024-12-19,7,11,True
01129,2024-12-21,1,4,False
01129,2024-12-21,2,16,False
01129,2024-12-21,3,29,False
01129,2024-12-21,4,30,False
01129,2024-12-21,5,35,False
01129,2024-12-21,6,51,False
01129,2024-12-21,7,48,True
01130,2024-12-24,1,17,False
01130,2024-12-24,2,20,False
01130,2024-12-24,3,27,False
01130,2024-12-24,4,32,False
01130,2024-12-24,5,44,False
01130,2024-12-24,6,51,False
01130,2024-12-24,7,33,True
01131,2024-12-26,1,6,False
01131,2024-12-26,2,18,False
01131,2024-12-26,3,33,False
01131,2024-12-26,4,38,False
01131,2024-12-26,5,41,False
01131,2024-12-26,6,48,False
01131,2024-12-26,7,16,True
01132,2024-12-28,1,6,False
01132,2024-12-28,2,19,False
01132,2024-12-28,3,36,False
01132,2024-12-28,4,42,False
01132,2024-12-28,5,53,False
01132,2024-12-28,6,55,False
01132,2024-12-28,7,39,True
01133,2024-12-31,1,8,False
01133,2024-12-31,2,13,False
01133,2024-12-31,3,29,False
01133,2024-12-31,4,36,False
01133,2024-12-31,5,42,False
01133,2024-12-31,6,43,False
01133,2024-12-31,7,28,True
01134,2025-01-02,1,4,False
01134,2025-01-02,2,10,False
01134,2025-01-02,3,18,False
01134,2025-01-02,4,22,False
01134,2025-01-02,5,41,False
01134,2025-01-02,6,45,False
01134,2025-01-02,7,50,True
01135,2025-01-04,1,4,False
01135,2025-01-04,2,10,False
01135,2025-01-04,3,30,False
01135,2025-01-04,4,36,False
01135,2025-01-04,5,40,False
01135,2025-01-04,6,53,False
01135,2025-01-04,7,51,True
01136,2025-01-07,1,4,False
01136,2025-01-07,2,5,False
01136,2025-01-07,3,9,False
01136,2025-01-07,4,16,False
01136,2025-01-07,5,22,False
01136,2025-01-07,6,39,False
01136,2025-01-07,7,30,True
01137,2025-01-09,1,18,False
01137,2025-01-09,2,21,False
01137,2025-01-09,3,31,False
01137,2025-01-09,4,39,False
01137,2025-01-09,5,50,False
01137,2025-01-09,6,53,False
01137,2025-01-09,7,13,True
01138,2025-01-11,1,10,False
01138,2025-01-11,2,25,False
01138,2025-01-11,3,26,False
01138,2025-01-11,4,29,False
01138,2025-01-11,5,37,False
01138,2025-01-11,6,46,False
01138,2025-01-11,7,14,True
01139,2025-01-14,1,3,False
01139,2025-01-14,2,11,False
01139,2025-01-14,3,12,False
01139,2025-01-14,4,24,False
01139,2025-01-14,5,33,False
01139,2025-01-14,6,40,False
01139,2025-01-14,7,46,True
01140,2025-01-16,1,8,False
01140,2025-01-16,2,16,False
01140,2025-01-16,3,34,False
01140,2025-01-16,4,37,False
01140,2025-01-16,5,47,False
01140,2025-01-16,6,50,False
01140,2025-01-16,7,23,True
01141,2025-01-18,1,1,False
01141,2025-01-18,2,3,False
01141,2025-01-18,3,26,False
01141,2025-01-18,4,31,False
01141,2025-01-18,5,37,False
01141,2025-01-18,6,41,False
01141,2025-01-18,7,51,True
01142,2025-01-21,1,11,False
01142,2025-01-21,2,18,False
01142,2025-01-21,3,22,False
01142,2025-01-21,4,28,False
01142,2025-01-21,5,51,False
01142,2025-01-21,6,52,False
01142,2025-01-21,7,53,True
01143,2025-01-23,1,11,False
01143,2025-01-23,2,18,False
01143,2025-01-23,3,22,False
01143,2025-01-23,4,49,False
01143,2025-01-23,5,50,False
01143,2025-01-23,6,51,False
01143,2025-01-23,7,37,True
01144,2025-01-25,1,14,False
01144,2025-01-25,2,21,False
01144,2025-01-25,3,40,False
01144,2025-01-25,4,42,False
01144,2025-01-25,5,48,False
01144,2025-01-25,6,51,False
01144,2025-01-25,7,19,True
01145,2025-01-30,1,5,False
01145,2025-01-30,2,8,False
01145,2025-01-30,3,24,False
01145,2025-01-30,4,28,False
01145,2025-01-30,5,34,False
01145,2025-01-30,6,52,False
01145,2025-01-30,7,39,True
01146,2025-02-01,1,1,False
01146,2025-02-01,2,20,False
01146,2025-02-01,3,34,False
01146,2025-02-01,4,38,False
01146,2025-02-01,5,45,False
01146,2025-02-01,6,47,False
01146,2025-02-01,7,49,True
01147,2025-02-04,1,7,False
01147,2025-02-04,2,17,False
01147,2025-02-04,3,29,False
01147,2025-02-04,4,51,False
01147,2025-02-04,5,52,False
01147,2025-02-04,6,55,False
01147,2025-02-04,7,41,True
01148,2025-02-06,1,1,False
01148,2025-02-06,2,11,False
01148,2025-02-06,3,31,False
01148,2025-02-06,4,43,False
01148,2025-02-06,5,48,False
01148,2025-02-06,6,54,False
01148,2025-02-06,7,19,True
01149,2025-02-08,1,11,False
01149,2025-02-08,2,22,False
01149,2025-02-08,3,28,False
01149,2025-02-08,4,44,False
01149,2025-02-08,5,48,False
01149,2025-02-08,6,49,False
01149,2025-02-08,7,23,True
01150,2025-02-11,1,1,False
01150,2025-02-11,2,9,False
01150,2025-02-11,3,18,False
01150,2025-02-11,4,21,False
01150,2025-02-11,5,35,False
01150,2025-02-11,6,40,False
01150,2025-02-11,7,44,True
01151,2025-02-13,1,2,False
01151,2025-02-13,2,8,False
01151,2025-02-13,3,23,False
01151,2025-02-13,4,26,False
01151,2025-02-13,5,42,False
01151,2025-02-13,6,47,False
01151,2025-02-13,7,7,True
01152,2025-02-15,1,22,False
01152,2025-02-15,2,37,False
01152,2025-02-15,3,38,False
01152,2025-02-15,4,47,False
01152,2025-02-15,5,51,False
01152,2025-02-15,6,55,False
01152,2025-02-15,7,31,True
01153,2025-02-18,1,12,False
01153,2025-02-18,2,13,False
01153,2025-02-18,3,30,False
01153,2025-02-18,4,38,False
01153,2025-02-18,5,40,False
01153,2025-02-18,6,47,False
01153,2025-02-18,7,42,True
01154,2025-02-20,1,13,False
01154,2025-02-20,2,17,False
01154,2025-02-20,3,20,False
01154,2025-02-20,4,27,False
01154,2025-02-20,5,36,False
01154,2025-02-20,6,54,False
01154,2025-02-20,7,47,True
01155,2025-02-22,1,1,False
01155,2025-02-22,2,2,False
01155,2025-02-22,3,7,False
01155,2025-02-22,4,22,False
01155,2025-02-22,5,23,False
01155,2025-02-22,6,46,False
01155,2025-02-22,7,50,True
01156,2025-02-25,1,1,False
01156,2025-02-25,2,7,False
01156,2025-02-25,3,11,False
01156,2025-02-25,4,24,False
01156,2025-02-25,5,29,False
01156,2025-02-25,6,30,False
01156,2025-02-25,7,48,True
01157,2025-02-27,1,5,False
01157,2025-02-27,2,9,False
01157,2025-02-27,3,21,False
01157,2025-02-27,4,31,False
01157,2025-02-27,5,43,False
01157,2025-02-27,6,53,False
01157,2025-02-27,7,11,True
01158,2025-03-01,1,15,False
01158,2025-03-01,2,17,False
01158,2025-03-01,3,34,False
01158,2025-03-01,4,37,False
01158,2025-03-01,5,39,False
01158,2025-03-01,6,45,False
01158,2025-03-01,7,41,True
01159,2025-03-04,1,5,False
01159,2025-03-04,2,14,False
01159,2025-03-04,3,27,False
01159,2025-03-04,4,43,False
01159,2025-03-04,5,45,False
01159,2025-03-04,6,53,False
01159,2025-03-04,7,47,True
01160,2025-03-06,1,5,False
01160,2025-03-06,2,10,False
01160,2025-03-06,3,21,False
01160,2025-03-06,4,26,False
01160,2025-03-06,5,43,False
01160,2025-03-06,6,51,False
01160,2025-03-06,7,15,True
01161,2025-03-08,1,10,False
01161,2025-03-08,2,38,False
01161,2025-03-08,3,41,False
01161,2025-03-08,4,43,False
01161,2025-03-08,5,45,False
01161,2025-03-08,6,48,False
01161,2025-03-08,7,8,True
01162,2025-03-11,1,1,False
01162,2025-03-11,2,16,False
01162,2025-03-11,3,18,False
01162,2025-03-11,4,30,False
01162,2025-03-11,5,31,False
01162,2025-03-11,6,44,False
01162,2025-03-11,7,34,True
01163,2025-03-13,1,7,False
01163,2025-03-13,2,13,False
01163,2025-03-13,3,21,False
01163,2025-03-13,4,43,False
01163,2025-03-13,5,52,False
01163,2025-03-13,6,53,False
01163,2025-03-13,7,17,True
01164,2025-03-15,1,1,False
01164,2025-03-15,2,34,False
01164,2025-03-15,3,39,False
01164,2025-03-15,4,40,False
01164,2025-03-15,5,42,False
01164,2025-03-15,6,50,False
01164,2025-03-15,7,25,True
01165,2025-03-18,1,2,False
01165,2025-03-18,2,8,False
01165,2025-03-18,3,29,False
01165,2025-03-18,4,30,False
01165,2025-03-18,5,50,False
01165,2025-03-18,6,55,False
01165,2025-03-18,7,27,True
01166,2025-03-20,1,11,False
01166,2025-03-20,2,13,False
01166,2025-03-20,3,24,False
01166,2025-03-20,4,28,False
01166,2025-03-20,5,36,False
01166,2025-03-20,6,41,False
01166,2025-03-20,7,37,True
01167,2025-03-22,1,2,False
01167,2025-03-22,2,23,False
01167,2025-03-22,3,42,False
01167,2025-03-22,4,50,False
01167,2025-03-22,5,52,False
01167,2025-03-22,6,54,False
01167,2025-03-22,7,44,True
01168,2025-03-25,1,14,False
01168,2025-03-25,2,23,False
01168,2025-03-25,3,29,False
01168,2025-03-25,4,30,False
01168,2025-03-25,5,35,False
01168,2025-03-25,6,40,False
01168,2025-03-25,7,17,True
01169,2025-03-27,1,13,False
01169,2025-03-27,2,25,False
01169,2025-03-27,3,32,False
01169,2025-03-27,4,36,False
01169,2025-03-27,5,41,False
01169,2025-03-27,6,53,False
01169,2025-03-27,7,29,True
01170,2025-03-29,1,14,False
01170,2025-03-29,2,19,False
01170,2025-03-29,3,21,False
01170,2025-03-29,4,24,False
01170,2025-03-29,5,26,False
01170,2025-03-29,6,48,False
01170,2025-03-29,7,39,True
01171,2025-04-01,1,14,False
01171,2025-04-01,2,15,False
01171,2025-04-01,3,29,False
01171,2025-04-01,4,33,False
01171,2025-04-01,5,39,False
01171,2025-04-01,6,47,False
01171,2025-04-01,7,4,True
01172,2025-04-03,1,24,False
01172,2025-04-03,2,26,False
01172,2025-04-03,3,34,False
01172,2025-04-03,4,42,False
01172,2025-04-03,5,50,False
01172,2025-04-03,6,51,False
01172,2025-04-03,7,30,True
01173,2025-04-05,1,13,False
01173,2025-04-05,2,23,False
01173,2025-04-05,3,29,False
01173,2025-04-05,4,32,False
01173,2025-04-05,5,41,False
01173,2025-04-05,6,42,False
01173,2025-04-05,7,9,True
01174,2025-04-08,1,3,False
01174,2025-04-08,2,7,False
01174,2025-04-08,3,34,False
01174,2025-04-08,4,41,False
01174,2025-04-08,5,43,False
01174,2025-04-08,6,53,False
01174,2025-04-08,7,31,True
01175,2025-04-10,1,10,False
01175,2025-04-10,2,13,False
01175,2025-04-10,3,36,False
01175,2025-04-10,4,37,False
01175,2025-04-10,5,40,False
01175,2025-04-10,6,43,False
01175,2025-04-10,7,41,True
01176,2025-04-12,1,3,False
01176,2025-04-12,2,14,False
01176,2025-04-12,3,19,False
01176,2025-04-12,4,37,False
01176,2025-04-12,5,42,False
01176,2025-04-12,6,55,False
01176,2025-04-12,7,23,True
01177,2025-04-15,1,8,False
01177,2025-04-15,2,23,False
01177,2025-04-15,3,24,False
01177,2025-04-15,4,27,False
01177,2025-04-15,5,42,False
01177,2025-04-15,6,49,False
01177,2025-04-15,7,20,True
01178,2025-04-17,1,1,False
01178,2025-04-17,2,17,False
01178,2025-04-17,3,20,False
01178,2025-04-17,4,38,False
01178,2025-04-17,5,41,False
01178,2025-04-17,6,52,False
01178,2025-04-17,7,14,True
01179,2025-04-19,1,5,False
01179,2025-04-19,2,11,False
01179,2025-04-19,3,15,False
01179,2025-04-19,4,32,False
01179,2025-04-19,5,42,False
01179,2025-04-19,6,49,False
01179,2025-04-19,7,43,True
01180,2025-04-22,1,10,False
01180,2025-04-22,2,25,False
01180,2025-04-22,3,37,False
01180,2025-04-22,4,40,False
01180,2025-04-22,5,41,False
01180,2025-04-22,6,48,False
01180,2025-04-22,7,32,True
01181,2025-04-24,1,1,False
01181,2025-04-24,2,2,False
01181,2025-04-24,3,15,False
01181,2025-04-24,4,39,False
01181,2025-04-24,5,40,False
01181,2025-04-24,6,47,False
01181,2025-04-24,7,24,True
01182,2025-04-26,1,3,False
01182,2025-04-26,2,15,False
01182,2025-04-26,3,16,False
01182,2025-04-26,4,31,False
01182,2025-04-26,5,48,False
01182,2025-04-26,6,52,False
01182,2025-04-26,7,21,True
01183,2025-04-29,1,14,False
01183,2025-04-29,2,15,False
01183,2025-04-29,3,18,False
01183,2025-04-29,4,23,False
01183,2025-04-29,5,28,False
01183,2025-04-29,6,33,False
01183,2025-04-29,7,29,True
01184,2025-05-01,1,3,False
01184,2025-05-01,2,17,False
01184,2025-05-01,3,19,False
01184,2025-05-01,4,41,False
01184,2025-05-01,5,45,False
01184,2025-05-01,6,50,False
01184,2025-05-01,7,43,True
01185,2025-05-03,1,15,False
01185,2025-05-03,2,19,False
01185,2025-05-03,3,21,False
01185,2025-05-03,4,26,False
01185,2025-05-03,5,42,False
01185,2025-05-03,6,47,False
01185,2025-05-03,7,38,True
01186,2025-05-06,1,12,False
01186,2025-05-06,2,16,False
01186,2025-05-06,3,25,False
01186,2025-05-06,4,28,False
01186,2025-05-06,5,30,False
01186,2025-05-06,6,39,False
01186,2025-05-06,7,5,True
01187,2025-05-08,1,8,False
01187,2025-05-08,2,14,False
01187,2025-05-08,3,29,False
01187,2025-05-08,4,37,False
01187,2025-05-08,5,39,False
01187,2025-05-08,6,50,False
01187,2025-05-08,7,21,True
01188,2025-05-10,1,7,False
01188,2025-05-10,2,16,False
01188,2025-05-10,3,19,False
01188,2025-05-10,4,28,False
01188,2025-05-10,5,34,False
01188,2025-05-10,6,51,False
01188,2025-05-10,7,15,True
01189,2025-05-13,1,3,False
01189,2025-05-13,2,7,False
01189,2025-05-13,3,24,False
01189,2025-05-13,4,39,False
01189,2025-05-13,5,54,False
01189,2025-05-13,6,55,False
01189,2025-05-13,7,42,True
01190,2025-05-15,1,6,False
01190,2025-05-15,2,9,False
01190,2025-05-15,3,13,False
01190,2025-05-15,4,44,False
01190,2025-05-15,5,49,False
01190,2025-05-15,6,54,False
01190,2025-05-15,7,47,True
01191,2025-05-17,1,2,False
01191,2025-05-17,2,7,False
01191,2025-05-17,3,26,False
01191,2025-05-17,4,29,False
01191,2025-05-17,5,41,False
01191,2025-05-17,6,50,False
01191,2025-05-17,7,43,True
01192,2025-05-20,1,19,False
01192,2025-05-20,2,27,False
01192,2025-05-20,3,44,False
01192,2025-05-20,4,45,False
01192,2025-05-20,5,47,False
01192,2025-05-20,6,52,False
01192,2025-05-20,7,15,True
01193,2025-05-22,1,3,False
01193,2025-05-22,2,9,False
01193,2025-05-22,3,14,False
01193,2025-05-22,4,41,False
01193,2025-05-22,5,47,False
01193,2025-05-22,6,55,False
01193,2025-05-22,7,22,True
01194,2025-05-24,1,19,False
01194,2025-05-24,2,20,False
01194,2025-05-24,3,27,False
01194,2025-05-24,4,30,False
01194,2025-05-24,5,45,False
01194,2025-05-24,6,55,False
01194,2025-05-24,7,15,True
01195,2025-05-27,1,4,False
01195,2025-05-27,2,12,False
01195,2025-05-27,3,18,False
01195,2025-05-27,4,19,False
01195,2025-05-27,5,44,False
01195,2025-05-27,6,48,False
01195,2025-05-27,7,42,True
01196,2025-05-29,1,9,False
01196,2025-05-29,2,37,False
01196,2025-05-29,3,42,False
01196,2025-05-29,4,45,False
01196,2025-05-29,5,46,False
01196,2025-05-29,6,50,False
01196,2025-05-29,7,14,True
01197,2025-05-31,1,6,False
01197,2025-05-31,2,24,False
01197,2025-05-31,3,41,False
01197,2025-05-31,4,45,False
01197,2025-05-31,5,49,False
01197,2025-05-31,6,55,False
01197,2025-05-31,7,8,True
01198,2025-06-03,1,2,False
01198,2025-06-03,2,11,False
01198,2025-06-03,3,14,False
01198,2025-06-03,4,16,False
01198,2025-06-03,5,27,False
01198,2025-06-03,6,38,False
01198,2025-06-03,7,51,True
01199,2025-06-05,1,14,False
01199,2025-06-05,2,21,False
01199,2025-06-05,3,33,False
01199,2025-06-05,4,37,False
01199,2025-06-05,5,46,False
01199,2025-06-05,6,49,False
01199,2025-06-05,7,34,True
01200,2025-06-07,1,12,False
01200,2025-06-07,2,17,False
01200,2025-06-07,3,21,False
01200,2025-06-07,4,46,False
01200,2025-06-07,5,48,False
01200,2025-06-07,6,52,False
01200,2025-06-07,7,45,True
01201,2025-06-10,1,3,False
01201,2025-06-10,2,6,False
01201,2025-06-10,3,21,False
01201,2025-06-10,4,29,False
01201,2025-06-10,5,40,False
01201,2025-06-10,6,41,False
01201,2025-06-10,7,37,True
01202,2025-06-12,1,6,False
01202,2025-06-12,2,8,False
01202,2025-06-12,3,16,False
01202,2025-06-12,4,18,False
01202,2025-06-12,5,34,False
01202,2025-06-12,6,44,False
01202,2025-06-12,7,17,True
01203,2025-06-14,1,11,False
01203,2025-06-14,2,12,False
01203,2025-06-14,3,22,False
01203,2025-06-14,4,26,False
01203,2025-06-14,5,41,False
01203,2025-06-14,6,47,False
01203,2025-06-14,7,24,True
01204,2025-06-17,1,7,False
01204,2025-06-17,2,13,False
01204,2025-06-17,3,18,False
01204,2025-06-17,4,22,False
01204,2025-06-17,5,32,False
01204,2025-06-17,6,44,False
01204,2025-06-17,7,43,True
01205,2025-06-19,1,3,False
01205,2025-06-19,2,5,False
01205,2025-06-19,3,9,False
01205,2025-06-19,4,10,False
01205,2025-06-19,5,16,False
01205,2025-06-19,6,47,False
01205,2025-06-19,7,34,True
01206,2025-06-21,1,6,False
01206,2025-06-21,2,10,False
01206,2025-06-21,3,15,False
01206,2025-06-21,4,43,False
01206,2025-06-21,5,44,False
01206,2025-06-21,6,53,False
01206,2025-06-21,7,32,True
01207,2025-06-24,1,3,False
01207,2025-06-24,2,9,False
01207,2025-06-24,3,18,False
01207,2025-06-24,4,20,False
01207,2025-06-24,5,30,False
01207,2025-06-24,6,53,False
01207,2025-06-24,7,48,True
01208,2025-06-26,1,1,False
01208,2025-06-26,2,14,False
01208,2025-06-26,3,16,False
01208,2025-06-26,4,27,False
01208,2025-06-26,5,40,False
01208,2025-06-26,6,51,False
01208,2025-06-26,7,2,True
01209,2025-06-28,1,8,False
01209,2025-06-28,2,11,False
01209,2025-06-28,3,13,False
01209,2025-06-28,4,20,False
01209,2025-06-28,5,45,False
01209,2025-06-28,6,50,False
01209,2025-06-28,7,25,True
01210,2025-07-01,1,3,False
01210,2025-07-01,2,11,False
01210,2025-07-01,3,12,False
01210,2025-07-01,4,14,False
01210,2025-07-01,5,27,False
01210,2025-07-01,6,33,False
01210,2025-07-01,7,15,True
01211,2025-07-03,1,18,False
01211,2025-07-03,2,19,False
01211,2025-07-03,3,29,False
01211,2025-07-03,4,31,False
01211,2025-07-03,5,45,False
01211,2025-07-03,6,54,False
01211,2025-07-03,7,27,True
01212,2025-07-05,1,3,False
01212,2025-07-05,2,15,False
01212,2025-07-05,3,22,False
01212,2025-07-05,4,45,False
01212,2025-07-05,5,51,False
01212,2025-07-05,6,55,False
01212,2025-07-05,7,54,True
01213,2025-07-08,1,23,False
01213,2025-07-08,2,24,False
01213,2025-07-08,3,32,False
01213,2025-07-08,4,42,False
01213,2025-07-08,5,48,False
01213,2025-07-08,6,50,False
01213,2025-07-08,7,31,True
01214,2025-07-10,1,12,False
01214,2025-07-10,2,33,False
01214,2025-07-10,3,34,False
01214,2025-07-10,4,42,False
01214,2025-07-10,5,44,False
01214,2025-07-10,6,53,False
01214,2025-07-10,7,3,True
01215,2025-07-12,1,2,False
01215,2025-07-12,2,34,False
01215,2025-07-12,3,39,False
01215,2025-07-12,4,41,False
01215,2025-07-12,5,45,False
01215,2025-07-12,6,52,False
01215,2025-07-12,7,51,True
01216,2025-07-15,1,18,False
01216,2025-07-15,2,26,False
01216,2025-07-15,3,31,False
01216,2025-07-15,4,32,False
01216,2025-07-15,5,36,False
01216,2025-07-15,6,48,False
01216,2025-07-15,7,30,True
01217,2025-07-17,1,13,False
01217,2025-07-17,2,18,False
01217,2025-07-17,3,33,False
01217,2025-07-17,4,40,False
01217,2025-07-17,5,48,False
01217,2025-07-17,6,53,False
01217,2025-07-17,7,54,True
01218,2025-07-19,1,8,False
01218,2025-07-19,2,9,False
01218,2025-07-19,3,20,False
01218,2025-07-19,4,36,False
01218,2025-07-19,5,39,False
01218,2025-07-19,6,44,False
01218,2025-07-19,7,28,True
01219,2025-07-22,1,9,False
01219,2025-07-22,2,10,False
01219,2025-07-22,3,15,False
01219,2025-07-22,4,28,False
01219,2025-07-22,5,33,False
01219,2025-07-22,6,44,False
01219,2025-07-22,7,22,True
01220,2025-07-24,1,5,False
01220,2025-07-24,2,10,False
01220,2025-07-24,3,24,False
01220,2025-07-24,4,29,False
01220,2025-07-24,5,30,False
01220,2025-07-24,6,34,False
01220,2025-07-24,7,45,True
01221,2025-07-26,1,5,False
01221,2025-07-26,2,26,False
01221,2025-07-26,3,28,False
01221,2025-07-26,4,29,False
01221,2025-07-26,5,33,False
01221,2025-07-26,6,54,False
01221,2025-07-26,7,34,True
01222,2025-07-29,1,4,False
01222,2025-07-29,2,8,False
01222,2025-07-29,3,23,False
01222,2025-07-29,4,43,False
01222,2025-07-29,5,45,False
01222,2025-07-29,6,51,False
01222,2025-07-29,7,48,True
01223,2025-07-31,1,5,False
01223,2025-07-31,2,17,False
01223,2025-07-31,3,31,False
01223,2025-07-31,4,42,False
01223,2025-07-31,5,46,False
01223,2025-07-31,6,49,False
01223,2025-07-31,7,37,True
01224,2025-08-02,1,12,False
01224,2025-08-02,2,24,False
01224,2025-08-02,3,29,False
01224,2025-08-02,4,33,False
01224,2025-08-02,5,34,False
01224,2025-08-02,6,35,False
01224,2025-08-02,7,47,True
01225,2025-08-05,1,8,False
01225,2025-08-05,2,41,False
01225,2025-08-05,3,45,False
01225,2025-08-05,4,51,False
01225,2025-08-05,5,52,False
01225,2025-08-05,6,53,False
01225,2025-08-05,7,31,True
01226,2025-08-07,1,6,False
01226,2025-08-07,2,24,False
01226,2025-08-07,3,31,False
01226,2025-08-07,4,32,False
01226,2025-08-07,5,39,False
01226,2025-08-07,6,48,False
01226,2025-08-07,7,52,True
01227,2025-08-09,1,5,False
01227,2025-08-09,2,9,False
01227,2025-08-09,3,16,False
01227,2025-08-09,4,36,False
01227,2025-08-09,5,43,False
01227,2025-08-09,6,51,False
01227,2025-08-09,7,19,True
01228,2025-08-12,1,1,False
01228,2025-08-12,2,6,False
01228,2025-08-12,3,24,False
01228,2025-08-12,4,37,False
01228,2025-08-12,5,40,False
01228,2025-08-12,6,55,False
01228,2025-08-12,7,10,True
01229,2025-08-14,1,6,False
01229,2025-08-14,2,10,False
01229,2025-08-14,3,17,False
01229,2025-08-14,4,18,False
01229,2025-08-14,5,32,False
01229,2025-08-14,6,35,False
01229,2025-08-14,7,53,True
01230,2025-08-16,1,14,False
01230,2025-08-16,2,23,False
01230,2025-08-16,3,32,False
01230,2025-08-16,4,36,False
01230,2025-08-16,5,47,False
01230,2025-08-16,6,48,False
01230,2025-08-16,7,5,True
01231,2025-08-19,1,1,False
01231,2025-08-19,2,14,False
01231,2025-08-19,3,31,False
01231,2025-08-19,4,34,False
01231,2025-08-19,5,36,False
01231,2025-08-19,6,47,False
01231,2025-08-19,7,45,True
01232,2025-08-21,1,5,False
01232,2025-08-21,2,9,False
01232,2025-08-21,3,17,False
01232,2025-08-21,4,35,False
01232,2025-08-21,5,40,False
01232,2025-08-21,6,41,False
01232,2025-08-21,7,44,True
01233,2025-08-23,1,1,False
01233,2025-08-23,2,9,False
01233,2025-08-23,3,26,False
01233,2025-08-23,4,34,False
01233,2025-08-23,5,44,False
01233,2025-08-23,6,50,False
01233,2025-08-23,7,52,True
01234,2025-08-26,1,22,False
01234,2025-08-26,2,30,False
01234,2025-08-26,3,38,False
01234,2025-08-26,4,44,False
01234,2025-08-26,5,48,False
01234,2025-08-26,6,55,False
01234,2025-08-26,7,5,True
01235,2025-08-28,1,6,False
01235,2025-08-28,2,13,False
01235,2025-08-28,3,28,False
01235,2025-08-28,4,30,False
01235,2025-08-28,5,35,False
01235,2025-08-28,6,52,False
01235,2025-08-28,7,50,True
01236,2025-08-30,1,2,False
01236,2025-08-30,2,17,False
01236,2025-08-30,3,19,False
01236,2025-08-30,4,24,False
01236,2025-08-30,5,30,False
01236,2025-08-30,6,44,False
01236,2025-08-30,7,34,True
01237,2025-09-02,1,9,False
01237,2025-09-02,2,16,False
01237,2025-09-02,3,22,False
01237,2025-09-02,4,25,False
01237,2025-09-02,5,30,False
01237,2025-09-02,6,51,False
01237,2025-09-02,7,43,True
01238,2025-09-04,1,9,False
01238,2025-09-04,2,19,False
01238,2025-09-04,3,23,False
01238,2025-09-04,4,42,False
01238,2025-09-04,5,49,False
01238,2025-09-04,6,53,False
01238,2025-09-04,7,40,True
01239,2025-09-06,1,9,False
01239,2025-09-06,2,11,False
01239,2025-09-06,3,19,False
01239,2025-09-06,4,22,False
01239,2025-09-06,5,34,False
01239,2025-09-06,6,43,False
01239,2025-09-06,7,31,True
01240,2025-09-09,1,16,False
01240,2025-09-09,2,20,False
01240,2025-09-09,3,21,False
01240,2025-09-09,4,31,False
01240,2025-09-09,5,40,False
01240,2025-09-09,6,52,False
01240,2025-09-09,7,2,True
01241,2025-09-11,1,6,False
01241,2025-09-11,2,16,False
01241,2025-09-11,3,46,False
01241,2025-09-11,4,49,False
01241,2025-09-11,5,51,False
01241,2025-09-11,6,55,False
01241,2025-09-11,7,42,True
01242,2025-09-13,1,2,False
01242,2025-09-13,2,7,False
01242,2025-09-13,3,15,False
01242,2025-09-13,4,18,False
01242,2025-09-13,5,24,False
01242,2025-09-13,6,27,False
01242,2025-09-13,7,45,True
01243,2025-09-16,1,17,False
01243,2025-09-16,2,19,False
01243,2025-09-16,3,28,False
01243,2025-09-16,4,39,False
01243,2025-09-16,5,43,False
01243,2025-09-16,6,53,False
01243,2025-09-16,7,33,True
01244,2025-09-18,1,2,False
01244,2025-09-18,2,3,False
01244,2025-09-18,3,8,False
01244,2025-09-18,4,27,False
01244,2025-09-18,5,38,False
01244,2025-09-18,6,55,False
01244,2025-09-18,7,20,True
01245,2025-09-20,1,8,False
01245,2025-09-20,2,13,False
01245,2025-09-20,3,14,False
01245,2025-09-20,4,19,False
01245,2025-09-20,5,36,False
01245,2025-09-20,6,43,False
01245,2025-09-20,7,30,True
01246,2025-09-23,1,8,False
01246,2025-09-23,2,18,False
01246,2025-09-23,3,19,False
01246,2025-09-23,4,34,False
01246,2025-09-23,5,41,False
01246,2025-09-23,6,46,False
01246,2025-09-23,7,38,True
01247,2025-09-25,1,5,False
01247,2025-09-25,2,17,False
01247,2025-09-25,3,30,False
01247,2025-09-25,4,31,False
01247,2025-09-25,5,38,False
01247,2025-09-25,6,53,False
01247,2025-09-25,7,8,True
01248,2025-09-27,1,8,False
01248,2025-09-27,2,13,False
01248,2025-09-27,3,19,False
01248,2025-09-27,4,24,False
01248,2025-09-27,5,39,False
01248,2025-09-27,6,46,False
01248,2025-09-27,7,1,True
01249,2025-09-30,1,17,False
01249,2025-09-30,2,23,False
01249,2025-09-30,3,34,False
01249,2025-09-30,4,39,False
01249,2025-09-30,5,46,False
01249,2025-09-30,6,52,False
01249,2025-09-30,7,8,True
01250,2025-10-02,1,1,False
01250,2025-10-02,2,2,False
01250,2025-10-02,3,20,False
01250,2025-10-02,4,24,False
01250,2025-10-02,5,27,False
01250,2025-10-02,6,42,False
01250,2025-10-02,7,43,True
01251,2025-10-04,1,22,False
01251,2025-10-04,2,33,False
01251,2025-10-04,3,35,False
01251,2025-10-04,4,36,False
01251,2025-10-04,5,38,False
01251,2025-10-04,6,40,False
01251,2025-10-04,7,7,True
01252,2025-10-07,1,19,False
01252,2025-10-07,2,22,False
01252,2025-10-07,3,35,False
01252,2025-10-07,4,37,False
01252,2025-10-07,5,43,False
01252,2025-10-07,6,45,False
01252,2025-10-07,7,29,True
01253,2025-10-09,1,7,False
01253,2025-10-09,2,11,False
01253,2025-10-09,3,21,False
01253,2025-10-09,4,22,False
01253,2025-10-09,5,39,False
01253,2025-10-09,6,42,False
01253,2025-10-09,7,40,True
01254,2025-10-11,1,3,False
01254,2025-10-11,2,7,False
01254,2025-10-11,3,26,False
01254,2025-10-11,4,43,False
01254,2025-10-11,5,44,False
01254,2025-10-11,6,46,False
01254,2025-10-11,7,25,True
01255,2025-10-14,1,8,False
01255,2025-10-14,2,9,False
01255,2025-10-14,3,16,False
01255,2025-10-14,4,26,False
01255,2025-10-14,5,37,False
01255,2025-10-14,6,55,False
01255,2025-10-14,7,12,True
01256,2025-10-16,1,14,False
01256,2025-10-16,2,15,False
01256,2025-10-16,3,24,False
01256,2025-10-16,4,26,False
01256,2025-10-16,5,27,False
01256,2025-10-16,6,45,False
01256,2025-10-16,7,36,True
01257,2025-10-18,1,5,False
01257,2025-10-18,2,16,False
01257,2025-10-18,3,19,False
01257,2025-10-18,4,21,False
01257,2025-10-18,5,38,False
01257,2025-10-18,6,43,False
01257,2025-10-18,7,50,True
01258,2025-10-21,1,3,False
01258,2025-10-21,2,11,False
01258,2025-10-21,3,12,False
01258,2025-10-21,4,14,False
01258,2025-10-21,5,22,False
01258,2025-10-21,6,40,False
01258,2025-10-21,7,41,True
01259,2025-10-23,1,8,False
01259,2025-10-23,2,10,False
01259,2025-10-23,3,21,False
01259,2025-10-23,4,48,False
01259,2025-10-23,5,49,False
01259,2025-10-23,6,50,False
01259,2025-10-23,7,40,True
01260,2025-10-25,1,3,False
01260,2025-10-25,2,5,False
01260,2025-10-25,3,11,False
01260,2025-10-25,4,13,False
01260,2025-10-25,5,24,False
01260,2025-10-25,6,27,False
01260,2025-10-25,7,45,True
01261,2025-10-28,1,6,False
01261,2025-10-28,2,8,False
01261,2025-10-28,3,10,False
01261,2025-10-28,4,22,False
01261,2025-10-28,5,25,False
01261,2025-10-28,6,54,False
01261,2025-10-28,7,9,True
01262,2025-10-30,1,20,False
01262,2025-10-30,2,23,False
01262,2025-10-30,3,35,False
01262,2025-10-30,4,41,False
01262,2025-10-30,5,47,False
01262,2025-10-30,6,55,False
01262,2025-10-30,7,37,True
01263,2025-11-01,1,7,False
01263,2025-11-01,2,11,False
01263,2025-11-01,3,28,False
01263,2025-11-01,4,29,False
01263,2025-11-01,5,31,False
01263,2025-11-01,6,33,False
01263,2025-11-01,7,8,True
01264,2025-11-04,1,15,False
01264,2025-11-04,2,27,False
01264,2025-11-04,3,29,False
01264,2025-11-04,4,31,False
01264,2025-11-04,5,36,False
01264,2025-11-04,6,43,False
01264,2025-11-04,7,38,True
01265,2025-11-06,1,16,False
01265,2025-11-06,2,20,False
01265,2025-11-06,3,29,False
01265,2025-11-06,4,33,False
01265,2025-11-06,5,36,False
01265,2025-11-06,6,49,False
01265,2025-11-06,7,6,True
01266,2025-11-08,1,14,False
01266,2025-11-08,2,16,False
01266,2025-11-08,3,19,False
01266,2025-11-08,4,22,False
01266,2025-11-08,5,27,False
01266,2025-11-08,6,44,False
01266,2025-11-08,7,18,True
01267,2025-11-11,1,11,False
01267,2025-11-11,2,20,False
01267,2025-11-11,3,28,False
01267,2025-11-11,4,41,False
01267,2025-11-11,5,47,False
01267,2025-11-11,6,54,False
01267,2025-11-11,7,31,True
01268,2025-11-13,1,1,False
01268,2025-11-13,2,15,False
01268,2025-11-13,3,30,False
01268,2025-11-13,4,38,False
01268,2025-11-13,5,40,False
01268,2025-11-13,6,43,False
01268,2025-11-13,7,13,True
01269,2025-11-15,1,2,False
01269,2025-11-15,2,30,False
01269,2025-11-15,3,33,False
01269,2025-11-15,4,35,False
01269,2025-11-15,5,42,False
01269,2025-11-15,6,54,False
01269,2025-11-15,7,45,True
01270,2025-11-18,1,7,False
01270,2025-11-18,2,12,False
01270,2025-11-18,3,18,False
01270,2025-11-18,4,22,False
01270,2025-11-18,5,30,False
01270,2025-11-18,6,49,False
01270,2025-11-18,7,5,True
01271,2025-11-20,1,3,False
01271,2025-11-20,2,12,False
01271,2025-11-20,3,19,False
01271,2025-11-20,4,20,False
01271,2025-11-20,5,31,False
01271,2025-11-20,6,42,False
01271,2025-11-20,7,13,True
01272,2025-11-22,1,8,False
01272,2025-11-22,2,10,False
01272,2025-11-22,3,19,False
01272,2025-11-22,4,29,False
01272,2025-11-22,5,34,False
01272,2025-11-22,6,46,False
01272,2025-11-22,7,14,True
01273,2025-11-25,1,23,False
01273,2025-11-25,2,31,False
01273,2025-11-25,3,32,False
01273,2025-11-25,4,42,False
01273,2025-11-25,5,46,False
01273,2025-11-25,6,48,False
01273,2025-11-25,7,4,True
01274,2025-11-27,1,4,False
01274,2025-11-27,2,5,False
01274,2025-11-27,3,10,False
01274,2025-11-27,4,11,False
01274,2025-11-27,5,28,False
01274,2025-11-27,6,35,False
01274,2025-11-27,7,38,True
01275,2025-11-29,1,4,False
01275,2025-11-29,2,20,False
01275,2025-11-29,3,24,False
01275,2025-11-29,4,27,False
01275,2025-11-29,5,40,False
01275,2025-11-29,6,48,False
01275,2025-11-29,7,9,True
01276,2025-12-02,1,16,False
01276,2025-12-02,2,20,False
01276,2025-12-02,3,24,False
01276,2025-12-02,4,36,False
01276,2025-12-02,5,51,False
01276,2025-12-02,6,54,False
01276,2025-12-02,7,10,True
01277,2025-12-04,1,10,False
01277,2025-12-04,2,29,False
01277,2025-12-04,3,32,False
01277,2025-12-04,4,33,False
01277,2025-12-04,5,44,False
01277,2025-12-04,6,53,False
01277,2025-12-04,7,14,True
01278,2025-12-06,1,12,False
01278,2025-12-06,2,26,False
01278,2025-12-06,3,34,False
01278,2025-12-06,4,37,False
01278,2025-12-06,5,50,False
01278,2025-12-06,6,52,False
01278,2025-12-06,7,15,True
01279,2025-12-09,1,14,False
01279,2025-12-09,2,21,False
01279,2025-12-09,3,26,False
01279,2025-12-09,4,27,False
01279,2025-12-09,5,31,False
01279,2025-12-09,6,43,False
01279,2025-12-09,7,42,True
01280,2025-12-11,1,9,False
01280,2025-12-11,2,13,False
01280,2025-12-11,3,21,False
01280,2025-12-11,4,45,False
01280,2025-12-11,5,48,False
01280,2025-12-11,6,55,False
01280,2025-12-11,7,38,True
01281,2025-12-13,1,5,False
01281,2025-12-13,2,8,False
01281,2025-12-13,3,12,False
01281,2025-12-13,4,18,False
01281,2025-12-13,5,20,False
01281,2025-12-13,6,38,False
01281,2025-12-13,7,52,True
01282,2025-12-16,1,7,False
01282,2025-12-16,2,36,False
01282,2025-12-16,3,37,False
01282,2025-12-16,4,38,False
01282,2025-12-16,5,52,False
01282,2025-12-16,6,55,False
01282,2025-12-16,7,46,True
01283,2025-12-18,1,12,False
01283,2025-12-18,2,14,False
01283,2025-12-18,3,29,False
01283,2025-12-18,4,30,False
01283,2025-12-18,5,39,False
01283,2025-12-18,6,55,False
01283,2025-12-18,7,50,True
01284,2025-12-20,1,22,False
01284,2025-12-20,2,32,False
01284,2025-12-20,3,33,False
01284,2025-12-20,4,35,False
01284,2025-12-20,5,40,False
01284,2025-12-20,6,41,False
01284,2025-12-20,7,23,True
01285,2025-12-23,1,2,False
01285,2025-12-23,2,10,False
01285,2025-12-23,3,16,False
01285,2025-12-23,4,25,False
01285,2025-12-23,5,32,False
01285,2025-12-23,6,38,False
01285,2025-12-23,7,3,True
01286,2025-12-25,1,4,False
01286,2025-12-25,2,6,False
01286,2025-12-25,3,32,False
01286,2025-12-25,4,37,False
01286,2025-12-25,5,40,False
01286,2025-12-25,6,48,False
01286,2025-12-25,7,38,True
01287,2025-12-27,1,16,False
01287,2025-12-27,2,21,False
01287,2025-12-27,3,30,False
01287,2025-12-27,4,37,False
01287,2025-12-27,5,39,False
01287,2025-12-27,6,40,False
01287,2025-12-27,7,13,True
01288,2025-12-30,1,11,False
01288,2025-12-30,2,30,False
01288,2025-12-30,3,35,False
01288,2025-12-30,4,41,False
01288,2025-12-30,5,48,False
01288,2025-12-30,6,55,False
01288,2025-12-30,7,38,True
01289,2026-01-01,1,5,False
01289,2026-01-01,2,16,False
01289,2026-01-01,3,29,False
01289,2026-01-01,4,33,False
01289,2026-01-01,5,39,False
01289,2026-01-01,6,42,False
01289,2026-01-01,7,54,True
01290,2026-01-03,1,10,False
01290,2026-01-03,2,16,False
01290,2026-01-03,3,17,False
01290,2026-01-03,4,23,False
01290,2026-01-03,5,33,False
01290,2026-01-03,6,36,False
01290,2026-01-03,7,42,True
01291,2026-01-06,1,22,False
01291,2026-01-06,2,28,False
01291,2026-01-06,3,29,False
01291,2026-01-06,4,30,False
01291,2026-01-06,5,34,False
01291,2026-01-06,6,47,False
01291,2026-01-06,7,20,True
01292,2026-01-08,1,20,False
01292,2026-01-08,2,22,False
01292,2026-01-08,3,36,False
01292,2026-01-08,4,43,False
01292,2026-01-08,5,45,False
01292,2026-01-08,6,50,False
01292,2026-01-08,7,47,True
01293,2026-01-10,1,9,False
01293,2026-01-10,2,16,False
01293,2026-01-10,3,30,False
01293,2026-01-10,4,33,False
01293,2026-01-10,5,34,False
01293,2026-01-10,6,38,False
01293,2026-01-10,7,49,True
01294,2026-01-13,1,3,False
01294,2026-01-13,2,12,False
01294,2026-01-13,3,25,False
01294,2026-01-13,4,51,False
01294,2026-01-13,5,52,False
01294,2026-01-13,6,55,False
01294,2026-01-13,7,43,True
01295,2026-01-15,1,13,False
01295,2026-01-15,2,21,False
01295,2026-01-15,3,31,False
01295,2026-01-15,4,34,False
01295,2026-01-15,5,48,False
01295,2026-01-15,6,55,False
01295,2026-01-15,7,27,True
01296,2026-01-17,1,14,False
01296,2026-01-17,2,21,False
01296,2026-01-17,3,23,False
01296,2026-01-17,4,25,False
01296,2026-01-17,5,46,False
01296,2026-01-17,6,48,False
01296,2026-01-17,7,54,True
01297,2026-01-20,1,4,False
01297,2026-01-20,2,20,False
01297,2026-01-20,3,26,False
01297,2026-01-20,4,28,False
01297,2026-01-20,5,37,False
01297,2026-01-20,6,41,False
01297,2026-01-20,7,32,True
01298,2026-01-22,1,2,False
01298,2026-01-22,2,20,False
01298,2026-01-22,3,21,False
01298,2026-01-22,4,29,False
01298,2026-01-22,5,36,False
01298,2026-01-22,6,50,False
01298,2026-01-22,7,5,True
01299,2026-01-24,1,14,False
01299,2026-01-24,2,24,False
01299,2026-01-24,3,25,False
01299,2026-01-24,4,30,False
01299,2026-01-24,5,35,False
01299,2026-01-24,6,53,False
01299,2026-01-24,7,18,True
01300,2026-01-27,1,13,False
01300,2026-01-27,2,22,False
01300,2026-01-27,3,32,False
01300,2026-01-27,4,42,False
01300,2026-01-27,5,53,False
01300,2026-01-27,6,54,False
01300,2026-01-27,7,29,True
01301,2026-01-29,1,11,False
01301,2026-01-29,2,15,False
01301,2026-01-29,3,22,False
01301,2026-01-29,4,32,False
01301,2026-01-29,5,34,False
01301,2026-01-29,6,54,False
01301,2026-01-29,7,28,True
01302,2026-01-31,1,10,False
01302,2026-01-31,2,11,False
01302,2026-01-31,3,14,False
01302,2026-01-31,4,17,False
01302,2026-01-31,5,49,False
01302,2026-01-31,6,53,False
01302,2026-01-31,7,4,True
01303,2026-02-03,1,12,False
01303,2026-02-03,2,15,False
01303,2026-02-03,3,18,False
01303,2026-02-03,4,22,False
01303,2026-02-03,5,48,False
01303,2026-02-03,6,53,False
01303,2026-02-03,7,45,True
01304,2026-02-05,1,7,False
01304,2026-02-05,2,13,False
01304,2026-02-05,3,16,False
01304,2026-02-05,4,25,False
01304,2026-02-05,5,26,False
01304,2026-02-05,6,55,False
01304,2026-02-05,7,9,True
01305,2026-02-07,1,3,False
01305,2026-02-07,2,5,False
01305,2026-02-07,3,13,False
01305,2026-02-07,4,15,False
01305,2026-02-07,5,29,False
01305,2026-02-07,6,46,False
01305,2026-02-07,7,1,True
01306,2026-02-10,1,13,False
01306,2026-02-10,2,21,False
01306,2026-02-10,3,22,False
01306,2026-02-10,4,26,False
01306,2026-02-10,5,32,False
01306,2026-02-10,6,55,False
01306,2026-02-10,7,20,True
01307,2026-02-12,1,8,False
01307,2026-02-12,2,17,False
01307,2026-02-12,3,19,False
01307,2026-02-12,4,31,False
01307,2026-02-12,5,32,False
01307,2026-02-12,6,46,False
01307,2026-02-12,7,26,True
01308,2026-02-14,1,2,False
01308,2026-02-14,2,13,False
01308,2026-02-14,3,26,False
01308,2026-02-14,4,32,False
01308,2026-02-14,5,36,False
01308,2026-02-14,6,42,False
01308,2026-02-14,7,48,True
01309,2026-02-19,1,1,False
01309,2026-02-19,2,27,False
01309,2026-02-19,3,30,False
01309,2026-02-19,4,43,False
01309,2026-02-19,5,45,False
01309,2026-02-19,6,46,False
01309,2026-02-19,7,48,True
01310,2026-02-21,1,5,False
01310,2026-02-21,2,7,False
01310,2026-02-21,3,26,False
01310,2026-02-21,4,30,False
01310,2026-02-21,5,41,False
01310,2026-02-21,6,45,False
01310,2026-02-21,7,12,True
01311,2026-02-24,1,5,False
01311,2026-02-24,2,8,False
01311,2026-02-24,3,18,False
01311,2026-02-24,4,30,False
01311,2026-02-24,5,39,False
01311,2026-02-24,6,54,False
01311,2026-02-24,7,51,True
01312,2026-02-26,1,1,False
01312,2026-02-26,2,7,False
01312,2026-02-26,3,10,False
01312,2026-02-26,4,21,False
01312,2026-02-26,5,44,False
01312,2026-02-26,6,51,False
01312,2026-02-26,7,46,True
01313,2026-02-28,1,22,False
01313,2026-02-28,2,25,False
01313,2026-02-28,3,31,False
01313,2026-02-28,4,44,False
01313,2026-02-28,5,51,False
01313,2026-02-28,6,54,False
01313,2026-02-28,7,36,True
01314,2026-03-03,1,7,False
01314,2026-03-03,2,13,False
01314,2026-03-03,3,27,False
01314,2026-03-03,4,29,False
01314,2026-03-03,5,43,False
01314,2026-03-03,6,50,False
01314,2026-03-03,7,25,True
01315,2026-03-05,1,14,False
01315,2026-03-05,2,16,False
01315,2026-03-05,3,35,False
01315,2026-03-05,4,38,False
01315,2026-03-05,5,43,False
01315,2026-03-05,6,51,False
01315,2026-03-05,7,37,True
01316,2026-03-07,1,4,False
01316,2026-03-07,2,32,False
01316,2026-03-07,3,41,False
01316,2026-03-07,4,45,False
01316,2026-03-07,5,50,False
01316,2026-03-07,6,52,False
01316,2026-03-07,7,29,True
01317,2026-03-10,1,3,False
01317,2026-03-10,2,26,False
01317,2026-03-10,3,31,False
01317,2026-03-10,4,39,False
01317,2026-03-10,5,47,False
01317,2026-03-10,6,54,False
01317,2026-03-10,7,20,True
01318,2026-03-12,1,12,False
01318,2026-03-12,2,28,False
01318,2026-03-12,3,36,False
01318,2026-03-12,4,40,False
01318,2026-03-12,5,53,False
01318,2026-03-12,6,55,False
01318,2026-03-12,7,54,True
01319,2026-03-14,1,7,False
01319,2026-03-14,2,16,False
01319,2026-03-14,3,27,False
01319,2026-03-14,4,29,False
01319,2026-03-14,5,47,False
01319,2026-03-14,6,52,False
01319,2026-03-14,7,26,True
01320,2026-03-17,1,12,False
01320,2026-03-17,2,26,False
01320,2026-03-17,3,28,False
01320,2026-03-17,4,43,False
01320,2026-03-17,5,50,False
01320,2026-03-17,6,54,False
01320,2026-03-17,7,52,True
01321,2026-03-19,1,7,False
01321,2026-03-19,2,9,False
01321,2026-03-19,3,17,False
01321,2026-03-19,4,31,False
01321,2026-03-19,5,34,False
01321,2026-03-19,6,36,False
01321,2026-03-19,7,55,True
01322,2026-03-21,1,1,False
01322,2026-03-21,2,6,False
01322,2026-03-21,3,40,False
01322,2026-03-21,4,43,False
01322,2026-03-21,5,47,False
01322,2026-03-21,6,53,False
01322,2026-03-21,7,3,True
01323,2026-03-24,1,12,False
01323,2026-03-24,2,19,False
01323,2026-03-24,3,25,False
01323,2026-03-24,4,26,False
01323,2026-03-24,5,32,False
01323,2026-03-24,6,45,False
01323,2026-03-24,7,3,True
01324,2026-03-26,1,3,False
01324,2026-03-26,2,9,False
01324,2026-03-26,3,10,False
01324,2026-03-26,4,34,False
01324,2026-03-26,5,38,False
01324,2026-03-26,6,44,False
01324,2026-03-26,7,51,True
01325,2026-03-28,1,7,False
01325,2026-03-28,2,13,False
01325,2026-03-28,3,21,False
01325,2026-03-28,4,30,False
01325,2026-03-28,5,33,False
01325,2026-03-28,6,42,False
01325,2026-03-28,7,39,True
01326,2026-03-31,1,15,False
01326,2026-03-31,2,16,False
01326,2026-03-31,3,22,False
01326,2026-03-31,4,38,False
01326,2026-03-31,5,43,False
01326,2026-03-31,6,48,False
01326,2026-03-31,7,11,True
01327,2026-04-02,1,9,False
01327,2026-04-02,2,21,False
01327,2026-04-02,3,32,False
01327,2026-04-02,4,34,False
01327,2026-04-02,5,52,False
01327,2026-04-02,6,53,False
01327,2026-04-02,7,22,True
01328,2026-04-04,1,5,False
01328,2026-04-04,2,7,False
01328,2026-04-04,3,10,False
01328,2026-04-04,4,23,False
01328,2026-04-04,5,30,False
01328,2026-04-04,6,54,False
01328,2026-04-04,7,40,True
01329,2026-04-07,1,1,False
01329,2026-04-07,2,13,False
01329,2026-04-07,3,23,False
01329,2026-04-07,4,31,False
01329,2026-04-07,5,44,False
01329,2026-04-07,6,53,False
01329,2026-04-07,7,32,True
01330,2026-04-09,1,16,False
01330,2026-04-09,2,18,False
01330,2026-04-09,3,22,False
01330,2026-04-09,4,29,False
01330,2026-04-09,5,41,False
01330,2026-04-09,6,53,False
01330,2026-04-09,7,38,True
01331,2026-04-11,1,13,False
01331,2026-04-11,2,26,False
01331,2026-04-11,3,29,False
01331,2026-04-11,4,38,False
01331,2026-04-11,5,49,False
01331,2026-04-11,6,53,False
01331,2026-04-11,7,7,True
01332,2026-04-14,1,8,False
01332,2026-04-14,2,16,False
01332,2026-04-14,3,22,False
01332,2026-04-14,4,35,False
01332,2026-04-14,5,39,False
01332,2026-04-14,6,47,False
01332,2026-04-14,7,28,True
01333,2026-04-16,1,2,False
01333,2026-04-16,2,7,False
01333,2026-04-16,3,15,False
01333,2026-04-16,4,22,False
01333,2026-04-16,5,47,False
01333,2026-04-16,6,52,False
01333,2026-04-16,7,55,True
01334,2026-04-18,1,9,False
01334,2026-04-18,2,19,False
01334,2026-04-18,3,20,False
01334,2026-04-18,4,28,False
01334,2026-04-18,5,37,False
01334,2026-04-18,6,39,False
01334,2026-04-18,7,24,True
01335,2026-04-21,1,8,False
01335,2026-04-21,2,30,False
01335,2026-04-21,3,36,False
01335,2026-04-21,4,39,False
01335,2026-04-21,5,50,False
01335,2026-04-21,6,53,False
01335,2026-04-21,7,15,True
01336,2026-04-23,1,5,False
01336,2026-04-23,2,16,False
01336,2026-04-23,3,17,False
01336,2026-04-23,4,22,False
01336,2026-04-23,5,33,False
01336,2026-04-23,6,53,False
01336,2026-04-23,7,55,True
01337,2026-04-25,1,4,False
01337,2026-04-25,2,7,False
01337,2026-04-25,3,10,False
01337,2026-04-25,4,29,False
01337,2026-04-25,5,41,False
01337,2026-04-25,6,46,False
01337,2026-04-25,7,43,True
01338,2026-04-28,1,24,False
01338,2026-04-28,2,25,False
01338,2026-04-28,3,34,False
01338,2026-04-28,4,51,False
01338,2026-04-28,5,52,False
01338,2026-04-28,6,53,False
01338,2026-04-28,7,35,True
01339,2026-04-30,1,9,False
01339,2026-04-30,2,15,False
01339,2026-04-30,3,21,False
01339,2026-04-30,4,25,False
01339,2026-04-30,5,29,False
01339,2026-04-30,6,50,False
01339,2026-04-30,7,16,True
01340,2026-05-02,1,9,False
01340,2026-05-02,2,21,False
01340,2026-05-02,3,22,False
01340,2026-05-02,4,26,False
01340,2026-05-02,5,33,False
01340,2026-05-02,6,51,False
01340,2026-05-02,7,17,True
01341,2026-05-05,1,4,False
01341,2026-05-05,2,6,False
01341,2026-05-05,3,8,False
01341,2026-05-05,4,17,False
01341,2026-05-05,5,30,False
01341,2026-05-05,6,50,False
01341,2026-05-05,7,32,True
01342,2026-05-07,1,13,False
01342,2026-05-07,2,14,False
01342,2026-05-07,3,33,False
01342,2026-05-07,4,44,False
01342,2026-05-07,5,46,False
01342,2026-05-07,6,50,False
01342,2026-05-07,7,47,True
01343,2026-05-09,1,3,False
01343,2026-05-09,2,10,False
01343,2026-05-09,3,32,False
01343,2026-05-09,4,37,False
01343,2026-05-09,5,45,False
01343,2026-05-09,6,55,False
01343,2026-05-09,7,46,True
01344,2026-05-12,1,2,False
01344,2026-05-12,2,11,False
01344,2026-05-12,3,22,False
01344,2026-05-12,4,26,False
01344,2026-05-12,5,31,False
01344,2026-05-12,6,38,False
01344,2026-05-12,7,15,True
01345,2026-05-14,1,26,False
01345,2026-05-14,2,28,False
01345,2026-05-14,3,39,False
01345,2026-05-14,4,41,False
01345,2026-05-14,5,48,False
01345,2026-05-14,6,55,False
01345,2026-05-14,7,50,True
01346,2026-05-16,1,8,False
01346,2026-05-16,2,25,False
01346,2026-05-16,3,32,False
01346,2026-05-16,4,36,False
01346,2026-05-16,5,39,False
01346,2026-05-16,6,47,False
01346,2026-05-16,7,50,True
01347,2026-05-19,1,12,False
01347,2026-05-19,2,39,False
01347,2026-05-19,3,40,False
01347,2026-05-19,4,45,False
01347,2026-05-19,5,48,False
01347,2026-05-19,6,53,False
01347,2026-05-19,7,21,True
01348,2026-05-21,1,16,False
01348,2026-05-21,2,18,False
01348,2026-05-21,3,20,False
01348,2026-05-21,4,28,False
01348,2026-05-21,5,32,False
01348,2026-05-21,6,34,False
01348,2026-05-21,7,40,True
01349,2026-05-23,1,17,False
01349,2026-05-23,2,21,False
01349,2026-05-23,3,22,False
01349,2026-05-23,4,27,False
01349,2026-05-23,5,38,False
01349,2026-05-23,6,49,False
01349,2026-05-23,7,3,True
01350,2026-05-26,1,1,False
01350,2026-05-26,2,14,False
01350,2026-05-26,3,15,False
01350,2026-05-26,4,19,False
01350,2026-05-26,5,23,False
01350,2026-05-26,6,34,False
01350,2026-05-26,7,29,True
01351,2026-05-28,1,8,False
01351,2026-05-28,2,11,False
01351,2026-05-28,3,21,False
01351,2026-05-28,4,25,False
01351,2026-05-28,5,31,False
01351,2026-05-28,6,53,False
01351,2026-05-28,7,54,True
01352,2026-05-30,1,2,False
01352,2026-05-30,2,8,False
01352,2026-05-30,3,20,False
01352,2026-05-30,4,24,False
01352,2026-05-30,5,25,False
01352,2026-05-30,6,42,False
01352,2026-05-30,7,44,True
01353,2026-06-02,1,1,False
01353,2026-06-02,2,3,False
01353,2026-06-02,3,5,False
01353,2026-06-02,4,16,False
01353,2026-06-02,5,37,False
01353,2026-06-02,6,51,False
01353,2026-06-02,7,42,True
01354,2026-06-04,1,23,False
01354,2026-06-04,2,24,False
01354,2026-06-04,3,28,False
01354,2026-06-04,4,29,False
01354,2026-06-04,5,39,False
01354,2026-06-04,6,43,False
01354,2026-06-04,7,45,True
01355,2026-06-06,1,3,False
01355,2026-06-06,2,11,False
01355,2026-06-06,3,16,False
01355,2026-06-06,4,37,False
01355,2026-06-06,5,39,False
01355,2026-06-06,6,41,False
01355,2026-06-06,7,28,True
01356,2026-06-09,1,6,False
01356,2026-06-09,2,8,False
01356,2026-06-09,3,18,False
01356,2026-06-09,4,27,False
01356,2026-06-09,5,32,False
01356,2026-06-09,6,34,False
01356,2026-06-09,7,35,True
01357,2026-06-11,1,1,False
01357,2026-06-11,2,8,False
01357,2026-06-11,3,17,False
01357,2026-06-11,4,24,False
01357,2026-06-11,5,40,False
01357,2026-06-11,6,48,False
01357,2026-06-11,7,46,True
01358,2026-06-13,1,2,False
01358,2026-06-13,2,8,False
01358,2026-06-13,3,19,False
01358,2026-06-13,4,33,False
01358,2026-06-13,5,36,False
01358,2026-06-13,6,47,False
01358,2026-06-13,7,42,True
01359,2026-06-16,1,2,False
01359,2026-06-16,2,4,False
01359,2026-06-16,3,5,False
01359,2026-06-16,4,7,False
01359,2026-06-16,5,31,False
01359,2026-06-16,6,40,False
01359,2026-06-16,7,14,True
01360,2026-06-18,1,1,False
01360,2026-06-18,2,4,False
01360,2026-06-18,3,14,False
01360,2026-06-18,4,20,False
01360,2026-06-18,5,46,False
01360,2026-06-18,6,49,False
01360,2026-06-18,7,36,True
01361,2026-06-20,1,16,False
01361,2026-06-20,2,23,False
01361,2026-06-20,3,26,False
01361,2026-06-20,4,30,False
01361,2026-06-20,5,52,False
01361,2026-06-20,6,53,False
01361,2026-06-20,7,46,True
01362,2026-06-23,1,1,False
01362,2026-06-23,2,13,False
01362,2026-06-23,3,28,False
01362,2026-06-23,4,38,False
01362,2026-06-23,5,40,False
01362,2026-06-23,6,46,False
01362,2026-06-23,7,5,True
01363,2026-06-25,1,1,False
01363,2026-06-25,2,3,False
01363,2026-06-25,3,8,False
01363,2026-06-25,4,15,False
01363,2026-06-25,5,35,False
01363,2026-06-25,6,55,False
01363,2026-06-25,7,23,True
01364,2026-06-27,1,7,False
01364,2026-06-27,2,16,False
01364,2026-06-27,3,21,False
01364,2026-06-27,4,23,False
01364,2026-06-27,5,28,False
01364,2026-06-27,6,52,False
01364,2026-06-27,7,54,True
01365,2026-06-30,1,5,False
01365,2026-06-30,2,13,False
01365,2026-06-30,3,18,False
01365,2026-06-30,4,22,False
01365,2026-06-30,5,43,False
01365,2026-06-30,6,44,False
01365,2026-06-30,7,47,True
01366,2026-07-02,1,5,False
01366,2026-07-02,2,11,False
01366,2026-07-02,3,28,False
01366,2026-07-02,4,34,False
01366,2026-07-02,5,41,False
01366,2026-07-02,6,42,False
01366,2026-07-02,7,49,True
01367,2026-07-04,1,13,False
01367,2026-07-04,2,15,False
01367,2026-07-04,3,18,False
01367,2026-07-04,4,23,False
01367,2026-07-04,5,31,False
01367,2026-07-04,6,43,False
01367,2026-07-04,7,41,True
01368,2026-07-07,1,4,False
01368,2026-07-07,2,6,False
01368,2026-07-07,3,25,False
01368,2026-07-07,4,32,False
01368,2026-07-07,5,33,False
01368,2026-07-07,6,44,False
01368,2026-07-07,7,8,True
01369,2026-07-09,1,2,False
01369,2026-07-09,2,9,False
01369,2026-07-09,3,10,False
01369,2026-07-09,4,14,False
01369,2026-07-09,5,17,False
01369,2026-07-09,6,49,False
01369,2026-07-09,7,45,True
01370,2026-07-11,1,9,False
01370,2026-07-11,2,17,False
01370,2026-07-11,3,20,False
01370,2026-07-11,4,33,False
01370,2026-07-11,5,41,False
01370,2026-07-11,6,42,False
01370,2026-07-11,7,40,True
01371,2026-07-14,1,10,False
01371,2026-07-14,2,24,False
01371,2026-07-14,3,30,False
01371,2026-07-14,4,35,False
01371,2026-07-14,5,45,False
01371,2026-07-14,6,51,False
01371,2026-07-14,7,33,True
01372,2026-07-16,1,19,False
01372,2026-07-16,2,20,False
01372,2026-07-16,3,33,False
01372,2026-07-16,4,45,False
01372,2026-07-16,5,48,False
01372,2026-07-16,6,53,False
01372,2026-07-16,7,21,True
01373,2026-07-18,1,22,False
01373,2026-07-18,2,41,False
01373,2026-07-18,3,45,False
01373,2026-07-18,4,48,False
01373,2026-07-18,5,54,False
01373,2026-07-18,6,55,False
01373,2026-07-18,7,16,True
01374,2026-07-21,1,8,False
01374,2026-07-21,2,11,False
01374,2026-07-21,3,22,False
01374,2026-07-21,4,24,False
01374,2026-07-21,5,32,False
01374,2026-07-21,6,39,False
01374,2026-07-21,7,13,True
01375,2026-07-23,1,1,False
01375,2026-07-23,2,3,False
01375,2026-07-23,3,8,False
01375,2026-07-23,4,38,False
01375,2026-07-23,5,40,False
01375,2026-07-23,6,55,False
01375,2026-07-23,7,36,True
01376,2026-07-25,1,5,False
01376,2026-07-25,2,9,False
01376,2026-07-25,3,27,False
01376,2026-07-25,4,33,False
01376,2026-07-25,5,37,False
01376,2026-07-25,6,50,False
01376,2026-07-25,7,48,True
01377,2026-07-28,1,7,False
01377,2026-07-28,2,22,False
01377,2026-07-28,3,23,False
01377,2026-07-28,4,27,False
01377,2026-07-28,5,41,False
01377,2026-07-28,6,44,False
01377,2026-07-28,7,48,True
01378,2026-07-30,1,2,False
01378,2026-07-30,2,12,False
01378,2026-07-30,3,24,False
01378,2026-07-30,4,28,False
01378,2026-07-30,5,43,False
01378,2026-07-30,6,49,False
01378,2026-07-30,7,51,True
01379,2026-08-01,1,11,False
01379,2026-08-01,2,14,False
01379,2026-08-01,3,16,False
01379,2026-08-01,4,44,False
01379,2026-08-01,5,49,False
01379,2026-08-01,6,55,False
01379,2026-08-01,7,39,True
01380,2026-08-04,1,14,False
01380,2026-08-04,2,39,False
01380,2026-08-04,3,40,False
01380,2026-08-04,4,42,False
01380,2026-08-04,5,47,False
01380,2026-08-04,6,54,False
01380,2026-08-04,7,31,True
01381,2026-08-06,1,14,False
01381,2026-08-06,2,18,False
01381,2026-08-06,3,23,False
01381,2026-08-06,4,35,False
01381,2026-08-06,5,51,False
01381,2026-08-06,6,55,False
01381,2026-08-06,7,1,True
01382,2026-08-08,1,5,False
01382,2026-08-08,2,29,False
01382,2026-08-08,3,33,False
01382,2026-08-08,4,38,False
01382,2026-08-08,5,40,False
01382,2026-08-08,6,45,False
01382,2026-08-08,7,37,True
01383,2026-08-11,1,2,False
01383,2026-08-11,2,7,False
01383,2026-08-11,3,19,False
01383,2026-08-11,4,20,False
01383,2026-08-11,5,39,False
01383,2026-08-11,6,50,False
01383,2026-08-11,7,31,True
01384,2026-08-13,1,5,False
01384,2026-08-13,2,9,False
01384,2026-08-13,3,27,False
01384,2026-08-13,4,29,False
01384,2026-08-13,5,45,False
01384,2026-08-13,6,46,False
01384,2026-08-13,7,42,True
01385,2026-08-15,1,16,False
01385,2026-08-15,2,20,False
01385,2026-08-15,3,25,False
01385,2026-08-15,4,27,False
01385,2026-08-15,5,30,False
01385,2026-08-15,6,50,False
01385,2026-08-15,7,2,True
01386,2026-08-18,1,3,False
01386,2026-08-18,2,15,False
01386,2026-08-18,3,18,False
01386,2026-08-18,4,38,False
01386,2026-08-18,5,41,False
01386,2026-08-18,6,48,False
01386,2026-08-18,7,30,True
01387,2026-08-20,1,2,False
01387,2026-08-20,2,8,False
01387,2026-08-20,3,29,False
01387,2026-08-20,4,38,False
01387,2026-08-20,5,39,False
01387,2026-08-20,6,51,False
01387,2026-08-20,7,47,True
01388,2026-08-22,1,9,False
01388,2026-08-22,2,18,False
01388,2026-08-22,3,19,False
01388,2026-08-22,4,21,False
01388,2026-08-22,5,25,False
01388,2026-08-22,6,36,False
01388,2026-08-22,7,8,True
01389,2026-08-25,1,5,False
01389,2026-08-25,2,7,False
01389,2026-08-25,3,13,False
01389,2026-08-25,4,18,False
01389,2026-08-25,5,31,False
01389,2026-08-25,6,40,False
01389,2026-08-25,7,14,True
01390,2026-08-27,1,1,False
01390,2026-08-27,2,3,False
01390,2026-08-27,3,11,False
01390,2026-08-27,4,21,False
01390,2026-08-27,5,26,False
01390,2026-08-27,6,44,False
01390,2026-08-27,7,10,True
01391,2026-08-29,1,5,False
01391,2026-08-29,2,10,False
01391,2026-08-29,3,15,False
01391,2026-08-29,4,29,False
01391,2026-08-29,5,34,False
01391,2026-08-29,6,45,False
01391,2026-08-29,7,24,True
01392,2026-09-01,1,1,False
01392,2026-09-01,2,17,False
01392,2026-09-01,3,41,False
01392,2026-09-01,4,44,False
01392,2026-09-01,5,49,False
01392,2026-09-01,6,55,False
01392,2026-09-01,7,45,True
01393,2026-09-03,1,8,False
01393,2026-09-03,2,9,False
01393,2026-09-03,3,16,False
01393,2026-09-03,4,42,False
01393,2026-09-03,5,46,False
01393,2026-09-03,6,47,False
01393,2026-09-03,7,11,True
01394,2026-09-05,1,9,False
01394,2026-09-05,2,11,False
01394,2026-09-05,3,24,False
01394,2026-09-05,4,31,False
01394,2026-09-05,5,33,False
01394,2026-09-05,6,47,False
01394,2026-09-05,7,21,True
01395,2026-09-08,1,8,False
01395,2026-09-08,2,11,False
01395,2026-09-08,3,14,False
01395,2026-09-08,4,23,False
01395,2026-09-08,5,25,False
01395,2026-09-08,6,54,False
01395,2026-09-08,7,17,True
01396,2026-09-10,1,2,False
01396,2026-09-10,2,5,False
01396,2026-09-10,3,28,False
01396,2026-09-10,4,32,False
01396,2026-09-10,5,51,False
01396,2026-09-10,6,53,False
01396,2026-09-10,7,50,True
01397,2026-09-12,1,7,False
01397,2026-09-12,2,24,False
01397,2026-09-12,3,31,False
01397,2026-09-12,4,43,False
01397,2026-09-12,5,47,False
01397,2026-09-12,6,54,False
01397,2026-09-12,7,22,True
01398,2026-09-15,1,24,False
01398,2026-09-15,2,27,False
01398,2026-09-15,3,32,False
01398,2026-09-15,4,36,False
01398,2026-09-15,5,38,False
01398,2026-09-15,6,47,False
01398,2026-09-15,7,52,True
01399,2026-09-17,1,6,False
01399,2026-09-17,2,11,False
01399,2026-09-17,3,25,False
01399,2026-09-17,4,27,False
01399,2026-09-17,5,37,False
01399,2026-09-17,6,45,False
01399,2026-09-17,7,15,True
01400,2026-09-19,1,4,False
01400,2026-09-19,2,7,False
01400,2026-09-19,3,11,False
01400,2026-09-19,4,18,False
01400,2026-09-19,5,22,False
01400,2026-09-19,6,25,False
01400,2026-09-19,7,50,True
01401,2026-09-22,1,1,False
01401,2026-09-22,2,3,False
01401,2026-09-22,3,9,False
01401,2026-09-22,4,11,False
01401,2026-09-22,5,41,False
01401,2026-09-22,6,46,False
01401,2026-09-22,7,10,True
01402,2026-09-24,1,1,False
01402,2026-09-24,2,13,False
01402,2026-09-24,3,23,False
01402,2026-09-24,4,25,False
01402,2026-09-24,5,26,False
01402,2026-09-24,6,28,False
01402,2026-09-24,7,27,True
