draw_id,fold,in_validation,config,ll,brier,sum_p,n_clipped,sum_actual,sum_forecast,experiment_id,analysis_version,source_dataset_version,code_version,spec_sha256
00501,1,False,B0,0.3446104321,0.09719008264,6,0,161,168,EXP-001,ds_16b6be697acb,ds_aa8808303afa,1465af7161a9053ca7df7d4d04572789911a5480,e41f63ef47ea066f14e5effb41bf9f4b7ebd8d79641604b69a10323837e09474
00502,1,False,B0,0.3446104321,0.09719008264,6,0,157,168,EXP-001,ds_16b6be697acb,ds_aa8808303afa,1465af7161a9053ca7df7d4d04572789911a5480,e41f63ef47ea066f14e5effb41bf9f4b7ebd8d79641604b69a10323837e09474
00503,1,False,B0,0.3446104321,0.09719008264,6,0,171,168,EXP-001,ds_16b6be697acb,ds_aa8808303afa,1465af7161a9053ca7df7d4d04572789911a5480,e41f63ef47ea066f14e5effb41bf9f4b7ebd8d79641604b69a10323837e09474
00504,1,False,B0,0.3446104321,0.09719008264,6,0,171,168,EXP-001,ds_16b6be697acb,ds_aa8808303afa,1465af7161a9053ca7df7d4d04572789911a5480,e41f63ef47ea066f14e5effb41bf9f4b7ebd8d79641604b69a10323837e09474
00505,1,False,B0,0.3446104321,0.09719008264,6,0,161,168,EXP-001,ds_16b6be697acb,ds_aa8808303afa,1465af7161a9053ca7df7d4d04572789911a5480,e41f63ef47ea066f14e5effb41bf9f4b7ebd8d79641604b69a10323837e09474
00506,1,False,B0,0.3446104321,0.09719008264,6,0,125,168,EXP-001,ds_16b6be697acb,ds_aa8808303afa,1465af7161a9053ca7df7d4d04572789911a5480,e41f63ef47ea066f14e5effb41bf9f4b7ebd8d79641604b69a10323837e09474
00507,1,False,B0,0.3446104321,0.09719008264,6,0,185,168,EXP-001,ds_16b6be697acb,ds_aa8808303afa,1465af7161a9053ca7df7d4d04572789911a5480,e41f63ef47ea066f14e5effb41bf9f4b7ebd8d79641604b69a10323837e09474
00508,1,False,B0,0.3446104321,0.09719008264,6,0,195,168,EXP-001,ds_16b6be697acb,ds_aa8808303afa,1465af7161a9053ca7df7d4d04572789911a5480,e41f63ef47ea066f14e5effb41bf9f4b7ebd8d79641604b69a10323837e09474
00509,1,False,B0,0.3446104321,0.09719008264,6,0,129,168,EXP-001,ds_16b6be697acb,ds_aa8808303afa,1465af7161a9053ca7df7d4d04572789911a5480,e41f63ef47ea066f14e5effb41bf9f4b7ebd8d79641604b69a10323837e09474
00510,1,False,B0,0.3446104321,0.09719008264,6,0,184,168,EXP-001,ds_16b6be697acb,ds_aa8808303afa,1465af7161a9053ca7df7d4d04572789911a5480,e41f63ef47ea066f14e5effb41bf9f4b7ebd8d79641604b69a10323837e09474
00511,1,False,B0,0.3446104321,0.09719008264,6,0,172,168,EXP-001,ds_16b6be697acb,ds_aa8808303afa,1465af7161a9053ca7df7d4d04572789911a5480,e41f63ef47ea066f14e5effb41bf9f4b7ebd8d79641604b69a10323837e09474
00512,1,False,B0,0.3446104321,0.09719008264,6,0,167,168,EXP-001,ds_16b6be697acb,ds_aa8808303afa,1465af7161a9053ca7df7d4d04572789911a5480,e41f63ef47ea066f14e5effb41bf9f4b7ebd8d79641604b69a10323837e09474
00513,1,False,B0,0.3446104321,0.09719008264,6,0,202,168,EXP-001,ds_16b6be697acb,ds_aa8808303afa,1465af7161a9053ca7df7d4d04572789911a5480,e41f63ef47ea066f14e5effb41bf9f4b7ebd8d79641604b69a10323837e09474
00514,1,False,B0,0.3446104321,0.09719008264,6,0,172,168,EXP-001,ds_16b6be697acb,ds_aa8808303afa,1465af7161a9053ca7df7d4d04572789911a5480,e41f63ef47ea066f14e5effb41bf9f4b7ebd8d79641604b69a10323837e09474
00515,1,False,B0,0.3446104321,0.09719008264,6,0,156,168,EXP-001,ds_16b6be697acb,ds_aa8808303afa,1465af7161a9053ca7df7d4d04572789911a5480,e41f63ef47ea066f14e5effb41bf9f4b7ebd8d79641604b69a10323837e09474
00516,1,False,B0,0.3446104321,0.09719008264,6,0,190,168,EXP-001,ds_16b6be697acb,ds_aa8808303afa,1465af7161a9053ca7df7d4d04572789911a5480,e41f63ef47ea066f14e5effb41bf9f4b7ebd8d79641604b69a10323837e09474
00517,1,False,B0,0.3446104321,0.09719008264,6,0,186,168,EXP-001,ds_16b6be697acb,ds_aa8808303afa,1465af7161a9053ca7df7d4d04572789911a5480,e41f63ef47ea066f14e5effb41bf9f4b7ebd8d79641604b69a10323837e09474
00518,1,False,B0,0.3446104321,0.09719008264,6,0,139,168,EXP-001,ds_16b6be697acb,ds_aa8808303afa,1465af7161a9053ca7df7d4d04572789911a5480,e41f63ef47ea066f14e5effb41bf9f4b7ebd8d79641604b69a10323837e09474
00519,1,False,B0,0.3446104321,0.09719008264,6,0,197,168,EXP-001,ds_16b6be697acb,ds_aa8808303afa,1465af7161a9053ca7df7d4d04572789911a5480,e41f63ef47ea066f14e5effb41bf9f4b7ebd8d79641604b69a10323837e09474
00520,1,False,B0,0.3446104321,0.09719008264,6,0,193,168,EXP-001,ds_16b6be697acb,ds_aa8808303afa,1465af7161a9053ca7df7d4d04572789911a5480,e41f63ef47ea066f14e5effb41bf9f4b7ebd8d79641604b69a10323837e09474
00521,1,False,B0,0.3446104321,0.09719008264,6,0,96,168,EXP-001,ds_16b6be697acb,ds_aa8808303afa,1465af7161a9053ca7df7d4d04572789911a5480,e41f63ef47ea066f14e5effb41bf9f4b7ebd8d79641604b69a10323837e09474
00522,1,False,B0,0.3446104321,0.09719008264,6,0,157,168,EXP-001,ds_16b6be697acb,ds_aa8808303afa,1465af7161a9053ca7df7d4d04572789911a5480,e41f63ef47ea066f14e5effb41bf9f4b7ebd8d79641604b69a10323837e09474
00523,1,False,B0,0.3446104321,0.09719008264,6,0,155,168,EXP-001,ds_16b6be697acb,ds_aa8808303afa,1465af7161a9053ca7df7d4d04572789911a5480,e41f63ef47ea066f14e5effb41bf9f4b7ebd8d79641604b69a10323837e09474
00524,1,False,B0,0.3446104321,0.09719008264,6,0,139,168,EXP-001,ds_16b6be697acb,ds_aa8808303afa,1465af7161a9053ca7df7d4d04572789911a5480,e41f63ef47ea066f14e5effb41bf9f4b7ebd8d79641604b69a10323837e09474
00525,1,False,B0,0.3446104321,0.09719008264,6,0,177,168,EXP-001,ds_16b6be697acb,ds_aa8808303afa,1465af7161a9053ca7df7d4d04572789911a5480,e41f63ef47ea066f14e5effb41bf9f4b7ebd8d79641604b69a10323837e09474
00526,1,False,B0,0.3446104321,0.09719008264,6,0,176,168,EXP-001,ds_16b6be697acb,ds_aa8808303afa,1465af7161a9053ca7df7d4d04572789911a5480,e41f63ef47ea066f14e5effb41bf9f4b7ebd8d79641604b69a10323837e09474
00527,1,False,B0,0.3446104321,0.09719008264,6,0,202,168,EXP-001,ds_16b6be697acb,ds_aa8808303afa,1465af7161a9053ca7df7d4d04572789911a5480,e41f63ef47ea066f14e5effb41bf9f4b7ebd8d79641604b69a10323837e09474
00528,1,False,B0,0.3446104321,0.09719008264,6,0,187,168,EXP-001,ds_16b6be697acb,ds_aa8808303afa,1465af7161a9053ca7df7d4d04572789911a5480,e41f63ef47ea066f14e5effb41bf9f4b7ebd8d79641604b69a10323837e09474
00529,1,False,B0,0.3446104321,0.09719008264,6,0,161,168,EXP-001,ds_16b6be697acb,ds_aa8808303afa,1465af7161a9053ca7df7d4d04572789911a5480,e41f63ef47ea066f14e5effb41bf9f4b7ebd8d79641604b69a10323837e09474
00530,1,False,B0,0.3446104321,0.09719008264,6,0,196,168,EXP-001,ds_16b6be697acb,ds_aa8808303afa,1465af7161a9053ca7df7d4d04572789911a5480,e41f63ef47ea066f14e5effb41bf9f4b7ebd8d79641604b69a10323837e09474
00531,1,False,B0,0.3446104321,0.09719008264,6,0,181,168,EXP-001,ds_16b6be697acb,ds_aa8808303afa,1465af7161a9053ca7df7d4d04572789911a5480,e41f63ef47ea066f14e5effb41bf9f4b7ebd8d79641604b69a10323837e09474
00532,1,False,B0,0.3446104321,0.09719008264,6,0,223,168,EXP-001,ds_16b6be697acb,ds_aa8808303afa,1465af7161a9053ca7df7d4d04572789911a5480,e41f63ef47ea066f14e5effb41bf9f4b7ebd8d79641604b69a10323837e09474
00533,1,False,B0,0.3446104321,0.09719008264,6,0,188,168,EXP-001,ds_16b6be697acb,ds_aa8808303afa,1465af7161a9053ca7df7d4d04572789911a5480,e41f63ef47ea066f14e5effb41bf9f4b7ebd8d79641604b69a10323837e09474
00534,1,False,B0,0.3446104321,0.09719008264,6,0,152,168,EXP-001,ds_16b6be697acb,ds_aa8808303afa,1465af7161a9053ca7df7d4d04572789911a5480,e41f63ef47ea066f14e5effb41bf9f4b7ebd8d79641604b69a10323837e09474
00535,1,False,B0,0.3446104321,0.09719008264,6,0,94,168,EXP-001,ds_16b6be697acb,ds_aa8808303afa,1465af7161a9053ca7df7d4d04572789911a5480,e41f63ef47ea066f14e5effb41bf9f4b7ebd8d79641604b69a10323837e09474
00536,1,False,B0,0.3446104321,0.09719008264,6,0,178,168,EXP-001,ds_16b6be697acb,ds_aa8808303afa,1465af7161a9053ca7df7d4d04572789911a5480,e41f63ef47ea066f14e5effb41bf9f4b7ebd8d79641604b69a10323837e09474
00537,1,False,B0,0.3446104321,0.09719008264,6,0,269,168,EXP-001,ds_16b6be697acb,ds_aa8808303afa,1465af7161a9053ca7df7d4d04572789911a5480,e41f63ef47ea066f14e5effb41bf9f4b7ebd8d79641604b69a10323837e09474
00538,1,False,B0,0.3446104321,0.09719008264,6,0,181,168,EXP-001,ds_16b6be697acb,ds_aa8808303afa,1465af7161a9053ca7df7d4d04572789911a5480,e41f63ef47ea066f14e5effb41bf9f4b7ebd8d79641604b69a10323837e09474
00539,1,False,B0,0.3446104321,0.09719008264,6,0,157,168,EXP-001,ds_16b6be697acb,ds_aa8808303afa,1465af7161a9053ca7df7d4d04572789911a5480,e41f63ef47ea066f14e5effb41bf9f4b7ebd8d79641604b69a10323837e09474
00540,1,False,B0,0.3446104321,0.09719008264,6,0,135,168,EXP-001,ds_16b6be697acb,ds_aa8808303afa,1465af7161a9053ca7df7d4d04572789911a5480,e41f63ef47ea066f14e5effb41bf9f4b7ebd8d79641604b69a10323837e09474
00541,1,False,B0,0.3446104321,0.09719008264,6,0,113,168,EXP-001,ds_16b6be697acb,ds_aa8808303afa,1465af7161a9053ca7df7d4d04572789911a5480,e41f63ef47ea066f14e5effb41bf9f4b7ebd8d79641604b69a10323837e09474
00542,1,False,B0,0.3446104321,0.09719008264,6,0,112,168,EXP-001,ds_16b6be697acb,ds_aa8808303afa,1465af7161a9053ca7df7d4d04572789911a5480,e41f63ef47ea066f14e5effb41bf9f4b7ebd8d79641604b69a10323837e09474
00543,1,False,B0,0.3446104321,0.09719008264,6,0,112,168,EXP-001,ds_16b6be697acb,ds_aa8808303afa,1465af7161a9053ca7df7d4d04572789911a5480,e41f63ef47ea066f14e5effb41bf9f4b7ebd8d79641604b69a10323837e09474
00544,1,False,B0,0.3446104321,0.09719008264,6,0,157,168,EXP-001,ds_16b6be697acb,ds_aa8808303afa,1465af7161a9053ca7df7d4d04572789911a5480,e41f63ef47ea066f14e5effb41bf9f4b7ebd8d79641604b69a10323837e09474
00545,1,False,B0,0.3446104321,0.09719008264,6,0,196,168,EXP-001,ds_16b6be697acb,ds_aa8808303afa,1465af7161a9053ca7df7d4d04572789911a5480,e41f63ef47ea066f14e5effb41bf9f4b7ebd8d79641604b69a10323837e09474
00546,1,False,B0,0.3446104321,0.09719008264,6,0,173,168,EXP-001,ds_16b6be697acb,ds_aa8808303afa,1465af7161a9053ca7df7d4d04572789911a5480,e41f63ef47ea066f14e5effb41bf9f4b7ebd8d79641604b69a10323837e09474
00547,1,False,B0,0.3446104321,0.09719008264,6,0,243,168,EXP-001,ds_16b6be697acb,ds_aa8808303afa,1465af7161a9053ca7df7d4d04572789911a5480,e41f63ef47ea066f14e5effb41bf9f4b7ebd8d79641604b69a10323837e09474
00548,1,False,B0,0.3446104321,0.09719008264,6,0,129,168,EXP-001,ds_16b6be697acb,ds_aa8808303afa,1465af7161a9053ca7df7d4d04572789911a5480,e41f63ef47ea066f14e5effb41bf9f4b7ebd8d79641604b69a10323837e09474
00549,1,False,B0,0.3446104321,0.09719008264,6,0,216,168,EXP-001,ds_16b6be697acb,ds_aa8808303afa,1465af7161a9053ca7df7d4d04572789911a5480,e41f63ef47ea066f14e5effb41bf9f4b7ebd8d79641604b69a10323837e09474
00550,1,False,B0,0.3446104321,0.09719008264,6,0,198,168,EXP-001,ds_16b6be697acb,ds_aa8808303afa,1465af7161a9053ca7df7d4d04572789911a5480,e41f63ef47ea066f14e5effb41bf9f4b7ebd8d79641604b69a10323837e09474
00551,2,False,B0,0.3446104321,0.09719008264,6,0,133,168,EXP-001,ds_16b6be697acb,ds_aa8808303afa,1465af7161a9053ca7df7d4d04572789911a5480,e41f63ef47ea066f14e5effb41bf9f4b7ebd8d79641604b69a10323837e09474
00552,2,False,B0,0.3446104321,0.09719008264,6,0,160,168,EXP-001,ds_16b6be697acb,ds_aa8808303afa,1465af7161a9053ca7df7d4d04572789911a5480,e41f63ef47ea066f14e5effb41bf9f4b7ebd8d79641604b69a10323837e09474
00553,2,False,B0,0.3446104321,0.09719008264,6,0,228,168,EXP-001,ds_16b6be697acb,ds_aa8808303afa,1465af7161a9053ca7df7d4d04572789911a5480,e41f63ef47ea066f14e5effb41bf9f4b7ebd8d79641604b69a10323837e09474
00554,2,False,B0,0.3446104321,0.09719008264,6,0,220,168,EXP-001,ds_16b6be697acb,ds_aa8808303afa,1465af7161a9053ca7df7d4d04572789911a5480,e41f63ef47ea066f14e5effb41bf9f4b7ebd8d79641604b69a10323837e09474
00555,2,False,B0,0.3446104321,0.09719008264,6,0,150,168,EXP-001,ds_16b6be697acb,ds_aa8808303afa,1465af7161a9053ca7df7d4d04572789911a5480,e41f63ef47ea066f14e5effb41bf9f4b7ebd8d79641604b69a10323837e09474
00556,2,False,B0,0.3446104321,0.09719008264,6,0,159,168,EXP-001,ds_16b6be697acb,ds_aa8808303afa,1465af7161a9053ca7df7d4d04572789911a5480,e41f63ef47ea066f14e5effb41bf9f4b7ebd8d79641604b69a10323837e09474
00557,2,False,B0,0.3446104321,0.09719008264,6,0,167,168,EXP-001,ds_16b6be697acb,ds_aa8808303afa,1465af7161a9053ca7df7d4d04572789911a5480,e41f63ef47ea066f14e5effb41bf9f4b7ebd8d79641604b69a10323837e09474
00558,2,False,B0,0.3446104321,0.09719008264,6,0,116,168,EXP-001,ds_16b6be697acb,ds_aa8808303afa,1465af7161a9053ca7df7d4d04572789911a5480,e41f63ef47ea066f14e5effb41bf9f4b7ebd8d79641604b69a10323837e09474
00559,2,False,B0,0.3446104321,0.09719008264,6,0,147,168,EXP-001,ds_16b6be697acb,ds_aa8808303afa,1465af7161a9053ca7df7d4d04572789911a5480,e41f63ef47ea066f14e5effb41bf9f4b7ebd8d79641604b69a10323837e09474
00560,2,False,B0,0.3446104321,0.09719008264,6,0,181,168,EXP-001,ds_16b6be697acb,ds_aa8808303afa,1465af7161a9053ca7df7d4d04572789911a5480,e41f63ef47ea066f14e5effb41bf9f4b7ebd8d79641604b69a10323837e09474
00561,2,False,B0,0.3446104321,0.09719008264,6,0,174,168,EXP-001,ds_16b6be697acb,ds_aa8808303afa,1465af7161a9053ca7df7d4d04572789911a5480,e41f63ef47ea066f14e5effb41bf9f4b7ebd8d79641604b69a10323837e09474
00562,2,False,B0,0.3446104321,0.09719008264,6,0,226,168,EXP-001,ds_16b6be697acb,ds_aa8808303afa,1465af7161a9053ca7df7d4d04572789911a5480,e41f63ef47ea066f14e5effb41bf9f4b7ebd8d79641604b69a10323837e09474
00563,2,False,B0,0.3446104321,0.09719008264,6,0,115,168,EXP-001,ds_16b6be697acb,ds_aa8808303afa,1465af7161a9053ca7df7d4d04572789911a5480,e41f63ef47ea066f14e5effb41bf9f4b7ebd8d79641604b69a10323837e09474
00564,2,False,B0,0.3446104321,0.09719008264,6,0,132,168,EXP-001,ds_16b6be697acb,ds_aa8808303afa,1465af7161a9053ca7df7d4d04572789911a5480,e41f63ef47ea066f14e5effb41bf9f4b7ebd8d79641604b69a10323837e09474
00565,2,False,B0,0.3446104321,0.09719008264,6,0,246,168,EXP-001,ds_16b6be697acb,ds_aa8808303afa,1465af7161a9053ca7df7d4d04572789911a5480,e41f63ef47ea066f14e5effb41bf9f4b7ebd8d79641604b69a10323837e09474
00566,2,False,B0,0.3446104321,0.09719008264,6,0,180,168,EXP-001,ds_16b6be697acb,ds_aa8808303afa,1465af7161a9053ca7df7d4d04572789911a5480,e41f63ef47ea066f14e5effb41bf9f4b7ebd8d79641604b69a10323837e09474
00567,2,False,B0,0.3446104321,0.09719008264,6,0,152,168,EXP-001,ds_16b6be697acb,ds_aa8808303afa,1465af7161a9053ca7df7d4d04572789911a5480,e41f63ef47ea066f14e5effb41bf9f4b7ebd8d79641604b69a10323837e09474
00568,2,False,B0,0.3446104321,0.09719008264,6,0,222,168,EXP-001,ds_16b6be697acb,ds_aa8808303afa,1465af7161a9053ca7df7d4d04572789911a5480,e41f63ef47ea066f14e5effb41bf9f4b7ebd8d79641604b69a10323837e09474
00569,2,False,B0,0.3446104321,0.09719008264,6,0,145,168,EXP-001,ds_16b6be697acb,ds_aa8808303afa,1465af7161a9053ca7df7d4d04572789911a5480,e41f63ef47ea066f14e5effb41bf9f4b7ebd8d79641604b69a10323837e09474
00570,2,False,B0,0.3446104321,0.09719008264,6,0,100,168,EXP-001,ds_16b6be697acb,ds_aa8808303afa,1465af7161a9053ca7df7d4d04572789911a5480,e41f63ef47ea066f14e5effb41bf9f4b7ebd8d79641604b69a10323837e09474
00571,2,False,B0,0.3446104321,0.09719008264,6,0,129,168,EXP-001,ds_16b6be697acb,ds_aa8808303afa,1465af7161a9053ca7df7d4d04572789911a5480,e41f63ef47ea066f14e5effb41bf9f4b7ebd8d79641604b69a10323837e09474
00572,2,False,B0,0.3446104321,0.09719008264,6,0,154,168,EXP-001,ds_16b6be697acb,ds_aa8808303afa,1465af7161a9053ca7df7d4d04572789911a5480,e41f63ef47ea066f14e5effb41bf9f4b7ebd8d79641604b69a10323837e09474
00573,2,False,B0,0.3446104321,0.09719008264,6,0,129,168,EXP-001,ds_16b6be697acb,ds_aa8808303afa,1465af7161a9053ca7df7d4d04572789911a5480,e41f63ef47ea066f14e5effb41bf9f4b7ebd8d79641604b69a10323837e09474
00574,2,False,B0,0.3446104321,0.09719008264,6,0,226,168,EXP-001,ds_16b6be697acb,ds_aa8808303afa,1465af7161a9053ca7df7d4d04572789911a5480,e41f63ef47ea066f14e5effb41bf9f4b7ebd8d79641604b69a10323837e09474
00575,2,False,B0,0.3446104321,0.09719008264,6,0,186,168,EXP-001,ds_16b6be697acb,ds_aa8808303afa,1465af7161a9053ca7df7d4d04572789911a5480,e41f63ef47ea066f14e5effb41bf9f4b7ebd8d79641604b69a10323837e09474
00576,2,False,B0,0.3446104321,0.09719008264,6,0,193,168,EXP-001,ds_16b6be697acb,ds_aa8808303afa,1465af7161a9053ca7df7d4d04572789911a5480,e41f63ef47ea066f14e5effb41bf9f4b7ebd8d79641604b69a10323837e09474
00577,2,False,B0,0.3446104321,0.09719008264,6,0,199,168,EXP-001,ds_16b6be697acb,ds_aa8808303afa,1465af7161a9053ca7df7d4d04572789911a5480,e41f63ef47ea066f14e5effb41bf9f4b7ebd8d79641604b69a10323837e09474
00578,2,False,B0,0.3446104321,0.09719008264,6,0,177,168,EXP-001,ds_16b6be697acb,ds_aa8808303afa,1465af7161a9053ca7df7d4d04572789911a5480,e41f63ef47ea066f14e5effb41bf9f4b7ebd8d79641604b69a10323837e09474
00579,2,False,B0,0.3446104321,0.09719008264,6,0,75,168,EXP-001,ds_16b6be697acb,ds_aa8808303afa,1465af7161a9053ca7df7d4d04572789911a5480,e41f63ef47ea066f14e5effb41bf9f4b7ebd8d79641604b69a10323837e09474
00580,2,False,B0,0.3446104321,0.09719008264,6,0,152,168,EXP-001,ds_16b6be697acb,ds_aa8808303afa,1465af7161a9053ca7df7d4d04572789911a5480,e41f63ef47ea066f14e5effb41bf9f4b7ebd8d79641604b69a10323837e09474
00581,2,False,B0,0.3446104321,0.09719008264,6,0,144,168,EXP-001,ds_16b6be697acb,ds_aa8808303afa,1465af7161a9053ca7df7d4d04572789911a5480,e41f63ef47ea066f14e5effb41bf9f4b7ebd8d79641604b69a10323837e09474
00582,2,False,B0,0.3446104321,0.09719008264,6,0,222,168,EXP-001,ds_16b6be697acb,ds_aa8808303afa,1465af7161a9053ca7df7d4d04572789911a5480,e41f63ef47ea066f14e5effb41bf9f4b7ebd8d79641604b69a10323837e09474
00583,2,False,B0,0.3446104321,0.09719008264,6,0,163,168,EXP-001,ds_16b6be697acb,ds_aa8808303afa,1465af7161a9053ca7df7d4d04572789911a5480,e41f63ef47ea066f14e5effb41bf9f4b7ebd8d79641604b69a10323837e09474
00584,2,False,B0,0.3446104321,0.09719008264,6,0,136,168,EXP-001,ds_16b6be697acb,ds_aa8808303afa,1465af7161a9053ca7df7d4d04572789911a5480,e41f63ef47ea066f14e5effb41bf9f4b7ebd8d79641604b69a10323837e09474
00585,2,False,B0,0.3446104321,0.09719008264,6,0,179,168,EXP-001,ds_16b6be697acb,ds_aa8808303afa,1465af7161a9053ca7df7d4d04572789911a5480,e41f63ef47ea066f14e5effb41bf9f4b7ebd8d79641604b69a10323837e09474
00586,2,False,B0,0.3446104321,0.09719008264,6,0,147,168,EXP-001,ds_16b6be697acb,ds_aa8808303afa,1465af7161a9053ca7df7d4d04572789911a5480,e41f63ef47ea066f14e5effb41bf9f4b7ebd8d79641604b69a10323837e09474
00587,2,False,B0,0.3446104321,0.09719008264,6,0,130,168,EXP-001,ds_16b6be697acb,ds_aa8808303afa,1465af7161a9053ca7df7d4d04572789911a5480,e41f63ef47ea066f14e5effb41bf9f4b7ebd8d79641604b69a10323837e09474
00588,2,False,B0,0.3446104321,0.09719008264,6,0,193,168,EXP-001,ds_16b6be697acb,ds_aa8808303afa,1465af7161a9053ca7df7d4d04572789911a5480,e41f63ef47ea066f14e5effb41bf9f4b7ebd8d79641604b69a10323837e09474
00589,2,False,B0,0.3446104321,0.09719008264,6,0,214,168,EXP-001,ds_16b6be697acb,ds_aa8808303afa,1465af7161a9053ca7df7d4d04572789911a5480,e41f63ef47ea066f14e5effb41bf9f4b7ebd8d79641604b69a10323837e09474
00590,2,False,B0,0.3446104321,0.09719008264,6,0,181,168,EXP-001,ds_16b6be697acb,ds_aa8808303afa,1465af7161a9053ca7df7d4d04572789911a5480,e41f63ef47ea066f14e5effb41bf9f4b7ebd8d79641604b69a10323837e09474
00591,2,False,B0,0.3446104321,0.09719008264,6,0,128,168,EXP-001,ds_16b6be697acb,ds_aa8808303afa,1465af7161a9053ca7df7d4d04572789911a5480,e41f63ef47ea066f14e5effb41bf9f4b7ebd8d79641604b69a10323837e09474
00592,2,False,B0,0.3446104321,0.09719008264,6,0,157,168,EXP-001,ds_16b6be697acb,ds_aa8808303afa,1465af7161a9053ca7df7d4d04572789911a5480,e41f63ef47ea066f14e5effb41bf9f4b7ebd8d79641604b69a10323837e09474
00593,2,False,B0,0.3446104321,0.09719008264,6,0,219,168,EXP-001,ds_16b6be697acb,ds_aa8808303afa,1465af7161a9053ca7df7d4d04572789911a5480,e41f63ef47ea066f14e5effb41bf9f4b7ebd8d79641604b69a10323837e09474
00594,2,False,B0,0.3446104321,0.09719008264,6,0,97,168,EXP-001,ds_16b6be697acb,ds_aa8808303afa,1465af7161a9053ca7df7d4d04572789911a5480,e41f63ef47ea066f14e5effb41bf9f4b7ebd8d79641604b69a10323837e09474
00595,2,False,B0,0.3446104321,0.09719008264,6,0,161,168,EXP-001,ds_16b6be697acb,ds_aa8808303afa,1465af7161a9053ca7df7d4d04572789911a5480,e41f63ef47ea066f14e5effb41bf9f4b7ebd8d79641604b69a10323837e09474
00596,2,False,B0,0.3446104321,0.09719008264,6,0,145,168,EXP-001,ds_16b6be697acb,ds_aa8808303afa,1465af7161a9053ca7df7d4d04572789911a5480,e41f63ef47ea066f14e5effb41bf9f4b7ebd8d79641604b69a10323837e09474
00597,2,False,B0,0.3446104321,0.09719008264,6,0,160,168,EXP-001,ds_16b6be697acb,ds_aa8808303afa,1465af7161a9053ca7df7d4d04572789911a5480,e41f63ef47ea066f14e5effb41bf9f4b7ebd8d79641604b69a10323837e09474
00598,2,False,B0,0.3446104321,0.09719008264,6,0,178,168,EXP-001,ds_16b6be697acb,ds_aa8808303afa,1465af7161a9053ca7df7d4d04572789911a5480,e41f63ef47ea066f14e5effb41bf9f4b7ebd8d79641604b69a10323837e09474
00599,2,False,B0,0.3446104321,0.09719008264,6,0,178,168,EXP-001,ds_16b6be697acb,ds_aa8808303afa,1465af7161a9053ca7df7d4d04572789911a5480,e41f63ef47ea066f14e5effb41bf9f4b7ebd8d79641604b69a10323837e09474
00600,2,False,B0,0.3446104321,0.09719008264,6,0,202,168,EXP-001,ds_16b6be697acb,ds_aa8808303afa,1465af7161a9053ca7df7d4d04572789911a5480,e41f63ef47ea066f14e5effb41bf9f4b7ebd8d79641604b69a10323837e09474
00601,3,False,B0,0.3446104321,0.09719008264,6,0,167,168,EXP-001,ds_16b6be697acb,ds_aa8808303afa,1465af7161a9053ca7df7d4d04572789911a5480,e41f63ef47ea066f14e5effb41bf9f4b7ebd8d79641604b69a10323837e09474
00602,3,False,B0,0.3446104321,0.09719008264,6,0,209,168,EXP-001,ds_16b6be697acb,ds_aa8808303afa,1465af7161a9053ca7df7d4d04572789911a5480,e41f63ef47ea066f14e5effb41bf9f4b7ebd8d79641604b69a10323837e09474
00603,3,False,B0,0.3446104321,0.09719008264,6,0,164,168,EXP-001,ds_16b6be697acb,ds_aa8808303afa,1465af7161a9053ca7df7d4d04572789911a5480,e41f63ef47ea066f14e5effb41bf9f4b7ebd8d79641604b69a10323837e09474
00604,3,False,B0,0.3446104321,0.09719008264,6,0,138,168,EXP-001,ds_16b6be697acb,ds_aa8808303afa,1465af7161a9053ca7df7d4d04572789911a5480,e41f63ef47ea066f14e5effb41bf9f4b7ebd8d79641604b69a10323837e09474
00605,3,False,B0,0.3446104321,0.09719008264,6,0,115,168,EXP-001,ds_16b6be697acb,ds_aa8808303afa,1465af7161a9053ca7df7d4d04572789911a5480,e41f63ef47ea066f14e5effb41bf9f4b7ebd8d79641604b69a10323837e09474
00606,3,False,B0,0.3446104321,0.09719008264,6,0,114,168,EXP-001,ds_16b6be697acb,ds_aa8808303afa,1465af7161a9053ca7df7d4d04572789911a5480,e41f63ef47ea066f14e5effb41bf9f4b7ebd8d79641604b69a10323837e09474
00607,3,False,B0,0.3446104321,0.09719008264,6,0,77,168,EXP-001,ds_16b6be697acb,ds_aa8808303afa,1465af7161a9053ca7df7d4d04572789911a5480,e41f63ef47ea066f14e5effb41bf9f4b7ebd8d79641604b69a10323837e09474
00608,3,False,B0,0.3446104321,0.09719008264,6,0,184,168,EXP-001,ds_16b6be697acb,ds_aa8808303afa,1465af7161a9053ca7df7d4d04572789911a5480,e41f63ef47ea066f14e5effb41bf9f4b7ebd8d79641604b69a10323837e09474
00609,3,False,B0,0.3446104321,0.09719008264,6,0,140,168,EXP-001,ds_16b6be697acb,ds_aa8808303afa,1465af7161a9053ca7df7d4d04572789911a5480,e41f63ef47ea066f14e5effb41bf9f4b7ebd8d79641604b69a10323837e09474
00610,3,False,B0,0.3446104321,0.09719008264,6,0,196,168,EXP-001,ds_16b6be697acb,ds_aa8808303afa,1465af7161a9053ca7df7d4d04572789911a5480,e41f63ef47ea066f14e5effb41bf9f4b7ebd8d79641604b69a10323837e09474
00611,3,False,B0,0.3446104321,0.09719008264,6,0,96,168,EXP-001,ds_16b6be697acb,ds_aa8808303afa,1465af7161a9053ca7df7d4d04572789911a5480,e41f63ef47ea066f14e5effb41bf9f4b7ebd8d79641604b69a10323837e09474
00612,3,False,B0,0.3446104321,0.09719008264,6,0,203,168,EXP-001,ds_16b6be697acb,ds_aa8808303afa,1465af7161a9053ca7df7d4d04572789911a5480,e41f63ef47ea066f14e5effb41bf9f4b7ebd8d79641604b69a10323837e09474
00613,3,False,B0,0.3446104321,0.09719008264,6,0,161,168,EXP-001,ds_16b6be697acb,ds_aa8808303afa,1465af7161a9053ca7df7d4d04572789911a5480,e41f63ef47ea066f14e5effb41bf9f4b7ebd8d79641604b69a10323837e09474
00614,3,False,B0,0.3446104321,0.09719008264,6,0,215,168,EXP-001,ds_16b6be697acb,ds_aa8808303afa,1465af7161a9053ca7df7d4d04572789911a5480,e41f63ef47ea066f14e5effb41bf9f4b7ebd8d79641604b69a10323837e09474
00615,3,False,B0,0.3446104321,0.09719008264,6,0,120,168,EXP-001,ds_16b6be697acb,ds_aa8808303afa,1465af7161a9053ca7df7d4d04572789911a5480,e41f63ef47ea066f14e5effb41bf9f4b7ebd8d79641604b69a10323837e09474
00616,3,False,B0,0.3446104321,0.09719008264,6,0,191,168,EXP-001,ds_16b6be697acb,ds_aa8808303afa,1465af7161a9053ca7df7d4d04572789911a5480,e41f63ef47ea066f14e5effb41bf9f4b7ebd8d79641604b69a10323837e09474
00617,3,False,B0,0.3446104321,0.09719008264,6,0,229,168,EXP-001,ds_16b6be697acb,ds_aa8808303afa,1465af7161a9053ca7df7d4d04572789911a5480,e41f63ef47ea066f14e5effb41bf9f4b7ebd8d79641604b69a10323837e09474
00618,3,False,B0,0.3446104321,0.09719008264,6,0,130,168,EXP-001,ds_16b6be697acb,ds_aa8808303afa,1465af7161a9053ca7df7d4d04572789911a5480,e41f63ef47ea066f14e5effb41bf9f4b7ebd8d79641604b69a10323837e09474
00619,3,False,B0,0.3446104321,0.09719008264,6,0,164,168,EXP-001,ds_16b6be697acb,ds_aa8808303afa,1465af7161a9053ca7df7d4d04572789911a5480,e41f63ef47ea066f14e5effb41bf9f4b7ebd8d79641604b69a10323837e09474
00620,3,False,B0,0.3446104321,0.09719008264,6,0,196,168,EXP-001,ds_16b6be697acb,ds_aa8808303afa,1465af7161a9053ca7df7d4d04572789911a5480,e41f63ef47ea066f14e5effb41bf9f4b7ebd8d79641604b69a10323837e09474
00621,3,False,B0,0.3446104321,0.09719008264,6,0,200,168,EXP-001,ds_16b6be697acb,ds_aa8808303afa,1465af7161a9053ca7df7d4d04572789911a5480,e41f63ef47ea066f14e5effb41bf9f4b7ebd8d79641604b69a10323837e09474
00622,3,False,B0,0.3446104321,0.09719008264,6,0,152,168,EXP-001,ds_16b6be697acb,ds_aa8808303afa,1465af7161a9053ca7df7d4d04572789911a5480,e41f63ef47ea066f14e5effb41bf9f4b7ebd8d79641604b69a10323837e09474
00623,3,False,B0,0.3446104321,0.09719008264,6,0,196,168,EXP-001,ds_16b6be697acb,ds_aa8808303afa,1465af7161a9053ca7df7d4d04572789911a5480,e41f63ef47ea066f14e5effb41bf9f4b7ebd8d79641604b69a10323837e09474
00624,3,False,B0,0.3446104321,0.09719008264,6,0,135,168,EXP-001,ds_16b6be697acb,ds_aa8808303afa,1465af7161a9053ca7df7d4d04572789911a5480,e41f63ef47ea066f14e5effb41bf9f4b7ebd8d79641604b69a10323837e09474
00625,3,False,B0,0.3446104321,0.09719008264,6,0,196,168,EXP-001,ds_16b6be697acb,ds_aa8808303afa,1465af7161a9053ca7df7d4d04572789911a5480,e41f63ef47ea066f14e5effb41bf9f4b7ebd8d79641604b69a10323837e09474
00626,3,False,B0,0.3446104321,0.09719008264,6,0,193,168,EXP-001,ds_16b6be697acb,ds_aa8808303afa,1465af7161a9053ca7df7d4d04572789911a5480,e41f63ef47ea066f14e5effb41bf9f4b7ebd8d79641604b69a10323837e09474
00627,3,False,B0,0.3446104321,0.09719008264,6,0,194,168,EXP-001,ds_16b6be697acb,ds_aa8808303afa,1465af7161a9053ca7df7d4d04572789911a5480,e41f63ef47ea066f14e5effb41bf9f4b7ebd8d79641604b69a10323837e09474
00628,3,False,B0,0.3446104321,0.09719008264,6,0,159,168,EXP-001,ds_16b6be697acb,ds_aa8808303afa,1465af7161a9053ca7df7d4d04572789911a5480,e41f63ef47ea066f14e5effb41bf9f4b7ebd8d79641604b69a10323837e09474
00629,3,False,B0,0.3446104321,0.09719008264,6,0,144,168,EXP-001,ds_16b6be697acb,ds_aa8808303afa,1465af7161a9053ca7df7d4d04572789911a5480,e41f63ef47ea066f14e5effb41bf9f4b7ebd8d79641604b69a10323837e09474
00630,3,False,B0,0.3446104321,0.09719008264,6,0,166,168,EXP-001,ds_16b6be697acb,ds_aa8808303afa,1465af7161a9053ca7df7d4d04572789911a5480,e41f63ef47ea066f14e5effb41bf9f4b7ebd8d79641604b69a10323837e09474
00631,3,False,B0,0.3446104321,0.09719008264,6,0,179,168,EXP-001,ds_16b6be697acb,ds_aa8808303afa,1465af7161a9053ca7df7d4d04572789911a5480,e41f63ef47ea066f14e5effb41bf9f4b7ebd8d79641604b69a10323837e09474
00632,3,False,B0,0.3446104321,0.09719008264,6,0,187,168,EXP-001,ds_16b6be697acb,ds_aa8808303afa,1465af7161a9053ca7df7d4d04572789911a5480,e41f63ef47ea066f14e5effb41bf9f4b7ebd8d79641604b69a10323837e09474
00633,3,False,B0,0.3446104321,0.09719008264,6,0,169,168,EXP-001,ds_16b6be697acb,ds_aa8808303afa,1465af7161a9053ca7df7d4d04572789911a5480,e41f63ef47ea066f14e5effb41bf9f4b7ebd8d79641604b69a10323837e09474
00634,3,False,B0,0.3446104321,0.09719008264,6,0,181,168,EXP-001,ds_16b6be697acb,ds_aa8808303afa,1465af7161a9053ca7df7d4d04572789911a5480,e41f63ef47ea066f14e5effb41bf9f4b7ebd8d79641604b69a10323837e09474
00635,3,False,B0,0.3446104321,0.09719008264,6,0,162,168,EXP-001,ds_16b6be697acb,ds_aa8808303afa,1465af7161a9053ca7df7d4d04572789911a5480,e41f63ef47ea066f14e5effb41bf9f4b7ebd8d79641604b69a10323837e09474
00636,3,False,B0,0.3446104321,0.09719008264,6,0,182,168,EXP-001,ds_16b6be697acb,ds_aa8808303afa,1465af7161a9053ca7df7d4d04572789911a5480,e41f63ef47ea066f14e5effb41bf9f4b7ebd8d79641604b69a10323837e09474
00637,3,False,B0,0.3446104321,0.09719008264,6,0,122,168,EXP-001,ds_16b6be697acb,ds_aa8808303afa,1465af7161a9053ca7df7d4d04572789911a5480,e41f63ef47ea066f14e5effb41bf9f4b7ebd8d79641604b69a10323837e09474
00638,3,False,B0,0.3446104321,0.09719008264,6,0,200,168,EXP-001,ds_16b6be697acb,ds_aa8808303afa,1465af7161a9053ca7df7d4d04572789911a5480,e41f63ef47ea066f14e5effb41bf9f4b7ebd8d79641604b69a10323837e09474
00639,3,False,B0,0.3446104321,0.09719008264,6,0,91,168,EXP-001,ds_16b6be697acb,ds_aa8808303afa,1465af7161a9053ca7df7d4d04572789911a5480,e41f63ef47ea066f14e5effb41bf9f4b7ebd8d79641604b69a10323837e09474
00640,3,False,B0,0.3446104321,0.09719008264,6,0,254,168,EXP-001,ds_16b6be697acb,ds_aa8808303afa,1465af7161a9053ca7df7d4d04572789911a5480,e41f63ef47ea066f14e5effb41bf9f4b7ebd8d79641604b69a10323837e09474
00641,3,False,B0,0.3446104321,0.09719008264,6,0,265,168,EXP-001,ds_16b6be697acb,ds_aa8808303afa,1465af7161a9053ca7df7d4d04572789911a5480,e41f63ef47ea066f14e5effb41bf9f4b7ebd8d79641604b69a10323837e09474
00642,3,False,B0,0.3446104321,0.09719008264,6,0,143,168,EXP-001,ds_16b6be697acb,ds_aa8808303afa,1465af7161a9053ca7df7d4d04572789911a5480,e41f63ef47ea066f14e5effb41bf9f4b7ebd8d79641604b69a10323837e09474
00643,3,False,B0,0.3446104321,0.09719008264,6,0,243,168,EXP-001,ds_16b6be697acb,ds_aa8808303afa,1465af7161a9053ca7df7d4d04572789911a5480,e41f63ef47ea066f14e5effb41bf9f4b7ebd8d79641604b69a10323837e09474
00644,3,False,B0,0.3446104321,0.09719008264,6,0,214,168,EXP-001,ds_16b6be697acb,ds_aa8808303afa,1465af7161a9053ca7df7d4d04572789911a5480,e41f63ef47ea066f14e5effb41bf9f4b7ebd8d79641604b69a10323837e09474
00645,3,False,B0,0.3446104321,0.09719008264,6,0,210,168,EXP-001,ds_16b6be697acb,ds_aa8808303afa,1465af7161a9053ca7df7d4d04572789911a5480,e41f63ef47ea066f14e5effb41bf9f4b7ebd8d79641604b69a10323837e09474
00646,3,False,B0,0.3446104321,0.09719008264,6,0,196,168,EXP-001,ds_16b6be697acb,ds_aa8808303afa,1465af7161a9053ca7df7d4d04572789911a5480,e41f63ef47ea066f14e5effb41bf9f4b7ebd8d79641604b69a10323837e09474
00647,3,False,B0,0.3446104321,0.09719008264,6,0,185,168,EXP-001,ds_16b6be697acb,ds_aa8808303afa,1465af7161a9053ca7df7d4d04572789911a5480,e41f63ef47ea066f14e5effb41bf9f4b7ebd8d79641604b69a10323837e09474
00648,3,False,B0,0.3446104321,0.09719008264,6,0,196,168,EXP-001,ds_16b6be697acb,ds_aa8808303afa,1465af7161a9053ca7df7d4d04572789911a5480,e41f63ef47ea066f14e5effb41bf9f4b7ebd8d79641604b69a10323837e09474
00649,3,False,B0,0.3446104321,0.09719008264,6,0,157,168,EXP-001,ds_16b6be697acb,ds_aa8808303afa,1465af7161a9053ca7df7d4d04572789911a5480,e41f63ef47ea066f14e5effb41bf9f4b7ebd8d79641604b69a10323837e09474
00650,3,False,B0,0.3446104321,0.09719008264,6,0,142,168,EXP-001,ds_16b6be697acb,ds_aa8808303afa,1465af7161a9053ca7df7d4d04572789911a5480,e41f63ef47ea066f14e5effb41bf9f4b7ebd8d79641604b69a10323837e09474
00651,4,False,B0,0.3446104321,0.09719008264,6,0,161,168,EXP-001,ds_16b6be697acb,ds_aa8808303afa,1465af7161a9053ca7df7d4d04572789911a5480,e41f63ef47ea066f14e5effb41bf9f4b7ebd8d79641604b69a10323837e09474
00652,4,False,B0,0.3446104321,0.09719008264,6,0,103,168,EXP-001,ds_16b6be697acb,ds_aa8808303afa,1465af7161a9053ca7df7d4d04572789911a5480,e41f63ef47ea066f14e5effb41bf9f4b7ebd8d79641604b69a10323837e09474
00653,4,False,B0,0.3446104321,0.09719008264,6,0,163,168,EXP-001,ds_16b6be697acb,ds_aa8808303afa,1465af7161a9053ca7df7d4d04572789911a5480,e41f63ef47ea066f14e5effb41bf9f4b7ebd8d79641604b69a10323837e09474
00654,4,False,B0,0.3446104321,0.09719008264,6,0,180,168,EXP-001,ds_16b6be697acb,ds_aa8808303afa,1465af7161a9053ca7df7d4d04572789911a5480,e41f63ef47ea066f14e5effb41bf9f4b7ebd8d79641604b69a10323837e09474
00655,4,False,B0,0.3446104321,0.09719008264,6,0,164,168,EXP-001,ds_16b6be697acb,ds_aa8808303afa,1465af7161a9053ca7df7d4d04572789911a5480,e41f63ef47ea066f14e5effb41bf9f4b7ebd8d79641604b69a10323837e09474
00656,4,False,B0,0.3446104321,0.09719008264,6,0,151,168,EXP-001,ds_16b6be697acb,ds_aa8808303afa,1465af7161a9053ca7df7d4d04572789911a5480,e41f63ef47ea066f14e5effb41bf9f4b7ebd8d79641604b69a10323837e09474
00657,4,False,B0,0.3446104321,0.09719008264,6,0,181,168,EXP-001,ds_16b6be697acb,ds_aa8808303afa,1465af7161a9053ca7df7d4d04572789911a5480,e41f63ef47ea066f14e5effb41bf9f4b7ebd8d79641604b69a10323837e09474
00658,4,False,B0,0.3446104321,0.09719008264,6,0,153,168,EXP-001,ds_16b6be697acb,ds_aa8808303afa,1465af7161a9053ca7df7d4d04572789911a5480,e41f63ef47ea066f14e5effb41bf9f4b7ebd8d79641604b69a10323837e09474
00659,4,False,B0,0.3446104321,0.09719008264,6,0,158,168,EXP-001,ds_16b6be697acb,ds_aa8808303afa,1465af7161a9053ca7df7d4d04572789911a5480,e41f63ef47ea066f14e5effb41bf9f4b7ebd8d79641604b69a10323837e09474
00660,4,False,B0,0.3446104321,0.09719008264,6,0,206,168,EXP-001,ds_16b6be697acb,ds_aa8808303afa,1465af7161a9053ca7df7d4d04572789911a5480,e41f63ef47ea066f14e5effb41bf9f4b7ebd8d79641604b69a10323837e09474
00661,4,False,B0,0.3446104321,0.09719008264,6,0,134,168,EXP-001,ds_16b6be697acb,ds_aa8808303afa,1465af7161a9053ca7df7d4d04572789911a5480,e41f63ef47ea066f14e5effb41bf9f4b7ebd8d79641604b69a10323837e09474
00662,4,False,B0,0.3446104321,0.09719008264,6,0,231,168,EXP-001,ds_16b6be697acb,ds_aa8808303afa,1465af7161a9053ca7df7d4d04572789911a5480,e41f63ef47ea066f14e5effb41bf9f4b7ebd8d79641604b69a10323837e09474
00663,4,False,B0,0.3446104321,0.09719008264,6,0,201,168,EXP-001,ds_16b6be697acb,ds_aa8808303afa,1465af7161a9053ca7df7d4d04572789911a5480,e41f63ef47ea066f14e5effb41bf9f4b7ebd8d79641604b69a10323837e09474
00664,4,False,B0,0.3446104321,0.09719008264,6,0,130,168,EXP-001,ds_16b6be697acb,ds_aa8808303afa,1465af7161a9053ca7df7d4d04572789911a5480,e41f63ef47ea066f14e5effb41bf9f4b7ebd8d79641604b69a10323837e09474
00665,4,False,B0,0.3446104321,0.09719008264,6,0,152,168,EXP-001,ds_16b6be697acb,ds_aa8808303afa,1465af7161a9053ca7df7d4d04572789911a5480,e41f63ef47ea066f14e5effb41bf9f4b7ebd8d79641604b69a10323837e09474
00666,4,False,B0,0.3446104321,0.09719008264,6,0,176,168,EXP-001,ds_16b6be697acb,ds_aa8808303afa,1465af7161a9053ca7df7d4d04572789911a5480,e41f63ef47ea066f14e5effb41bf9f4b7ebd8d79641604b69a10323837e09474
00667,4,False,B0,0.3446104321,0.09719008264,6,0,177,168,EXP-001,ds_16b6be697acb,ds_aa8808303afa,1465af7161a9053ca7df7d4d04572789911a5480,e41f63ef47ea066f14e5effb41bf9f4b7ebd8d79641604b69a10323837e09474
00668,4,False,B0,0.3446104321,0.09719008264,6,0,166,168,EXP-001,ds_16b6be697acb,ds_aa8808303afa,1465af7161a9053ca7df7d4d04572789911a5480,e41f63ef47ea066f14e5effb41bf9f4b7ebd8d79641604b69a10323837e09474
00669,4,False,B0,0.3446104321,0.09719008264,6,0,126,168,EXP-001,ds_16b6be697acb,ds_aa8808303afa,1465af7161a9053ca7df7d4d04572789911a5480,e41f63ef47ea066f14e5effb41bf9f4b7ebd8d79641604b69a10323837e09474
00670,4,False,B0,0.3446104321,0.09719008264,6,0,199,168,EXP-001,ds_16b6be697acb,ds_aa8808303afa,1465af7161a9053ca7df7d4d04572789911a5480,e41f63ef47ea066f14e5effb41bf9f4b7ebd8d79641604b69a10323837e09474
00671,4,False,B0,0.3446104321,0.09719008264,6,0,170,168,EXP-001,ds_16b6be697acb,ds_aa8808303afa,1465af7161a9053ca7df7d4d04572789911a5480,e41f63ef47ea066f14e5effb41bf9f4b7ebd8d79641604b69a10323837e09474
00672,4,False,B0,0.3446104321,0.09719008264,6,0,145,168,EXP-001,ds_16b6be697acb,ds_aa8808303afa,1465af7161a9053ca7df7d4d04572789911a5480,e41f63ef47ea066f14e5effb41bf9f4b7ebd8d79641604b69a10323837e09474
00673,4,False,B0,0.3446104321,0.09719008264,6,0,228,168,EXP-001,ds_16b6be697acb,ds_aa8808303afa,1465af7161a9053ca7df7d4d04572789911a5480,e41f63ef47ea066f14e5effb41bf9f4b7ebd8d79641604b69a10323837e09474
00674,4,False,B0,0.3446104321,0.09719008264,6,0,154,168,EXP-001,ds_16b6be697acb,ds_aa8808303afa,1465af7161a9053ca7df7d4d04572789911a5480,e41f63ef47ea066f14e5effb41bf9f4b7ebd8d79641604b69a10323837e09474
00675,4,False,B0,0.3446104321,0.09719008264,6,0,182,168,EXP-001,ds_16b6be697acb,ds_aa8808303afa,1465af7161a9053ca7df7d4d04572789911a5480,e41f63ef47ea066f14e5effb41bf9f4b7ebd8d79641604b69a10323837e09474
00676,4,False,B0,0.3446104321,0.09719008264,6,0,132,168,EXP-001,ds_16b6be697acb,ds_aa8808303afa,1465af7161a9053ca7df7d4d04572789911a5480,e41f63ef47ea066f14e5effb41bf9f4b7ebd8d79641604b69a10323837e09474
00677,4,False,B0,0.3446104321,0.09719008264,6,0,137,168,EXP-001,ds_16b6be697acb,ds_aa8808303afa,1465af7161a9053ca7df7d4d04572789911a5480,e41f63ef47ea066f14e5effb41bf9f4b7ebd8d79641604b69a10323837e09474
00678,4,False,B0,0.3446104321,0.09719008264,6,0,180,168,EXP-001,ds_16b6be697acb,ds_aa8808303afa,1465af7161a9053ca7df7d4d04572789911a5480,e41f63ef47ea066f14e5effb41bf9f4b7ebd8d79641604b69a10323837e09474
00679,4,False,B0,0.3446104321,0.09719008264,6,0,119,168,EXP-001,ds_16b6be697acb,ds_aa8808303afa,1465af7161a9053ca7df7d4d04572789911a5480,e41f63ef47ea066f14e5effb41bf9f4b7ebd8d79641604b69a10323837e09474
00680,4,False,B0,0.3446104321,0.09719008264,6,0,173,168,EXP-001,ds_16b6be697acb,ds_aa8808303afa,1465af7161a9053ca7df7d4d04572789911a5480,e41f63ef47ea066f14e5effb41bf9f4b7ebd8d79641604b69a10323837e09474
00681,4,False,B0,0.3446104321,0.09719008264,6,0,159,168,EXP-001,ds_16b6be697acb,ds_aa8808303afa,1465af7161a9053ca7df7d4d04572789911a5480,e41f63ef47ea066f14e5effb41bf9f4b7ebd8d79641604b69a10323837e09474
00682,4,False,B0,0.3446104321,0.09719008264,6,0,148,168,EXP-001,ds_16b6be697acb,ds_aa8808303afa,1465af7161a9053ca7df7d4d04572789911a5480,e41f63ef47ea066f14e5effb41bf9f4b7ebd8d79641604b69a10323837e09474
00683,4,False,B0,0.3446104321,0.09719008264,6,0,174,168,EXP-001,ds_16b6be697acb,ds_aa8808303afa,1465af7161a9053ca7df7d4d04572789911a5480,e41f63ef47ea066f14e5effb41bf9f4b7ebd8d79641604b69a10323837e09474
00684,4,False,B0,0.3446104321,0.09719008264,6,0,161,168,EXP-001,ds_16b6be697acb,ds_aa8808303afa,1465af7161a9053ca7df7d4d04572789911a5480,e41f63ef47ea066f14e5effb41bf9f4b7ebd8d79641604b69a10323837e09474
00685,4,False,B0,0.3446104321,0.09719008264,6,0,115,168,EXP-001,ds_16b6be697acb,ds_aa8808303afa,1465af7161a9053ca7df7d4d04572789911a5480,e41f63ef47ea066f14e5effb41bf9f4b7ebd8d79641604b69a10323837e09474
00686,4,False,B0,0.3446104321,0.09719008264,6,0,211,168,EXP-001,ds_16b6be697acb,ds_aa8808303afa,1465af7161a9053ca7df7d4d04572789911a5480,e41f63ef47ea066f14e5effb41bf9f4b7ebd8d79641604b69a10323837e09474
00687,4,False,B0,0.3446104321,0.09719008264,6,0,153,168,EXP-001,ds_16b6be697acb,ds_aa8808303afa,1465af7161a9053ca7df7d4d04572789911a5480,e41f63ef47ea066f14e5effb41bf9f4b7ebd8d79641604b69a10323837e09474
00688,4,False,B0,0.3446104321,0.09719008264,6,0,131,168,EXP-001,ds_16b6be697acb,ds_aa8808303afa,1465af7161a9053ca7df7d4d04572789911a5480,e41f63ef47ea066f14e5effb41bf9f4b7ebd8d79641604b69a10323837e09474
00689,4,False,B0,0.3446104321,0.09719008264,6,0,135,168,EXP-001,ds_16b6be697acb,ds_aa8808303afa,1465af7161a9053ca7df7d4d04572789911a5480,e41f63ef47ea066f14e5effb41bf9f4b7ebd8d79641604b69a10323837e09474
00690,4,False,B0,0.3446104321,0.09719008264,6,0,179,168,EXP-001,ds_16b6be697acb,ds_aa8808303afa,1465af7161a9053ca7df7d4d04572789911a5480,e41f63ef47ea066f14e5effb41bf9f4b7ebd8d79641604b69a10323837e09474
00691,4,False,B0,0.3446104321,0.09719008264,6,0,205,168,EXP-001,ds_16b6be697acb,ds_aa8808303afa,1465af7161a9053ca7df7d4d04572789911a5480,e41f63ef47ea066f14e5effb41bf9f4b7ebd8d79641604b69a10323837e09474
00692,4,False,B0,0.3446104321,0.09719008264,6,0,124,168,EXP-001,ds_16b6be697acb,ds_aa8808303afa,1465af7161a9053ca7df7d4d04572789911a5480,e41f63ef47ea066f14e5effb41bf9f4b7ebd8d79641604b69a10323837e09474
00693,4,False,B0,0.3446104321,0.09719008264,6,0,148,168,EXP-001,ds_16b6be697acb,ds_aa8808303afa,1465af7161a9053ca7df7d4d04572789911a5480,e41f63ef47ea066f14e5effb41bf9f4b7ebd8d79641604b69a10323837e09474
00694,4,False,B0,0.3446104321,0.09719008264,6,0,185,168,EXP-001,ds_16b6be697acb,ds_aa8808303afa,1465af7161a9053ca7df7d4d04572789911a5480,e41f63ef47ea066f14e5effb41bf9f4b7ebd8d79641604b69a10323837e09474
00695,4,False,B0,0.3446104321,0.09719008264,6,0,83,168,EXP-001,ds_16b6be697acb,ds_aa8808303afa,1465af7161a9053ca7df7d4d04572789911a5480,e41f63ef47ea066f14e5effb41bf9f4b7ebd8d79641604b69a10323837e09474
00696,4,False,B0,0.3446104321,0.09719008264,6,0,147,168,EXP-001,ds_16b6be697acb,ds_aa8808303afa,1465af7161a9053ca7df7d4d04572789911a5480,e41f63ef47ea066f14e5effb41bf9f4b7ebd8d79641604b69a10323837e09474
00697,4,False,B0,0.3446104321,0.09719008264,6,0,157,168,EXP-001,ds_16b6be697acb,ds_aa8808303afa,1465af7161a9053ca7df7d4d04572789911a5480,e41f63ef47ea066f14e5effb41bf9f4b7ebd8d79641604b69a10323837e09474
00698,4,False,B0,0.3446104321,0.09719008264,6,0,126,168,EXP-001,ds_16b6be697acb,ds_aa8808303afa,1465af7161a9053ca7df7d4d04572789911a5480,e41f63ef47ea066f14e5effb41bf9f4b7ebd8d79641604b69a10323837e09474
00699,4,False,B0,0.3446104321,0.09719008264,6,0,195,168,EXP-001,ds_16b6be697acb,ds_aa8808303afa,1465af7161a9053ca7df7d4d04572789911a5480,e41f63ef47ea066f14e5effb41bf9f4b7ebd8d79641604b69a10323837e09474
00700,4,False,B0,0.3446104321,0.09719008264,6,0,157,168,EXP-001,ds_16b6be697acb,ds_aa8808303afa,1465af7161a9053ca7df7d4d04572789911a5480,e41f63ef47ea066f14e5effb41bf9f4b7ebd8d79641604b69a10323837e09474
00701,5,False,B0,0.3446104321,0.09719008264,6,0,156,168,EXP-001,ds_16b6be697acb,ds_aa8808303afa,1465af7161a9053ca7df7d4d04572789911a5480,e41f63ef47ea066f14e5effb41bf9f4b7ebd8d79641604b69a10323837e09474
00702,5,False,B0,0.3446104321,0.09719008264,6,0,142,168,EXP-001,ds_16b6be697acb,ds_aa8808303afa,1465af7161a9053ca7df7d4d04572789911a5480,e41f63ef47ea066f14e5effb41bf9f4b7ebd8d79641604b69a10323837e09474
00703,5,False,B0,0.3446104321,0.09719008264,6,0,175,168,EXP-001,ds_16b6be697acb,ds_aa8808303afa,1465af7161a9053ca7df7d4d04572789911a5480,e41f63ef47ea066f14e5effb41bf9f4b7ebd8d79641604b69a10323837e09474
00704,5,False,B0,0.3446104321,0.09719008264,6,0,193,168,EXP-001,ds_16b6be697acb,ds_aa8808303afa,1465af7161a9053ca7df7d4d04572789911a5480,e41f63ef47ea066f14e5effb41bf9f4b7ebd8d79641604b69a10323837e09474
00705,5,False,B0,0.3446104321,0.09719008264,6,0,258,168,EXP-001,ds_16b6be697acb,ds_aa8808303afa,1465af7161a9053ca7df7d4d04572789911a5480,e41f63ef47ea066f14e5effb41bf9f4b7ebd8d79641604b69a10323837e09474
00706,5,False,B0,0.3446104321,0.09719008264,6,0,172,168,EXP-001,ds_16b6be697acb,ds_aa8808303afa,1465af7161a9053ca7df7d4d04572789911a5480,e41f63ef47ea066f14e5effb41bf9f4b7ebd8d79641604b69a10323837e09474
00707,5,False,B0,0.3446104321,0.09719008264,6,0,121,168,EXP-001,ds_16b6be697acb,ds_aa8808303afa,1465af7161a9053ca7df7d4d04572789911a5480,e41f63ef47ea066f14e5effb41bf9f4b7ebd8d79641604b69a10323837e09474
00708,5,False,B0,0.3446104321,0.09719008264,6,0,139,168,EXP-001,ds_16b6be697acb,ds_aa8808303afa,1465af7161a9053ca7df7d4d04572789911a5480,e41f63ef47ea066f14e5effb41bf9f4b7ebd8d79641604b69a10323837e09474
00709,5,False,B0,0.3446104321,0.09719008264,6,0,136,168,EXP-001,ds_16b6be697acb,ds_aa8808303afa,1465af7161a9053ca7df7d4d04572789911a5480,e41f63ef47ea066f14e5effb41bf9f4b7ebd8d79641604b69a10323837e09474
00710,5,False,B0,0.3446104321,0.09719008264,6,0,131,168,EXP-001,ds_16b6be697acb,ds_aa8808303afa,1465af7161a9053ca7df7d4d04572789911a5480,e41f63ef47ea066f14e5effb41bf9f4b7ebd8d79641604b69a10323837e09474
00711,5,False,B0,0.3446104321,0.09719008264,6,0,200,168,EXP-001,ds_16b6be697acb,ds_aa8808303afa,1465af7161a9053ca7df7d4d04572789911a5480,e41f63ef47ea066f14e5effb41bf9f4b7ebd8d79641604b69a10323837e09474
00712,5,False,B0,0.3446104321,0.09719008264,6,0,113,168,EXP-001,ds_16b6be697acb,ds_aa8808303afa,1465af7161a9053ca7df7d4d04572789911a5480,e41f63ef47ea066f14e5effb41bf9f4b7ebd8d79641604b69a10323837e09474
00713,5,False,B0,0.3446104321,0.09719008264,6,0,186,168,EXP-001,ds_16b6be697acb,ds_aa8808303afa,1465af7161a9053ca7df7d4d04572789911a5480,e41f63ef47ea066f14e5effb41bf9f4b7ebd8d79641604b69a10323837e09474
00714,5,False,B0,0.3446104321,0.09719008264,6,0,211,168,EXP-001,ds_16b6be697acb,ds_aa8808303afa,1465af7161a9053ca7df7d4d04572789911a5480,e41f63ef47ea066f14e5effb41bf9f4b7ebd8d79641604b69a10323837e09474
00715,5,False,B0,0.3446104321,0.09719008264,6,0,177,168,EXP-001,ds_16b6be697acb,ds_aa8808303afa,1465af7161a9053ca7df7d4d04572789911a5480,e41f63ef47ea066f14e5effb41bf9f4b7ebd8d79641604b69a10323837e09474
00716,5,False,B0,0.3446104321,0.09719008264,6,0,170,168,EXP-001,ds_16b6be697acb,ds_aa8808303afa,1465af7161a9053ca7df7d4d04572789911a5480,e41f63ef47ea066f14e5effb41bf9f4b7ebd8d79641604b69a10323837e09474
00717,5,False,B0,0.3446104321,0.09719008264,6,0,244,168,EXP-001,ds_16b6be697acb,ds_aa8808303afa,1465af7161a9053ca7df7d4d04572789911a5480,e41f63ef47ea066f14e5effb41bf9f4b7ebd8d79641604b69a10323837e09474
00718,5,False,B0,0.3446104321,0.09719008264,6,0,211,168,EXP-001,ds_16b6be697acb,ds_aa8808303afa,1465af7161a9053ca7df7d4d04572789911a5480,e41f63ef47ea066f14e5effb41bf9f4b7ebd8d79641604b69a10323837e09474
00719,5,False,B0,0.3446104321,0.09719008264,6,0,228,168,EXP-001,ds_16b6be697acb,ds_aa8808303afa,1465af7161a9053ca7df7d4d04572789911a5480,e41f63ef47ea066f14e5effb41bf9f4b7ebd8d79641604b69a10323837e09474
00720,5,False,B0,0.3446104321,0.09719008264,6,0,205,168,EXP-001,ds_16b6be697acb,ds_aa8808303afa,1465af7161a9053ca7df7d4d04572789911a5480,e41f63ef47ea066f14e5effb41bf9f4b7ebd8d79641604b69a10323837e09474
00721,5,False,B0,0.3446104321,0.09719008264,6,0,212,168,EXP-001,ds_16b6be697acb,ds_aa8808303afa,1465af7161a9053ca7df7d4d04572789911a5480,e41f63ef47ea066f14e5effb41bf9f4b7ebd8d79641604b69a10323837e09474
00722,5,False,B0,0.3446104321,0.09719008264,6,0,188,168,EXP-001,ds_16b6be697acb,ds_aa8808303afa,1465af7161a9053ca7df7d4d04572789911a5480,e41f63ef47ea066f14e5effb41bf9f4b7ebd8d79641604b69a10323837e09474
00723,5,False,B0,0.3446104321,0.09719008264,6,0,202,168,EXP-001,ds_16b6be697acb,ds_aa8808303afa,1465af7161a9053ca7df7d4d04572789911a5480,e41f63ef47ea066f14e5effb41bf9f4b7ebd8d79641604b69a10323837e09474
00724,5,False,B0,0.3446104321,0.09719008264,6,0,175,168,EXP-001,ds_16b6be697acb,ds_aa8808303afa,1465af7161a9053ca7df7d4d04572789911a5480,e41f63ef47ea066f14e5effb41bf9f4b7ebd8d79641604b69a10323837e09474
00725,5,False,B0,0.3446104321,0.09719008264,6,0,181,168,EXP-001,ds_16b6be697acb,ds_aa8808303afa,1465af7161a9053ca7df7d4d04572789911a5480,e41f63ef47ea066f14e5effb41bf9f4b7ebd8d79641604b69a10323837e09474
00726,5,False,B0,0.3446104321,0.09719008264,6,0,222,168,EXP-001,ds_16b6be697acb,ds_aa8808303afa,1465af7161a9053ca7df7d4d04572789911a5480,e41f63ef47ea066f14e5effb41bf9f4b7ebd8d79641604b69a10323837e09474
00727,5,False,B0,0.3446104321,0.09719008264,6,0,229,168,EXP-001,ds_16b6be697acb,ds_aa8808303afa,1465af7161a9053ca7df7d4d04572789911a5480,e41f63ef47ea066f14e5effb41bf9f4b7ebd8d79641604b69a10323837e09474
00728,5,False,B0,0.3446104321,0.09719008264,6,0,199,168,EXP-001,ds_16b6be697acb,ds_aa8808303afa,1465af7161a9053ca7df7d4d04572789911a5480,e41f63ef47ea066f14e5effb41bf9f4b7ebd8d79641604b69a10323837e09474
00729,5,False,B0,0.3446104321,0.09719008264,6,0,238,168,EXP-001,ds_16b6be697acb,ds_aa8808303afa,1465af7161a9053ca7df7d4d04572789911a5480,e41f63ef47ea066f14e5effb41bf9f4b7ebd8d79641604b69a10323837e09474
00730,5,False,B0,0.3446104321,0.09719008264,6,0,143,168,EXP-001,ds_16b6be697acb,ds_aa8808303afa,1465af7161a9053ca7df7d4d04572789911a5480,e41f63ef47ea066f14e5effb41bf9f4b7ebd8d79641604b69a10323837e09474
00731,5,False,B0,0.3446104321,0.09719008264,6,0,159,168,EXP-001,ds_16b6be697acb,ds_aa8808303afa,1465af7161a9053ca7df7d4d04572789911a5480,e41f63ef47ea066f14e5effb41bf9f4b7ebd8d79641604b69a10323837e09474
00732,5,False,B0,0.3446104321,0.09719008264,6,0,160,168,EXP-001,ds_16b6be697acb,ds_aa8808303afa,1465af7161a9053ca7df7d4d04572789911a5480,e41f63ef47ea066f14e5effb41bf9f4b7ebd8d79641604b69a10323837e09474
00733,5,False,B0,0.3446104321,0.09719008264,6,0,171,168,EXP-001,ds_16b6be697acb,ds_aa8808303afa,1465af7161a9053ca7df7d4d04572789911a5480,e41f63ef47ea066f14e5effb41bf9f4b7ebd8d79641604b69a10323837e09474
00734,5,False,B0,0.3446104321,0.09719008264,6,0,237,168,EXP-001,ds_16b6be697acb,ds_aa8808303afa,1465af7161a9053ca7df7d4d04572789911a5480,e41f63ef47ea066f14e5effb41bf9f4b7ebd8d79641604b69a10323837e09474
00735,5,False,B0,0.3446104321,0.09719008264,6,0,168,168,EXP-001,ds_16b6be697acb,ds_aa8808303afa,1465af7161a9053ca7df7d4d04572789911a5480,e41f63ef47ea066f14e5effb41bf9f4b7ebd8d79641604b69a10323837e09474
00736,5,False,B0,0.3446104321,0.09719008264,6,0,146,168,EXP-001,ds_16b6be697acb,ds_aa8808303afa,1465af7161a9053ca7df7d4d04572789911a5480,e41f63ef47ea066f14e5effb41bf9f4b7ebd8d79641604b69a10323837e09474
00737,5,False,B0,0.3446104321,0.09719008264,6,0,188,168,EXP-001,ds_16b6be697acb,ds_aa8808303afa,1465af7161a9053ca7df7d4d04572789911a5480,e41f63ef47ea066f14e5effb41bf9f4b7ebd8d79641604b69a10323837e09474
00738,5,False,B0,0.3446104321,0.09719008264,6,0,212,168,EXP-001,ds_16b6be697acb,ds_aa8808303afa,1465af7161a9053ca7df7d4d04572789911a5480,e41f63ef47ea066f14e5effb41bf9f4b7ebd8d79641604b69a10323837e09474
00739,5,False,B0,0.3446104321,0.09719008264,6,0,147,168,EXP-001,ds_16b6be697acb,ds_aa8808303afa,1465af7161a9053ca7df7d4d04572789911a5480,e41f63ef47ea066f14e5effb41bf9f4b7ebd8d79641604b69a10323837e09474
00740,5,False,B0,0.3446104321,0.09719008264,6,0,189,168,EXP-001,ds_16b6be697acb,ds_aa8808303afa,1465af7161a9053ca7df7d4d04572789911a5480,e41f63ef47ea066f14e5effb41bf9f4b7ebd8d79641604b69a10323837e09474
00741,5,False,B0,0.3446104321,0.09719008264,6,0,174,168,EXP-001,ds_16b6be697acb,ds_aa8808303afa,1465af7161a9053ca7df7d4d04572789911a5480,e41f63ef47ea066f14e5effb41bf9f4b7ebd8d79641604b69a10323837e09474
00742,5,False,B0,0.3446104321,0.09719008264,6,0,182,168,EXP-001,ds_16b6be697acb,ds_aa8808303afa,1465af7161a9053ca7df7d4d04572789911a5480,e41f63ef47ea066f14e5effb41bf9f4b7ebd8d79641604b69a10323837e09474
00743,5,False,B0,0.3446104321,0.09719008264,6,0,110,168,EXP-001,ds_16b6be697acb,ds_aa8808303afa,1465af7161a9053ca7df7d4d04572789911a5480,e41f63ef47ea066f14e5effb41bf9f4b7ebd8d79641604b69a10323837e09474
00744,5,False,B0,0.3446104321,0.09719008264,6,0,204,168,EXP-001,ds_16b6be697acb,ds_aa8808303afa,1465af7161a9053ca7df7d4d04572789911a5480,e41f63ef47ea066f14e5effb41bf9f4b7ebd8d79641604b69a10323837e09474
00745,5,False,B0,0.3446104321,0.09719008264,6,0,123,168,EXP-001,ds_16b6be697acb,ds_aa8808303afa,1465af7161a9053ca7df7d4d04572789911a5480,e41f63ef47ea066f14e5effb41bf9f4b7ebd8d79641604b69a10323837e09474
00746,5,False,B0,0.3446104321,0.09719008264,6,0,220,168,EXP-001,ds_16b6be697acb,ds_aa8808303afa,1465af7161a9053ca7df7d4d04572789911a5480,e41f63ef47ea066f14e5effb41bf9f4b7ebd8d79641604b69a10323837e09474
00747,5,False,B0,0.3446104321,0.09719008264,6,0,204,168,EXP-001,ds_16b6be697acb,ds_aa8808303afa,1465af7161a9053ca7df7d4d04572789911a5480,e41f63ef47ea066f14e5effb41bf9f4b7ebd8d79641604b69a10323837e09474
00748,5,False,B0,0.3446104321,0.09719008264,6,0,154,168,EXP-001,ds_16b6be697acb,ds_aa8808303afa,1465af7161a9053ca7df7d4d04572789911a5480,e41f63ef47ea066f14e5effb41bf9f4b7ebd8d79641604b69a10323837e09474
00749,5,False,B0,0.3446104321,0.09719008264,6,0,193,168,EXP-001,ds_16b6be697acb,ds_aa8808303afa,1465af7161a9053ca7df7d4d04572789911a5480,e41f63ef47ea066f14e5effb41bf9f4b7ebd8d79641604b69a10323837e09474
00750,5,False,B0,0.3446104321,0.09719008264,6,0,144,168,EXP-001,ds_16b6be697acb,ds_aa8808303afa,1465af7161a9053ca7df7d4d04572789911a5480,e41f63ef47ea066f14e5effb41bf9f4b7ebd8d79641604b69a10323837e09474
00751,6,False,B0,0.3446104321,0.09719008264,6,0,171,168,EXP-001,ds_16b6be697acb,ds_aa8808303afa,1465af7161a9053ca7df7d4d04572789911a5480,e41f63ef47ea066f14e5effb41bf9f4b7ebd8d79641604b69a10323837e09474
00752,6,False,B0,0.3446104321,0.09719008264,6,0,206,168,EXP-001,ds_16b6be697acb,ds_aa8808303afa,1465af7161a9053ca7df7d4d04572789911a5480,e41f63ef47ea066f14e5effb41bf9f4b7ebd8d79641604b69a10323837e09474
00753,6,False,B0,0.3446104321,0.09719008264,6,0,217,168,EXP-001,ds_16b6be697acb,ds_aa8808303afa,1465af7161a9053ca7df7d4d04572789911a5480,e41f63ef47ea066f14e5effb41bf9f4b7ebd8d79641604b69a10323837e09474
00754,6,False,B0,0.3446104321,0.09719008264,6,0,96,168,EXP-001,ds_16b6be697acb,ds_aa8808303afa,1465af7161a9053ca7df7d4d04572789911a5480,e41f63ef47ea066f14e5effb41bf9f4b7ebd8d79641604b69a10323837e09474
00755,6,False,B0,0.3446104321,0.09719008264,6,0,124,168,EXP-001,ds_16b6be697acb,ds_aa8808303afa,1465af7161a9053ca7df7d4d04572789911a5480,e41f63ef47ea066f14e5effb41bf9f4b7ebd8d79641604b69a10323837e09474
00756,6,False,B0,0.3446104321,0.09719008264,6,0,155,168,EXP-001,ds_16b6be697acb,ds_aa8808303afa,1465af7161a9053ca7df7d4d04572789911a5480,e41f63ef47ea066f14e5effb41bf9f4b7ebd8d79641604b69a10323837e09474
00757,6,False,B0,0.3446104321,0.09719008264,6,0,170,168,EXP-001,ds_16b6be697acb,ds_aa8808303afa,1465af7161a9053ca7df7d4d04572789911a5480,e41f63ef47ea066f14e5effb41bf9f4b7ebd8d79641604b69a10323837e09474
00758,6,False,B0,0.3446104321,0.09719008264,6,0,180,168,EXP-001,ds_16b6be697acb,ds_aa8808303afa,1465af7161a9053ca7df7d4d04572789911a5480,e41f63ef47ea066f14e5effb41bf9f4b7ebd8d79641604b69a10323837e09474
00759,6,False,B0,0.3446104321,0.09719008264,6,0,199,168,EXP-001,ds_16b6be697acb,ds_aa8808303afa,1465af7161a9053ca7df7d4d04572789911a5480,e41f63ef47ea066f14e5effb41bf9f4b7ebd8d79641604b69a10323837e09474
00760,6,False,B0,0.3446104321,0.09719008264,6,0,202,168,EXP-001,ds_16b6be697acb,ds_aa8808303afa,1465af7161a9053ca7df7d4d04572789911a5480,e41f63ef47ea066f14e5effb41bf9f4b7ebd8d79641604b69a10323837e09474
00761,6,False,B0,0.3446104321,0.09719008264,6,0,171,168,EXP-001,ds_16b6be697acb,ds_aa8808303afa,1465af7161a9053ca7df7d4d04572789911a5480,e41f63ef47ea066f14e5effb41bf9f4b7ebd8d79641604b69a10323837e09474
00762,6,False,B0,0.3446104321,0.09719008264,6,0,175,168,EXP-001,ds_16b6be697acb,ds_aa8808303afa,1465af7161a9053ca7df7d4d04572789911a5480,e41f63ef47ea066f14e5effb41bf9f4b7ebd8d79641604b69a10323837e09474
00763,6,False,B0,0.3446104321,0.09719008264,6,0,213,168,EXP-001,ds_16b6be697acb,ds_aa8808303afa,1465af7161a9053ca7df7d4d04572789911a5480,e41f63ef47ea066f14e5effb41bf9f4b7ebd8d79641604b69a10323837e09474
00764,6,False,B0,0.3446104321,0.09719008264,6,0,198,168,EXP-001,ds_16b6be697acb,ds_aa8808303afa,1465af7161a9053ca7df7d4d04572789911a5480,e41f63ef47ea066f14e5effb41bf9f4b7ebd8d79641604b69a10323837e09474
00765,6,False,B0,0.3446104321,0.09719008264,6,0,176,168,EXP-001,ds_16b6be697acb,ds_aa8808303afa,1465af7161a9053ca7df7d4d04572789911a5480,e41f63ef47ea066f14e5effb41bf9f4b7ebd8d79641604b69a10323837e09474
00766,6,False,B0,0.3446104321,0.09719008264,6,0,195,168,EXP-001,ds_16b6be697acb,ds_aa8808303afa,1465af7161a9053ca7df7d4d04572789911a5480,e41f63ef47ea066f14e5effb41bf9f4b7ebd8d79641604b69a10323837e09474
00767,6,False,B0,0.3446104321,0.09719008264,6,0,226,168,EXP-001,ds_16b6be697acb,ds_aa8808303afa,1465af7161a9053ca7df7d4d04572789911a5480,e41f63ef47ea066f14e5effb41bf9f4b7ebd8d79641604b69a10323837e09474
00768,6,False,B0,0.3446104321,0.09719008264,6,0,96,168,EXP-001,ds_16b6be697acb,ds_aa8808303afa,1465af7161a9053ca7df7d4d04572789911a5480,e41f63ef47ea066f14e5effb41bf9f4b7ebd8d79641604b69a10323837e09474
00769,6,False,B0,0.3446104321,0.09719008264,6,0,125,168,EXP-001,ds_16b6be697acb,ds_aa8808303afa,1465af7161a9053ca7df7d4d04572789911a5480,e41f63ef47ea066f14e5effb41bf9f4b7ebd8d79641604b69a10323837e09474
00770,6,False,B0,0.3446104321,0.09719008264,6,0,178,168,EXP-001,ds_16b6be697acb,ds_aa8808303afa,1465af7161a9053ca7df7d4d04572789911a5480,e41f63ef47ea066f14e5effb41bf9f4b7ebd8d79641604b69a10323837e09474
00771,6,False,B0,0.3446104321,0.09719008264,6,0,183,168,EXP-001,ds_16b6be697acb,ds_aa8808303afa,1465af7161a9053ca7df7d4d04572789911a5480,e41f63ef47ea066f14e5effb41bf9f4b7ebd8d79641604b69a10323837e09474
00772,6,False,B0,0.3446104321,0.09719008264,6,0,182,168,EXP-001,ds_16b6be697acb,ds_aa8808303afa,1465af7161a9053ca7df7d4d04572789911a5480,e41f63ef47ea066f14e5effb41bf9f4b7ebd8d79641604b69a10323837e09474
00773,6,False,B0,0.3446104321,0.09719008264,6,0,165,168,EXP-001,ds_16b6be697acb,ds_aa8808303afa,1465af7161a9053ca7df7d4d04572789911a5480,e41f63ef47ea066f14e5effb41bf9f4b7ebd8d79641604b69a10323837e09474
00774,6,False,B0,0.3446104321,0.09719008264,6,0,117,168,EXP-001,ds_16b6be697acb,ds_aa8808303afa,1465af7161a9053ca7df7d4d04572789911a5480,e41f63ef47ea066f14e5effb41bf9f4b7ebd8d79641604b69a10323837e09474
00775,6,False,B0,0.3446104321,0.09719008264,6,0,169,168,EXP-001,ds_16b6be697acb,ds_aa8808303afa,1465af7161a9053ca7df7d4d04572789911a5480,e41f63ef47ea066f14e5effb41bf9f4b7ebd8d79641604b69a10323837e09474
00776,6,False,B0,0.3446104321,0.09719008264,6,0,153,168,EXP-001,ds_16b6be697acb,ds_aa8808303afa,1465af7161a9053ca7df7d4d04572789911a5480,e41f63ef47ea066f14e5effb41bf9f4b7ebd8d79641604b69a10323837e09474
00777,6,False,B0,0.3446104321,0.09719008264,6,0,155,168,EXP-001,ds_16b6be697acb,ds_aa8808303afa,1465af7161a9053ca7df7d4d04572789911a5480,e41f63ef47ea066f14e5effb41bf9f4b7ebd8d79641604b69a10323837e09474
00778,6,False,B0,0.3446104321,0.09719008264,6,0,217,168,EXP-001,ds_16b6be697acb,ds_aa8808303afa,1465af7161a9053ca7df7d4d04572789911a5480,e41f63ef47ea066f14e5effb41bf9f4b7ebd8d79641604b69a10323837e09474
00779,6,False,B0,0.3446104321,0.09719008264,6,0,165,168,EXP-001,ds_16b6be697acb,ds_aa8808303afa,1465af7161a9053ca7df7d4d04572789911a5480,e41f63ef47ea066f14e5effb41bf9f4b7ebd8d79641604b69a10323837e09474
00780,6,False,B0,0.3446104321,0.09719008264,6,0,116,168,EXP-001,ds_16b6be697acb,ds_aa8808303afa,1465af7161a9053ca7df7d4d04572789911a5480,e41f63ef47ea066f14e5effb41bf9f4b7ebd8d79641604b69a10323837e09474
00781,6,False,B0,0.3446104321,0.09719008264,6,0,154,168,EXP-001,ds_16b6be697acb,ds_aa8808303afa,1465af7161a9053ca7df7d4d04572789911a5480,e41f63ef47ea066f14e5effb41bf9f4b7ebd8d79641604b69a10323837e09474
00782,6,False,B0,0.3446104321,0.09719008264,6,0,213,168,EXP-001,ds_16b6be697acb,ds_aa8808303afa,1465af7161a9053ca7df7d4d04572789911a5480,e41f63ef47ea066f14e5effb41bf9f4b7ebd8d79641604b69a10323837e09474
00783,6,False,B0,0.3446104321,0.09719008264,6,0,119,168,EXP-001,ds_16b6be697acb,ds_aa8808303afa,1465af7161a9053ca7df7d4d04572789911a5480,e41f63ef47ea066f14e5effb41bf9f4b7ebd8d79641604b69a10323837e09474
00784,6,False,B0,0.3446104321,0.09719008264,6,0,138,168,EXP-001,ds_16b6be697acb,ds_aa8808303afa,1465af7161a9053ca7df7d4d04572789911a5480,e41f63ef47ea066f14e5effb41bf9f4b7ebd8d79641604b69a10323837e09474
00785,6,False,B0,0.3446104321,0.09719008264,6,0,153,168,EXP-001,ds_16b6be697acb,ds_aa8808303afa,1465af7161a9053ca7df7d4d04572789911a5480,e41f63ef47ea066f14e5effb41bf9f4b7ebd8d79641604b69a10323837e09474
00786,6,False,B0,0.3446104321,0.09719008264,6,0,177,168,EXP-001,ds_16b6be697acb,ds_aa8808303afa,1465af7161a9053ca7df7d4d04572789911a5480,e41f63ef47ea066f14e5effb41bf9f4b7ebd8d79641604b69a10323837e09474
00787,6,False,B0,0.3446104321,0.09719008264,6,0,209,168,EXP-001,ds_16b6be697acb,ds_aa8808303afa,1465af7161a9053ca7df7d4d04572789911a5480,e41f63ef47ea066f14e5effb41bf9f4b7ebd8d79641604b69a10323837e09474
00788,6,False,B0,0.3446104321,0.09719008264,6,0,219,168,EXP-001,ds_16b6be697acb,ds_aa8808303afa,1465af7161a9053ca7df7d4d04572789911a5480,e41f63ef47ea066f14e5effb41bf9f4b7ebd8d79641604b69a10323837e09474
00789,6,False,B0,0.3446104321,0.09719008264,6,0,174,168,EXP-001,ds_16b6be697acb,ds_aa8808303afa,1465af7161a9053ca7df7d4d04572789911a5480,e41f63ef47ea066f14e5effb41bf9f4b7ebd8d79641604b69a10323837e09474
00790,6,False,B0,0.3446104321,0.09719008264,6,0,201,168,EXP-001,ds_16b6be697acb,ds_aa8808303afa,1465af7161a9053ca7df7d4d04572789911a5480,e41f63ef47ea066f14e5effb41bf9f4b7ebd8d79641604b69a10323837e09474
00791,6,False,B0,0.3446104321,0.09719008264,6,0,187,168,EXP-001,ds_16b6be697acb,ds_aa8808303afa,1465af7161a9053ca7df7d4d04572789911a5480,e41f63ef47ea066f14e5effb41bf9f4b7ebd8d79641604b69a10323837e09474
00792,6,False,B0,0.3446104321,0.09719008264,6,0,216,168,EXP-001,ds_16b6be697acb,ds_aa8808303afa,1465af7161a9053ca7df7d4d04572789911a5480,e41f63ef47ea066f14e5effb41bf9f4b7ebd8d79641604b69a10323837e09474
00793,6,False,B0,0.3446104321,0.09719008264,6,0,156,168,EXP-001,ds_16b6be697acb,ds_aa8808303afa,1465af7161a9053ca7df7d4d04572789911a5480,e41f63ef47ea066f14e5effb41bf9f4b7ebd8d79641604b69a10323837e09474
00794,6,False,B0,0.3446104321,0.09719008264,6,0,84,168,EXP-001,ds_16b6be697acb,ds_aa8808303afa,1465af7161a9053ca7df7d4d04572789911a5480,e41f63ef47ea066f14e5effb41bf9f4b7ebd8d79641604b69a10323837e09474
00795,6,False,B0,0.3446104321,0.09719008264,6,0,62,168,EXP-001,ds_16b6be697acb,ds_aa8808303afa,1465af7161a9053ca7df7d4d04572789911a5480,e41f63ef47ea066f14e5effb41bf9f4b7ebd8d79641604b69a10323837e09474
00796,6,False,B0,0.3446104321,0.09719008264,6,0,140,168,EXP-001,ds_16b6be697acb,ds_aa8808303afa,1465af7161a9053ca7df7d4d04572789911a5480,e41f63ef47ea066f14e5effb41bf9f4b7ebd8d79641604b69a10323837e09474
00797,6,False,B0,0.3446104321,0.09719008264,6,0,135,168,EXP-001,ds_16b6be697acb,ds_aa8808303afa,1465af7161a9053ca7df7d4d04572789911a5480,e41f63ef47ea066f14e5effb41bf9f4b7ebd8d79641604b69a10323837e09474
00798,6,False,B0,0.3446104321,0.09719008264,6,0,176,168,EXP-001,ds_16b6be697acb,ds_aa8808303afa,1465af7161a9053ca7df7d4d04572789911a5480,e41f63ef47ea066f14e5effb41bf9f4b7ebd8d79641604b69a10323837e09474
00799,6,False,B0,0.3446104321,0.09719008264,6,0,214,168,EXP-001,ds_16b6be697acb,ds_aa8808303afa,1465af7161a9053ca7df7d4d04572789911a5480,e41f63ef47ea066f14e5effb41bf9f4b7ebd8d79641604b69a10323837e09474
00800,6,False,B0,0.3446104321,0.09719008264,6,0,143,168,EXP-001,ds_16b6be697acb,ds_aa8808303afa,1465af7161a9053ca7df7d4d04572789911a5480,e41f63ef47ea066f14e5effb41bf9f4b7ebd8d79641604b69a10323837e09474
00801,7,False,B0,0.3446104321,0.09719008264,6,0,156,168,EXP-001,ds_16b6be697acb,ds_aa8808303afa,1465af7161a9053ca7df7d4d04572789911a5480,e41f63ef47ea066f14e5effb41bf9f4b7ebd8d79641604b69a10323837e09474
00802,7,False,B0,0.3446104321,0.09719008264,6,0,184,168,EXP-001,ds_16b6be697acb,ds_aa8808303afa,1465af7161a9053ca7df7d4d04572789911a5480,e41f63ef47ea066f14e5effb41bf9f4b7ebd8d79641604b69a10323837e09474
00803,7,False,B0,0.3446104321,0.09719008264,6,0,152,168,EXP-001,ds_16b6be697acb,ds_aa8808303afa,1465af7161a9053ca7df7d4d04572789911a5480,e41f63ef47ea066f14e5effb41bf9f4b7ebd8d79641604b69a10323837e09474
00804,7,False,B0,0.3446104321,0.09719008264,6,0,173,168,EXP-001,ds_16b6be697acb,ds_aa8808303afa,1465af7161a9053ca7df7d4d04572789911a5480,e41f63ef47ea066f14e5effb41bf9f4b7ebd8d79641604b69a10323837e09474
00805,7,False,B0,0.3446104321,0.09719008264,6,0,116,168,EXP-001,ds_16b6be697acb,ds_aa8808303afa,1465af7161a9053ca7df7d4d04572789911a5480,e41f63ef47ea066f14e5effb41bf9f4b7ebd8d79641604b69a10323837e09474
00806,7,False,B0,0.3446104321,0.09719008264,6,0,160,168,EXP-001,ds_16b6be697acb,ds_aa8808303afa,1465af7161a9053ca7df7d4d04572789911a5480,e41f63ef47ea066f14e5effb41bf9f4b7ebd8d79641604b69a10323837e09474
00807,7,False,B0,0.3446104321,0.09719008264,6,0,204,168,EXP-001,ds_16b6be697acb,ds_aa8808303afa,1465af7161a9053ca7df7d4d04572789911a5480,e41f63ef47ea066f14e5effb41bf9f4b7ebd8d79641604b69a10323837e09474
00808,7,False,B0,0.3446104321,0.09719008264,6,0,132,168,EXP-001,ds_16b6be697acb,ds_aa8808303afa,1465af7161a9053ca7df7d4d04572789911a5480,e41f63ef47ea066f14e5effb41bf9f4b7ebd8d79641604b69a10323837e09474
00809,7,False,B0,0.3446104321,0.09719008264,6,0,191,168,EXP-001,ds_16b6be697acb,ds_aa8808303afa,1465af7161a9053ca7df7d4d04572789911a5480,e41f63ef47ea066f14e5effb41bf9f4b7ebd8d79641604b69a10323837e09474
00810,7,False,B0,0.3446104321,0.09719008264,6,0,213,168,EXP-001,ds_16b6be697acb,ds_aa8808303afa,1465af7161a9053ca7df7d4d04572789911a5480,e41f63ef47ea066f14e5effb41bf9f4b7ebd8d79641604b69a10323837e09474
00811,7,False,B0,0.3446104321,0.09719008264,6,0,172,168,EXP-001,ds_16b6be697acb,ds_aa8808303afa,1465af7161a9053ca7df7d4d04572789911a5480,e41f63ef47ea066f14e5effb41bf9f4b7ebd8d79641604b69a10323837e09474
00812,7,False,B0,0.3446104321,0.09719008264,6,0,217,168,EXP-001,ds_16b6be697acb,ds_aa8808303afa,1465af7161a9053ca7df7d4d04572789911a5480,e41f63ef47ea066f14e5effb41bf9f4b7ebd8d79641604b69a10323837e09474
00813,7,False,B0,0.3446104321,0.09719008264,6,0,122,168,EXP-001,ds_16b6be697acb,ds_aa8808303afa,1465af7161a9053ca7df7d4d04572789911a5480,e41f63ef47ea066f14e5effb41bf9f4b7ebd8d79641604b69a10323837e09474
00814,7,False,B0,0.3446104321,0.09719008264,6,0,193,168,EXP-001,ds_16b6be697acb,ds_aa8808303afa,1465af7161a9053ca7df7d4d04572789911a5480,e41f63ef47ea066f14e5effb41bf9f4b7ebd8d79641604b69a10323837e09474
00815,7,False,B0,0.3446104321,0.09719008264,6,0,221,168,EXP-001,ds_16b6be697acb,ds_aa8808303afa,1465af7161a9053ca7df7d4d04572789911a5480,e41f63ef47ea066f14e5effb41bf9f4b7ebd8d79641604b69a10323837e09474
00816,7,False,B0,0.3446104321,0.09719008264,6,0,149,168,EXP-001,ds_16b6be697acb,ds_aa8808303afa,1465af7161a9053ca7df7d4d04572789911a5480,e41f63ef47ea066f14e5effb41bf9f4b7ebd8d79641604b69a10323837e09474
00817,7,False,B0,0.3446104321,0.09719008264,6,0,103,168,EXP-001,ds_16b6be697acb,ds_aa8808303afa,1465af7161a9053ca7df7d4d04572789911a5480,e41f63ef47ea066f14e5effb41bf9f4b7ebd8d79641604b69a10323837e09474
00818,7,False,B0,0.3446104321,0.09719008264,6,0,211,168,EXP-001,ds_16b6be697acb,ds_aa8808303afa,1465af7161a9053ca7df7d4d04572789911a5480,e41f63ef47ea066f14e5effb41bf9f4b7ebd8d79641604b69a10323837e09474
00819,7,False,B0,0.3446104321,0.09719008264,6,0,143,168,EXP-001,ds_16b6be697acb,ds_aa8808303afa,1465af7161a9053ca7df7d4d04572789911a5480,e41f63ef47ea066f14e5effb41bf9f4b7ebd8d79641604b69a10323837e09474
00820,7,False,B0,0.3446104321,0.09719008264,6,0,128,168,EXP-001,ds_16b6be697acb,ds_aa8808303afa,1465af7161a9053ca7df7d4d04572789911a5480,e41f63ef47ea066f14e5effb41bf9f4b7ebd8d79641604b69a10323837e09474
00821,7,False,B0,0.3446104321,0.09719008264,6,0,173,168,EXP-001,ds_16b6be697acb,ds_aa8808303afa,1465af7161a9053ca7df7d4d04572789911a5480,e41f63ef47ea066f14e5effb41bf9f4b7ebd8d79641604b69a10323837e09474
00822,7,False,B0,0.3446104321,0.09719008264,6,0,200,168,EXP-001,ds_16b6be697acb,ds_aa8808303afa,1465af7161a9053ca7df7d4d04572789911a5480,e41f63ef47ea066f14e5effb41bf9f4b7ebd8d79641604b69a10323837e09474
00823,7,False,B0,0.3446104321,0.09719008264,6,0,184,168,EXP-001,ds_16b6be697acb,ds_aa8808303afa,1465af7161a9053ca7df7d4d04572789911a5480,e41f63ef47ea066f14e5effb41bf9f4b7ebd8d79641604b69a10323837e09474
00824,7,False,B0,0.3446104321,0.09719008264,6,0,184,168,EXP-001,ds_16b6be697acb,ds_aa8808303afa,1465af7161a9053ca7df7d4d04572789911a5480,e41f63ef47ea066f14e5effb41bf9f4b7ebd8d79641604b69a10323837e09474
00825,7,False,B0,0.3446104321,0.09719008264,6,0,118,168,EXP-001,ds_16b6be697acb,ds_aa8808303afa,1465af7161a9053ca7df7d4d04572789911a5480,e41f63ef47ea066f14e5effb41bf9f4b7ebd8d79641604b69a10323837e09474
00826,7,False,B0,0.3446104321,0.09719008264,6,0,147,168,EXP-001,ds_16b6be697acb,ds_aa8808303afa,1465af7161a9053ca7df7d4d04572789911a5480,e41f63ef47ea066f14e5effb41bf9f4b7ebd8d79641604b69a10323837e09474
00827,7,False,B0,0.3446104321,0.09719008264,6,0,203,168,EXP-001,ds_16b6be697acb,ds_aa8808303afa,1465af7161a9053ca7df7d4d04572789911a5480,e41f63ef47ea066f14e5effb41bf9f4b7ebd8d79641604b69a10323837e09474
00828,7,False,B0,0.3446104321,0.09719008264,6,0,172,168,EXP-001,ds_16b6be697acb,ds_aa8808303afa,1465af7161a9053ca7df7d4d04572789911a5480,e41f63ef47ea066f14e5effb41bf9f4b7ebd8d79641604b69a10323837e09474
00829,7,False,B0,0.3446104321,0.09719008264,6,0,160,168,EXP-001,ds_16b6be697acb,ds_aa8808303afa,1465af7161a9053ca7df7d4d04572789911a5480,e41f63ef47ea066f14e5effb41bf9f4b7ebd8d79641604b69a10323837e09474
00830,7,False,B0,0.3446104321,0.09719008264,6,0,179,168,EXP-001,ds_16b6be697acb,ds_aa8808303afa,1465af7161a9053ca7df7d4d04572789911a5480,e41f63ef47ea066f14e5effb41bf9f4b7ebd8d79641604b69a10323837e09474
00831,7,False,B0,0.3446104321,0.09719008264,6,0,89,168,EXP-001,ds_16b6be697acb,ds_aa8808303afa,1465af7161a9053ca7df7d4d04572789911a5480,e41f63ef47ea066f14e5effb41bf9f4b7ebd8d79641604b69a10323837e09474
00832,7,False,B0,0.3446104321,0.09719008264,6,0,135,168,EXP-001,ds_16b6be697acb,ds_aa8808303afa,1465af7161a9053ca7df7d4d04572789911a5480,e41f63ef47ea066f14e5effb41bf9f4b7ebd8d79641604b69a10323837e09474
00833,7,False,B0,0.3446104321,0.09719008264,6,0,168,168,EXP-001,ds_16b6be697acb,ds_aa8808303afa,1465af7161a9053ca7df7d4d04572789911a5480,e41f63ef47ea066f14e5effb41bf9f4b7ebd8d79641604b69a10323837e09474
00834,7,False,B0,0.3446104321,0.09719008264,6,0,174,168,EXP-001,ds_16b6be697acb,ds_aa8808303afa,1465af7161a9053ca7df7d4d04572789911a5480,e41f63ef47ea066f14e5effb41bf9f4b7ebd8d79641604b69a10323837e09474
00835,7,False,B0,0.3446104321,0.09719008264,6,0,152,168,EXP-001,ds_16b6be697acb,ds_aa8808303afa,1465af7161a9053ca7df7d4d04572789911a5480,e41f63ef47ea066f14e5effb41bf9f4b7ebd8d79641604b69a10323837e09474
00836,7,False,B0,0.3446104321,0.09719008264,6,0,130,168,EXP-001,ds_16b6be697acb,ds_aa8808303afa,1465af7161a9053ca7df7d4d04572789911a5480,e41f63ef47ea066f14e5effb41bf9f4b7ebd8d79641604b69a10323837e09474
00837,7,False,B0,0.3446104321,0.09719008264,6,0,185,168,EXP-001,ds_16b6be697acb,ds_aa8808303afa,1465af7161a9053ca7df7d4d04572789911a5480,e41f63ef47ea066f14e5effb41bf9f4b7ebd8d79641604b69a10323837e09474
00838,7,False,B0,0.3446104321,0.09719008264,6,0,169,168,EXP-001,ds_16b6be697acb,ds_aa8808303afa,1465af7161a9053ca7df7d4d04572789911a5480,e41f63ef47ea066f14e5effb41bf9f4b7ebd8d79641604b69a10323837e09474
00839,7,False,B0,0.3446104321,0.09719008264,6,0,216,168,EXP-001,ds_16b6be697acb,ds_aa8808303afa,1465af7161a9053ca7df7d4d04572789911a5480,e41f63ef47ea066f14e5effb41bf9f4b7ebd8d79641604b69a10323837e09474
00840,7,False,B0,0.3446104321,0.09719008264,6,0,168,168,EXP-001,ds_16b6be697acb,ds_aa8808303afa,1465af7161a9053ca7df7d4d04572789911a5480,e41f63ef47ea066f14e5effb41bf9f4b7ebd8d79641604b69a10323837e09474
00841,7,False,B0,0.3446104321,0.09719008264,6,0,63,168,EXP-001,ds_16b6be697acb,ds_aa8808303afa,1465af7161a9053ca7df7d4d04572789911a5480,e41f63ef47ea066f14e5effb41bf9f4b7ebd8d79641604b69a10323837e09474
00842,7,False,B0,0.3446104321,0.09719008264,6,0,182,168,EXP-001,ds_16b6be697acb,ds_aa8808303afa,1465af7161a9053ca7df7d4d04572789911a5480,e41f63ef47ea066f14e5effb41bf9f4b7ebd8d79641604b69a10323837e09474
00843,7,False,B0,0.3446104321,0.09719008264,6,0,126,168,EXP-001,ds_16b6be697acb,ds_aa8808303afa,1465af7161a9053ca7df7d4d04572789911a5480,e41f63ef47ea066f14e5effb41bf9f4b7ebd8d79641604b69a10323837e09474
00844,7,False,B0,0.3446104321,0.09719008264,6,0,175,168,EXP-001,ds_16b6be697acb,ds_aa8808303afa,1465af7161a9053ca7df7d4d04572789911a5480,e41f63ef47ea066f14e5effb41bf9f4b7ebd8d79641604b69a10323837e09474
00845,7,False,B0,0.3446104321,0.09719008264,6,0,127,168,EXP-001,ds_16b6be697acb,ds_aa8808303afa,1465af7161a9053ca7df7d4d04572789911a5480,e41f63ef47ea066f14e5effb41bf9f4b7ebd8d79641604b69a10323837e09474
00846,7,False,B0,0.3446104321,0.09719008264,6,0,157,168,EXP-001,ds_16b6be697acb,ds_aa8808303afa,1465af7161a9053ca7df7d4d04572789911a5480,e41f63ef47ea066f14e5effb41bf9f4b7ebd8d79641604b69a10323837e09474
00847,7,False,B0,0.3446104321,0.09719008264,6,0,142,168,EXP-001,ds_16b6be697acb,ds_aa8808303afa,1465af7161a9053ca7df7d4d04572789911a5480,e41f63ef47ea066f14e5effb41bf9f4b7ebd8d79641604b69a10323837e09474
00848,7,False,B0,0.3446104321,0.09719008264,6,0,173,168,EXP-001,ds_16b6be697acb,ds_aa8808303afa,1465af7161a9053ca7df7d4d04572789911a5480,e41f63ef47ea066f14e5effb41bf9f4b7ebd8d79641604b69a10323837e09474
00849,7,False,B0,0.3446104321,0.09719008264,6,0,171,168,EXP-001,ds_16b6be697acb,ds_aa8808303afa,1465af7161a9053ca7df7d4d04572789911a5480,e41f63ef47ea066f14e5effb41bf9f4b7ebd8d79641604b69a10323837e09474
00850,7,False,B0,0.3446104321,0.09719008264,6,0,203,168,EXP-001,ds_16b6be697acb,ds_aa8808303afa,1465af7161a9053ca7df7d4d04572789911a5480,e41f63ef47ea066f14e5effb41bf9f4b7ebd8d79641604b69a10323837e09474
00851,8,False,B0,0.3446104321,0.09719008264,6,0,170,168,EXP-001,ds_16b6be697acb,ds_aa8808303afa,1465af7161a9053ca7df7d4d04572789911a5480,e41f63ef47ea066f14e5effb41bf9f4b7ebd8d79641604b69a10323837e09474
00852,8,False,B0,0.3446104321,0.09719008264,6,0,129,168,EXP-001,ds_16b6be697acb,ds_aa8808303afa,1465af7161a9053ca7df7d4d04572789911a5480,e41f63ef47ea066f14e5effb41bf9f4b7ebd8d79641604b69a10323837e09474
00853,8,False,B0,0.3446104321,0.09719008264,6,0,216,168,EXP-001,ds_16b6be697acb,ds_aa8808303afa,1465af7161a9053ca7df7d4d04572789911a5480,e41f63ef47ea066f14e5effb41bf9f4b7ebd8d79641604b69a10323837e09474
00854,8,False,B0,0.3446104321,0.09719008264,6,0,211,168,EXP-001,ds_16b6be697acb,ds_aa8808303afa,1465af7161a9053ca7df7d4d04572789911a5480,e41f63ef47ea066f14e5effb41bf9f4b7ebd8d79641604b69a10323837e09474
00855,8,False,B0,0.3446104321,0.09719008264,6,0,192,168,EXP-001,ds_16b6be697acb,ds_aa8808303afa,1465af7161a9053ca7df7d4d04572789911a5480,e41f63ef47ea066f14e5effb41bf9f4b7ebd8d79641604b69a10323837e09474
00856,8,False,B0,0.3446104321,0.09719008264,6,0,155,168,EXP-001,ds_16b6be697acb,ds_aa8808303afa,1465af7161a9053ca7df7d4d04572789911a5480,e41f63ef47ea066f14e5effb41bf9f4b7ebd8d79641604b69a10323837e09474
00857,8,False,B0,0.3446104321,0.09719008264,6,0,206,168,EXP-001,ds_16b6be697acb,ds_aa8808303afa,1465af7161a9053ca7df7d4d04572789911a5480,e41f63ef47ea066f14e5effb41bf9f4b7ebd8d79641604b69a10323837e09474
00858,8,False,B0,0.3446104321,0.09719008264,6,0,195,168,EXP-001,ds_16b6be697acb,ds_aa8808303afa,1465af7161a9053ca7df7d4d04572789911a5480,e41f63ef47ea066f14e5effb41bf9f4b7ebd8d79641604b69a10323837e09474
00859,8,False,B0,0.3446104321,0.09719008264,6,0,114,168,EXP-001,ds_16b6be697acb,ds_aa8808303afa,1465af7161a9053ca7df7d4d04572789911a5480,e41f63ef47ea066f14e5effb41bf9f4b7ebd8d79641604b69a10323837e09474
00860,8,False,B0,0.3446104321,0.09719008264,6,0,233,168,EXP-001,ds_16b6be697acb,ds_aa8808303afa,1465af7161a9053ca7df7d4d04572789911a5480,e41f63ef47ea066f14e5effb41bf9f4b7ebd8d79641604b69a10323837e09474
00861,8,False,B0,0.3446104321,0.09719008264,6,0,222,168,EXP-001,ds_16b6be697acb,ds_aa8808303afa,1465af7161a9053ca7df7d4d04572789911a5480,e41f63ef47ea066f14e5effb41bf9f4b7ebd8d79641604b69a10323837e09474
00862,8,False,B0,0.3446104321,0.09719008264,6,0,168,168,EXP-001,ds_16b6be697acb,ds_aa8808303afa,1465af7161a9053ca7df7d4d04572789911a5480,e41f63ef47ea066f14e5effb41bf9f4b7ebd8d79641604b69a10323837e09474
00863,8,False,B0,0.3446104321,0.09719008264,6,0,234,168,EXP-001,ds_16b6be697acb,ds_aa8808303afa,1465af7161a9053ca7df7d4d04572789911a5480,e41f63ef47ea066f14e5effb41bf9f4b7ebd8d79641604b69a10323837e09474
00864,8,False,B0,0.3446104321,0.09719008264,6,0,144,168,EXP-001,ds_16b6be697acb,ds_aa8808303afa,1465af7161a9053ca7df7d4d04572789911a5480,e41f63ef47ea066f14e5effb41bf9f4b7ebd8d79641604b69a10323837e09474
00865,8,False,B0,0.3446104321,0.09719008264,6,0,200,168,EXP-001,ds_16b6be697acb,ds_aa8808303afa,1465af7161a9053ca7df7d4d04572789911a5480,e41f63ef47ea066f14e5effb41bf9f4b7ebd8d79641604b69a10323837e09474
00866,8,False,B0,0.3446104321,0.09719008264,6,0,191,168,EXP-001,ds_16b6be697acb,ds_aa8808303afa,1465af7161a9053ca7df7d4d04572789911a5480,e41f63ef47ea066f14e5effb41bf9f4b7ebd8d79641604b69a10323837e09474
00867,8,False,B0,0.3446104321,0.09719008264,6,0,211,168,EXP-001,ds_16b6be697acb,ds_aa8808303afa,1465af7161a9053ca7df7d4d04572789911a5480,e41f63ef47ea066f14e5effb41bf9f4b7ebd8d79641604b69a10323837e09474
00868,8,False,B0,0.3446104321,0.09719008264,6,0,178,168,EXP-001,ds_16b6be697acb,ds_aa8808303afa,1465af7161a9053ca7df7d4d04572789911a5480,e41f63ef47ea066f14e5effb41bf9f4b7ebd8d79641604b69a10323837e09474
00869,8,False,B0,0.3446104321,0.09719008264,6,0,174,168,EXP-001,ds_16b6be697acb,ds_aa8808303afa,1465af7161a9053ca7df7d4d04572789911a5480,e41f63ef47ea066f14e5effb41bf9f4b7ebd8d79641604b69a10323837e09474
00870,8,False,B0,0.3446104321,0.09719008264,6,0,111,168,EXP-001,ds_16b6be697acb,ds_aa8808303afa,1465af7161a9053ca7df7d4d04572789911a5480,e41f63ef47ea066f14e5effb41bf9f4b7ebd8d79641604b69a10323837e09474
00871,8,False,B0,0.3446104321,0.09719008264,6,0,199,168,EXP-001,ds_16b6be697acb,ds_aa8808303afa,1465af7161a9053ca7df7d4d04572789911a5480,e41f63ef47ea066f14e5effb41bf9f4b7ebd8d79641604b69a10323837e09474
00872,8,False,B0,0.3446104321,0.09719008264,6,0,141,168,EXP-001,ds_16b6be697acb,ds_aa8808303afa,1465af7161a9053ca7df7d4d04572789911a5480,e41f63ef47ea066f14e5effb41bf9f4b7ebd8d79641604b69a10323837e09474
00873,8,False,B0,0.3446104321,0.09719008264,6,0,136,168,EXP-001,ds_16b6be697acb,ds_aa8808303afa,1465af7161a9053ca7df7d4d04572789911a5480,e41f63ef47ea066f14e5effb41bf9f4b7ebd8d79641604b69a10323837e09474
00874,8,False,B0,0.3446104321,0.09719008264,6,0,207,168,EXP-001,ds_16b6be697acb,ds_aa8808303afa,1465af7161a9053ca7df7d4d04572789911a5480,e41f63ef47ea066f14e5effb41bf9f4b7ebd8d79641604b69a10323837e09474
00875,8,False,B0,0.3446104321,0.09719008264,6,0,138,168,EXP-001,ds_16b6be697acb,ds_aa8808303afa,1465af7161a9053ca7df7d4d04572789911a5480,e41f63ef47ea066f14e5effb41bf9f4b7ebd8d79641604b69a10323837e09474
00876,8,False,B0,0.3446104321,0.09719008264,6,0,142,168,EXP-001,ds_16b6be697acb,ds_aa8808303afa,1465af7161a9053ca7df7d4d04572789911a5480,e41f63ef47ea066f14e5effb41bf9f4b7ebd8d79641604b69a10323837e09474
00877,8,False,B0,0.3446104321,0.09719008264,6,0,141,168,EXP-001,ds_16b6be697acb,ds_aa8808303afa,1465af7161a9053ca7df7d4d04572789911a5480,e41f63ef47ea066f14e5effb41bf9f4b7ebd8d79641604b69a10323837e09474
00878,8,False,B0,0.3446104321,0.09719008264,6,0,223,168,EXP-001,ds_16b6be697acb,ds_aa8808303afa,1465af7161a9053ca7df7d4d04572789911a5480,e41f63ef47ea066f14e5effb41bf9f4b7ebd8d79641604b69a10323837e09474
00879,8,False,B0,0.3446104321,0.09719008264,6,0,191,168,EXP-001,ds_16b6be697acb,ds_aa8808303afa,1465af7161a9053ca7df7d4d04572789911a5480,e41f63ef47ea066f14e5effb41bf9f4b7ebd8d79641604b69a10323837e09474
00880,8,False,B0,0.3446104321,0.09719008264,6,0,142,168,EXP-001,ds_16b6be697acb,ds_aa8808303afa,1465af7161a9053ca7df7d4d04572789911a5480,e41f63ef47ea066f14e5effb41bf9f4b7ebd8d79641604b69a10323837e09474
00881,8,False,B0,0.3446104321,0.09719008264,6,0,173,168,EXP-001,ds_16b6be697acb,ds_aa8808303afa,1465af7161a9053ca7df7d4d04572789911a5480,e41f63ef47ea066f14e5effb41bf9f4b7ebd8d79641604b69a10323837e09474
00882,8,False,B0,0.3446104321,0.09719008264,6,0,225,168,EXP-001,ds_16b6be697acb,ds_aa8808303afa,1465af7161a9053ca7df7d4d04572789911a5480,e41f63ef47ea066f14e5effb41bf9f4b7ebd8d79641604b69a10323837e09474
00883,8,False,B0,0.3446104321,0.09719008264,6,0,160,168,EXP-001,ds_16b6be697acb,ds_aa8808303afa,1465af7161a9053ca7df7d4d04572789911a5480,e41f63ef47ea066f14e5effb41bf9f4b7ebd8d79641604b69a10323837e09474
00884,8,False,B0,0.3446104321,0.09719008264,6,0,118,168,EXP-001,ds_16b6be697acb,ds_aa8808303afa,1465af7161a9053ca7df7d4d04572789911a5480,e41f63ef47ea066f14e5effb41bf9f4b7ebd8d79641604b69a10323837e09474
00885,8,False,B0,0.3446104321,0.09719008264,6,0,153,168,EXP-001,ds_16b6be697acb,ds_aa8808303afa,1465af7161a9053ca7df7d4d04572789911a5480,e41f63ef47ea066f14e5effb41bf9f4b7ebd8d79641604b69a10323837e09474
00886,8,False,B0,0.3446104321,0.09719008264,6,0,195,168,EXP-001,ds_16b6be697acb,ds_aa8808303afa,1465af7161a9053ca7df7d4d04572789911a5480,e41f63ef47ea066f14e5effb41bf9f4b7ebd8d79641604b69a10323837e09474
00887,8,False,B0,0.3446104321,0.09719008264,6,0,195,168,EXP-001,ds_16b6be697acb,ds_aa8808303afa,1465af7161a9053ca7df7d4d04572789911a5480,e41f63ef47ea066f14e5effb41bf9f4b7ebd8d79641604b69a10323837e09474
00888,8,False,B0,0.3446104321,0.09719008264,6,0,159,168,EXP-001,ds_16b6be697acb,ds_aa8808303afa,1465af7161a9053ca7df7d4d04572789911a5480,e41f63ef47ea066f14e5effb41bf9f4b7ebd8d79641604b69a10323837e09474
00889,8,False,B0,0.3446104321,0.09719008264,6,0,224,168,EXP-001,ds_16b6be697acb,ds_aa8808303afa,1465af7161a9053ca7df7d4d04572789911a5480,e41f63ef47ea066f14e5effb41bf9f4b7ebd8d79641604b69a10323837e09474
00890,8,False,B0,0.3446104321,0.09719008264,6,0,162,168,EXP-001,ds_16b6be697acb,ds_aa8808303afa,1465af7161a9053ca7df7d4d04572789911a5480,e41f63ef47ea066f14e5effb41bf9f4b7ebd8d79641604b69a10323837e09474
00891,8,False,B0,0.3446104321,0.09719008264,6,0,160,168,EXP-001,ds_16b6be697acb,ds_aa8808303afa,1465af7161a9053ca7df7d4d04572789911a5480,e41f63ef47ea066f14e5effb41bf9f4b7ebd8d79641604b69a10323837e09474
00892,8,False,B0,0.3446104321,0.09719008264,6,0,186,168,EXP-001,ds_16b6be697acb,ds_aa8808303afa,1465af7161a9053ca7df7d4d04572789911a5480,e41f63ef47ea066f14e5effb41bf9f4b7ebd8d79641604b69a10323837e09474
00893,8,False,B0,0.3446104321,0.09719008264,6,0,155,168,EXP-001,ds_16b6be697acb,ds_aa8808303afa,1465af7161a9053ca7df7d4d04572789911a5480,e41f63ef47ea066f14e5effb41bf9f4b7ebd8d79641604b69a10323837e09474
00894,8,False,B0,0.3446104321,0.09719008264,6,0,175,168,EXP-001,ds_16b6be697acb,ds_aa8808303afa,1465af7161a9053ca7df7d4d04572789911a5480,e41f63ef47ea066f14e5effb41bf9f4b7ebd8d79641604b69a10323837e09474
00895,8,False,B0,0.3446104321,0.09719008264,6,0,156,168,EXP-001,ds_16b6be697acb,ds_aa8808303afa,1465af7161a9053ca7df7d4d04572789911a5480,e41f63ef47ea066f14e5effb41bf9f4b7ebd8d79641604b69a10323837e09474
00896,8,False,B0,0.3446104321,0.09719008264,6,0,156,168,EXP-001,ds_16b6be697acb,ds_aa8808303afa,1465af7161a9053ca7df7d4d04572789911a5480,e41f63ef47ea066f14e5effb41bf9f4b7ebd8d79641604b69a10323837e09474
00897,8,False,B0,0.3446104321,0.09719008264,6,0,100,168,EXP-001,ds_16b6be697acb,ds_aa8808303afa,1465af7161a9053ca7df7d4d04572789911a5480,e41f63ef47ea066f14e5effb41bf9f4b7ebd8d79641604b69a10323837e09474
00898,8,False,B0,0.3446104321,0.09719008264,6,0,152,168,EXP-001,ds_16b6be697acb,ds_aa8808303afa,1465af7161a9053ca7df7d4d04572789911a5480,e41f63ef47ea066f14e5effb41bf9f4b7ebd8d79641604b69a10323837e09474
00899,8,False,B0,0.3446104321,0.09719008264,6,0,215,168,EXP-001,ds_16b6be697acb,ds_aa8808303afa,1465af7161a9053ca7df7d4d04572789911a5480,e41f63ef47ea066f14e5effb41bf9f4b7ebd8d79641604b69a10323837e09474
00900,8,False,B0,0.3446104321,0.09719008264,6,0,137,168,EXP-001,ds_16b6be697acb,ds_aa8808303afa,1465af7161a9053ca7df7d4d04572789911a5480,e41f63ef47ea066f14e5effb41bf9f4b7ebd8d79641604b69a10323837e09474
00901,9,False,B0,0.3446104321,0.09719008264,6,0,188,168,EXP-001,ds_16b6be697acb,ds_aa8808303afa,1465af7161a9053ca7df7d4d04572789911a5480,e41f63ef47ea066f14e5effb41bf9f4b7ebd8d79641604b69a10323837e09474
00902,9,False,B0,0.3446104321,0.09719008264,6,0,177,168,EXP-001,ds_16b6be697acb,ds_aa8808303afa,1465af7161a9053ca7df7d4d04572789911a5480,e41f63ef47ea066f14e5effb41bf9f4b7ebd8d79641604b69a10323837e09474
00903,9,False,B0,0.3446104321,0.09719008264,6,0,250,168,EXP-001,ds_16b6be697acb,ds_aa8808303afa,1465af7161a9053ca7df7d4d04572789911a5480,e41f63ef47ea066f14e5effb41bf9f4b7ebd8d79641604b69a10323837e09474
00904,9,False,B0,0.3446104321,0.09719008264,6,0,156,168,EXP-001,ds_16b6be697acb,ds_aa8808303afa,1465af7161a9053ca7df7d4d04572789911a5480,e41f63ef47ea066f14e5effb41bf9f4b7ebd8d79641604b69a10323837e09474
00905,9,False,B0,0.3446104321,0.09719008264,6,0,172,168,EXP-001,ds_16b6be697acb,ds_aa8808303afa,1465af7161a9053ca7df7d4d04572789911a5480,e41f63ef47ea066f14e5effb41bf9f4b7ebd8d79641604b69a10323837e09474
00906,9,False,B0,0.3446104321,0.09719008264,6,0,157,168,EXP-001,ds_16b6be697acb,ds_aa8808303afa,1465af7161a9053ca7df7d4d04572789911a5480,e41f63ef47ea066f14e5effb41bf9f4b7ebd8d79641604b69a10323837e09474
00907,9,False,B0,0.3446104321,0.09719008264,6,0,210,168,EXP-001,ds_16b6be697acb,ds_aa8808303afa,1465af7161a9053ca7df7d4d04572789911a5480,e41f63ef47ea066f14e5effb41bf9f4b7ebd8d79641604b69a10323837e09474
00908,9,False,B0,0.3446104321,0.09719008264,6,0,133,168,EXP-001,ds_16b6be697acb,ds_aa8808303afa,1465af7161a9053ca7df7d4d04572789911a5480,e41f63ef47ea066f14e5effb41bf9f4b7ebd8d79641604b69a10323837e09474
00909,9,False,B0,0.3446104321,0.09719008264,6,0,224,168,EXP-001,ds_16b6be697acb,ds_aa8808303afa,1465af7161a9053ca7df7d4d04572789911a5480,e41f63ef47ea066f14e5effb41bf9f4b7ebd8d79641604b69a10323837e09474
00910,9,False,B0,0.3446104321,0.09719008264,6,0,136,168,EXP-001,ds_16b6be697acb,ds_aa8808303afa,1465af7161a9053ca7df7d4d04572789911a5480,e41f63ef47ea066f14e5effb41bf9f4b7ebd8d79641604b69a10323837e09474
00911,9,False,B0,0.3446104321,0.09719008264,6,0,159,168,EXP-001,ds_16b6be697acb,ds_aa8808303afa,1465af7161a9053ca7df7d4d04572789911a5480,e41f63ef47ea066f14e5effb41bf9f4b7ebd8d79641604b69a10323837e09474
00912,9,False,B0,0.3446104321,0.09719008264,6,0,150,168,EXP-001,ds_16b6be697acb,ds_aa8808303afa,1465af7161a9053ca7df7d4d04572789911a5480,e41f63ef47ea066f14e5effb41bf9f4b7ebd8d79641604b69a10323837e09474
00913,9,False,B0,0.3446104321,0.09719008264,6,0,138,168,EXP-001,ds_16b6be697acb,ds_aa8808303afa,1465af7161a9053ca7df7d4d04572789911a5480,e41f63ef47ea066f14e5effb41bf9f4b7ebd8d79641604b69a10323837e09474
00914,9,False,B0,0.3446104321,0.09719008264,6,0,243,168,EXP-001,ds_16b6be697acb,ds_aa8808303afa,1465af7161a9053ca7df7d4d04572789911a5480,e41f63ef47ea066f14e5effb41bf9f4b7ebd8d79641604b69a10323837e09474
00915,9,False,B0,0.3446104321,0.09719008264,6,0,135,168,EXP-001,ds_16b6be697acb,ds_aa8808303afa,1465af7161a9053ca7df7d4d04572789911a5480,e41f63ef47ea066f14e5effb41bf9f4b7ebd8d79641604b69a10323837e09474
00916,9,False,B0,0.3446104321,0.09719008264,6,0,187,168,EXP-001,ds_16b6be697acb,ds_aa8808303afa,1465af7161a9053ca7df7d4d04572789911a5480,e41f63ef47ea066f14e5effb41bf9f4b7ebd8d79641604b69a10323837e09474
00917,9,False,B0,0.3446104321,0.09719008264,6,0,216,168,EXP-001,ds_16b6be697acb,ds_aa8808303afa,1465af7161a9053ca7df7d4d04572789911a5480,e41f63ef47ea066f14e5effb41bf9f4b7ebd8d79641604b69a10323837e09474
00918,9,False,B0,0.3446104321,0.09719008264,6,0,174,168,EXP-001,ds_16b6be697acb,ds_aa8808303afa,1465af7161a9053ca7df7d4d04572789911a5480,e41f63ef47ea066f14e5effb41bf9f4b7ebd8d79641604b69a10323837e09474
00919,9,False,B0,0.3446104321,0.09719008264,6,0,166,168,EXP-001,ds_16b6be697acb,ds_aa8808303afa,1465af7161a9053ca7df7d4d04572789911a5480,e41f63ef47ea066f14e5effb41bf9f4b7ebd8d79641604b69a10323837e09474
00920,9,False,B0,0.3446104321,0.09719008264,6,0,120,168,EXP-001,ds_16b6be697acb,ds_aa8808303afa,1465af7161a9053ca7df7d4d04572789911a5480,e41f63ef47ea066f14e5effb41bf9f4b7ebd8d79641604b69a10323837e09474
00921,9,False,B0,0.3446104321,0.09719008264,6,0,116,168,EXP-001,ds_16b6be697acb,ds_aa8808303afa,1465af7161a9053ca7df7d4d04572789911a5480,e41f63ef47ea066f14e5effb41bf9f4b7ebd8d79641604b69a10323837e09474
00922,9,False,B0,0.3446104321,0.09719008264,6,0,164,168,EXP-001,ds_16b6be697acb,ds_aa8808303afa,1465af7161a9053ca7df7d4d04572789911a5480,e41f63ef47ea066f14e5effb41bf9f4b7ebd8d79641604b69a10323837e09474
00923,9,False,B0,0.3446104321,0.09719008264,6,0,176,168,EXP-001,ds_16b6be697acb,ds_aa8808303afa,1465af7161a9053ca7df7d4d04572789911a5480,e41f63ef47ea066f14e5effb41bf9f4b7ebd8d79641604b69a10323837e09474
00924,9,False,B0,0.3446104321,0.09719008264,6,0,142,168,EXP-001,ds_16b6be697acb,ds_aa8808303afa,1465af7161a9053ca7df7d4d04572789911a5480,e41f63ef47ea066f14e5effb41bf9f4b7ebd8d79641604b69a10323837e09474
00925,9,False,B0,0.3446104321,0.09719008264,6,0,227,168,EXP-001,ds_16b6be697acb,ds_aa8808303afa,1465af7161a9053ca7df7d4d04572789911a5480,e41f63ef47ea066f14e5effb41bf9f4b7ebd8d79641604b69a10323837e09474
00926,9,False,B0,0.3446104321,0.09719008264,6,0,200,168,EXP-001,ds_16b6be697acb,ds_aa8808303afa,1465af7161a9053ca7df7d4d04572789911a5480,e41f63ef47ea066f14e5effb41bf9f4b7ebd8d79641604b69a10323837e09474
00927,9,False,B0,0.3446104321,0.09719008264,6,0,138,168,EXP-001,ds_16b6be697acb,ds_aa8808303afa,1465af7161a9053ca7df7d4d04572789911a5480,e41f63ef47ea066f14e5effb41bf9f4b7ebd8d79641604b69a10323837e09474
00928,9,False,B0,0.3446104321,0.09719008264,6,0,182,168,EXP-001,ds_16b6be697acb,ds_aa8808303afa,1465af7161a9053ca7df7d4d04572789911a5480,e41f63ef47ea066f14e5effb41bf9f4b7ebd8d79641604b69a10323837e09474
00929,9,False,B0,0.3446104321,0.09719008264,6,0,194,168,EXP-001,ds_16b6be697acb,ds_aa8808303afa,1465af7161a9053ca7df7d4d04572789911a5480,e41f63ef47ea066f14e5effb41bf9f4b7ebd8d79641604b69a10323837e09474
00930,9,False,B0,0.3446104321,0.09719008264,6,0,228,168,EXP-001,ds_16b6be697acb,ds_aa8808303afa,1465af7161a9053ca7df7d4d04572789911a5480,e41f63ef47ea066f14e5effb41bf9f4b7ebd8d79641604b69a10323837e09474
00931,9,False,B0,0.3446104321,0.09719008264,6,0,160,168,EXP-001,ds_16b6be697acb,ds_aa8808303afa,1465af7161a9053ca7df7d4d04572789911a5480,e41f63ef47ea066f14e5effb41bf9f4b7ebd8d79641604b69a10323837e09474
00932,9,False,B0,0.3446104321,0.09719008264,6,0,254,168,EXP-001,ds_16b6be697acb,ds_aa8808303afa,1465af7161a9053ca7df7d4d04572789911a5480,e41f63ef47ea066f14e5effb41bf9f4b7ebd8d79641604b69a10323837e09474
00933,9,False,B0,0.3446104321,0.09719008264,6,0,224,168,EXP-001,ds_16b6be697acb,ds_aa8808303afa,1465af7161a9053ca7df7d4d04572789911a5480,e41f63ef47ea066f14e5effb41bf9f4b7ebd8d79641604b69a10323837e09474
00934,9,False,B0,0.3446104321,0.09719008264,6,0,193,168,EXP-001,ds_16b6be697acb,ds_aa8808303afa,1465af7161a9053ca7df7d4d04572789911a5480,e41f63ef47ea066f14e5effb41bf9f4b7ebd8d79641604b69a10323837e09474
00935,9,False,B0,0.3446104321,0.09719008264,6,0,218,168,EXP-001,ds_16b6be697acb,ds_aa8808303afa,1465af7161a9053ca7df7d4d04572789911a5480,e41f63ef47ea066f14e5effb41bf9f4b7ebd8d79641604b69a10323837e09474
00936,9,False,B0,0.3446104321,0.09719008264,6,0,170,168,EXP-001,ds_16b6be697acb,ds_aa8808303afa,1465af7161a9053ca7df7d4d04572789911a5480,e41f63ef47ea066f14e5effb41bf9f4b7ebd8d79641604b69a10323837e09474
00937,9,False,B0,0.3446104321,0.09719008264,6,0,205,168,EXP-001,ds_16b6be697acb,ds_aa8808303afa,1465af7161a9053ca7df7d4d04572789911a5480,e41f63ef47ea066f14e5effb41bf9f4b7ebd8d79641604b69a10323837e09474
00938,9,False,B0,0.3446104321,0.09719008264,6,0,147,168,EXP-001,ds_16b6be697acb,ds_aa8808303afa,1465af7161a9053ca7df7d4d04572789911a5480,e41f63ef47ea066f14e5effb41bf9f4b7ebd8d79641604b69a10323837e09474
00939,9,False,B0,0.3446104321,0.09719008264,6,0,159,168,EXP-001,ds_16b6be697acb,ds_aa8808303afa,1465af7161a9053ca7df7d4d04572789911a5480,e41f63ef47ea066f14e5effb41bf9f4b7ebd8d79641604b69a10323837e09474
00940,9,False,B0,0.3446104321,0.09719008264,6,0,201,168,EXP-001,ds_16b6be697acb,ds_aa8808303afa,1465af7161a9053ca7df7d4d04572789911a5480,e41f63ef47ea066f14e5effb41bf9f4b7ebd8d79641604b69a10323837e09474
00941,9,False,B0,0.3446104321,0.09719008264,6,0,188,168,EXP-001,ds_16b6be697acb,ds_aa8808303afa,1465af7161a9053ca7df7d4d04572789911a5480,e41f63ef47ea066f14e5effb41bf9f4b7ebd8d79641604b69a10323837e09474
00942,9,False,B0,0.3446104321,0.09719008264,6,0,182,168,EXP-001,ds_16b6be697acb,ds_aa8808303afa,1465af7161a9053ca7df7d4d04572789911a5480,e41f63ef47ea066f14e5effb41bf9f4b7ebd8d79641604b69a10323837e09474
00943,9,False,B0,0.3446104321,0.09719008264,6,0,128,168,EXP-001,ds_16b6be697acb,ds_aa8808303afa,1465af7161a9053ca7df7d4d04572789911a5480,e41f63ef47ea066f14e5effb41bf9f4b7ebd8d79641604b69a10323837e09474
00944,9,False,B0,0.3446104321,0.09719008264,6,0,180,168,EXP-001,ds_16b6be697acb,ds_aa8808303afa,1465af7161a9053ca7df7d4d04572789911a5480,e41f63ef47ea066f14e5effb41bf9f4b7ebd8d79641604b69a10323837e09474
00945,9,False,B0,0.3446104321,0.09719008264,6,0,202,168,EXP-001,ds_16b6be697acb,ds_aa8808303afa,1465af7161a9053ca7df7d4d04572789911a5480,e41f63ef47ea066f14e5effb41bf9f4b7ebd8d79641604b69a10323837e09474
00946,9,False,B0,0.3446104321,0.09719008264,6,0,196,168,EXP-001,ds_16b6be697acb,ds_aa8808303afa,1465af7161a9053ca7df7d4d04572789911a5480,e41f63ef47ea066f14e5effb41bf9f4b7ebd8d79641604b69a10323837e09474
00947,9,False,B0,0.3446104321,0.09719008264,6,0,184,168,EXP-001,ds_16b6be697acb,ds_aa8808303afa,1465af7161a9053ca7df7d4d04572789911a5480,e41f63ef47ea066f14e5effb41bf9f4b7ebd8d79641604b69a10323837e09474
00948,9,False,B0,0.3446104321,0.09719008264,6,0,175,168,EXP-001,ds_16b6be697acb,ds_aa8808303afa,1465af7161a9053ca7df7d4d04572789911a5480,e41f63ef47ea066f14e5effb41bf9f4b7ebd8d79641604b69a10323837e09474
00949,9,False,B0,0.3446104321,0.09719008264,6,0,196,168,EXP-001,ds_16b6be697acb,ds_aa8808303afa,1465af7161a9053ca7df7d4d04572789911a5480,e41f63ef47ea066f14e5effb41bf9f4b7ebd8d79641604b69a10323837e09474
00950,9,False,B0,0.3446104321,0.09719008264,6,0,187,168,EXP-001,ds_16b6be697acb,ds_aa8808303afa,1465af7161a9053ca7df7d4d04572789911a5480,e41f63ef47ea066f14e5effb41bf9f4b7ebd8d79641604b69a10323837e09474
00951,10,False,B0,0.3446104321,0.09719008264,6,0,150,168,EXP-001,ds_16b6be697acb,ds_aa8808303afa,1465af7161a9053ca7df7d4d04572789911a5480,e41f63ef47ea066f14e5effb41bf9f4b7ebd8d79641604b69a10323837e09474
00952,10,False,B0,0.3446104321,0.09719008264,6,0,124,168,EXP-001,ds_16b6be697acb,ds_aa8808303afa,1465af7161a9053ca7df7d4d04572789911a5480,e41f63ef47ea066f14e5effb41bf9f4b7ebd8d79641604b69a10323837e09474
00953,10,False,B0,0.3446104321,0.09719008264,6,0,231,168,EXP-001,ds_16b6be697acb,ds_aa8808303afa,1465af7161a9053ca7df7d4d04572789911a5480,e41f63ef47ea066f14e5effb41bf9f4b7ebd8d79641604b69a10323837e09474
00954,10,False,B0,0.3446104321,0.09719008264,6,0,165,168,EXP-001,ds_16b6be697acb,ds_aa8808303afa,1465af7161a9053ca7df7d4d04572789911a5480,e41f63ef47ea066f14e5effb41bf9f4b7ebd8d79641604b69a10323837e09474
00955,10,False,B0,0.3446104321,0.09719008264,6,0,170,168,EXP-001,ds_16b6be697acb,ds_aa8808303afa,1465af7161a9053ca7df7d4d04572789911a5480,e41f63ef47ea066f14e5effb41bf9f4b7ebd8d79641604b69a10323837e09474
00956,10,False,B0,0.3446104321,0.09719008264,6,0,111,168,EXP-001,ds_16b6be697acb,ds_aa8808303afa,1465af7161a9053ca7df7d4d04572789911a5480,e41f63ef47ea066f14e5effb41bf9f4b7ebd8d79641604b69a10323837e09474
00957,10,False,B0,0.3446104321,0.09719008264,6,0,100,168,EXP-001,ds_16b6be697acb,ds_aa8808303afa,1465af7161a9053ca7df7d4d04572789911a5480,e41f63ef47ea066f14e5effb41bf9f4b7ebd8d79641604b69a10323837e09474
00958,10,False,B0,0.3446104321,0.09719008264,6,0,129,168,EXP-001,ds_16b6be697acb,ds_aa8808303afa,1465af7161a9053ca7df7d4d04572789911a5480,e41f63ef47ea066f14e5effb41bf9f4b7ebd8d79641604b69a10323837e09474
00959,10,False,B0,0.3446104321,0.09719008264,6,0,89,168,EXP-001,ds_16b6be697acb,ds_aa8808303afa,1465af7161a9053ca7df7d4d04572789911a5480,e41f63ef47ea066f14e5effb41bf9f4b7ebd8d79641604b69a10323837e09474
00960,10,False,B0,0.3446104321,0.09719008264,6,0,153,168,EXP-001,ds_16b6be697acb,ds_aa8808303afa,1465af7161a9053ca7df7d4d04572789911a5480,e41f63ef47ea066f14e5effb41bf9f4b7ebd8d79641604b69a10323837e09474
00961,10,False,B0,0.3446104321,0.09719008264,6,0,176,168,EXP-001,ds_16b6be697acb,ds_aa8808303afa,1465af7161a9053ca7df7d4d04572789911a5480,e41f63ef47ea066f14e5effb41bf9f4b7ebd8d79641604b69a10323837e09474
00962,10,False,B0,0.3446104321,0.09719008264,6,0,121,168,EXP-001,ds_16b6be697acb,ds_aa8808303afa,1465af7161a9053ca7df7d4d04572789911a5480,e41f63ef47ea066f14e5effb41bf9f4b7ebd8d79641604b69a10323837e09474
00963,10,False,B0,0.3446104321,0.09719008264,6,0,236,168,EXP-001,ds_16b6be697acb,ds_aa8808303afa,1465af7161a9053ca7df7d4d04572789911a5480,e41f63ef47ea066f14e5effb41bf9f4b7ebd8d79641604b69a10323837e09474
00964,10,False,B0,0.3446104321,0.09719008264,6,0,175,168,EXP-001,ds_16b6be697acb,ds_aa8808303afa,1465af7161a9053ca7df7d4d04572789911a5480,e41f63ef47ea066f14e5effb41bf9f4b7ebd8d79641604b69a10323837e09474
00965,10,False,B0,0.3446104321,0.09719008264,6,0,167,168,EXP-001,ds_16b6be697acb,ds_aa8808303afa,1465af7161a9053ca7df7d4d04572789911a5480,e41f63ef47ea066f14e5effb41bf9f4b7ebd8d79641604b69a10323837e09474
00966,10,False,B0,0.3446104321,0.09719008264,6,0,131,168,EXP-001,ds_16b6be697acb,ds_aa8808303afa,1465af7161a9053ca7df7d4d04572789911a5480,e41f63ef47ea066f14e5effb41bf9f4b7ebd8d79641604b69a10323837e09474
00967,10,False,B0,0.3446104321,0.09719008264,6,0,186,168,EXP-001,ds_16b6be697acb,ds_aa8808303afa,1465af7161a9053ca7df7d4d04572789911a5480,e41f63ef47ea066f14e5effb41bf9f4b7ebd8d79641604b69a10323837e09474
00968,10,False,B0,0.3446104321,0.09719008264,6,0,149,168,EXP-001,ds_16b6be697acb,ds_aa8808303afa,1465af7161a9053ca7df7d4d04572789911a5480,e41f63ef47ea066f14e5effb41bf9f4b7ebd8d79641604b69a10323837e09474
00969,10,False,B0,0.3446104321,0.09719008264,6,0,134,168,EXP-001,ds_16b6be697acb,ds_aa8808303afa,1465af7161a9053ca7df7d4d04572789911a5480,e41f63ef47ea066f14e5effb41bf9f4b7ebd8d79641604b69a10323837e09474
00970,10,False,B0,0.3446104321,0.09719008264,6,0,179,168,EXP-001,ds_16b6be697acb,ds_aa8808303afa,1465af7161a9053ca7df7d4d04572789911a5480,e41f63ef47ea066f14e5effb41bf9f4b7ebd8d79641604b69a10323837e09474
00971,10,False,B0,0.3446104321,0.09719008264,6,0,144,168,EXP-001,ds_16b6be697acb,ds_aa8808303afa,1465af7161a9053ca7df7d4d04572789911a5480,e41f63ef47ea066f14e5effb41bf9f4b7ebd8d79641604b69a10323837e09474
00972,10,False,B0,0.3446104321,0.09719008264,6,0,151,168,EXP-001,ds_16b6be697acb,ds_aa8808303afa,1465af7161a9053ca7df7d4d04572789911a5480,e41f63ef47ea066f14e5effb41bf9f4b7ebd8d79641604b69a10323837e09474
00973,10,False,B0,0.3446104321,0.09719008264,6,0,215,168,EXP-001,ds_16b6be697acb,ds_aa8808303afa,1465af7161a9053ca7df7d4d04572789911a5480,e41f63ef47ea066f14e5effb41bf9f4b7ebd8d79641604b69a10323837e09474
00974,10,False,B0,0.3446104321,0.09719008264,6,0,236,168,EXP-001,ds_16b6be697acb,ds_aa8808303afa,1465af7161a9053ca7df7d4d04572789911a5480,e41f63ef47ea066f14e5effb41bf9f4b7ebd8d79641604b69a10323837e09474
00975,10,False,B0,0.3446104321,0.09719008264,6,0,137,168,EXP-001,ds_16b6be697acb,ds_aa8808303afa,1465af7161a9053ca7df7d4d04572789911a5480,e41f63ef47ea066f14e5effb41bf9f4b7ebd8d79641604b69a10323837e09474
00976,10,False,B0,0.3446104321,0.09719008264,6,0,215,168,EXP-001,ds_16b6be697acb,ds_aa8808303afa,1465af7161a9053ca7df7d4d04572789911a5480,e41f63ef47ea066f14e5effb41bf9f4b7ebd8d79641604b69a10323837e09474
00977,10,False,B0,0.3446104321,0.09719008264,6,0,177,168,EXP-001,ds_16b6be697acb,ds_aa8808303afa,1465af7161a9053ca7df7d4d04572789911a5480,e41f63ef47ea066f14e5effb41bf9f4b7ebd8d79641604b69a10323837e09474
00978,10,False,B0,0.3446104321,0.09719008264,6,0,138,168,EXP-001,ds_16b6be697acb,ds_aa8808303afa,1465af7161a9053ca7df7d4d04572789911a5480,e41f63ef47ea066f14e5effb41bf9f4b7ebd8d79641604b69a10323837e09474
00979,10,False,B0,0.3446104321,0.09719008264,6,0,227,168,EXP-001,ds_16b6be697acb,ds_aa8808303afa,1465af7161a9053ca7df7d4d04572789911a5480,e41f63ef47ea066f14e5effb41bf9f4b7ebd8d79641604b69a10323837e09474
00980,10,False,B0,0.3446104321,0.09719008264,6,0,157,168,EXP-001,ds_16b6be697acb,ds_aa8808303afa,1465af7161a9053ca7df7d4d04572789911a5480,e41f63ef47ea066f14e5effb41bf9f4b7ebd8d79641604b69a10323837e09474
00981,10,True,B0,0.3446104321,0.09719008264,6,0,248,168,EXP-001,ds_16b6be697acb,ds_aa8808303afa,1465af7161a9053ca7df7d4d04572789911a5480,e41f63ef47ea066f14e5effb41bf9f4b7ebd8d79641604b69a10323837e09474
00982,10,True,B0,0.3446104321,0.09719008264,6,0,204,168,EXP-001,ds_16b6be697acb,ds_aa8808303afa,1465af7161a9053ca7df7d4d04572789911a5480,e41f63ef47ea066f14e5effb41bf9f4b7ebd8d79641604b69a10323837e09474
00983,10,True,B0,0.3446104321,0.09719008264,6,0,113,168,EXP-001,ds_16b6be697acb,ds_aa8808303afa,1465af7161a9053ca7df7d4d04572789911a5480,e41f63ef47ea066f14e5effb41bf9f4b7ebd8d79641604b69a10323837e09474
00984,10,True,B0,0.3446104321,0.09719008264,6,0,131,168,EXP-001,ds_16b6be697acb,ds_aa8808303afa,1465af7161a9053ca7df7d4d04572789911a5480,e41f63ef47ea066f14e5effb41bf9f4b7ebd8d79641604b69a10323837e09474
00985,10,True,B0,0.3446104321,0.09719008264,6,0,195,168,EXP-001,ds_16b6be697acb,ds_aa8808303afa,1465af7161a9053ca7df7d4d04572789911a5480,e41f63ef47ea066f14e5effb41bf9f4b7ebd8d79641604b69a10323837e09474
00986,10,True,B0,0.3446104321,0.09719008264,6,0,197,168,EXP-001,ds_16b6be697acb,ds_aa8808303afa,1465af7161a9053ca7df7d4d04572789911a5480,e41f63ef47ea066f14e5effb41bf9f4b7ebd8d79641604b69a10323837e09474
00987,10,True,B0,0.3446104321,0.09719008264,6,0,220,168,EXP-001,ds_16b6be697acb,ds_aa8808303afa,1465af7161a9053ca7df7d4d04572789911a5480,e41f63ef47ea066f14e5effb41bf9f4b7ebd8d79641604b69a10323837e09474
00988,10,True,B0,0.3446104321,0.09719008264,6,0,193,168,EXP-001,ds_16b6be697acb,ds_aa8808303afa,1465af7161a9053ca7df7d4d04572789911a5480,e41f63ef47ea066f14e5effb41bf9f4b7ebd8d79641604b69a10323837e09474
00989,10,True,B0,0.3446104321,0.09719008264,6,0,198,168,EXP-001,ds_16b6be697acb,ds_aa8808303afa,1465af7161a9053ca7df7d4d04572789911a5480,e41f63ef47ea066f14e5effb41bf9f4b7ebd8d79641604b69a10323837e09474
00990,10,True,B0,0.3446104321,0.09719008264,6,0,167,168,EXP-001,ds_16b6be697acb,ds_aa8808303afa,1465af7161a9053ca7df7d4d04572789911a5480,e41f63ef47ea066f14e5effb41bf9f4b7ebd8d79641604b69a10323837e09474
00991,10,True,B0,0.3446104321,0.09719008264,6,0,113,168,EXP-001,ds_16b6be697acb,ds_aa8808303afa,1465af7161a9053ca7df7d4d04572789911a5480,e41f63ef47ea066f14e5effb41bf9f4b7ebd8d79641604b69a10323837e09474
00992,10,True,B0,0.3446104321,0.09719008264,6,0,74,168,EXP-001,ds_16b6be697acb,ds_aa8808303afa,1465af7161a9053ca7df7d4d04572789911a5480,e41f63ef47ea066f14e5effb41bf9f4b7ebd8d79641604b69a10323837e09474
00993,10,True,B0,0.3446104321,0.09719008264,6,0,185,168,EXP-001,ds_16b6be697acb,ds_aa8808303afa,1465af7161a9053ca7df7d4d04572789911a5480,e41f63ef47ea066f14e5effb41bf9f4b7ebd8d79641604b69a10323837e09474
00994,10,True,B0,0.3446104321,0.09719008264,6,0,204,168,EXP-001,ds_16b6be697acb,ds_aa8808303afa,1465af7161a9053ca7df7d4d04572789911a5480,e41f63ef47ea066f14e5effb41bf9f4b7ebd8d79641604b69a10323837e09474
00995,10,True,B0,0.3446104321,0.09719008264,6,0,161,168,EXP-001,ds_16b6be697acb,ds_aa8808303afa,1465af7161a9053ca7df7d4d04572789911a5480,e41f63ef47ea066f14e5effb41bf9f4b7ebd8d79641604b69a10323837e09474
00996,10,True,B0,0.3446104321,0.09719008264,6,0,83,168,EXP-001,ds_16b6be697acb,ds_aa8808303afa,1465af7161a9053ca7df7d4d04572789911a5480,e41f63ef47ea066f14e5effb41bf9f4b7ebd8d79641604b69a10323837e09474
00997,10,True,B0,0.3446104321,0.09719008264,6,0,157,168,EXP-001,ds_16b6be697acb,ds_aa8808303afa,1465af7161a9053ca7df7d4d04572789911a5480,e41f63ef47ea066f14e5effb41bf9f4b7ebd8d79641604b69a10323837e09474
00998,10,True,B0,0.3446104321,0.09719008264,6,0,288,168,EXP-001,ds_16b6be697acb,ds_aa8808303afa,1465af7161a9053ca7df7d4d04572789911a5480,e41f63ef47ea066f14e5effb41bf9f4b7ebd8d79641604b69a10323837e09474
00999,10,True,B0,0.3446104321,0.09719008264,6,0,172,168,EXP-001,ds_16b6be697acb,ds_aa8808303afa,1465af7161a9053ca7df7d4d04572789911a5480,e41f63ef47ea066f14e5effb41bf9f4b7ebd8d79641604b69a10323837e09474
01000,10,True,B0,0.3446104321,0.09719008264,6,0,131,168,EXP-001,ds_16b6be697acb,ds_aa8808303afa,1465af7161a9053ca7df7d4d04572789911a5480,e41f63ef47ea066f14e5effb41bf9f4b7ebd8d79641604b69a10323837e09474
01001,11,True,B0,0.3446104321,0.09719008264,6,0,78,168,EXP-001,ds_16b6be697acb,ds_aa8808303afa,1465af7161a9053ca7df7d4d04572789911a5480,e41f63ef47ea066f14e5effb41bf9f4b7ebd8d79641604b69a10323837e09474
01002,11,True,B0,0.3446104321,0.09719008264,6,0,178,168,EXP-001,ds_16b6be697acb,ds_aa8808303afa,1465af7161a9053ca7df7d4d04572789911a5480,e41f63ef47ea066f14e5effb41bf9f4b7ebd8d79641604b69a10323837e09474
01003,11,True,B0,0.3446104321,0.09719008264,6,0,177,168,EXP-001,ds_16b6be697acb,ds_aa8808303afa,1465af7161a9053ca7df7d4d04572789911a5480,e41f63ef47ea066f14e5effb41bf9f4b7ebd8d79641604b69a10323837e09474
01004,11,True,B0,0.3446104321,0.09719008264,6,0,157,168,EXP-001,ds_16b6be697acb,ds_aa8808303afa,1465af7161a9053ca7df7d4d04572789911a5480,e41f63ef47ea066f14e5effb41bf9f4b7ebd8d79641604b69a10323837e09474
01005,11,True,B0,0.3446104321,0.09719008264,6,0,220,168,EXP-001,ds_16b6be697acb,ds_aa8808303afa,1465af7161a9053ca7df7d4d04572789911a5480,e41f63ef47ea066f14e5effb41bf9f4b7ebd8d79641604b69a10323837e09474
01006,11,True,B0,0.3446104321,0.09719008264,6,0,177,168,EXP-001,ds_16b6be697acb,ds_aa8808303afa,1465af7161a9053ca7df7d4d04572789911a5480,e41f63ef47ea066f14e5effb41bf9f4b7ebd8d79641604b69a10323837e09474
01007,11,True,B0,0.3446104321,0.09719008264,6,0,128,168,EXP-001,ds_16b6be697acb,ds_aa8808303afa,1465af7161a9053ca7df7d4d04572789911a5480,e41f63ef47ea066f14e5effb41bf9f4b7ebd8d79641604b69a10323837e09474
01008,11,True,B0,0.3446104321,0.09719008264,6,0,193,168,EXP-001,ds_16b6be697acb,ds_aa8808303afa,1465af7161a9053ca7df7d4d04572789911a5480,e41f63ef47ea066f14e5effb41bf9f4b7ebd8d79641604b69a10323837e09474
01009,11,True,B0,0.3446104321,0.09719008264,6,0,228,168,EXP-001,ds_16b6be697acb,ds_aa8808303afa,1465af7161a9053ca7df7d4d04572789911a5480,e41f63ef47ea066f14e5effb41bf9f4b7ebd8d79641604b69a10323837e09474
01010,11,True,B0,0.3446104321,0.09719008264,6,0,216,168,EXP-001,ds_16b6be697acb,ds_aa8808303afa,1465af7161a9053ca7df7d4d04572789911a5480,e41f63ef47ea066f14e5effb41bf9f4b7ebd8d79641604b69a10323837e09474
01011,11,True,B0,0.3446104321,0.09719008264,6,0,216,168,EXP-001,ds_16b6be697acb,ds_aa8808303afa,1465af7161a9053ca7df7d4d04572789911a5480,e41f63ef47ea066f14e5effb41bf9f4b7ebd8d79641604b69a10323837e09474
01012,11,True,B0,0.3446104321,0.09719008264,6,0,148,168,EXP-001,ds_16b6be697acb,ds_aa8808303afa,1465af7161a9053ca7df7d4d04572789911a5480,e41f63ef47ea066f14e5effb41bf9f4b7ebd8d79641604b69a10323837e09474
01013,11,True,B0,0.3446104321,0.09719008264,6,0,120,168,EXP-001,ds_16b6be697acb,ds_aa8808303afa,1465af7161a9053ca7df7d4d04572789911a5480,e41f63ef47ea066f14e5effb41bf9f4b7ebd8d79641604b69a10323837e09474
01014,11,True,B0,0.3446104321,0.09719008264,6,0,139,168,EXP-001,ds_16b6be697acb,ds_aa8808303afa,1465af7161a9053ca7df7d4d04572789911a5480,e41f63ef47ea066f14e5effb41bf9f4b7ebd8d79641604b69a10323837e09474
01015,11,True,B0,0.3446104321,0.09719008264,6,0,205,168,EXP-001,ds_16b6be697acb,ds_aa8808303afa,1465af7161a9053ca7df7d4d04572789911a5480,e41f63ef47ea066f14e5effb41bf9f4b7ebd8d79641604b69a10323837e09474
01016,11,True,B0,0.3446104321,0.09719008264,6,0,154,168,EXP-001,ds_16b6be697acb,ds_aa8808303afa,1465af7161a9053ca7df7d4d04572789911a5480,e41f63ef47ea066f14e5effb41bf9f4b7ebd8d79641604b69a10323837e09474
01017,11,True,B0,0.3446104321,0.09719008264,6,0,143,168,EXP-001,ds_16b6be697acb,ds_aa8808303afa,1465af7161a9053ca7df7d4d04572789911a5480,e41f63ef47ea066f14e5effb41bf9f4b7ebd8d79641604b69a10323837e09474
01018,11,True,B0,0.3446104321,0.09719008264,6,0,165,168,EXP-001,ds_16b6be697acb,ds_aa8808303afa,1465af7161a9053ca7df7d4d04572789911a5480,e41f63ef47ea066f14e5effb41bf9f4b7ebd8d79641604b69a10323837e09474
01019,11,True,B0,0.3446104321,0.09719008264,6,0,184,168,EXP-001,ds_16b6be697acb,ds_aa8808303afa,1465af7161a9053ca7df7d4d04572789911a5480,e41f63ef47ea066f14e5effb41bf9f4b7ebd8d79641604b69a10323837e09474
01020,11,True,B0,0.3446104321,0.09719008264,6,0,125,168,EXP-001,ds_16b6be697acb,ds_aa8808303afa,1465af7161a9053ca7df7d4d04572789911a5480,e41f63ef47ea066f14e5effb41bf9f4b7ebd8d79641604b69a10323837e09474
01021,11,True,B0,0.3446104321,0.09719008264,6,0,222,168,EXP-001,ds_16b6be697acb,ds_aa8808303afa,1465af7161a9053ca7df7d4d04572789911a5480,e41f63ef47ea066f14e5effb41bf9f4b7ebd8d79641604b69a10323837e09474
01022,11,True,B0,0.3446104321,0.09719008264,6,0,176,168,EXP-001,ds_16b6be697acb,ds_aa8808303afa,1465af7161a9053ca7df7d4d04572789911a5480,e41f63ef47ea066f14e5effb41bf9f4b7ebd8d79641604b69a10323837e09474
01023,11,True,B0,0.3446104321,0.09719008264,6,0,175,168,EXP-001,ds_16b6be697acb,ds_aa8808303afa,1465af7161a9053ca7df7d4d04572789911a5480,e41f63ef47ea066f14e5effb41bf9f4b7ebd8d79641604b69a10323837e09474
01024,11,True,B0,0.3446104321,0.09719008264,6,0,178,168,EXP-001,ds_16b6be697acb,ds_aa8808303afa,1465af7161a9053ca7df7d4d04572789911a5480,e41f63ef47ea066f14e5effb41bf9f4b7ebd8d79641604b69a10323837e09474
01025,11,True,B0,0.3446104321,0.09719008264,6,0,216,168,EXP-001,ds_16b6be697acb,ds_aa8808303afa,1465af7161a9053ca7df7d4d04572789911a5480,e41f63ef47ea066f14e5effb41bf9f4b7ebd8d79641604b69a10323837e09474
01026,11,True,B0,0.3446104321,0.09719008264,6,0,192,168,EXP-001,ds_16b6be697acb,ds_aa8808303afa,1465af7161a9053ca7df7d4d04572789911a5480,e41f63ef47ea066f14e5effb41bf9f4b7ebd8d79641604b69a10323837e09474
01027,11,True,B0,0.3446104321,0.09719008264,6,0,203,168,EXP-001,ds_16b6be697acb,ds_aa8808303afa,1465af7161a9053ca7df7d4d04572789911a5480,e41f63ef47ea066f14e5effb41bf9f4b7ebd8d79641604b69a10323837e09474
01028,11,True,B0,0.3446104321,0.09719008264,6,0,204,168,EXP-001,ds_16b6be697acb,ds_aa8808303afa,1465af7161a9053ca7df7d4d04572789911a5480,e41f63ef47ea066f14e5effb41bf9f4b7ebd8d79641604b69a10323837e09474
01029,11,True,B0,0.3446104321,0.09719008264,6,0,221,168,EXP-001,ds_16b6be697acb,ds_aa8808303afa,1465af7161a9053ca7df7d4d04572789911a5480,e41f63ef47ea066f14e5effb41bf9f4b7ebd8d79641604b69a10323837e09474
01030,11,True,B0,0.3446104321,0.09719008264,6,0,216,168,EXP-001,ds_16b6be697acb,ds_aa8808303afa,1465af7161a9053ca7df7d4d04572789911a5480,e41f63ef47ea066f14e5effb41bf9f4b7ebd8d79641604b69a10323837e09474
01031,11,True,B0,0.3446104321,0.09719008264,6,0,219,168,EXP-001,ds_16b6be697acb,ds_aa8808303afa,1465af7161a9053ca7df7d4d04572789911a5480,e41f63ef47ea066f14e5effb41bf9f4b7ebd8d79641604b69a10323837e09474
01032,11,True,B0,0.3446104321,0.09719008264,6,0,153,168,EXP-001,ds_16b6be697acb,ds_aa8808303afa,1465af7161a9053ca7df7d4d04572789911a5480,e41f63ef47ea066f14e5effb41bf9f4b7ebd8d79641604b69a10323837e09474
01033,11,True,B0,0.3446104321,0.09719008264,6,0,210,168,EXP-001,ds_16b6be697acb,ds_aa8808303afa,1465af7161a9053ca7df7d4d04572789911a5480,e41f63ef47ea066f14e5effb41bf9f4b7ebd8d79641604b69a10323837e09474
01034,11,True,B0,0.3446104321,0.09719008264,6,0,194,168,EXP-001,ds_16b6be697acb,ds_aa8808303afa,1465af7161a9053ca7df7d4d04572789911a5480,e41f63ef47ea066f14e5effb41bf9f4b7ebd8d79641604b69a10323837e09474
01035,11,True,B0,0.3446104321,0.09719008264,6,0,211,168,EXP-001,ds_16b6be697acb,ds_aa8808303afa,1465af7161a9053ca7df7d4d04572789911a5480,e41f63ef47ea066f14e5effb41bf9f4b7ebd8d79641604b69a10323837e09474
01036,11,True,B0,0.3446104321,0.09719008264,6,0,154,168,EXP-001,ds_16b6be697acb,ds_aa8808303afa,1465af7161a9053ca7df7d4d04572789911a5480,e41f63ef47ea066f14e5effb41bf9f4b7ebd8d79641604b69a10323837e09474
01037,11,True,B0,0.3446104321,0.09719008264,6,0,123,168,EXP-001,ds_16b6be697acb,ds_aa8808303afa,1465af7161a9053ca7df7d4d04572789911a5480,e41f63ef47ea066f14e5effb41bf9f4b7ebd8d79641604b69a10323837e09474
01038,11,True,B0,0.3446104321,0.09719008264,6,0,212,168,EXP-001,ds_16b6be697acb,ds_aa8808303afa,1465af7161a9053ca7df7d4d04572789911a5480,e41f63ef47ea066f14e5effb41bf9f4b7ebd8d79641604b69a10323837e09474
01039,11,True,B0,0.3446104321,0.09719008264,6,0,210,168,EXP-001,ds_16b6be697acb,ds_aa8808303afa,1465af7161a9053ca7df7d4d04572789911a5480,e41f63ef47ea066f14e5effb41bf9f4b7ebd8d79641604b69a10323837e09474
01040,11,True,B0,0.3446104321,0.09719008264,6,0,186,168,EXP-001,ds_16b6be697acb,ds_aa8808303afa,1465af7161a9053ca7df7d4d04572789911a5480,e41f63ef47ea066f14e5effb41bf9f4b7ebd8d79641604b69a10323837e09474
01041,11,True,B0,0.3446104321,0.09719008264,6,0,85,168,EXP-001,ds_16b6be697acb,ds_aa8808303afa,1465af7161a9053ca7df7d4d04572789911a5480,e41f63ef47ea066f14e5effb41bf9f4b7ebd8d79641604b69a10323837e09474
01042,11,True,B0,0.3446104321,0.09719008264,6,0,187,168,EXP-001,ds_16b6be697acb,ds_aa8808303afa,1465af7161a9053ca7df7d4d04572789911a5480,e41f63ef47ea066f14e5effb41bf9f4b7ebd8d79641604b69a10323837e09474
01043,11,True,B0,0.3446104321,0.09719008264,6,0,52,168,EXP-001,ds_16b6be697acb,ds_aa8808303afa,1465af7161a9053ca7df7d4d04572789911a5480,e41f63ef47ea066f14e5effb41bf9f4b7ebd8d79641604b69a10323837e09474
01044,11,True,B0,0.3446104321,0.09719008264,6,0,219,168,EXP-001,ds_16b6be697acb,ds_aa8808303afa,1465af7161a9053ca7df7d4d04572789911a5480,e41f63ef47ea066f14e5effb41bf9f4b7ebd8d79641604b69a10323837e09474
01045,11,True,B0,0.3446104321,0.09719008264,6,0,172,168,EXP-001,ds_16b6be697acb,ds_aa8808303afa,1465af7161a9053ca7df7d4d04572789911a5480,e41f63ef47ea066f14e5effb41bf9f4b7ebd8d79641604b69a10323837e09474
01046,11,True,B0,0.3446104321,0.09719008264,6,0,151,168,EXP-001,ds_16b6be697acb,ds_aa8808303afa,1465af7161a9053ca7df7d4d04572789911a5480,e41f63ef47ea066f14e5effb41bf9f4b7ebd8d79641604b69a10323837e09474
01047,11,True,B0,0.3446104321,0.09719008264,6,0,239,168,EXP-001,ds_16b6be697acb,ds_aa8808303afa,1465af7161a9053ca7df7d4d04572789911a5480,e41f63ef47ea066f14e5effb41bf9f4b7ebd8d79641604b69a10323837e09474
01048,11,True,B0,0.3446104321,0.09719008264,6,0,126,168,EXP-001,ds_16b6be697acb,ds_aa8808303afa,1465af7161a9053ca7df7d4d04572789911a5480,e41f63ef47ea066f14e5effb41bf9f4b7ebd8d79641604b69a10323837e09474
01049,11,True,B0,0.3446104321,0.09719008264,6,0,188,168,EXP-001,ds_16b6be697acb,ds_aa8808303afa,1465af7161a9053ca7df7d4d04572789911a5480,e41f63ef47ea066f14e5effb41bf9f4b7ebd8d79641604b69a10323837e09474
01050,11,True,B0,0.3446104321,0.09719008264,6,0,172,168,EXP-001,ds_16b6be697acb,ds_aa8808303afa,1465af7161a9053ca7df7d4d04572789911a5480,e41f63ef47ea066f14e5effb41bf9f4b7ebd8d79641604b69a10323837e09474
01051,12,True,B0,0.3446104321,0.09719008264,6,0,191,168,EXP-001,ds_16b6be697acb,ds_aa8808303afa,1465af7161a9053ca7df7d4d04572789911a5480,e41f63ef47ea066f14e5effb41bf9f4b7ebd8d79641604b69a10323837e09474
01052,12,True,B0,0.3446104321,0.09719008264,6,0,73,168,EXP-001,ds_16b6be697acb,ds_aa8808303afa,1465af7161a9053ca7df7d4d04572789911a5480,e41f63ef47ea066f14e5effb41bf9f4b7ebd8d79641604b69a10323837e09474
01053,12,True,B0,0.3446104321,0.09719008264,6,0,180,168,EXP-001,ds_16b6be697acb,ds_aa8808303afa,1465af7161a9053ca7df7d4d04572789911a5480,e41f63ef47ea066f14e5effb41bf9f4b7ebd8d79641604b69a10323837e09474
01054,12,True,B0,0.3446104321,0.09719008264,6,0,186,168,EXP-001,ds_16b6be697acb,ds_aa8808303afa,1465af7161a9053ca7df7d4d04572789911a5480,e41f63ef47ea066f14e5effb41bf9f4b7ebd8d79641604b69a10323837e09474
01055,12,True,B0,0.3446104321,0.09719008264,6,0,224,168,EXP-001,ds_16b6be697acb,ds_aa8808303afa,1465af7161a9053ca7df7d4d04572789911a5480,e41f63ef47ea066f14e5effb41bf9f4b7ebd8d79641604b69a10323837e09474
01056,12,True,B0,0.3446104321,0.09719008264,6,0,153,168,EXP-001,ds_16b6be697acb,ds_aa8808303afa,1465af7161a9053ca7df7d4d04572789911a5480,e41f63ef47ea066f14e5effb41bf9f4b7ebd8d79641604b69a10323837e09474
01057,12,True,B0,0.3446104321,0.09719008264,6,0,132,168,EXP-001,ds_16b6be697acb,ds_aa8808303afa,1465af7161a9053ca7df7d4d04572789911a5480,e41f63ef47ea066f14e5effb41bf9f4b7ebd8d79641604b69a10323837e09474
01058,12,True,B0,0.3446104321,0.09719008264,6,0,137,168,EXP-001,ds_16b6be697acb,ds_aa8808303afa,1465af7161a9053ca7df7d4d04572789911a5480,e41f63ef47ea066f14e5effb41bf9f4b7ebd8d79641604b69a10323837e09474
01059,12,True,B0,0.3446104321,0.09719008264,6,0,80,168,EXP-001,ds_16b6be697acb,ds_aa8808303afa,1465af7161a9053ca7df7d4d04572789911a5480,e41f63ef47ea066f14e5effb41bf9f4b7ebd8d79641604b69a10323837e09474
01060,12,True,B0,0.3446104321,0.09719008264,6,0,156,168,EXP-001,ds_16b6be697acb,ds_aa8808303afa,1465af7161a9053ca7df7d4d04572789911a5480,e41f63ef47ea066f14e5effb41bf9f4b7ebd8d79641604b69a10323837e09474
01061,12,True,B0,0.3446104321,0.09719008264,6,0,220,168,EXP-001,ds_16b6be697acb,ds_aa8808303afa,1465af7161a9053ca7df7d4d04572789911a5480,e41f63ef47ea066f14e5effb41bf9f4b7ebd8d79641604b69a10323837e09474
01062,12,True,B0,0.3446104321,0.09719008264,6,0,168,168,EXP-001,ds_16b6be697acb,ds_aa8808303afa,1465af7161a9053ca7df7d4d04572789911a5480,e41f63ef47ea066f14e5effb41bf9f4b7ebd8d79641604b69a10323837e09474
01063,12,True,B0,0.3446104321,0.09719008264,6,0,206,168,EXP-001,ds_16b6be697acb,ds_aa8808303afa,1465af7161a9053ca7df7d4d04572789911a5480,e41f63ef47ea066f14e5effb41bf9f4b7ebd8d79641604b69a10323837e09474
01064,12,True,B0,0.3446104321,0.09719008264,6,0,264,168,EXP-001,ds_16b6be697acb,ds_aa8808303afa,1465af7161a9053ca7df7d4d04572789911a5480,e41f63ef47ea066f14e5effb41bf9f4b7ebd8d79641604b69a10323837e09474
01065,12,True,B0,0.3446104321,0.09719008264,6,0,148,168,EXP-001,ds_16b6be697acb,ds_aa8808303afa,1465af7161a9053ca7df7d4d04572789911a5480,e41f63ef47ea066f14e5effb41bf9f4b7ebd8d79641604b69a10323837e09474
01066,12,True,B0,0.3446104321,0.09719008264,6,0,182,168,EXP-001,ds_16b6be697acb,ds_aa8808303afa,1465af7161a9053ca7df7d4d04572789911a5480,e41f63ef47ea066f14e5effb41bf9f4b7ebd8d79641604b69a10323837e09474
01067,12,True,B0,0.3446104321,0.09719008264,6,0,142,168,EXP-001,ds_16b6be697acb,ds_aa8808303afa,1465af7161a9053ca7df7d4d04572789911a5480,e41f63ef47ea066f14e5effb41bf9f4b7ebd8d79641604b69a10323837e09474
01068,12,True,B0,0.3446104321,0.09719008264,6,0,203,168,EXP-001,ds_16b6be697acb,ds_aa8808303afa,1465af7161a9053ca7df7d4d04572789911a5480,e41f63ef47ea066f14e5effb41bf9f4b7ebd8d79641604b69a10323837e09474
01069,12,True,B0,0.3446104321,0.09719008264,6,0,184,168,EXP-001,ds_16b6be697acb,ds_aa8808303afa,1465af7161a9053ca7df7d4d04572789911a5480,e41f63ef47ea066f14e5effb41bf9f4b7ebd8d79641604b69a10323837e09474
01070,12,True,B0,0.3446104321,0.09719008264,6,0,255,168,EXP-001,ds_16b6be697acb,ds_aa8808303afa,1465af7161a9053ca7df7d4d04572789911a5480,e41f63ef47ea066f14e5effb41bf9f4b7ebd8d79641604b69a10323837e09474
01071,12,True,B0,0.3446104321,0.09719008264,6,0,192,168,EXP-001,ds_16b6be697acb,ds_aa8808303afa,1465af7161a9053ca7df7d4d04572789911a5480,e41f63ef47ea066f14e5effb41bf9f4b7ebd8d79641604b69a10323837e09474
01072,12,True,B0,0.3446104321,0.09719008264,6,0,205,168,EXP-001,ds_16b6be697acb,ds_aa8808303afa,1465af7161a9053ca7df7d4d04572789911a5480,e41f63ef47ea066f14e5effb41bf9f4b7ebd8d79641604b69a10323837e09474
01073,12,True,B0,0.3446104321,0.09719008264,6,0,214,168,EXP-001,ds_16b6be697acb,ds_aa8808303afa,1465af7161a9053ca7df7d4d04572789911a5480,e41f63ef47ea066f14e5effb41bf9f4b7ebd8d79641604b69a10323837e09474
01074,12,True,B0,0.3446104321,0.09719008264,6,0,151,168,EXP-001,ds_16b6be697acb,ds_aa8808303afa,1465af7161a9053ca7df7d4d04572789911a5480,e41f63ef47ea066f14e5effb41bf9f4b7ebd8d79641604b69a10323837e09474
01075,12,True,B0,0.3446104321,0.09719008264,6,0,189,168,EXP-001,ds_16b6be697acb,ds_aa8808303afa,1465af7161a9053ca7df7d4d04572789911a5480,e41f63ef47ea066f14e5effb41bf9f4b7ebd8d79641604b69a10323837e09474
01076,12,True,B0,0.3446104321,0.09719008264,6,0,165,168,EXP-001,ds_16b6be697acb,ds_aa8808303afa,1465af7161a9053ca7df7d4d04572789911a5480,e41f63ef47ea066f14e5effb41bf9f4b7ebd8d79641604b69a10323837e09474
01077,12,True,B0,0.3446104321,0.09719008264,6,0,168,168,EXP-001,ds_16b6be697acb,ds_aa8808303afa,1465af7161a9053ca7df7d4d04572789911a5480,e41f63ef47ea066f14e5effb41bf9f4b7ebd8d79641604b69a10323837e09474
01078,12,True,B0,0.3446104321,0.09719008264,6,0,105,168,EXP-001,ds_16b6be697acb,ds_aa8808303afa,1465af7161a9053ca7df7d4d04572789911a5480,e41f63ef47ea066f14e5effb41bf9f4b7ebd8d79641604b69a10323837e09474
01079,12,True,B0,0.3446104321,0.09719008264,6,0,156,168,EXP-001,ds_16b6be697acb,ds_aa8808303afa,1465af7161a9053ca7df7d4d04572789911a5480,e41f63ef47ea066f14e5effb41bf9f4b7ebd8d79641604b69a10323837e09474
01080,12,True,B0,0.3446104321,0.09719008264,6,0,162,168,EXP-001,ds_16b6be697acb,ds_aa8808303afa,1465af7161a9053ca7df7d4d04572789911a5480,e41f63ef47ea066f14e5effb41bf9f4b7ebd8d79641604b69a10323837e09474
01081,12,True,B0,0.3446104321,0.09719008264,6,0,228,168,EXP-001,ds_16b6be697acb,ds_aa8808303afa,1465af7161a9053ca7df7d4d04572789911a5480,e41f63ef47ea066f14e5effb41bf9f4b7ebd8d79641604b69a10323837e09474
01082,12,True,B0,0.3446104321,0.09719008264,6,0,129,168,EXP-001,ds_16b6be697acb,ds_aa8808303afa,1465af7161a9053ca7df7d4d04572789911a5480,e41f63ef47ea066f14e5effb41bf9f4b7ebd8d79641604b69a10323837e09474
01083,12,True,B0,0.3446104321,0.09719008264,6,0,167,168,EXP-001,ds_16b6be697acb,ds_aa8808303afa,1465af7161a9053ca7df7d4d04572789911a5480,e41f63ef47ea066f14e5effb41bf9f4b7ebd8d79641604b69a10323837e09474
01084,12,True,B0,0.3446104321,0.09719008264,6,0,174,168,EXP-001,ds_16b6be697acb,ds_aa8808303afa,1465af7161a9053ca7df7d4d04572789911a5480,e41f63ef47ea066f14e5effb41bf9f4b7ebd8d79641604b69a10323837e09474
01085,12,True,B0,0.3446104321,0.09719008264,6,0,207,168,EXP-001,ds_16b6be697acb,ds_aa8808303afa,1465af7161a9053ca7df7d4d04572789911a5480,e41f63ef47ea066f14e5effb41bf9f4b7ebd8d79641604b69a10323837e09474
01086,12,True,B0,0.3446104321,0.09719008264,6,0,164,168,EXP-001,ds_16b6be697acb,ds_aa8808303afa,1465af7161a9053ca7df7d4d04572789911a5480,e41f63ef47ea066f14e5effb41bf9f4b7ebd8d79641604b69a10323837e09474
01087,12,True,B0,0.3446104321,0.09719008264,6,0,176,168,EXP-001,ds_16b6be697acb,ds_aa8808303afa,1465af7161a9053ca7df7d4d04572789911a5480,e41f63ef47ea066f14e5effb41bf9f4b7ebd8d79641604b69a10323837e09474
01088,12,True,B0,0.3446104321,0.09719008264,6,0,222,168,EXP-001,ds_16b6be697acb,ds_aa8808303afa,1465af7161a9053ca7df7d4d04572789911a5480,e41f63ef47ea066f14e5effb41bf9f4b7ebd8d79641604b69a10323837e09474
01089,12,True,B0,0.3446104321,0.09719008264,6,0,158,168,EXP-001,ds_16b6be697acb,ds_aa8808303afa,1465af7161a9053ca7df7d4d04572789911a5480,e41f63ef47ea066f14e5effb41bf9f4b7ebd8d79641604b69a10323837e09474
01090,12,True,B0,0.3446104321,0.09719008264,6,0,123,168,EXP-001,ds_16b6be697acb,ds_aa8808303afa,1465af7161a9053ca7df7d4d04572789911a5480,e41f63ef47ea066f14e5effb41bf9f4b7ebd8d79641604b69a10323837e09474
01091,12,True,B0,0.3446104321,0.09719008264,6,0,90,168,EXP-001,ds_16b6be697acb,ds_aa8808303afa,1465af7161a9053ca7df7d4d04572789911a5480,e41f63ef47ea066f14e5effb41bf9f4b7ebd8d79641604b69a10323837e09474
01092,12,True,B0,0.3446104321,0.09719008264,6,0,179,168,EXP-001,ds_16b6be697acb,ds_aa8808303afa,1465af7161a9053ca7df7d4d04572789911a5480,e41f63ef47ea066f14e5effb41bf9f4b7ebd8d79641604b69a10323837e09474
01093,12,True,B0,0.3446104321,0.09719008264,6,0,147,168,EXP-001,ds_16b6be697acb,ds_aa8808303afa,1465af7161a9053ca7df7d4d04572789911a5480,e41f63ef47ea066f14e5effb41bf9f4b7ebd8d79641604b69a10323837e09474
01094,12,True,B0,0.3446104321,0.09719008264,6,0,171,168,EXP-001,ds_16b6be697acb,ds_aa8808303afa,1465af7161a9053ca7df7d4d04572789911a5480,e41f63ef47ea066f14e5effb41bf9f4b7ebd8d79641604b69a10323837e09474
01095,12,True,B0,0.3446104321,0.09719008264,6,0,208,168,EXP-001,ds_16b6be697acb,ds_aa8808303afa,1465af7161a9053ca7df7d4d04572789911a5480,e41f63ef47ea066f14e5effb41bf9f4b7ebd8d79641604b69a10323837e09474
01096,12,True,B0,0.3446104321,0.09719008264,6,0,158,168,EXP-001,ds_16b6be697acb,ds_aa8808303afa,1465af7161a9053ca7df7d4d04572789911a5480,e41f63ef47ea066f14e5effb41bf9f4b7ebd8d79641604b69a10323837e09474
01097,12,True,B0,0.3446104321,0.09719008264,6,0,139,168,EXP-001,ds_16b6be697acb,ds_aa8808303afa,1465af7161a9053ca7df7d4d04572789911a5480,e41f63ef47ea066f14e5effb41bf9f4b7ebd8d79641604b69a10323837e09474
01098,12,True,B0,0.3446104321,0.09719008264,6,0,120,168,EXP-001,ds_16b6be697acb,ds_aa8808303afa,1465af7161a9053ca7df7d4d04572789911a5480,e41f63ef47ea066f14e5effb41bf9f4b7ebd8d79641604b69a10323837e09474
01099,12,True,B0,0.3446104321,0.09719008264,6,0,237,168,EXP-001,ds_16b6be697acb,ds_aa8808303afa,1465af7161a9053ca7df7d4d04572789911a5480,e41f63ef47ea066f14e5effb41bf9f4b7ebd8d79641604b69a10323837e09474
01100,12,True,B0,0.3446104321,0.09719008264,6,0,210,168,EXP-001,ds_16b6be697acb,ds_aa8808303afa,1465af7161a9053ca7df7d4d04572789911a5480,e41f63ef47ea066f14e5effb41bf9f4b7ebd8d79641604b69a10323837e09474
01101,13,True,B0,0.3446104321,0.09719008264,6,0,145,168,EXP-001,ds_16b6be697acb,ds_aa8808303afa,1465af7161a9053ca7df7d4d04572789911a5480,e41f63ef47ea066f14e5effb41bf9f4b7ebd8d79641604b69a10323837e09474
01102,13,True,B0,0.3446104321,0.09719008264,6,0,195,168,EXP-001,ds_16b6be697acb,ds_aa8808303afa,1465af7161a9053ca7df7d4d04572789911a5480,e41f63ef47ea066f14e5effb41bf9f4b7ebd8d79641604b69a10323837e09474
01103,13,True,B0,0.3446104321,0.09719008264,6,0,159,168,EXP-001,ds_16b6be697acb,ds_aa8808303afa,1465af7161a9053ca7df7d4d04572789911a5480,e41f63ef47ea066f14e5effb41bf9f4b7ebd8d79641604b69a10323837e09474
01104,13,True,B0,0.3446104321,0.09719008264,6,0,191,168,EXP-001,ds_16b6be697acb,ds_aa8808303afa,1465af7161a9053ca7df7d4d04572789911a5480,e41f63ef47ea066f14e5effb41bf9f4b7ebd8d79641604b69a10323837e09474
01105,13,True,B0,0.3446104321,0.09719008264,6,0,169,168,EXP-001,ds_16b6be697acb,ds_aa8808303afa,1465af7161a9053ca7df7d4d04572789911a5480,e41f63ef47ea066f14e5effb41bf9f4b7ebd8d79641604b69a10323837e09474
01106,13,True,B0,0.3446104321,0.09719008264,6,0,176,168,EXP-001,ds_16b6be697acb,ds_aa8808303afa,1465af7161a9053ca7df7d4d04572789911a5480,e41f63ef47ea066f14e5effb41bf9f4b7ebd8d79641604b69a10323837e09474
01107,13,True,B0,0.3446104321,0.09719008264,6,0,131,168,EXP-001,ds_16b6be697acb,ds_aa8808303afa,1465af7161a9053ca7df7d4d04572789911a5480,e41f63ef47ea066f14e5effb41bf9f4b7ebd8d79641604b69a10323837e09474
01108,13,True,B0,0.3446104321,0.09719008264,6,0,138,168,EXP-001,ds_16b6be697acb,ds_aa8808303afa,1465af7161a9053ca7df7d4d04572789911a5480,e41f63ef47ea066f14e5effb41bf9f4b7ebd8d79641604b69a10323837e09474
01109,13,True,B0,0.3446104321,0.09719008264,6,0,225,168,EXP-001,ds_16b6be697acb,ds_aa8808303afa,1465af7161a9053ca7df7d4d04572789911a5480,e41f63ef47ea066f14e5effb41bf9f4b7ebd8d79641604b69a10323837e09474
01110,13,True,B0,0.3446104321,0.09719008264,6,0,188,168,EXP-001,ds_16b6be697acb,ds_aa8808303afa,1465af7161a9053ca7df7d4d04572789911a5480,e41f63ef47ea066f14e5effb41bf9f4b7ebd8d79641604b69a10323837e09474
01111,13,True,B0,0.3446104321,0.09719008264,6,0,160,168,EXP-001,ds_16b6be697acb,ds_aa8808303afa,1465af7161a9053ca7df7d4d04572789911a5480,e41f63ef47ea066f14e5effb41bf9f4b7ebd8d79641604b69a10323837e09474
01112,13,True,B0,0.3446104321,0.09719008264,6,0,172,168,EXP-001,ds_16b6be697acb,ds_aa8808303afa,1465af7161a9053ca7df7d4d04572789911a5480,e41f63ef47ea066f14e5effb41bf9f4b7ebd8d79641604b69a10323837e09474
01113,13,True,B0,0.3446104321,0.09719008264,6,0,215,168,EXP-001,ds_16b6be697acb,ds_aa8808303afa,1465af7161a9053ca7df7d4d04572789911a5480,e41f63ef47ea066f14e5effb41bf9f4b7ebd8d79641604b69a10323837e09474
01114,13,True,B0,0.3446104321,0.09719008264,6,0,198,168,EXP-001,ds_16b6be697acb,ds_aa8808303afa,1465af7161a9053ca7df7d4d04572789911a5480,e41f63ef47ea066f14e5effb41bf9f4b7ebd8d79641604b69a10323837e09474
01115,13,True,B0,0.3446104321,0.09719008264,6,0,156,168,EXP-001,ds_16b6be697acb,ds_aa8808303afa,1465af7161a9053ca7df7d4d04572789911a5480,e41f63ef47ea066f14e5effb41bf9f4b7ebd8d79641604b69a10323837e09474
01116,13,True,B0,0.3446104321,0.09719008264,6,0,201,168,EXP-001,ds_16b6be697acb,ds_aa8808303afa,1465af7161a9053ca7df7d4d04572789911a5480,e41f63ef47ea066f14e5effb41bf9f4b7ebd8d79641604b69a10323837e09474
01117,13,True,B0,0.3446104321,0.09719008264,6,0,179,168,EXP-001,ds_16b6be697acb,ds_aa8808303afa,1465af7161a9053ca7df7d4d04572789911a5480,e41f63ef47ea066f14e5effb41bf9f4b7ebd8d79641604b69a10323837e09474
01118,13,True,B0,0.3446104321,0.09719008264,6,0,150,168,EXP-001,ds_16b6be697acb,ds_aa8808303afa,1465af7161a9053ca7df7d4d04572789911a5480,e41f63ef47ea066f14e5effb41bf9f4b7ebd8d79641604b69a10323837e09474
01119,13,True,B0,0.3446104321,0.09719008264,6,0,160,168,EXP-001,ds_16b6be697acb,ds_aa8808303afa,1465af7161a9053ca7df7d4d04572789911a5480,e41f63ef47ea066f14e5effb41bf9f4b7ebd8d79641604b69a10323837e09474
01120,13,True,B0,0.3446104321,0.09719008264,6,0,150,168,EXP-001,ds_16b6be697acb,ds_aa8808303afa,1465af7161a9053ca7df7d4d04572789911a5480,e41f63ef47ea066f14e5effb41bf9f4b7ebd8d79641604b69a10323837e09474
01121,13,True,B0,0.3446104321,0.09719008264,6,0,202,168,EXP-001,ds_16b6be697acb,ds_aa8808303afa,1465af7161a9053ca7df7d4d04572789911a5480,e41f63ef47ea066f14e5effb41bf9f4b7ebd8d79641604b69a10323837e09474
01122,13,True,B0,0.3446104321,0.09719008264,6,0,196,168,EXP-001,ds_16b6be697acb,ds_aa8808303afa,1465af7161a9053ca7df7d4d04572789911a5480,e41f63ef47ea066f14e5effb41bf9f4b7ebd8d79641604b69a10323837e09474
01123,13,True,B0,0.3446104321,0.09719008264,6,0,145,168,EXP-001,ds_16b6be697acb,ds_aa8808303afa,1465af7161a9053ca7df7d4d04572789911a5480,e41f63ef47ea066f14e5effb41bf9f4b7ebd8d79641604b69a10323837e09474
01124,13,True,B0,0.3446104321,0.09719008264,6,0,204,168,EXP-001,ds_16b6be697acb,ds_aa8808303afa,1465af7161a9053ca7df7d4d04572789911a5480,e41f63ef47ea066f14e5effb41bf9f4b7ebd8d79641604b69a10323837e09474
01125,13,True,B0,0.3446104321,0.09719008264,6,0,121,168,EXP-001,ds_16b6be697acb,ds_aa8808303afa,1465af7161a9053ca7df7d4d04572789911a5480,e41f63ef47ea066f14e5effb41bf9f4b7ebd8d79641604b69a10323837e09474
01126,13,True,B0,0.3446104321,0.09719008264,6,0,97,168,EXP-001,ds_16b6be697acb,ds_aa8808303afa,1465af7161a9053ca7df7d4d04572789911a5480,e41f63ef47ea066f14e5effb41bf9f4b7ebd8d79641604b69a10323837e09474
01127,13,True,B0,0.3446104321,0.09719008264,6,0,180,168,EXP-001,ds_16b6be697acb,ds_aa8808303afa,1465af7161a9053ca7df7d4d04572789911a5480,e41f63ef47ea066f14e5effb41bf9f4b7ebd8d79641604b69a10323837e09474
01128,13,True,B0,0.3446104321,0.09719008264,6,0,200,168,EXP-001,ds_16b6be697acb,ds_aa8808303afa,1465af7161a9053ca7df7d4d04572789911a5480,e41f63ef47ea066f14e5effb41bf9f4b7ebd8d79641604b69a10323837e09474
01129,13,True,B0,0.3446104321,0.09719008264,6,0,165,168,EXP-001,ds_16b6be697acb,ds_aa8808303afa,1465af7161a9053ca7df7d4d04572789911a5480,e41f63ef47ea066f14e5effb41bf9f4b7ebd8d79641604b69a10323837e09474
01130,13,True,B0,0.3446104321,0.09719008264,6,0,191,168,EXP-001,ds_16b6be697acb,ds_aa8808303afa,1465af7161a9053ca7df7d4d04572789911a5480,e41f63ef47ea066f14e5effb41bf9f4b7ebd8d79641604b69a10323837e09474
01131,13,True,B0,0.3446104321,0.09719008264,6,0,184,168,EXP-001,ds_16b6be697acb,ds_aa8808303afa,1465af7161a9053ca7df7d4d04572789911a5480,e41f63ef47ea066f14e5effb41bf9f4b7ebd8d79641604b69a10323837e09474
01132,13,True,B0,0.3446104321,0.09719008264,6,0,211,168,EXP-001,ds_16b6be697acb,ds_aa8808303afa,1465af7161a9053ca7df7d4d04572789911a5480,e41f63ef47ea066f14e5effb41bf9f4b7ebd8d79641604b69a10323837e09474
01133,13,True,B0,0.3446104321,0.09719008264,6,0,171,168,EXP-001,ds_16b6be697acb,ds_aa8808303afa,1465af7161a9053ca7df7d4d04572789911a5480,e41f63ef47ea066f14e5effb41bf9f4b7ebd8d79641604b69a10323837e09474
01134,13,True,B0,0.3446104321,0.09719008264,6,0,140,168,EXP-001,ds_16b6be697acb,ds_aa8808303afa,1465af7161a9053ca7df7d4d04572789911a5480,e41f63ef47ea066f14e5effb41bf9f4b7ebd8d79641604b69a10323837e09474
01135,13,True,B0,0.3446104321,0.09719008264,6,0,173,168,EXP-001,ds_16b6be697acb,ds_aa8808303afa,1465af7161a9053ca7df7d4d04572789911a5480,e41f63ef47ea066f14e5effb41bf9f4b7ebd8d79641604b69a10323837e09474
01136,13,True,B0,0.3446104321,0.09719008264,6,0,95,168,EXP-001,ds_16b6be697acb,ds_aa8808303afa,1465af7161a9053ca7df7d4d04572789911a5480,e41f63ef47ea066f14e5effb41bf9f4b7ebd8d79641604b69a10323837e09474
01137,13,True,B0,0.3446104321,0.09719008264,6,0,212,168,EXP-001,ds_16b6be697acb,ds_aa8808303afa,1465af7161a9053ca7df7d4d04572789911a5480,e41f63ef47ea066f14e5effb41bf9f4b7ebd8d79641604b69a10323837e09474
01138,13,True,B0,0.3446104321,0.09719008264,6,0,173,168,EXP-001,ds_16b6be697acb,ds_aa8808303afa,1465af7161a9053ca7df7d4d04572789911a5480,e41f63ef47ea066f14e5effb41bf9f4b7ebd8d79641604b69a10323837e09474
01139,13,True,B0,0.3446104321,0.09719008264,6,0,123,168,EXP-001,ds_16b6be697acb,ds_aa8808303afa,1465af7161a9053ca7df7d4d04572789911a5480,e41f63ef47ea066f14e5effb41bf9f4b7ebd8d79641604b69a10323837e09474
01140,13,True,B0,0.3446104321,0.09719008264,6,0,192,168,EXP-001,ds_16b6be697acb,ds_aa8808303afa,1465af7161a9053ca7df7d4d04572789911a5480,e41f63ef47ea066f14e5effb41bf9f4b7ebd8d79641604b69a10323837e09474
01141,13,True,B0,0.3446104321,0.09719008264,6,0,139,168,EXP-001,ds_16b6be697acb,ds_aa8808303afa,1465af7161a9053ca7df7d4d04572789911a5480,e41f63ef47ea066f14e5effb41bf9f4b7ebd8d79641604b69a10323837e09474
01142,13,True,B0,0.3446104321,0.09719008264,6,0,182,168,EXP-001,ds_16b6be697acb,ds_aa8808303afa,1465af7161a9053ca7df7d4d04572789911a5480,e41f63ef47ea066f14e5effb41bf9f4b7ebd8d79641604b69a10323837e09474
01143,13,True,B0,0.3446104321,0.09719008264,6,0,201,168,EXP-001,ds_16b6be697acb,ds_aa8808303afa,1465af7161a9053ca7df7d4d04572789911a5480,e41f63ef47ea066f14e5effb41bf9f4b7ebd8d79641604b69a10323837e09474
01144,13,True,B0,0.3446104321,0.09719008264,6,0,216,168,EXP-001,ds_16b6be697acb,ds_aa8808303afa,1465af7161a9053ca7df7d4d04572789911a5480,e41f63ef47ea066f14e5effb41bf9f4b7ebd8d79641604b69a10323837e09474
01145,13,True,B0,0.3446104321,0.09719008264,6,0,151,168,EXP-001,ds_16b6be697acb,ds_aa8808303afa,1465af7161a9053ca7df7d4d04572789911a5480,e41f63ef47ea066f14e5effb41bf9f4b7ebd8d79641604b69a10323837e09474
01146,13,True,B0,0.3446104321,0.09719008264,6,0,185,168,EXP-001,ds_16b6be697acb,ds_aa8808303afa,1465af7161a9053ca7df7d4d04572789911a5480,e41f63ef47ea066f14e5effb41bf9f4b7ebd8d79641604b69a10323837e09474
01147,13,True,B0,0.3446104321,0.09719008264,6,0,211,168,EXP-001,ds_16b6be697acb,ds_aa8808303afa,1465af7161a9053ca7df7d4d04572789911a5480,e41f63ef47ea066f14e5effb41bf9f4b7ebd8d79641604b69a10323837e09474
01148,13,True,B0,0.3446104321,0.09719008264,6,0,188,168,EXP-001,ds_16b6be697acb,ds_aa8808303afa,1465af7161a9053ca7df7d4d04572789911a5480,e41f63ef47ea066f14e5effb41bf9f4b7ebd8d79641604b69a10323837e09474
01149,13,True,B0,0.3446104321,0.09719008264,6,0,202,168,EXP-001,ds_16b6be697acb,ds_aa8808303afa,1465af7161a9053ca7df7d4d04572789911a5480,e41f63ef47ea066f14e5effb41bf9f4b7ebd8d79641604b69a10323837e09474
01150,13,True,B0,0.3446104321,0.09719008264,6,0,124,168,EXP-001,ds_16b6be697acb,ds_aa8808303afa,1465af7161a9053ca7df7d4d04572789911a5480,e41f63ef47ea066f14e5effb41bf9f4b7ebd8d79641604b69a10323837e09474
01151,14,True,B0,0.3446104321,0.09719008264,6,0,148,168,EXP-001,ds_16b6be697acb,ds_aa8808303afa,1465af7161a9053ca7df7d4d04572789911a5480,e41f63ef47ea066f14e5effb41bf9f4b7ebd8d79641604b69a10323837e09474
01152,14,True,B0,0.3446104321,0.09719008264,6,0,250,168,EXP-001,ds_16b6be697acb,ds_aa8808303afa,1465af7161a9053ca7df7d4d04572789911a5480,e41f63ef47ea066f14e5effb41bf9f4b7ebd8d79641604b69a10323837e09474
01153,14,True,B0,0.3446104321,0.09719008264,6,0,180,168,EXP-001,ds_16b6be697acb,ds_aa8808303afa,1465af7161a9053ca7df7d4d04572789911a5480,e41f63ef47ea066f14e5effb41bf9f4b7ebd8d79641604b69a10323837e09474
01154,14,True,B0,0.3446104321,0.09719008264,6,0,167,168,EXP-001,ds_16b6be697acb,ds_aa8808303afa,1465af7161a9053ca7df7d4d04572789911a5480,e41f63ef47ea066f14e5effb41bf9f4b7ebd8d79641604b69a10323837e09474
01155,14,True,B0,0.3446104321,0.09719008264,6,0,101,168,EXP-001,ds_16b6be697acb,ds_aa8808303afa,1465af7161a9053ca7df7d4d04572789911a5480,e41f63ef47ea066f14e5effb41bf9f4b7ebd8d79641604b69a10323837e09474
01156,14,True,B0,0.3446104321,0.09719008264,6,0,102,168,EXP-001,ds_16b6be697acb,ds_aa8808303afa,1465af7161a9053ca7df7d4d04572789911a5480,e41f63ef47ea066f14e5effb41bf9f4b7ebd8d79641604b69a10323837e09474
01157,14,True,B0,0.3446104321,0.09719008264,6,0,162,168,EXP-001,ds_16b6be697acb,ds_aa8808303afa,1465af7161a9053ca7df7d4d04572789911a5480,e41f63ef47ea066f14e5effb41bf9f4b7ebd8d79641604b69a10323837e09474
01158,14,True,B0,0.3446104321,0.09719008264,6,0,187,168,EXP-001,ds_16b6be697acb,ds_aa8808303afa,1465af7161a9053ca7df7d4d04572789911a5480,e41f63ef47ea066f14e5effb41bf9f4b7ebd8d79641604b69a10323837e09474
01159,14,True,B0,0.3446104321,0.09719008264,6,0,187,168,EXP-001,ds_16b6be697acb,ds_aa8808303afa,1465af7161a9053ca7df7d4d04572789911a5480,e41f63ef47ea066f14e5effb41bf9f4b7ebd8d79641604b69a10323837e09474
01160,14,True,B0,0.3446104321,0.09719008264,6,0,156,168,EXP-001,ds_16b6be697acb,ds_aa8808303afa,1465af7161a9053ca7df7d4d04572789911a5480,e41f63ef47ea066f14e5effb41bf9f4b7ebd8d79641604b69a10323837e09474
01161,14,True,B0,0.3446104321,0.09719008264,6,0,225,168,EXP-001,ds_16b6be697acb,ds_aa8808303afa,1465af7161a9053ca7df7d4d04572789911a5480,e41f63ef47ea066f14e5effb41bf9f4b7ebd8d79641604b69a10323837e09474
01162,14,True,B0,0.3446104321,0.09719008264,6,0,140,168,EXP-001,ds_16b6be697acb,ds_aa8808303afa,1465af7161a9053ca7df7d4d04572789911a5480,e41f63ef47ea066f14e5effb41bf9f4b7ebd8d79641604b69a10323837e09474
01163,14,True,B0,0.3446104321,0.09719008264,6,0,189,168,EXP-001,ds_16b6be697acb,ds_aa8808303afa,1465af7161a9053ca7df7d4d04572789911a5480,e41f63ef47ea066f14e5effb41bf9f4b7ebd8d79641604b69a10323837e09474
01164,14,True,B0,0.3446104321,0.09719008264,6,0,206,168,EXP-001,ds_16b6be697acb,ds_aa8808303afa,1465af7161a9053ca7df7d4d04572789911a5480,e41f63ef47ea066f14e5effb41bf9f4b7ebd8d79641604b69a10323837e09474
01165,14,True,B0,0.3446104321,0.09719008264,6,0,174,168,EXP-001,ds_16b6be697acb,ds_aa8808303afa,1465af7161a9053ca7df7d4d04572789911a5480,e41f63ef47ea066f14e5effb41bf9f4b7ebd8d79641604b69a10323837e09474
01166,14,True,B0,0.3446104321,0.09719008264,6,0,153,168,EXP-001,ds_16b6be697acb,ds_aa8808303afa,1465af7161a9053ca7df7d4d04572789911a5480,e41f63ef47ea066f14e5effb41bf9f4b7ebd8d79641604b69a10323837e09474
01167,14,True,B0,0.3446104321,0.09719008264,6,0,223,168,EXP-001,ds_16b6be697acb,ds_aa8808303afa,1465af7161a9053ca7df7d4d04572789911a5480,e41f63ef47ea066f14e5effb41bf9f4b7ebd8d79641604b69a10323837e09474
01168,14,True,B0,0.3446104321,0.09719008264,6,0,171,168,EXP-001,ds_16b6be697acb,ds_aa8808303afa,1465af7161a9053ca7df7d4d04572789911a5480,e41f63ef47ea066f14e5effb41bf9f4b7ebd8d79641604b69a10323837e09474
01169,14,True,B0,0.3446104321,0.09719008264,6,0,200,168,EXP-001,ds_16b6be697acb,ds_aa8808303afa,1465af7161a9053ca7df7d4d04572789911a5480,e41f63ef47ea066f14e5effb41bf9f4b7ebd8d79641604b69a10323837e09474
01170,14,True,B0,0.3446104321,0.09719008264,6,0,152,168,EXP-001,ds_16b6be697acb,ds_aa8808303afa,1465af7161a9053ca7df7d4d04572789911a5480,e41f63ef47ea066f14e5effb41bf9f4b7ebd8d79641604b69a10323837e09474
01171,14,True,B0,0.3446104321,0.09719008264,6,0,177,168,EXP-001,ds_16b6be697acb,ds_aa8808303afa,1465af7161a9053ca7df7d4d04572789911a5480,e41f63ef47ea066f14e5effb41bf9f4b7ebd8d79641604b69a10323837e09474
01172,14,True,B0,0.3446104321,0.09719008264,6,0,227,168,EXP-001,ds_16b6be697acb,ds_aa8808303afa,1465af7161a9053ca7df7d4d04572789911a5480,e41f63ef47ea066f14e5effb41bf9f4b7ebd8d79641604b69a10323837e09474
01173,14,True,B0,0.3446104321,0.09719008264,6,0,180,168,EXP-001,ds_16b6be697acb,ds_aa8808303afa,1465af7161a9053ca7df7d4d04572789911a5480,e41f63ef47ea066f14e5effb41bf9f4b7ebd8d79641604b69a10323837e09474
01174,14,True,B0,0.3446104321,0.09719008264,6,0,181,168,EXP-001,ds_16b6be697acb,ds_aa8808303afa,1465af7161a9053ca7df7d4d04572789911a5480,e41f63ef47ea066f14e5effb41bf9f4b7ebd8d79641604b69a10323837e09474
01175,14,True,B0,0.3446104321,0.09719008264,6,0,179,168,EXP-001,ds_16b6be697acb,ds_aa8808303afa,1465af7161a9053ca7df7d4d04572789911a5480,e41f63ef47ea066f14e5effb41bf9f4b7ebd8d79641604b69a10323837e09474
01176,14,True,B0,0.3446104321,0.09719008264,6,0,170,168,EXP-001,ds_16b6be697acb,ds_aa8808303afa,1465af7161a9053ca7df7d4d04572789911a5480,e41f63ef47ea066f14e5effb41bf9f4b7ebd8d79641604b69a10323837e09474
01177,14,True,B0,0.3446104321,0.09719008264,6,0,173,168,EXP-001,ds_16b6be697acb,ds_aa8808303afa,1465af7161a9053ca7df7d4d04572789911a5480,e41f63ef47ea066f14e5effb41bf9f4b7ebd8d79641604b69a10323837e09474
01178,14,True,B0,0.3446104321,0.09719008264,6,0,169,168,EXP-001,ds_16b6be697acb,ds_aa8808303afa,1465af7161a9053ca7df7d4d04572789911a5480,e41f63ef47ea066f14e5effb41bf9f4b7ebd8d79641604b69a10323837e09474
01179,14,True,B0,0.3446104321,0.09719008264,6,0,154,168,EXP-001,ds_16b6be697acb,ds_aa8808303afa,1465af7161a9053ca7df7d4d04572789911a5480,e41f63ef47ea066f14e5effb41bf9f4b7ebd8d79641604b69a10323837e09474
01180,14,True,B0,0.3446104321,0.09719008264,6,0,201,168,EXP-001,ds_16b6be697acb,ds_aa8808303afa,1465af7161a9053ca7df7d4d04572789911a5480,e41f63ef47ea066f14e5effb41bf9f4b7ebd8d79641604b69a10323837e09474
01181,14,True,B0,0.3446104321,0.09719008264,6,0,144,168,EXP-001,ds_16b6be697acb,ds_aa8808303afa,1465af7161a9053ca7df7d4d04572789911a5480,e41f63ef47ea066f14e5effb41bf9f4b7ebd8d79641604b69a10323837e09474
01182,14,True,B0,0.3446104321,0.09719008264,6,0,165,168,EXP-001,ds_16b6be697acb,ds_aa8808303afa,1465af7161a9053ca7df7d4d04572789911a5480,e41f63ef47ea066f14e5effb41bf9f4b7ebd8d79641604b69a10323837e09474
01183,14,True,B0,0.3446104321,0.09719008264,6,0,131,168,EXP-001,ds_16b6be697acb,ds_aa8808303afa,1465af7161a9053ca7df7d4d04572789911a5480,e41f63ef47ea066f14e5effb41bf9f4b7ebd8d79641604b69a10323837e09474
01184,14,True,B0,0.3446104321,0.09719008264,6,0,175,168,EXP-001,ds_16b6be697acb,ds_aa8808303afa,1465af7161a9053ca7df7d4d04572789911a5480,e41f63ef47ea066f14e5effb41bf9f4b7ebd8d79641604b69a10323837e09474
01185,14,True,B0,0.3446104321,0.09719008264,6,0,170,168,EXP-001,ds_16b6be697acb,ds_aa8808303afa,1465af7161a9053ca7df7d4d04572789911a5480,e41f63ef47ea066f14e5effb41bf9f4b7ebd8d79641604b69a10323837e09474
01186,14,True,B0,0.3446104321,0.09719008264,6,0,150,168,EXP-001,ds_16b6be697acb,ds_aa8808303afa,1465af7161a9053ca7df7d4d04572789911a5480,e41f63ef47ea066f14e5effb41bf9f4b7ebd8d79641604b69a10323837e09474
01187,14,True,B0,0.3446104321,0.09719008264,6,0,177,168,EXP-001,ds_16b6be697acb,ds_aa8808303afa,1465af7161a9053ca7df7d4d04572789911a5480,e41f63ef47ea066f14e5effb41bf9f4b7ebd8d79641604b69a10323837e09474
01188,14,True,B0,0.3446104321,0.09719008264,6,0,155,168,EXP-001,ds_16b6be697acb,ds_aa8808303afa,1465af7161a9053ca7df7d4d04572789911a5480,e41f63ef47ea066f14e5effb41bf9f4b7ebd8d79641604b69a10323837e09474
01189,14,True,B0,0.3446104321,0.09719008264,6,0,182,168,EXP-001,ds_16b6be697acb,ds_aa8808303afa,1465af7161a9053ca7df7d4d04572789911a5480,e41f63ef47ea066f14e5effb41bf9f4b7ebd8d79641604b69a10323837e09474
01190,14,True,B0,0.3446104321,0.09719008264,6,0,175,168,EXP-001,ds_16b6be697acb,ds_aa8808303afa,1465af7161a9053ca7df7d4d04572789911a5480,e41f63ef47ea066f14e5effb41bf9f4b7ebd8d79641604b69a10323837e09474
00501,1,False,B1,0.3529265079,0.09878376859,6,0,161,168.8504092,EXP-001,ds_16b6be697acb,ds_aa8808303afa,1465af7161a9053ca7df7d4d04572789911a5480,e41f63ef47ea066f14e5effb41bf9f4b7ebd8d79641604b69a10323837e09474
00502,1,False,B1,0.3448653317,0.09732771804,6,0,157,168.8350212,EXP-001,ds_16b6be697acb,ds_aa8808303afa,1465af7161a9053ca7df7d4d04572789911a5480,e41f63ef47ea066f14e5effb41bf9f4b7ebd8d79641604b69a10323837e09474
00503,1,False,B1,0.3588323675,0.09986396335,6,0,171,168.8118683,EXP-001,ds_16b6be697acb,ds_aa8808303afa,1465af7161a9053ca7df7d4d04572789911a5480,e41f63ef47ea066f14e5effb41bf9f4b7ebd8d79641604b69a10323837e09474
00504,1,False,B1,0.3481276588,0.09784138623,6,0,171,168.8161406,EXP-001,ds_16b6be697acb,ds_aa8808303afa,1465af7161a9053ca7df7d4d04572789911a5480,e41f63ef47ea066f14e5effb41bf9f4b7ebd8d79641604b69a10323837e09474
00505,1,False,B1,0.3422838017,0.09675182116,6,0,161,168.8203962,EXP-001,ds_16b6be697acb,ds_aa8808303afa,1465af7161a9053ca7df7d4d04572789911a5480,e41f63ef47ea066f14e5effb41bf9f4b7ebd8d79641604b69a10323837e09474
00506,1,False,B1,0.3463112102,0.09750741801,6,0,125,168.8051864,EXP-001,ds_16b6be697acb,ds_aa8808303afa,1465af7161a9053ca7df7d4d04572789911a5480,e41f63ef47ea066f14e5effb41bf9f4b7ebd8d79641604b69a10323837e09474
00507,1,False,B1,0.340663801,0.0964939629,6,0,185,168.7201553,EXP-001,ds_16b6be697acb,ds_aa8808303afa,1465af7161a9053ca7df7d4d04572789911a5480,e41f63ef47ea066f14e5effb41bf9f4b7ebd8d79641604b69a10323837e09474
00508,1,False,B1,0.3404803838,0.09640223587,6,0,195,168.7516952,EXP-001,ds_16b6be697acb,ds_aa8808303afa,1465af7161a9053ca7df7d4d04572789911a5480,e41f63ef47ea066f14e5effb41bf9f4b7ebd8d79641604b69a10323837e09474
00509,1,False,B1,0.3488664003,0.09799855637,6,0,129,168.8024492,EXP-001,ds_16b6be697acb,ds_aa8808303afa,1465af7161a9053ca7df7d4d04572789911a5480,e41f63ef47ea066f14e5effb41bf9f4b7ebd8d79641604b69a10323837e09474
00510,1,False,B1,0.3442492817,0.09719960531,6,0,184,168.7256353,EXP-001,ds_16b6be697acb,ds_aa8808303afa,1465af7161a9053ca7df7d4d04572789911a5480,e41f63ef47ea066f14e5effb41bf9f4b7ebd8d79641604b69a10323837e09474
00511,1,False,B1,0.3556814055,0.09927700233,6,0,172,168.7550562,EXP-001,ds_16b6be697acb,ds_aa8808303afa,1465af7161a9053ca7df7d4d04572789911a5480,e41f63ef47ea066f14e5effb41bf9f4b7ebd8d79641604b69a10323837e09474
00512,1,False,B1,0.349366685,0.09812667266,6,0,167,168.7612945,EXP-001,ds_16b6be697acb,ds_aa8808303afa,1465af7161a9053ca7df7d4d04572789911a5480,e41f63ef47ea066f14e5effb41bf9f4b7ebd8d79641604b69a10323837e09474
00513,1,False,B1,0.3370197594,0.09572703623,6,0,202,168.7579149,EXP-001,ds_16b6be697acb,ds_aa8808303afa,1465af7161a9053ca7df7d4d04572789911a5480,e41f63ef47ea066f14e5effb41bf9f4b7ebd8d79641604b69a10323837e09474
00514,1,False,B1,0.340744151,0.09640533269,6,0,172,168.8215768,EXP-001,ds_16b6be697acb,ds_aa8808303afa,1465af7161a9053ca7df7d4d04572789911a5480,e41f63ef47ea066f14e5effb41bf9f4b7ebd8d79641604b69a10323837e09474
00515,1,False,B1,0.3438427232,0.0970102346,6,0,156,168.8276521,EXP-001,ds_16b6be697acb,ds_aa8808303afa,1465af7161a9053ca7df7d4d04572789911a5480,e41f63ef47ea066f14e5effb41bf9f4b7ebd8d79641604b69a10323837e09474
00516,1,False,B1,0.3546872441,0.09906853389,6,0,190,168.8031797,EXP-001,ds_16b6be697acb,ds_aa8808303afa,1465af7161a9053ca7df7d4d04572789911a5480,e41f63ef47ea066f14e5effb41bf9f4b7ebd8d79641604b69a10323837e09474
00517,1,False,B1,0.3419964329,0.0966143463,6,0,186,168.8435417,EXP-001,ds_16b6be697acb,ds_aa8808303afa,1465af7161a9053ca7df7d4d04572789911a5480,e41f63ef47ea066f14e5effb41bf9f4b7ebd8d79641604b69a10323837e09474
00518,1,False,B1,0.3446761545,0.09721500358,6,0,139,168.8761482,EXP-001,ds_16b6be697acb,ds_aa8808303afa,1465af7161a9053ca7df7d4d04572789911a5480,e41f63ef47ea066f14e5effb41bf9f4b7ebd8d79641604b69a10323837e09474
00519,1,False,B1,0.3413435776,0.09663959446,6,0,197,168.8194752,EXP-001,ds_16b6be697acb,ds_aa8808303afa,1465af7161a9053ca7df7d4d04572789911a5480,e41f63ef47ea066f14e5effb41bf9f4b7ebd8d79641604b69a10323837e09474
00520,1,False,B1,0.3446913109,0.09730672919,6,0,193,168.8728305,EXP-001,ds_16b6be697acb,ds_aa8808303afa,1465af7161a9053ca7df7d4d04572789911a5480,e41f63ef47ea066f14e5effb41bf9f4b7ebd8d79641604b69a10323837e09474
00521,1,False,B1,0.3464722093,0.09755777138,6,0,96,168.9184252,EXP-001,ds_16b6be697acb,ds_aa8808303afa,1465af7161a9053ca7df7d4d04572789911a5480,e41f63ef47ea066f14e5effb41bf9f4b7ebd8d79641604b69a10323837e09474
00522,1,False,B1,0.3585307604,0.09979647616,6,0,157,168.7808865,EXP-001,ds_16b6be697acb,ds_aa8808303afa,1465af7161a9053ca7df7d4d04572789911a5480,e41f63ef47ea066f14e5effb41bf9f4b7ebd8d79641604b69a10323837e09474
00523,1,False,B1,0.3463532253,0.09757264826,6,0,155,168.7587072,EXP-001,ds_16b6be697acb,ds_aa8808303afa,1465af7161a9053ca7df7d4d04572789911a5480,e41f63ef47ea066f14e5effb41bf9f4b7ebd8d79641604b69a10323837e09474
00524,1,False,B1,0.3426792639,0.09686463674,6,0,139,168.7328531,EXP-001,ds_16b6be697acb,ds_aa8808303afa,1465af7161a9053ca7df7d4d04572789911a5480,e41f63ef47ea066f14e5effb41bf9f4b7ebd8d79641604b69a10323837e09474
00525,1,False,B1,0.3457804106,0.0974564654,6,0,177,168.6770866,EXP-001,ds_16b6be697acb,ds_aa8808303afa,1465af7161a9053ca7df7d4d04572789911a5480,e41f63ef47ea066f14e5effb41bf9f4b7ebd8d79641604b69a10323837e09474
00526,1,False,B1,0.3443490301,0.09722806625,6,0,176,168.6926677,EXP-001,ds_16b6be697acb,ds_aa8808303afa,1465af7161a9053ca7df7d4d04572789911a5480,e41f63ef47ea066f14e5effb41bf9f4b7ebd8d79641604b69a10323837e09474
00527,1,False,B1,0.336098671,0.09557403285,6,0,202,168.706322,EXP-001,ds_16b6be697acb,ds_aa8808303afa,1465af7161a9053ca7df7d4d04572789911a5480,e41f63ef47ea066f14e5effb41bf9f4b7ebd8d79641604b69a10323837e09474
00528,1,False,B1,0.3464012328,0.09759160971,6,0,187,168.7684178,EXP-001,ds_16b6be697acb,ds_aa8808303afa,1465af7161a9053ca7df7d4d04572789911a5480,e41f63ef47ea066f14e5effb41bf9f4b7ebd8d79641604b69a10323837e09474
00529,1,False,B1,0.3451615815,0.09722859102,6,0,161,168.8023581,EXP-001,ds_16b6be697acb,ds_aa8808303afa,1465af7161a9053ca7df7d4d04572789911a5480,e41f63ef47ea066f14e5effb41bf9f4b7ebd8d79641604b69a10323837e09474
00530,1,False,B1,0.3465298343,0.09754328878,6,0,196,168.78786,EXP-001,ds_16b6be697acb,ds_aa8808303afa,1465af7161a9053ca7df7d4d04572789911a5480,e41f63ef47ea066f14e5effb41bf9f4b7ebd8d79641604b69a10323837e09474
00531,1,False,B1,0.3393736369,0.09623757644,6,0,181,168.8383308,EXP-001,ds_16b6be697acb,ds_aa8808303afa,1465af7161a9053ca7df7d4d04572789911a5480,e41f63ef47ea066f14e5effb41bf9f4b7ebd8d79641604b69a10323837e09474
00532,1,False,B1,0.3447117386,0.09722796657,6,0,223,168.8608454,EXP-001,ds_16b6be697acb,ds_aa8808303afa,1465af7161a9053ca7df7d4d04572789911a5480,e41f63ef47ea066f14e5effb41bf9f4b7ebd8d79641604b69a10323837e09474
00533,1,False,B1,0.3447295059,0.09720494578,6,0,188,168.960887,EXP-001,ds_16b6be697acb,ds_aa8808303afa,1465af7161a9053ca7df7d4d04572789911a5480,e41f63ef47ea066f14e5effb41bf9f4b7ebd8d79641604b69a10323837e09474
00534,1,False,B1,0.3460894943,0.0974503355,6,0,152,168.9960037,EXP-001,ds_16b6be697acb,ds_aa8808303afa,1465af7161a9053ca7df7d4d04572789911a5480,e41f63ef47ea066f14e5effb41bf9f4b7ebd8d79641604b69a10323837e09474
00535,1,False,B1,0.3466974105,0.09762742264,6,0,94,168.9647131,EXP-001,ds_16b6be697acb,ds_aa8808303afa,1465af7161a9053ca7df7d4d04572789911a5480,e41f63ef47ea066f14e5effb41bf9f4b7ebd8d79641604b69a10323837e09474
00536,1,False,B1,0.3482731974,0.09793718238,6,0,178,168.8269525,EXP-001,ds_16b6be697acb,ds_aa8808303afa,1465af7161a9053ca7df7d4d04572789911a5480,e41f63ef47ea066f14e5effb41bf9f4b7ebd8d79641604b69a10323837e09474
00537,1,False,B1,0.3446614644,0.09717800805,6,0,269,168.8437787,EXP-001,ds_16b6be697acb,ds_aa8808303afa,1465af7161a9053ca7df7d4d04572789911a5480,e41f63ef47ea066f14e5effb41bf9f4b7ebd8d79641604b69a10323837e09474
00538,1,False,B1,0.3401373589,0.09622326136,6,0,181,169.027159,EXP-001,ds_16b6be697acb,ds_aa8808303afa,1465af7161a9053ca7df7d4d04572789911a5480,e41f63ef47ea066f14e5effb41bf9f4b7ebd8d79641604b69a10323837e09474
00539,1,False,B1,0.3392256209,0.09620415844,6,0,157,169.0490405,EXP-001,ds_16b6be697acb,ds_aa8808303afa,1465af7161a9053ca7df7d4d04572789911a5480,e41f63ef47ea066f14e5effb41bf9f4b7ebd8d79641604b69a10323837e09474
00540,1,False,B1,0.3375097243,0.09578713846,6,0,135,169.0270599,EXP-001,ds_16b6be697acb,ds_aa8808303afa,1465af7161a9053ca7df7d4d04572789911a5480,e41f63ef47ea066f14e5effb41bf9f4b7ebd8d79641604b69a10323837e09474
00541,1,False,B1,0.3408949149,0.09649806713,6,0,113,168.9650986,EXP-001,ds_16b6be697acb,ds_aa8808303afa,1465af7161a9053ca7df7d4d04572789911a5480,e41f63ef47ea066f14e5effb41bf9f4b7ebd8d79641604b69a10323837e09474
00542,1,False,B1,0.3437893573,0.09713902528,6,0,112,168.8633747,EXP-001,ds_16b6be697acb,ds_aa8808303afa,1465af7161a9053ca7df7d4d04572789911a5480,e41f63ef47ea066f14e5effb41bf9f4b7ebd8d79641604b69a10323837e09474
00543,1,False,B1,0.3465374062,0.09757856897,6,0,112,168.7602056,EXP-001,ds_16b6be697acb,ds_aa8808303afa,1465af7161a9053ca7df7d4d04572789911a5480,e41f63ef47ea066f14e5effb41bf9f4b7ebd8d79641604b69a10323837e09474
00544,1,False,B1,0.3489458625,0.09808158168,6,0,157,168.6574102,EXP-001,ds_16b6be697acb,ds_aa8808303afa,1465af7161a9053ca7df7d4d04572789911a5480,e41f63ef47ea066f14e5effb41bf9f4b7ebd8d79641604b69a10323837e09474
00545,1,False,B1,0.3401093,0.09634680214,6,0,196,168.6363362,EXP-001,ds_16b6be697acb,ds_aa8808303afa,1465af7161a9053ca7df7d4d04572789911a5480,e41f63ef47ea066f14e5effb41bf9f4b7ebd8d79641604b69a10323837e09474
00546,1,False,B1,0.3504784892,0.0982960488,6,0,173,168.6857143,EXP-001,ds_16b6be697acb,ds_aa8808303afa,1465af7161a9053ca7df7d4d04572789911a5480,e41f63ef47ea066f14e5effb41bf9f4b7ebd8d79641604b69a10323837e09474
00547,1,False,B1,0.3396746411,0.09623924378,6,0,243,168.6934854,EXP-001,ds_16b6be697acb,ds_aa8808303afa,1465af7161a9053ca7df7d4d04572789911a5480,e41f63ef47ea066f14e5effb41bf9f4b7ebd8d79641604b69a10323837e09474
00548,1,False,B1,0.3385964659,0.0960896222,6,0,129,168.8270902,EXP-001,ds_16b6be697acb,ds_aa8808303afa,1465af7161a9053ca7df7d4d04572789911a5480,e41f63ef47ea066f14e5effb41bf9f4b7ebd8d79641604b69a10323837e09474
00549,1,False,B1,0.3472441076,0.09776823293,6,0,216,168.7556087,EXP-001,ds_16b6be697acb,ds_aa8808303afa,1465af7161a9053ca7df7d4d04572789911a5480,e41f63ef47ea066f14e5effb41bf9f4b7ebd8d79641604b69a10323837e09474
00550,1,False,B1,0.33908374,0.09618040898,6,0,198,168.8402508,EXP-001,ds_16b6be697acb,ds_aa8808303afa,1465af7161a9053ca7df7d4d04572789911a5480,e41f63ef47ea066f14e5effb41bf9f4b7ebd8d79641604b69a10323837e09474
00551,2,False,B1,0.3485953911,0.09791772204,6,0,133,168.8923994,EXP-001,ds_16b6be697acb,ds_aa8808303afa,1465af7161a9053ca7df7d4d04572789911a5480,e41f63ef47ea066f14e5effb41bf9f4b7ebd8d79641604b69a10323837e09474
00552,2,False,B1,0.3438179265,0.09711402178,6,0,160,168.8283249,EXP-001,ds_16b6be697acb,ds_aa8808303afa,1465af7161a9053ca7df7d4d04572789911a5480,e41f63ef47ea066f14e5effb41bf9f4b7ebd8d79641604b69a10323837e09474
00553,2,False,B1,0.3372223752,0.09573141441,6,0,228,168.8125928,EXP-001,ds_16b6be697acb,ds_aa8808303afa,1465af7161a9053ca7df7d4d04572789911a5480,e41f63ef47ea066f14e5effb41bf9f4b7ebd8d79641604b69a10323837e09474
00554,2,False,B1,0.34912146,0.09810789859,6,0,220,168.9178773,EXP-001,ds_16b6be697acb,ds_aa8808303afa,1465af7161a9053ca7df7d4d04572789911a5480,e41f63ef47ea066f14e5effb41bf9f4b7ebd8d79641604b69a10323837e09474
00555,2,False,B1,0.3483258149,0.09788893265,6,0,150,169.0085824,EXP-001,ds_16b6be697acb,ds_aa8808303afa,1465af7161a9053ca7df7d4d04572789911a5480,e41f63ef47ea066f14e5effb41bf9f4b7ebd8d79641604b69a10323837e09474
00556,2,False,B1,0.34388471,0.097026575,6,0,159,168.9748892,EXP-001,ds_16b6be697acb,ds_aa8808303afa,1465af7161a9053ca7df7d4d04572789911a5480,e41f63ef47ea066f14e5effb41bf9f4b7ebd8d79641604b69a10323837e09474
00557,2,False,B1,0.3431192424,0.0969408889,6,0,167,168.9572398,EXP-001,ds_16b6be697acb,ds_aa8808303afa,1465af7161a9053ca7df7d4d04572789911a5480,e41f63ef47ea066f14e5effb41bf9f4b7ebd8d79641604b69a10323837e09474
00558,2,False,B1,0.3472425684,0.09769061736,6,0,116,168.9537827,EXP-001,ds_16b6be697acb,ds_aa8808303afa,1465af7161a9053ca7df7d4d04572789911a5480,e41f63ef47ea066f14e5effb41bf9f4b7ebd8d79641604b69a10323837e09474
00559,2,False,B1,0.3434084197,0.09702586184,6,0,147,168.8604173,EXP-001,ds_16b6be697acb,ds_aa8808303afa,1465af7161a9053ca7df7d4d04572789911a5480,e41f63ef47ea066f14e5effb41bf9f4b7ebd8d79641604b69a10323837e09474
00560,2,False,B1,0.3461611615,0.09751664445,6,0,181,168.8219419,EXP-001,ds_16b6be697acb,ds_aa8808303afa,1465af7161a9053ca7df7d4d04572789911a5480,e41f63ef47ea066f14e5effb41bf9f4b7ebd8d79641604b69a10323837e09474
00561,2,False,B1,0.3464821411,0.09762150564,6,0,174,168.8433382,EXP-001,ds_16b6be697acb,ds_aa8808303afa,1465af7161a9053ca7df7d4d04572789911a5480,e41f63ef47ea066f14e5effb41bf9f4b7ebd8d79641604b69a10323837e09474
00562,2,False,B1,0.3514820622,0.09849114135,6,0,226,168.8523823,EXP-001,ds_16b6be697acb,ds_aa8808303afa,1465af7161a9053ca7df7d4d04572789911a5480,e41f63ef47ea066f14e5effb41bf9f4b7ebd8d79641604b69a10323837e09474
00563,2,False,B1,0.350176164,0.09821023174,6,0,115,168.9524365,EXP-001,ds_16b6be697acb,ds_aa8808303afa,1465af7161a9053ca7df7d4d04572789911a5480,e41f63ef47ea066f14e5effb41bf9f4b7ebd8d79641604b69a10323837e09474
00564,2,False,B1,0.3553951643,0.09920187907,6,0,132,168.8581416,EXP-001,ds_16b6be697acb,ds_aa8808303afa,1465af7161a9053ca7df7d4d04572789911a5480,e41f63ef47ea066f14e5effb41bf9f4b7ebd8d79641604b69a10323837e09474
00565,2,False,B1,0.3492321203,0.09803126327,6,0,246,168.7938354,EXP-001,ds_16b6be697acb,ds_aa8808303afa,1465af7161a9053ca7df7d4d04572789911a5480,e41f63ef47ea066f14e5effb41bf9f4b7ebd8d79641604b69a10323837e09474
00566,2,False,B1,0.3484008009,0.09794341901,6,0,180,168.9283019,EXP-001,ds_16b6be697acb,ds_aa8808303afa,1465af7161a9053ca7df7d4d04572789911a5480,e41f63ef47ea066f14e5effb41bf9f4b7ebd8d79641604b69a10323837e09474
00567,2,False,B1,0.3471949057,0.0977295866,6,0,152,168.9475514,EXP-001,ds_16b6be697acb,ds_aa8808303afa,1465af7161a9053ca7df7d4d04572789911a5480,e41f63ef47ea066f14e5effb41bf9f4b7ebd8d79641604b69a10323837e09474
00568,2,False,B1,0.3499041598,0.09821110998,6,0,222,168.9181371,EXP-001,ds_16b6be697acb,ds_aa8808303afa,1465af7161a9053ca7df7d4d04572789911a5480,e41f63ef47ea066f14e5effb41bf9f4b7ebd8d79641604b69a10323837e09474
00569,2,False,B1,0.3498918639,0.09818610181,6,0,145,169.0101068,EXP-001,ds_16b6be697acb,ds_aa8808303afa,1465af7161a9053ca7df7d4d04572789911a5480,e41f63ef47ea066f14e5effb41bf9f4b7ebd8d79641604b69a10323837e09474
00570,2,False,B1,0.3478511886,0.09784674918,6,0,100,168.9685788,EXP-001,ds_16b6be697acb,ds_aa8808303afa,1465af7161a9053ca7df7d4d04572789911a5480,e41f63ef47ea066f14e5effb41bf9f4b7ebd8d79641604b69a10323837e09474
00571,2,False,B1,0.3395641148,0.09612785787,6,0,129,168.8494964,EXP-001,ds_16b6be697acb,ds_aa8808303afa,1465af7161a9053ca7df7d4d04572789911a5480,e41f63ef47ea066f14e5effb41bf9f4b7ebd8d79641604b69a10323837e09474
00572,2,False,B1,0.3327199061,0.0948565946,6,0,154,168.7808101,EXP-001,ds_16b6be697acb,ds_aa8808303afa,1465af7161a9053ca7df7d4d04572789911a5480,e41f63ef47ea066f14e5effb41bf9f4b7ebd8d79641604b69a10323837e09474
00573,2,False,B1,0.34304584,0.09684553278,6,0,129,168.7553771,EXP-001,ds_16b6be697acb,ds_aa8808303afa,1465af7161a9053ca7df7d4d04572789911a5480,e41f63ef47ea066f14e5effb41bf9f4b7ebd8d79641604b69a10323837e09474
00574,2,False,B1,0.3426565424,0.09682542423,6,0,226,168.6870885,EXP-001,ds_16b6be697acb,ds_aa8808303afa,1465af7161a9053ca7df7d4d04572789911a5480,e41f63ef47ea066f14e5effb41bf9f4b7ebd8d79641604b69a10323837e09474
00575,2,False,B1,0.3379274417,0.09593244188,6,0,186,168.7853672,EXP-001,ds_16b6be697acb,ds_aa8808303afa,1465af7161a9053ca7df7d4d04572789911a5480,e41f63ef47ea066f14e5effb41bf9f4b7ebd8d79641604b69a10323837e09474
00576,2,False,B1,0.3483426935,0.09790748419,6,0,193,168.8148359,EXP-001,ds_16b6be697acb,ds_aa8808303afa,1465af7161a9053ca7df7d4d04572789911a5480,e41f63ef47ea066f14e5effb41bf9f4b7ebd8d79641604b69a10323837e09474
00577,2,False,B1,0.3411103711,0.09651671893,6,0,199,168.8561663,EXP-001,ds_16b6be697acb,ds_aa8808303afa,1465af7161a9053ca7df7d4d04572789911a5480,e41f63ef47ea066f14e5effb41bf9f4b7ebd8d79641604b69a10323837e09474
00578,2,False,B1,0.3506855367,0.0983589569,6,0,177,168.9075917,EXP-001,ds_16b6be697acb,ds_aa8808303afa,1465af7161a9053ca7df7d4d04572789911a5480,e41f63ef47ea066f14e5effb41bf9f4b7ebd8d79641604b69a10323837e09474
00579,2,False,B1,0.3554874925,0.09913896551,6,0,75,168.9213738,EXP-001,ds_16b6be697acb,ds_aa8808303afa,1465af7161a9053ca7df7d4d04572789911a5480,e41f63ef47ea066f14e5effb41bf9f4b7ebd8d79641604b69a10323837e09474
00580,2,False,B1,0.3498009014,0.09812206093,6,0,152,168.7616889,EXP-001,ds_16b6be697acb,ds_aa8808303afa,1465af7161a9053ca7df7d4d04572789911a5480,e41f63ef47ea066f14e5effb41bf9f4b7ebd8d79641604b69a10323837e09474
00581,2,False,B1,0.3428636743,0.09692516958,6,0,144,168.733239,EXP-001,ds_16b6be697acb,ds_aa8808303afa,1465af7161a9053ca7df7d4d04572789911a5480,e41f63ef47ea066f14e5effb41bf9f4b7ebd8d79641604b69a10323837e09474
00582,2,False,B1,0.3573858125,0.0996161587,6,0,222,168.6913301,EXP-001,ds_16b6be697acb,ds_aa8808303afa,1465af7161a9053ca7df7d4d04572789911a5480,e41f63ef47ea066f14e5effb41bf9f4b7ebd8d79641604b69a10323837e09474
00583,2,False,B1,0.3513738622,0.09847977683,6,0,163,168.7815055,EXP-001,ds_16b6be697acb,ds_aa8808303afa,1465af7161a9053ca7df7d4d04572789911a5480,e41f63ef47ea066f14e5effb41bf9f4b7ebd8d79641604b69a10323837e09474
00584,2,False,B1,0.3400265129,0.09630521616,6,0,136,168.7717422,EXP-001,ds_16b6be697acb,ds_aa8808303afa,1465af7161a9053ca7df7d4d04572789911a5480,e41f63ef47ea066f14e5effb41bf9f4b7ebd8d79641604b69a10323837e09474
00585,2,False,B1,0.3465936033,0.09757468478,6,0,179,168.7164934,EXP-001,ds_16b6be697acb,ds_aa8808303afa,1465af7161a9053ca7df7d4d04572789911a5480,e41f63ef47ea066f14e5effb41bf9f4b7ebd8d79641604b69a10323837e09474
00586,2,False,B1,0.3574944322,0.09957215974,6,0,147,168.7338008,EXP-001,ds_16b6be697acb,ds_aa8808303afa,1465af7161a9053ca7df7d4d04572789911a5480,e41f63ef47ea066f14e5effb41bf9f4b7ebd8d79641604b69a10323837e09474
00587,2,False,B1,0.3465351325,0.09764928396,6,0,130,168.6972837,EXP-001,ds_16b6be697acb,ds_aa8808303afa,1465af7161a9053ca7df7d4d04572789911a5480,e41f63ef47ea066f14e5effb41bf9f4b7ebd8d79641604b69a10323837e09474
00588,2,False,B1,0.3510594202,0.09841989176,6,0,193,168.6323735,EXP-001,ds_16b6be697acb,ds_aa8808303afa,1465af7161a9053ca7df7d4d04572789911a5480,e41f63ef47ea066f14e5effb41bf9f4b7ebd8d79641604b69a10323837e09474
00589,2,False,B1,0.3476182513,0.09772518321,6,0,214,168.6731789,EXP-001,ds_16b6be697acb,ds_aa8808303afa,1465af7161a9053ca7df7d4d04572789911a5480,e41f63ef47ea066f14e5effb41bf9f4b7ebd8d79641604b69a10323837e09474
00590,2,False,B1,0.3433762683,0.09691237282,6,0,181,168.7489551,EXP-001,ds_16b6be697acb,ds_aa8808303afa,1465af7161a9053ca7df7d4d04572789911a5480,e41f63ef47ea066f14e5effb41bf9f4b7ebd8d79641604b69a10323837e09474
00591,2,False,B1,0.3514157516,0.09847055317,6,0,128,168.7694019,EXP-001,ds_16b6be697acb,ds_aa8808303afa,1465af7161a9053ca7df7d4d04572789911a5480,e41f63ef47ea066f14e5effb41bf9f4b7ebd8d79641604b69a10323837e09474
00592,2,False,B1,0.3411716528,0.0965067733,6,0,157,168.7014718,EXP-001,ds_16b6be697acb,ds_aa8808303afa,1465af7161a9053ca7df7d4d04572789911a5480,e41f63ef47ea066f14e5effb41bf9f4b7ebd8d79641604b69a10323837e09474
00593,2,False,B1,0.3378781865,0.09588353316,6,0,219,168.6820072,EXP-001,ds_16b6be697acb,ds_aa8808303afa,1465af7161a9053ca7df7d4d04572789911a5480,e41f63ef47ea066f14e5effb41bf9f4b7ebd8d79641604b69a10323837e09474
00594,2,False,B1,0.351350418,0.09840357148,6,0,97,168.7655688,EXP-001,ds_16b6be697acb,ds_aa8808303afa,1465af7161a9053ca7df7d4d04572789911a5480,e41f63ef47ea066f14e5effb41bf9f4b7ebd8d79641604b69a10323837e09474
00595,2,False,B1,0.3341998058,0.09512344629,6,0,161,168.6465875,EXP-001,ds_16b6be697acb,ds_aa8808303afa,1465af7161a9053ca7df7d4d04572789911a5480,e41f63ef47ea066f14e5effb41bf9f4b7ebd8d79641604b69a10323837e09474
00596,2,False,B1,0.3383187996,0.09589220106,6,0,145,168.633931,EXP-001,ds_16b6be697acb,ds_aa8808303afa,1465af7161a9053ca7df7d4d04572789911a5480,e41f63ef47ea066f14e5effb41bf9f4b7ebd8d79641604b69a10323837e09474
00597,2,False,B1,0.3507870458,0.0983396282,6,0,160,168.5948774,EXP-001,ds_16b6be697acb,ds_aa8808303afa,1465af7161a9053ca7df7d4d04572789911a5480,e41f63ef47ea066f14e5effb41bf9f4b7ebd8d79641604b69a10323837e09474
00598,2,False,B1,0.3428417213,0.09687563131,6,0,178,168.5806984,EXP-001,ds_16b6be697acb,ds_aa8808303afa,1465af7161a9053ca7df7d4d04572789911a5480,e41f63ef47ea066f14e5effb41bf9f4b7ebd8d79641604b69a10323837e09474
00599,2,False,B1,0.3530973556,0.09877274276,6,0,178,168.5962119,EXP-001,ds_16b6be697acb,ds_aa8808303afa,1465af7161a9053ca7df7d4d04572789911a5480,e41f63ef47ea066f14e5effb41bf9f4b7ebd8d79641604b69a10323837e09474
00600,2,False,B1,0.3551525158,0.0992254874,6,0,202,168.6116744,EXP-001,ds_16b6be697acb,ds_aa8808303afa,1465af7161a9053ca7df7d4d04572789911a5480,e41f63ef47ea066f14e5effb41bf9f4b7ebd8d79641604b69a10323837e09474
00601,3,False,B1,0.3428098102,0.09687038197,6,0,167,168.6664843,EXP-001,ds_16b6be697acb,ds_aa8808303afa,1465af7161a9053ca7df7d4d04572789911a5480,e41f63ef47ea066f14e5effb41bf9f4b7ebd8d79641604b69a10323837e09474
00602,3,False,B1,0.3318549111,0.09464604157,6,0,209,168.6637531,EXP-001,ds_16b6be697acb,ds_aa8808303afa,1465af7161a9053ca7df7d4d04572789911a5480,e41f63ef47ea066f14e5effb41bf9f4b7ebd8d79641604b69a10323837e09474
00603,3,False,B1,0.3521393031,0.09867997923,6,0,164,168.7297518,EXP-001,ds_16b6be697acb,ds_aa8808303afa,1465af7161a9053ca7df7d4d04572789911a5480,e41f63ef47ea066f14e5effb41bf9f4b7ebd8d79641604b69a10323837e09474
00604,3,False,B1,0.3439901089,0.09705101311,6,0,138,168.7220256,EXP-001,ds_16b6be697acb,ds_aa8808303afa,1465af7161a9053ca7df7d4d04572789911a5480,e41f63ef47ea066f14e5effb41bf9f4b7ebd8d79641604b69a10323837e09474
00605,3,False,B1,0.3455448097,0.09732776106,6,0,115,168.6719217,EXP-001,ds_16b6be697acb,ds_aa8808303afa,1465af7161a9053ca7df7d4d04572789911a5480,e41f63ef47ea066f14e5effb41bf9f4b7ebd8d79641604b69a10323837e09474
00606,3,False,B1,0.3422682919,0.09677424421,6,0,114,168.5845319,EXP-001,ds_16b6be697acb,ds_aa8808303afa,1465af7161a9053ca7df7d4d04572789911a5480,e41f63ef47ea066f14e5effb41bf9f4b7ebd8d79641604b69a10323837e09474
00607,3,False,B1,0.3465712811,0.09758299726,6,0,77,168.4958006,EXP-001,ds_16b6be697acb,ds_aa8808303afa,1465af7161a9053ca7df7d4d04572789911a5480,e41f63ef47ea066f14e5effb41bf9f4b7ebd8d79641604b69a10323837e09474
00608,3,False,B1,0.3439444432,0.09708946434,6,0,184,168.3473086,EXP-001,ds_16b6be697acb,ds_aa8808303afa,1465af7161a9053ca7df7d4d04572789911a5480,e41f63ef47ea066f14e5effb41bf9f4b7ebd8d79641604b69a10323837e09474
00609,3,False,B1,0.340338743,0.09642156788,6,0,140,168.3726708,EXP-001,ds_16b6be697acb,ds_aa8808303afa,1465af7161a9053ca7df7d4d04572789911a5480,e41f63ef47ea066f14e5effb41bf9f4b7ebd8d79641604b69a10323837e09474
00610,3,False,B1,0.3511643811,0.09840403431,6,0,196,168.3267727,EXP-001,ds_16b6be697acb,ds_aa8808303afa,1465af7161a9053ca7df7d4d04572789911a5480,e41f63ef47ea066f14e5effb41bf9f4b7ebd8d79641604b69a10323837e09474
00611,3,False,B1,0.3468020467,0.09767532164,6,0,96,168.371467,EXP-001,ds_16b6be697acb,ds_aa8808303afa,1465af7161a9053ca7df7d4d04572789911a5480,e41f63ef47ea066f14e5effb41bf9f4b7ebd8d79641604b69a10323837e09474
00612,3,False,B1,0.3392445457,0.09612923805,6,0,203,168.2547702,EXP-001,ds_16b6be697acb,ds_aa8808303afa,1465af7161a9053ca7df7d4d04572789911a5480,e41f63ef47ea066f14e5effb41bf9f4b7ebd8d79641604b69a10323837e09474
00613,3,False,B1,0.3515574176,0.09857139612,6,0,161,168.3107057,EXP-001,ds_16b6be697acb,ds_aa8808303afa,1465af7161a9053ca7df7d4d04572789911a5480,e41f63ef47ea066f14e5effb41bf9f4b7ebd8d79641604b69a10323837e09474
00614,3,False,B1,0.3443468721,0.09714429708,6,0,215,168.2989553,EXP-001,ds_16b6be697acb,ds_aa8808303afa,1465af7161a9053ca7df7d4d04572789911a5480,e41f63ef47ea066f14e5effb41bf9f4b7ebd8d79641604b69a10323837e09474
00615,3,False,B1,0.3500217554,0.09823324263,6,0,120,168.3738968,EXP-001,ds_16b6be697acb,ds_aa8808303afa,1465af7161a9053ca7df7d4d04572789911a5480,e41f63ef47ea066f14e5effb41bf9f4b7ebd8d79641604b69a10323837e09474
00616,3,False,B1,0.3360929204,0.09553008932,6,0,191,168.2963952,EXP-001,ds_16b6be697acb,ds_aa8808303afa,1465af7161a9053ca7df7d4d04572789911a5480,e41f63ef47ea066f14e5effb41bf9f4b7ebd8d79641604b69a10323837e09474
00617,3,False,B1,0.3460542386,0.09755137124,6,0,229,168.3327113,EXP-001,ds_16b6be697acb,ds_aa8808303afa,1465af7161a9053ca7df7d4d04572789911a5480,e41f63ef47ea066f14e5effb41bf9f4b7ebd8d79641604b69a10323837e09474
00618,3,False,B1,0.3492025307,0.09799499166,6,0,130,168.4295981,EXP-001,ds_16b6be697acb,ds_aa8808303afa,1465af7161a9053ca7df7d4d04572789911a5480,e41f63ef47ea066f14e5effb41bf9f4b7ebd8d79641604b69a10323837e09474
00619,3,False,B1,0.3441649739,0.09710293198,6,0,164,168.3683231,EXP-001,ds_16b6be697acb,ds_aa8808303afa,1465af7161a9053ca7df7d4d04572789911a5480,e41f63ef47ea066f14e5effb41bf9f4b7ebd8d79641604b69a10323837e09474
00620,3,False,B1,0.3437467687,0.09702556918,6,0,196,168.3613691,EXP-001,ds_16b6be697acb,ds_aa8808303afa,1465af7161a9053ca7df7d4d04572789911a5480,e41f63ef47ea066f14e5effb41bf9f4b7ebd8d79641604b69a10323837e09474
00621,3,False,B1,0.3510509595,0.09850908038,6,0,200,168.405298,EXP-001,ds_16b6be697acb,ds_aa8808303afa,1465af7161a9053ca7df7d4d04572789911a5480,e41f63ef47ea066f14e5effb41bf9f4b7ebd8d79641604b69a10323837e09474
00622,3,False,B1,0.3466597608,0.09756193121,6,0,152,168.4554351,EXP-001,ds_16b6be697acb,ds_aa8808303afa,1465af7161a9053ca7df7d4d04572789911a5480,e41f63ef47ea066f14e5effb41bf9f4b7ebd8d79641604b69a10323837e09474
00623,3,False,B1,0.3499687495,0.09823245542,6,0,196,168.4293636,EXP-001,ds_16b6be697acb,ds_aa8808303afa,1465af7161a9053ca7df7d4d04572789911a5480,e41f63ef47ea066f14e5effb41bf9f4b7ebd8d79641604b69a10323837e09474
00624,3,False,B1,0.3558188004,0.09924493227,6,0,135,168.4729765,EXP-001,ds_16b6be697acb,ds_aa8808303afa,1465af7161a9053ca7df7d4d04572789911a5480,e41f63ef47ea066f14e5effb41bf9f4b7ebd8d79641604b69a10323837e09474
00625,3,False,B1,0.346604289,0.0976107705,6,0,196,168.4201106,EXP-001,ds_16b6be697acb,ds_aa8808303afa,1465af7161a9053ca7df7d4d04572789911a5480,e41f63ef47ea066f14e5effb41bf9f4b7ebd8d79641604b69a10323837e09474
00626,3,False,B1,0.3461213651,0.09747519619,6,0,193,168.4636005,EXP-001,ds_16b6be697acb,ds_aa8808303afa,1465af7161a9053ca7df7d4d04572789911a5480,e41f63ef47ea066f14e5effb41bf9f4b7ebd8d79641604b69a10323837e09474
00627,3,False,B1,0.3379086212,0.09590899793,6,0,194,168.5022304,EXP-001,ds_16b6be697acb,ds_aa8808303afa,1465af7161a9053ca7df7d4d04572789911a5480,e41f63ef47ea066f14e5effb41bf9f4b7ebd8d79641604b69a10323837e09474
00628,3,False,B1,0.3432240935,0.0968652454,6,0,159,168.5423107,EXP-001,ds_16b6be697acb,ds_aa8808303afa,1465af7161a9053ca7df7d4d04572789911a5480,e41f63ef47ea066f14e5effb41bf9f4b7ebd8d79641604b69a10323837e09474
00629,3,False,B1,0.3463173724,0.09753163831,6,0,144,168.5273346,EXP-001,ds_16b6be697acb,ds_aa8808303afa,1465af7161a9053ca7df7d4d04572789911a5480,e41f63ef47ea066f14e5effb41bf9f4b7ebd8d79641604b69a10323837e09474
00630,3,False,B1,0.3498129506,0.0981948998,6,0,166,168.4889005,EXP-001,ds_16b6be697acb,ds_aa8808303afa,1465af7161a9053ca7df7d4d04572789911a5480,e41f63ef47ea066f14e5effb41bf9f4b7ebd8d79641604b69a10323837e09474
00631,3,False,B1,0.3500721236,0.09822923458,6,0,179,168.4850065,EXP-001,ds_16b6be697acb,ds_aa8808303afa,1465af7161a9053ca7df7d4d04572789911a5480,e41f63ef47ea066f14e5effb41bf9f4b7ebd8d79641604b69a10323837e09474
00632,3,False,B1,0.3478466826,0.09786578444,6,0,187,168.5014319,EXP-001,ds_16b6be697acb,ds_aa8808303afa,1465af7161a9053ca7df7d4d04572789911a5480,e41f63ef47ea066f14e5effb41bf9f4b7ebd8d79641604b69a10323837e09474
00633,3,False,B1,0.3389156188,0.09608616374,6,0,169,168.5302833,EXP-001,ds_16b6be697acb,ds_aa8808303afa,1465af7161a9053ca7df7d4d04572789911a5480,e41f63ef47ea066f14e5effb41bf9f4b7ebd8d79641604b69a10323837e09474
00634,3,False,B1,0.345824753,0.09737268196,6,0,181,168.5310148,EXP-001,ds_16b6be697acb,ds_aa8808303afa,1465af7161a9053ca7df7d4d04572789911a5480,e41f63ef47ea066f14e5effb41bf9f4b7ebd8d79641604b69a10323837e09474
00635,3,False,B1,0.3424040753,0.0967308953,6,0,162,168.5504017,EXP-001,ds_16b6be697acb,ds_aa8808303afa,1465af7161a9053ca7df7d4d04572789911a5480,e41f63ef47ea066f14e5effb41bf9f4b7ebd8d79641604b69a10323837e09474
00636,3,False,B1,0.3379291472,0.09586629299,6,0,182,168.5402329,EXP-001,ds_16b6be697acb,ds_aa8808303afa,1465af7161a9053ca7df7d4d04572789911a5480,e41f63ef47ea066f14e5effb41bf9f4b7ebd8d79641604b69a10323837e09474
00637,3,False,B1,0.3457482132,0.0973729616,6,0,122,168.5610953,EXP-001,ds_16b6be697acb,ds_aa8808303afa,1465af7161a9053ca7df7d4d04572789911a5480,e41f63ef47ea066f14e5effb41bf9f4b7ebd8d79641604b69a10323837e09474
00638,3,False,B1,0.3423889677,0.0967904286,6,0,200,168.4890379,EXP-001,ds_16b6be697acb,ds_aa8808303afa,1465af7161a9053ca7df7d4d04572789911a5480,e41f63ef47ea066f14e5effb41bf9f4b7ebd8d79641604b69a10323837e09474
00639,3,False,B1,0.3542095333,0.09902004334,6,0,91,168.5377286,EXP-001,ds_16b6be697acb,ds_aa8808303afa,1465af7161a9053ca7df7d4d04572789911a5480,e41f63ef47ea066f14e5effb41bf9f4b7ebd8d79641604b69a10323837e09474
00640,3,False,B1,0.3417347048,0.09663895535,6,0,254,168.4181023,EXP-001,ds_16b6be697acb,ds_aa8808303afa,1465af7161a9053ca7df7d4d04572789911a5480,e41f63ef47ea066f14e5effb41bf9f4b7ebd8d79641604b69a10323837e09474
00641,3,False,B1,0.3491648355,0.09807794433,6,0,265,168.5499358,EXP-001,ds_16b6be697acb,ds_aa8808303afa,1465af7161a9053ca7df7d4d04572789911a5480,e41f63ef47ea066f14e5effb41bf9f4b7ebd8d79641604b69a10323837e09474
00642,3,False,B1,0.3441670448,0.09716124856,6,0,143,168.6982825,EXP-001,ds_16b6be697acb,ds_aa8808303afa,1465af7161a9053ca7df7d4d04572789911a5480,e41f63ef47ea066f14e5effb41bf9f4b7ebd8d79641604b69a10323837e09474
00643,3,False,B1,0.3381523681,0.09596955447,6,0,243,168.6588175,EXP-001,ds_16b6be697acb,ds_aa8808303afa,1465af7161a9053ca7df7d4d04572789911a5480,e41f63ef47ea066f14e5effb41bf9f4b7ebd8d79641604b69a10323837e09474
00644,3,False,B1,0.3424180337,0.09679063411,6,0,214,168.7728086,EXP-001,ds_16b6be697acb,ds_aa8808303afa,1465af7161a9053ca7df7d4d04572789911a5480,e41f63ef47ea066f14e5effb41bf9f4b7ebd8d79641604b69a10323837e09474
00645,3,False,B1,0.3409557802,0.09638314186,6,0,210,168.8420515,EXP-001,ds_16b6be697acb,ds_aa8808303afa,1465af7161a9053ca7df7d4d04572789911a5480,e41f63ef47ea066f14e5effb41bf9f4b7ebd8d79641604b69a10323837e09474
00646,3,False,B1,0.340665519,0.09647780659,6,0,196,168.9049682,EXP-001,ds_16b6be697acb,ds_aa8808303afa,1465af7161a9053ca7df7d4d04572789911a5480,e41f63ef47ea066f14e5effb41bf9f4b7ebd8d79641604b69a10323837e09474
00647,3,False,B1,0.3472144034,0.09773759818,6,0,185,168.9463241,EXP-001,ds_16b6be697acb,ds_aa8808303afa,1465af7161a9053ca7df7d4d04572789911a5480,e41f63ef47ea066f14e5effb41bf9f4b7ebd8d79641604b69a10323837e09474
00648,3,False,B1,0.3500539873,0.09821577649,6,0,196,168.9707899,EXP-001,ds_16b6be697acb,ds_aa8808303afa,1465af7161a9053ca7df7d4d04572789911a5480,e41f63ef47ea066f14e5effb41bf9f4b7ebd8d79641604b69a10323837e09474
00649,3,False,B1,0.34785259,0.09780642923,6,0,157,169.0119199,EXP-001,ds_16b6be697acb,ds_aa8808303afa,1465af7161a9053ca7df7d4d04572789911a5480,e41f63ef47ea066f14e5effb41bf9f4b7ebd8d79641604b69a10323837e09474
00650,3,False,B1,0.3492280469,0.09806194523,6,0,142,168.9936693,EXP-001,ds_16b6be697acb,ds_aa8808303afa,1465af7161a9053ca7df7d4d04572789911a5480,e41f63ef47ea066f14e5effb41bf9f4b7ebd8d79641604b69a10323837e09474
00651,4,False,B1,0.3397518583,0.09627515387,6,0,161,168.9527181,EXP-001,ds_16b6be697acb,ds_aa8808303afa,1465af7161a9053ca7df7d4d04572789911a5480,e41f63ef47ea066f14e5effb41bf9f4b7ebd8d79641604b69a10323837e09474
00652,4,False,B1,0.3478511125,0.09785651084,6,0,103,168.9406715,EXP-001,ds_16b6be697acb,ds_aa8808303afa,1465af7161a9053ca7df7d4d04572789911a5480,e41f63ef47ea066f14e5effb41bf9f4b7ebd8d79641604b69a10323837e09474
00653,4,False,B1,0.3462108906,0.09750572387,6,0,163,168.8409377,EXP-001,ds_16b6be697acb,ds_aa8808303afa,1465af7161a9053ca7df7d4d04572789911a5480,e41f63ef47ea066f14e5effb41bf9f4b7ebd8d79641604b69a10323837e09474
00654,4,False,B1,0.3474941655,0.09765077028,6,0,180,168.8321168,EXP-001,ds_16b6be697acb,ds_aa8808303afa,1465af7161a9053ca7df7d4d04572789911a5480,e41f63ef47ea066f14e5effb41bf9f4b7ebd8d79641604b69a10323837e09474
00655,4,False,B1,0.3378569878,0.09587599399,6,0,164,168.848957,EXP-001,ds_16b6be697acb,ds_aa8808303afa,1465af7161a9053ca7df7d4d04572789911a5480,e41f63ef47ea066f14e5effb41bf9f4b7ebd8d79641604b69a10323837e09474
00656,4,False,B1,0.3428448622,0.09679201763,6,0,151,168.8416562,EXP-001,ds_16b6be697acb,ds_aa8808303afa,1465af7161a9053ca7df7d4d04572789911a5480,e41f63ef47ea066f14e5effb41bf9f4b7ebd8d79641604b69a10323837e09474
00657,4,False,B1,0.3429533368,0.09682921628,6,0,181,168.8148334,EXP-001,ds_16b6be697acb,ds_aa8808303afa,1465af7161a9053ca7df7d4d04572789911a5480,e41f63ef47ea066f14e5effb41bf9f4b7ebd8d79641604b69a10323837e09474
00658,4,False,B1,0.3440692518,0.09708459273,6,0,153,168.8331248,EXP-001,ds_16b6be697acb,ds_aa8808303afa,1465af7161a9053ca7df7d4d04572789911a5480,e41f63ef47ea066f14e5effb41bf9f4b7ebd8d79641604b69a10323837e09474
00659,4,False,B1,0.3493987421,0.09815638975,6,0,158,168.809393,EXP-001,ds_16b6be697acb,ds_aa8808303afa,1465af7161a9053ca7df7d4d04572789911a5480,e41f63ef47ea066f14e5effb41bf9f4b7ebd8d79641604b69a10323837e09474
00660,4,False,B1,0.3398964296,0.09628453443,6,0,206,168.7932153,EXP-001,ds_16b6be697acb,ds_aa8808303afa,1465af7161a9053ca7df7d4d04572789911a5480,e41f63ef47ea066f14e5effb41bf9f4b7ebd8d79641604b69a10323837e09474
00661,4,False,B1,0.3497075094,0.09817064193,6,0,134,168.8488169,EXP-001,ds_16b6be697acb,ds_aa8808303afa,1465af7161a9053ca7df7d4d04572789911a5480,e41f63ef47ea066f14e5effb41bf9f4b7ebd8d79641604b69a10323837e09474
00662,4,False,B1,0.3496590359,0.09809492905,6,0,231,168.7968167,EXP-001,ds_16b6be697acb,ds_aa8808303afa,1465af7161a9053ca7df7d4d04572789911a5480,e41f63ef47ea066f14e5effb41bf9f4b7ebd8d79641604b69a10323837e09474
00663,4,False,B1,0.3425418086,0.09682759979,6,0,201,168.8894959,EXP-001,ds_16b6be697acb,ds_aa8808303afa,1465af7161a9053ca7df7d4d04572789911a5480,e41f63ef47ea066f14e5effb41bf9f4b7ebd8d79641604b69a10323837e09474
00664,4,False,B1,0.3484700277,0.09794628573,6,0,130,168.9372675,EXP-001,ds_16b6be697acb,ds_aa8808303afa,1465af7161a9053ca7df7d4d04572789911a5480,e41f63ef47ea066f14e5effb41bf9f4b7ebd8d79641604b69a10323837e09474
00665,4,False,B1,0.337168059,0.0957108245,6,0,152,168.8794256,EXP-001,ds_16b6be697acb,ds_aa8808303afa,1465af7161a9053ca7df7d4d04572789911a5480,e41f63ef47ea066f14e5effb41bf9f4b7ebd8d79641604b69a10323837e09474
00666,4,False,B1,0.3500920753,0.0981779678,6,0,176,168.8543881,EXP-001,ds_16b6be697acb,ds_aa8808303afa,1465af7161a9053ca7df7d4d04572789911a5480,e41f63ef47ea066f14e5effb41bf9f4b7ebd8d79641604b69a10323837e09474
00667,4,False,B1,0.348077434,0.09783349855,6,0,177,168.8649716,EXP-001,ds_16b6be697acb,ds_aa8808303afa,1465af7161a9053ca7df7d4d04572789911a5480,e41f63ef47ea066f14e5effb41bf9f4b7ebd8d79641604b69a10323837e09474
00668,4,False,B1,0.3427702777,0.09673764912,6,0,166,168.8770027,EXP-001,ds_16b6be697acb,ds_aa8808303afa,1465af7161a9053ca7df7d4d04572789911a5480,e41f63ef47ea066f14e5effb41bf9f4b7ebd8d79641604b69a10323837e09474
00669,4,False,B1,0.3472556758,0.09768723986,6,0,126,168.8727541,EXP-001,ds_16b6be697acb,ds_aa8808303afa,1465af7161a9053ca7df7d4d04572789911a5480,e41f63ef47ea066f14e5effb41bf9f4b7ebd8d79641604b69a10323837e09474
00670,4,False,B1,0.3504716105,0.09831090865,6,0,199,168.8095355,EXP-001,ds_16b6be697acb,ds_aa8808303afa,1465af7161a9053ca7df7d4d04572789911a5480,e41f63ef47ea066f14e5effb41bf9f4b7ebd8d79641604b69a10323837e09474
00671,4,False,B1,0.3482191766,0.09791453416,6,0,170,168.8539877,EXP-001,ds_16b6be697acb,ds_aa8808303afa,1465af7161a9053ca7df7d4d04572789911a5480,e41f63ef47ea066f14e5effb41bf9f4b7ebd8d79641604b69a10323837e09474
00672,4,False,B1,0.347166447,0.09773375812,6,0,145,168.8556726,EXP-001,ds_16b6be697acb,ds_aa8808303afa,1465af7161a9053ca7df7d4d04572789911a5480,e41f63ef47ea066f14e5effb41bf9f4b7ebd8d79641604b69a10323837e09474
00673,4,False,B1,0.3415032279,0.09664624369,6,0,228,168.8206508,EXP-001,ds_16b6be697acb,ds_aa8808303afa,1465af7161a9053ca7df7d4d04572789911a5480,e41f63ef47ea066f14e5effb41bf9f4b7ebd8d79641604b69a10323837e09474
00674,4,False,B1,0.3481204195,0.09785567101,6,0,154,168.9074029,EXP-001,ds_16b6be697acb,ds_aa8808303afa,1465af7161a9053ca7df7d4d04572789911a5480,e41f63ef47ea066f14e5effb41bf9f4b7ebd8d79641604b69a10323837e09474
00675,4,False,B1,0.3379755237,0.0959193341,6,0,182,168.8855818,EXP-001,ds_16b6be697acb,ds_aa8808303afa,1465af7161a9053ca7df7d4d04572789911a5480,e41f63ef47ea066f14e5effb41bf9f4b7ebd8d79641604b69a10323837e09474
00676,4,False,B1,0.351667442,0.09856240577,6,0,132,168.9047503,EXP-001,ds_16b6be697acb,ds_aa8808303afa,1465af7161a9053ca7df7d4d04572789911a5480,e41f63ef47ea066f14e5effb41bf9f4b7ebd8d79641604b69a10323837e09474
00677,4,False,B1,0.3441529684,0.09716038583,6,0,137,168.8508879,EXP-001,ds_16b6be697acb,ds_aa8808303afa,1465af7161a9053ca7df7d4d04572789911a5480,e41f63ef47ea066f14e5effb41bf9f4b7ebd8d79641604b69a10323837e09474
00678,4,False,B1,0.3468789584,0.09767232468,6,0,180,168.8044693,EXP-001,ds_16b6be697acb,ds_aa8808303afa,1465af7161a9053ca7df7d4d04572789911a5480,e41f63ef47ea066f14e5effb41bf9f4b7ebd8d79641604b69a10323837e09474
00679,4,False,B1,0.3515610169,0.09855245685,6,0,119,168.8207616,EXP-001,ds_16b6be697acb,ds_aa8808303afa,1465af7161a9053ca7df7d4d04572789911a5480,e41f63ef47ea066f14e5effb41bf9f4b7ebd8d79641604b69a10323837e09474
00680,4,False,B1,0.3444997066,0.09715657688,6,0,173,168.7483652,EXP-001,ds_16b6be697acb,ds_aa8808303afa,1465af7161a9053ca7df7d4d04572789911a5480,e41f63ef47ea066f14e5effb41bf9f4b7ebd8d79641604b69a10323837e09474
00681,4,False,B1,0.3426643068,0.096822063,6,0,159,168.7545345,EXP-001,ds_16b6be697acb,ds_aa8808303afa,1465af7161a9053ca7df7d4d04572789911a5480,e41f63ef47ea066f14e5effb41bf9f4b7ebd8d79641604b69a10323837e09474
00682,4,False,B1,0.3467400138,0.09759545429,6,0,148,168.7404009,EXP-001,ds_16b6be697acb,ds_aa8808303afa,1465af7161a9053ca7df7d4d04572789911a5480,e41f63ef47ea066f14e5effb41bf9f4b7ebd8d79641604b69a10323837e09474
00683,4,False,B1,0.3450145551,0.09726063875,6,0,174,168.7103931,EXP-001,ds_16b6be697acb,ds_aa8808303afa,1465af7161a9053ca7df7d4d04572789911a5480,e41f63ef47ea066f14e5effb41bf9f4b7ebd8d79641604b69a10323837e09474
00684,4,False,B1,0.3390855027,0.09613923407,6,0,161,168.7180352,EXP-001,ds_16b6be697acb,ds_aa8808303afa,1465af7161a9053ca7df7d4d04572789911a5480,e41f63ef47ea066f14e5effb41bf9f4b7ebd8d79641604b69a10323837e09474
00685,4,False,B1,0.3479734003,0.09785552896,6,0,115,168.7069007,EXP-001,ds_16b6be697acb,ds_aa8808303afa,1465af7161a9053ca7df7d4d04572789911a5480,e41f63ef47ea066f14e5effb41bf9f4b7ebd8d79641604b69a10323837e09474
00686,4,False,B1,0.3419235134,0.09673564189,6,0,211,168.6295318,EXP-001,ds_16b6be697acb,ds_aa8808303afa,1465af7161a9053ca7df7d4d04572789911a5480,e41f63ef47ea066f14e5effb41bf9f4b7ebd8d79641604b69a10323837e09474
00687,4,False,B1,0.3453866142,0.09734678985,6,0,153,168.6904819,EXP-001,ds_16b6be697acb,ds_aa8808303afa,1465af7161a9053ca7df7d4d04572789911a5480,e41f63ef47ea066f14e5effb41bf9f4b7ebd8d79641604b69a10323837e09474
00688,4,False,B1,0.348228207,0.09790307106,6,0,131,168.6679435,EXP-001,ds_16b6be697acb,ds_aa8808303afa,1465af7161a9053ca7df7d4d04572789911a5480,e41f63ef47ea066f14e5effb41bf9f4b7ebd8d79641604b69a10323837e09474
00689,4,False,B1,0.3465356055,0.09757025344,6,0,135,168.6139135,EXP-001,ds_16b6be697acb,ds_aa8808303afa,1465af7161a9053ca7df7d4d04572789911a5480,e41f63ef47ea066f14e5effb41bf9f4b7ebd8d79641604b69a10323837e09474
00690,4,False,B1,0.3428939044,0.09687427372,6,0,179,168.5657675,EXP-001,ds_16b6be697acb,ds_aa8808303afa,1465af7161a9053ca7df7d4d04572789911a5480,e41f63ef47ea066f14e5effb41bf9f4b7ebd8d79641604b69a10323837e09474
00691,4,False,B1,0.3431755771,0.09696142814,6,0,205,168.5806913,EXP-001,ds_16b6be697acb,ds_aa8808303afa,1465af7161a9053ca7df7d4d04572789911a5480,e41f63ef47ea066f14e5effb41bf9f4b7ebd8d79641604b69a10323837e09474
00692,4,False,B1,0.3500043565,0.09829466549,6,0,124,168.6327065,EXP-001,ds_16b6be697acb,ds_aa8808303afa,1465af7161a9053ca7df7d4d04572789911a5480,e41f63ef47ea066f14e5effb41bf9f4b7ebd8d79641604b69a10323837e09474
00693,4,False,B1,0.3450164991,0.09734028981,6,0,148,168.5690516,EXP-001,ds_16b6be697acb,ds_aa8808303afa,1465af7161a9053ca7df7d4d04572789911a5480,e41f63ef47ea066f14e5effb41bf9f4b7ebd8d79641604b69a10323837e09474
00694,4,False,B1,0.3437511063,0.09701144254,6,0,185,168.5397579,EXP-001,ds_16b6be697acb,ds_aa8808303afa,1465af7161a9053ca7df7d4d04572789911a5480,e41f63ef47ea066f14e5effb41bf9f4b7ebd8d79641604b69a10323837e09474
00695,4,False,B1,0.3444136115,0.0971494243,6,0,83,168.5631666,EXP-001,ds_16b6be697acb,ds_aa8808303afa,1465af7161a9053ca7df7d4d04572789911a5480,e41f63ef47ea066f14e5effb41bf9f4b7ebd8d79641604b69a10323837e09474
00696,4,False,B1,0.346497964,0.0975966622,6,0,147,168.4416568,EXP-001,ds_16b6be697acb,ds_aa8808303afa,1465af7161a9053ca7df7d4d04572789911a5480,e41f63ef47ea066f14e5effb41bf9f4b7ebd8d79641604b69a10323837e09474
00697,4,False,B1,0.354158276,0.09897021187,6,0,157,168.4112503,EXP-001,ds_16b6be697acb,ds_aa8808303afa,1465af7161a9053ca7df7d4d04572789911a5480,e41f63ef47ea066f14e5effb41bf9f4b7ebd8d79641604b69a10323837e09474
00698,4,False,B1,0.347228646,0.09766021942,6,0,126,168.3950909,EXP-001,ds_16b6be697acb,ds_aa8808303afa,1465af7161a9053ca7df7d4d04572789911a5480,e41f63ef47ea066f14e5effb41bf9f4b7ebd8d79641604b69a10323837e09474
00699,4,False,B1,0.342834776,0.09686999736,6,0,195,168.3351402,EXP-001,ds_16b6be697acb,ds_aa8808303afa,1465af7161a9053ca7df7d4d04572789911a5480,e41f63ef47ea066f14e5effb41bf9f4b7ebd8d79641604b69a10323837e09474
00700,4,False,B1,0.3483780191,0.09788033537,6,0,157,168.3727936,EXP-001,ds_16b6be697acb,ds_aa8808303afa,1465af7161a9053ca7df7d4d04572789911a5480,e41f63ef47ea066f14e5effb41bf9f4b7ebd8d79641604b69a10323837e09474
00701,5,False,B1,0.3451590212,0.09734810389,6,0,156,168.3567568,EXP-001,ds_16b6be697acb,ds_aa8808303afa,1465af7161a9053ca7df7d4d04572789911a5480,e41f63ef47ea066f14e5effb41bf9f4b7ebd8d79641604b69a10323837e09474
00702,5,False,B1,0.3506242336,0.09840545486,6,0,142,168.339357,EXP-001,ds_16b6be697acb,ds_aa8808303afa,1465af7161a9053ca7df7d4d04572789911a5480,e41f63ef47ea066f14e5effb41bf9f4b7ebd8d79641604b69a10323837e09474
00703,5,False,B1,0.3431196452,0.09690172885,6,0,175,168.3023201,EXP-001,ds_16b6be697acb,ds_aa8808303afa,1465af7161a9053ca7df7d4d04572789911a5480,e41f63ef47ea066f14e5effb41bf9f4b7ebd8d79641604b69a10323837e09474
00704,5,False,B1,0.3407527308,0.09642554546,6,0,193,168.3117248,EXP-001,ds_16b6be697acb,ds_aa8808303afa,1465af7161a9053ca7df7d4d04572789911a5480,e41f63ef47ea066f14e5effb41bf9f4b7ebd8d79641604b69a10323837e09474
00705,5,False,B1,0.340933541,0.09646125371,6,0,258,168.3463426,EXP-001,ds_16b6be697acb,ds_aa8808303afa,1465af7161a9053ca7df7d4d04572789911a5480,e41f63ef47ea066f14e5effb41bf9f4b7ebd8d79641604b69a10323837e09474
00706,5,False,B1,0.3408742072,0.09649681177,6,0,172,168.4718786,EXP-001,ds_16b6be697acb,ds_aa8808303afa,1465af7161a9053ca7df7d4d04572789911a5480,e41f63ef47ea066f14e5effb41bf9f4b7ebd8d79641604b69a10323837e09474
00707,5,False,B1,0.3475717383,0.0977525336,6,0,121,168.4768119,EXP-001,ds_16b6be697acb,ds_aa8808303afa,1465af7161a9053ca7df7d4d04572789911a5480,e41f63ef47ea066f14e5effb41bf9f4b7ebd8d79641604b69a10323837e09474
00708,5,False,B1,0.3460515362,0.09742896059,6,0,139,168.410519,EXP-001,ds_16b6be697acb,ds_aa8808303afa,1465af7161a9053ca7df7d4d04572789911a5480,e41f63ef47ea066f14e5effb41bf9f4b7ebd8d79641604b69a10323837e09474
00709,5,False,B1,0.3400937799,0.09634617148,6,0,136,168.3695096,EXP-001,ds_16b6be697acb,ds_aa8808303afa,1465af7161a9053ca7df7d4d04572789911a5480,e41f63ef47ea066f14e5effb41bf9f4b7ebd8d79641604b69a10323837e09474
00710,5,False,B1,0.3478856343,0.09785023612,6,0,131,168.3244372,EXP-001,ds_16b6be697acb,ds_aa8808303afa,1465af7161a9053ca7df7d4d04572789911a5480,e41f63ef47ea066f14e5effb41bf9f4b7ebd8d79641604b69a10323837e09474
00711,5,False,B1,0.3444363815,0.09717379556,6,0,200,168.2725377,EXP-001,ds_16b6be697acb,ds_aa8808303afa,1465af7161a9053ca7df7d4d04572789911a5480,e41f63ef47ea066f14e5effb41bf9f4b7ebd8d79641604b69a10323837e09474
00712,5,False,B1,0.3535006834,0.09887335931,6,0,113,168.3165934,EXP-001,ds_16b6be697acb,ds_aa8808303afa,1465af7161a9053ca7df7d4d04572789911a5480,e41f63ef47ea066f14e5effb41bf9f4b7ebd8d79641604b69a10323837e09474
00713,5,False,B1,0.3490633863,0.09799426536,6,0,186,168.2398891,EXP-001,ds_16b6be697acb,ds_aa8808303afa,1465af7161a9053ca7df7d4d04572789911a5480,e41f63ef47ea066f14e5effb41bf9f4b7ebd8d79641604b69a10323837e09474
00714,5,False,B1,0.3410382979,0.09636351851,6,0,211,168.2644819,EXP-001,ds_16b6be697acb,ds_aa8808303afa,1465af7161a9053ca7df7d4d04572789911a5480,e41f63ef47ea066f14e5effb41bf9f4b7ebd8d79641604b69a10323837e09474
00715,5,False,B1,0.3402011172,0.09629833403,6,0,177,168.3235769,EXP-001,ds_16b6be697acb,ds_aa8808303afa,1465af7161a9053ca7df7d4d04572789911a5480,e41f63ef47ea066f14e5effb41bf9f4b7ebd8d79641604b69a10323837e09474
00716,5,False,B1,0.3388487619,0.09603256139,6,0,170,168.3355581,EXP-001,ds_16b6be697acb,ds_aa8808303afa,1465af7161a9053ca7df7d4d04572789911a5480,e41f63ef47ea066f14e5effb41bf9f4b7ebd8d79641604b69a10323837e09474
00717,5,False,B1,0.3423824663,0.09677079173,6,0,244,168.3378534,EXP-001,ds_16b6be697acb,ds_aa8808303afa,1465af7161a9053ca7df7d4d04572789911a5480,e41f63ef47ea066f14e5effb41bf9f4b7ebd8d79641604b69a10323837e09474
00718,5,False,B1,0.3412340124,0.09650445022,6,0,211,168.4420473,EXP-001,ds_16b6be697acb,ds_aa8808303afa,1465af7161a9053ca7df7d4d04572789911a5480,e41f63ef47ea066f14e5effb41bf9f4b7ebd8d79641604b69a10323837e09474
00719,5,False,B1,0.34863714,0.09793945474,6,0,228,168.500573,EXP-001,ds_16b6be697acb,ds_aa8808303afa,1465af7161a9053ca7df7d4d04572789911a5480,e41f63ef47ea066f14e5effb41bf9f4b7ebd8d79641604b69a10323837e09474
00720,5,False,B1,0.3425658547,0.09682168011,6,0,205,168.5822843,EXP-001,ds_16b6be697acb,ds_aa8808303afa,1465af7161a9053ca7df7d4d04572789911a5480,e41f63ef47ea066f14e5effb41bf9f4b7ebd8d79641604b69a10323837e09474
00721,5,False,B1,0.3385609454,0.09605759288,6,0,212,168.6322286,EXP-001,ds_16b6be697acb,ds_aa8808303afa,1465af7161a9053ca7df7d4d04572789911a5480,e41f63ef47ea066f14e5effb41bf9f4b7ebd8d79641604b69a10323837e09474
00722,5,False,B1,0.3381697304,0.09594406712,6,0,188,168.6916229,EXP-001,ds_16b6be697acb,ds_aa8808303afa,1465af7161a9053ca7df7d4d04572789911a5480,e41f63ef47ea066f14e5effb41bf9f4b7ebd8d79641604b69a10323837e09474
00723,5,False,B1,0.3463419194,0.0975219531,6,0,202,168.7180305,EXP-001,ds_16b6be697acb,ds_aa8808303afa,1465af7161a9053ca7df7d4d04572789911a5480,e41f63ef47ea066f14e5effb41bf9f4b7ebd8d79641604b69a10323837e09474
00724,5,False,B1,0.3444574549,0.09720607646,6,0,175,168.7634874,EXP-001,ds_16b6be697acb,ds_aa8808303afa,1465af7161a9053ca7df7d4d04572789911a5480,e41f63ef47ea066f14e5effb41bf9f4b7ebd8d79641604b69a10323837e09474
00725,5,False,B1,0.3448450376,0.09723867785,6,0,181,168.7719936,EXP-001,ds_16b6be697acb,ds_aa8808303afa,1465af7161a9053ca7df7d4d04572789911a5480,e41f63ef47ea066f14e5effb41bf9f4b7ebd8d79641604b69a10323837e09474
00726,5,False,B1,0.3470050818,0.09766738977,6,0,222,168.7886493,EXP-001,ds_16b6be697acb,ds_aa8808303afa,1465af7161a9053ca7df7d4d04572789911a5480,e41f63ef47ea066f14e5effb41bf9f4b7ebd8d79641604b69a10323837e09474
00727,5,False,B1,0.342709222,0.09680831169,6,0,229,168.8610292,EXP-001,ds_16b6be697acb,ds_aa8808303afa,1465af7161a9053ca7df7d4d04572789911a5480,e41f63ef47ea066f14e5effb41bf9f4b7ebd8d79641604b69a10323837e09474
00728,5,False,B1,0.3433203062,0.09689125532,6,0,199,168.9427213,EXP-001,ds_16b6be697acb,ds_aa8808303afa,1465af7161a9053ca7df7d4d04572789911a5480,e41f63ef47ea066f14e5effb41bf9f4b7ebd8d79641604b69a10323837e09474
00729,5,False,B1,0.3442850905,0.09717117699,6,0,238,168.9834954,EXP-001,ds_16b6be697acb,ds_aa8808303afa,1465af7161a9053ca7df7d4d04572789911a5480,e41f63ef47ea066f14e5effb41bf9f4b7ebd8d79641604b69a10323837e09474
00730,5,False,B1,0.3498020011,0.09823815482,6,0,143,169.0769925,EXP-001,ds_16b6be697acb,ds_aa8808303afa,1465af7161a9053ca7df7d4d04572789911a5480,e41f63ef47ea066f14e5effb41bf9f4b7ebd8d79641604b69a10323837e09474
00731,5,False,B1,0.3486187499,0.09797252676,6,0,159,169.0417136,EXP-001,ds_16b6be697acb,ds_aa8808303afa,1465af7161a9053ca7df7d4d04572789911a5480,e41f63ef47ea066f14e5effb41bf9f4b7ebd8d79641604b69a10323837e09474
00732,5,False,B1,0.3442476282,0.09702016883,6,0,160,169.0281468,EXP-001,ds_16b6be697acb,ds_aa8808303afa,1465af7161a9053ca7df7d4d04572789911a5480,e41f63ef47ea066f14e5effb41bf9f4b7ebd8d79641604b69a10323837e09474
00733,5,False,B1,0.3531159169,0.09886823754,6,0,171,169.0159658,EXP-001,ds_16b6be697acb,ds_aa8808303afa,1465af7161a9053ca7df7d4d04572789911a5480,e41f63ef47ea066f14e5effb41bf9f4b7ebd8d79641604b69a10323837e09474
00734,5,False,B1,0.3457275947,0.09747506409,6,0,237,169.0186391,EXP-001,ds_16b6be697acb,ds_aa8808303afa,1465af7161a9053ca7df7d4d04572789911a5480,e41f63ef47ea066f14e5effb41bf9f4b7ebd8d79641604b69a10323837e09474
00735,5,False,B1,0.3462572873,0.09755543165,6,0,168,169.1101144,EXP-001,ds_16b6be697acb,ds_aa8808303afa,1465af7161a9053ca7df7d4d04572789911a5480,e41f63ef47ea066f14e5effb41bf9f4b7ebd8d79641604b69a10323837e09474
00736,5,False,B1,0.345571752,0.09739115058,6,0,146,169.1086226,EXP-001,ds_16b6be697acb,ds_aa8808303afa,1465af7161a9053ca7df7d4d04572789911a5480,e41f63ef47ea066f14e5effb41bf9f4b7ebd8d79641604b69a10323837e09474
00737,5,False,B1,0.3492088355,0.09805711902,6,0,188,169.0776113,EXP-001,ds_16b6be697acb,ds_aa8808303afa,1465af7161a9053ca7df7d4d04572789911a5480,e41f63ef47ea066f14e5effb41bf9f4b7ebd8d79641604b69a10323837e09474
00738,5,False,B1,0.3487648954,0.09794066794,6,0,212,169.1029707,EXP-001,ds_16b6be697acb,ds_aa8808303afa,1465af7161a9053ca7df7d4d04572789911a5480,e41f63ef47ea066f14e5effb41bf9f4b7ebd8d79641604b69a10323837e09474
00739,5,False,B1,0.3472142756,0.09767867786,6,0,147,169.1603837,EXP-001,ds_16b6be697acb,ds_aa8808303afa,1465af7161a9053ca7df7d4d04572789911a5480,e41f63ef47ea066f14e5effb41bf9f4b7ebd8d79641604b69a10323837e09474
00740,5,False,B1,0.3433190576,0.0969803047,6,0,189,169.1307641,EXP-001,ds_16b6be697acb,ds_aa8808303afa,1465af7161a9053ca7df7d4d04572789911a5480,e41f63ef47ea066f14e5effb41bf9f4b7ebd8d79641604b69a10323837e09474
00741,5,False,B1,0.3514556436,0.09851751055,6,0,174,169.1572859,EXP-001,ds_16b6be697acb,ds_aa8808303afa,1465af7161a9053ca7df7d4d04572789911a5480,e41f63ef47ea066f14e5effb41bf9f4b7ebd8d79641604b69a10323837e09474
00742,5,False,B1,0.3414527886,0.09655843795,6,0,182,169.1637414,EXP-001,ds_16b6be697acb,ds_aa8808303afa,1465af7161a9053ca7df7d4d04572789911a5480,e41f63ef47ea066f14e5effb41bf9f4b7ebd8d79641604b69a10323837e09474
00743,5,False,B1,0.340794846,0.096495158,6,0,110,169.1808298,EXP-001,ds_16b6be697acb,ds_aa8808303afa,1465af7161a9053ca7df7d4d04572789911a5480,e41f63ef47ea066f14e5effb41bf9f4b7ebd8d79641604b69a10323837e09474
00744,5,False,B1,0.3487461378,0.0980275212,6,0,204,169.1021493,EXP-001,ds_16b6be697acb,ds_aa8808303afa,1465af7161a9053ca7df7d4d04572789911a5480,e41f63ef47ea066f14e5effb41bf9f4b7ebd8d79641604b69a10323837e09474
00745,5,False,B1,0.3402378606,0.09636723749,6,0,123,169.1484842,EXP-001,ds_16b6be697acb,ds_aa8808303afa,1465af7161a9053ca7df7d4d04572789911a5480,e41f63ef47ea066f14e5effb41bf9f4b7ebd8d79641604b69a10323837e09474
00746,5,False,B1,0.3365874899,0.09562967764,6,0,220,169.0872928,EXP-001,ds_16b6be697acb,ds_aa8808303afa,1465af7161a9053ca7df7d4d04572789911a5480,e41f63ef47ea066f14e5effb41bf9f4b7ebd8d79641604b69a10323837e09474
00747,5,False,B1,0.3438282724,0.09706193703,6,0,204,169.154712,EXP-001,ds_16b6be697acb,ds_aa8808303afa,1465af7161a9053ca7df7d4d04572789911a5480,e41f63ef47ea066f14e5effb41bf9f4b7ebd8d79641604b69a10323837e09474
00748,5,False,B1,0.3463941531,0.09747863802,6,0,154,169.2007935,EXP-001,ds_16b6be697acb,ds_aa8808303afa,1465af7161a9053ca7df7d4d04572789911a5480,e41f63ef47ea066f14e5effb41bf9f4b7ebd8d79641604b69a10323837e09474
00749,5,False,B1,0.3491096375,0.09803776628,6,0,193,169.1807176,EXP-001,ds_16b6be697acb,ds_aa8808303afa,1465af7161a9053ca7df7d4d04572789911a5480,e41f63ef47ea066f14e5effb41bf9f4b7ebd8d79641604b69a10323837e09474
00750,5,False,B1,0.3528131453,0.09869060805,6,0,144,169.2121345,EXP-001,ds_16b6be697acb,ds_aa8808303afa,1465af7161a9053ca7df7d4d04572789911a5480,e41f63ef47ea066f14e5effb41bf9f4b7ebd8d79641604b69a10323837e09474
00751,6,False,B1,0.3450860984,0.09732909562,6,0,171,169.1789243,EXP-001,ds_16b6be697acb,ds_aa8808303afa,1465af7161a9053ca7df7d4d04572789911a5480,e41f63ef47ea066f14e5effb41bf9f4b7ebd8d79641604b69a10323837e09474
00752,6,False,B1,0.3449889691,0.097312373,6,0,206,169.1813199,EXP-001,ds_16b6be697acb,ds_aa8808303afa,1465af7161a9053ca7df7d4d04572789911a5480,e41f63ef47ea066f14e5effb41bf9f4b7ebd8d79641604b69a10323837e09474
00753,6,False,B1,0.3532282895,0.09882446976,6,0,217,169.2296913,EXP-001,ds_16b6be697acb,ds_aa8808303afa,1465af7161a9053ca7df7d4d04572789911a5480,e41f63ef47ea066f14e5effb41bf9f4b7ebd8d79641604b69a10323837e09474
00754,6,False,B1,0.3484612874,0.09789736258,6,0,96,169.2923682,EXP-001,ds_16b6be697acb,ds_aa8808303afa,1465af7161a9053ca7df7d4d04572789911a5480,e41f63ef47ea066f14e5effb41bf9f4b7ebd8d79641604b69a10323837e09474
00755,6,False,B1,0.3486288459,0.0979745135,6,0,124,169.1963311,EXP-001,ds_16b6be697acb,ds_aa8808303afa,1465af7161a9053ca7df7d4d04572789911a5480,e41f63ef47ea066f14e5effb41bf9f4b7ebd8d79641604b69a10323837e09474
00756,6,False,B1,0.3431875067,0.0969092974,6,0,155,169.1371865,EXP-001,ds_16b6be697acb,ds_aa8808303afa,1465af7161a9053ca7df7d4d04572789911a5480,e41f63ef47ea066f14e5effb41bf9f4b7ebd8d79641604b69a10323837e09474
00757,6,False,B1,0.3468226189,0.09765416051,6,0,170,169.1187105,EXP-001,ds_16b6be697acb,ds_aa8808303afa,1465af7161a9053ca7df7d4d04572789911a5480,e41f63ef47ea066f14e5effb41bf9f4b7ebd8d79641604b69a10323837e09474
00758,6,False,B1,0.3417685269,0.09668748388,6,0,180,169.1198608,EXP-001,ds_16b6be697acb,ds_aa8808303afa,1465af7161a9053ca7df7d4d04572789911a5480,e41f63ef47ea066f14e5effb41bf9f4b7ebd8d79641604b69a10323837e09474
00759,6,False,B1,0.346251766,0.09747838251,6,0,199,169.134043,EXP-001,ds_16b6be697acb,ds_aa8808303afa,1465af7161a9053ca7df7d4d04572789911a5480,e41f63ef47ea066f14e5effb41bf9f4b7ebd8d79641604b69a10323837e09474
00760,6,False,B1,0.3421260729,0.0967040325,6,0,202,169.1729225,EXP-001,ds_16b6be697acb,ds_aa8808303afa,1465af7161a9053ca7df7d4d04572789911a5480,e41f63ef47ea066f14e5effb41bf9f4b7ebd8d79641604b69a10323837e09474
00761,6,False,B1,0.3441398258,0.09716189452,6,0,171,169.2156013,EXP-001,ds_16b6be697acb,ds_aa8808303afa,1465af7161a9053ca7df7d4d04572789911a5480,e41f63ef47ea066f14e5effb41bf9f4b7ebd8d79641604b69a10323837e09474
00762,6,False,B1,0.347643181,0.09780683474,6,0,175,169.2179182,EXP-001,ds_16b6be697acb,ds_aa8808303afa,1465af7161a9053ca7df7d4d04572789911a5480,e41f63ef47ea066f14e5effb41bf9f4b7ebd8d79641604b69a10323837e09474
00763,6,False,B1,0.3453301564,0.09736472358,6,0,213,169.225416,EXP-001,ds_16b6be697acb,ds_aa8808303afa,1465af7161a9053ca7df7d4d04572789911a5480,e41f63ef47ea066f14e5effb41bf9f4b7ebd8d79641604b69a10323837e09474
00764,6,False,B1,0.3519902612,0.09857258377,6,0,198,169.2821066,EXP-001,ds_16b6be697acb,ds_aa8808303afa,1465af7161a9053ca7df7d4d04572789911a5480,e41f63ef47ea066f14e5effb41bf9f4b7ebd8d79641604b69a10323837e09474
00765,6,False,B1,0.3403683141,0.09634241726,6,0,176,169.3192498,EXP-001,ds_16b6be697acb,ds_aa8808303afa,1465af7161a9053ca7df7d4d04572789911a5480,e41f63ef47ea066f14e5effb41bf9f4b7ebd8d79641604b69a10323837e09474
00766,6,False,B1,0.3443406474,0.09708008268,6,0,195,169.3278794,EXP-001,ds_16b6be697acb,ds_aa8808303afa,1465af7161a9053ca7df7d4d04572789911a5480,e41f63ef47ea066f14e5effb41bf9f4b7ebd8d79641604b69a10323837e09474
00767,6,False,B1,0.3430511362,0.09692359033,6,0,226,169.3609976,EXP-001,ds_16b6be697acb,ds_aa8808303afa,1465af7161a9053ca7df7d4d04572789911a5480,e41f63ef47ea066f14e5effb41bf9f4b7ebd8d79641604b69a10323837e09474
00768,6,False,B1,0.3490468883,0.0980795106,6,0,96,169.4339704,EXP-001,ds_16b6be697acb,ds_aa8808303afa,1465af7161a9053ca7df7d4d04572789911a5480,e41f63ef47ea066f14e5effb41bf9f4b7ebd8d79641604b69a10323837e09474
00769,6,False,B1,0.3457828501,0.09735937011,6,0,125,169.339481,EXP-001,ds_16b6be697acb,ds_aa8808303afa,1465af7161a9053ca7df7d4d04572789911a5480,e41f63ef47ea066f14e5effb41bf9f4b7ebd8d79641604b69a10323837e09474
00770,6,False,B1,0.3505715573,0.09832428027,6,0,178,169.2825016,EXP-001,ds_16b6be697acb,ds_aa8808303afa,1465af7161a9053ca7df7d4d04572789911a5480,e41f63ef47ea066f14e5effb41bf9f4b7ebd8d79641604b69a10323837e09474
00771,6,False,B1,0.3386170428,0.09606525302,6,0,183,169.2936898,EXP-001,ds_16b6be697acb,ds_aa8808303afa,1465af7161a9053ca7df7d4d04572789911a5480,e41f63ef47ea066f14e5effb41bf9f4b7ebd8d79641604b69a10323837e09474
00772,6,False,B1,0.350896174,0.0983826971,6,0,182,169.3112583,EXP-001,ds_16b6be697acb,ds_aa8808303afa,1465af7161a9053ca7df7d4d04572789911a5480,e41f63ef47ea066f14e5effb41bf9f4b7ebd8d79641604b69a10323837e09474
00773,6,False,B1,0.3467460043,0.0975258163,6,0,165,169.3275016,EXP-001,ds_16b6be697acb,ds_aa8808303afa,1465af7161a9053ca7df7d4d04572789911a5480,e41f63ef47ea066f14e5effb41bf9f4b7ebd8d79641604b69a10323837e09474
00774,6,False,B1,0.3501562318,0.09829940213,6,0,117,169.3219689,EXP-001,ds_16b6be697acb,ds_aa8808303afa,1465af7161a9053ca7df7d4d04572789911a5480,e41f63ef47ea066f14e5effb41bf9f4b7ebd8d79641604b69a10323837e09474
00775,6,False,B1,0.3427112195,0.09684131169,6,0,169,169.2551607,EXP-001,ds_16b6be697acb,ds_aa8808303afa,1465af7161a9053ca7df7d4d04572789911a5480,e41f63ef47ea066f14e5effb41bf9f4b7ebd8d79641604b69a10323837e09474
00776,6,False,B1,0.3420677751,0.09668722218,6,0,153,169.2548353,EXP-001,ds_16b6be697acb,ds_aa8808303afa,1465af7161a9053ca7df7d4d04572789911a5480,e41f63ef47ea066f14e5effb41bf9f4b7ebd8d79641604b69a10323837e09474
00777,6,False,B1,0.3391525969,0.09616321481,6,0,155,169.2341329,EXP-001,ds_16b6be697acb,ds_aa8808303afa,1465af7161a9053ca7df7d4d04572789911a5480,e41f63ef47ea066f14e5effb41bf9f4b7ebd8d79641604b69a10323837e09474
00778,6,False,B1,0.3421059844,0.09665880192,6,0,217,169.2160271,EXP-001,ds_16b6be697acb,ds_aa8808303afa,1465af7161a9053ca7df7d4d04572789911a5480,e41f63ef47ea066f14e5effb41bf9f4b7ebd8d79641604b69a10323837e09474
00779,6,False,B1,0.341625114,0.09659815369,6,0,165,169.2767309,EXP-001,ds_16b6be697acb,ds_aa8808303afa,1465af7161a9053ca7df7d4d04572789911a5480,e41f63ef47ea066f14e5effb41bf9f4b7ebd8d79641604b69a10323837e09474
00780,6,False,B1,0.345367078,0.09736820181,6,0,116,169.2713047,EXP-001,ds_16b6be697acb,ds_aa8808303afa,1465af7161a9053ca7df7d4d04572789911a5480,e41f63ef47ea066f14e5effb41bf9f4b7ebd8d79641604b69a10323837e09474
00781,6,False,B1,0.3515548999,0.09845787331,6,0,154,169.2038015,EXP-001,ds_16b6be697acb,ds_aa8808303afa,1465af7161a9053ca7df7d4d04572789911a5480,e41f63ef47ea066f14e5effb41bf9f4b7ebd8d79641604b69a10323837e09474
00782,6,False,B1,0.3443548979,0.09710433809,6,0,213,169.1845602,EXP-001,ds_16b6be697acb,ds_aa8808303afa,1465af7161a9053ca7df7d4d04572789911a5480,e41f63ef47ea066f14e5effb41bf9f4b7ebd8d79641604b69a10323837e09474
00783,6,False,B1,0.3465085226,0.09754845261,6,0,119,169.239941,EXP-001,ds_16b6be697acb,ds_aa8808303afa,1465af7161a9053ca7df7d4d04572789911a5480,e41f63ef47ea066f14e5effb41bf9f4b7ebd8d79641604b69a10323837e09474
00784,6,False,B1,0.338986602,0.09610882083,6,0,138,169.1765201,EXP-001,ds_16b6be697acb,ds_aa8808303afa,1465af7161a9053ca7df7d4d04572789911a5480,e41f63ef47ea066f14e5effb41bf9f4b7ebd8d79641604b69a10323837e09474
00785,6,False,B1,0.3435004532,0.09701278524,6,0,153,169.1372137,EXP-001,ds_16b6be697acb,ds_aa8808303afa,1465af7161a9053ca7df7d4d04572789911a5480,e41f63ef47ea066f14e5effb41bf9f4b7ebd8d79641604b69a10323837e09474
00786,6,False,B1,0.3381091003,0.0959444341,6,0,177,169.116894,EXP-001,ds_16b6be697acb,ds_aa8808303afa,1465af7161a9053ca7df7d4d04572789911a5480,e41f63ef47ea066f14e5effb41bf9f4b7ebd8d79641604b69a10323837e09474
00787,6,False,B1,0.3445645817,0.09721238437,6,0,209,169.1268078,EXP-001,ds_16b6be697acb,ds_aa8808303afa,1465af7161a9053ca7df7d4d04572789911a5480,e41f63ef47ea066f14e5effb41bf9f4b7ebd8d79641604b69a10323837e09474
00788,6,False,B1,0.3465715589,0.0975620908,6,0,219,169.1768893,EXP-001,ds_16b6be697acb,ds_aa8808303afa,1465af7161a9053ca7df7d4d04572789911a5480,e41f63ef47ea066f14e5effb41bf9f4b7ebd8d79641604b69a10323837e09474
00789,6,False,B1,0.3482352927,0.09791048153,6,0,174,169.2393895,EXP-001,ds_16b6be697acb,ds_aa8808303afa,1465af7161a9053ca7df7d4d04572789911a5480,e41f63ef47ea066f14e5effb41bf9f4b7ebd8d79641604b69a10323837e09474
00790,6,False,B1,0.347949983,0.09784753259,6,0,201,169.2453539,EXP-001,ds_16b6be697acb,ds_aa8808303afa,1465af7161a9053ca7df7d4d04572789911a5480,e41f63ef47ea066f14e5effb41bf9f4b7ebd8d79641604b69a10323837e09474
00791,6,False,B1,0.3503389721,0.09828534103,6,0,187,169.2850886,EXP-001,ds_16b6be697acb,ds_aa8808303afa,1465af7161a9053ca7df7d4d04572789911a5480,e41f63ef47ea066f14e5effb41bf9f4b7ebd8d79641604b69a10323837e09474
00792,6,False,B1,0.3443458886,0.09717637589,6,0,216,169.3072277,EXP-001,ds_16b6be697acb,ds_aa8808303afa,1465af7161a9053ca7df7d4d04572789911a5480,e41f63ef47ea066f14e5effb41bf9f4b7ebd8d79641604b69a10323837e09474
00793,6,False,B1,0.3395650242,0.09625311481,6,0,156,169.3655086,EXP-001,ds_16b6be697acb,ds_aa8808303afa,1465af7161a9053ca7df7d4d04572789911a5480,e41f63ef47ea066f14e5effb41bf9f4b7ebd8d79641604b69a10323837e09474
00794,6,False,B1,0.3510402616,0.09846119724,6,0,84,169.3488469,EXP-001,ds_16b6be697acb,ds_aa8808303afa,1465af7161a9053ca7df7d4d04572789911a5480,e41f63ef47ea066f14e5effb41bf9f4b7ebd8d79641604b69a10323837e09474
00795,6,False,B1,0.3504567339,0.09830671806,6,0,62,169.2425814,EXP-001,ds_16b6be697acb,ds_aa8808303afa,1465af7161a9053ca7df7d4d04572789911a5480,e41f63ef47ea066f14e5effb41bf9f4b7ebd8d79641604b69a10323837e09474
00796,6,False,B1,0.3400894889,0.09634405356,6,0,140,169.1092228,EXP-001,ds_16b6be697acb,ds_aa8808303afa,1465af7161a9053ca7df7d4d04572789911a5480,e41f63ef47ea066f14e5effb41bf9f4b7ebd8d79641604b69a10323837e09474
00797,6,False,B1,0.3451999531,0.09727912219,6,0,135,169.0730698,EXP-001,ds_16b6be697acb,ds_aa8808303afa,1465af7161a9053ca7df7d4d04572789911a5480,e41f63ef47ea066f14e5effb41bf9f4b7ebd8d79641604b69a10323837e09474
00798,6,False,B1,0.3422962137,0.0967672933,6,0,176,169.0308042,EXP-001,ds_16b6be697acb,ds_aa8808303afa,1465af7161a9053ca7df7d4d04572789911a5480,e41f63ef47ea066f14e5effb41bf9f4b7ebd8d79641604b69a10323837e09474
00799,6,False,B1,0.3456672922,0.09738363985,6,0,214,169.0394384,EXP-001,ds_16b6be697acb,ds_aa8808303afa,1465af7161a9053ca7df7d4d04572789911a5480,e41f63ef47ea066f14e5effb41bf9f4b7ebd8d79641604b69a10323837e09474
00800,6,False,B1,0.3519597583,0.09853764184,6,0,143,169.0950711,EXP-001,ds_16b6be697acb,ds_aa8808303afa,1465af7161a9053ca7df7d4d04572789911a5480,e41f63ef47ea066f14e5effb41bf9f4b7ebd8d79641604b69a10323837e09474
00801,7,False,B1,0.3410398099,0.09654159407,6,0,156,169.0628218,EXP-001,ds_16b6be697acb,ds_aa8808303afa,1465af7161a9053ca7df7d4d04572789911a5480,e41f63ef47ea066f14e5effb41bf9f4b7ebd8d79641604b69a10323837e09474
00802,7,False,B1,0.3471308278,0.09769482431,6,0,184,169.0466982,EXP-001,ds_16b6be697acb,ds_aa8808303afa,1465af7161a9053ca7df7d4d04572789911a5480,e41f63ef47ea066f14e5effb41bf9f4b7ebd8d79641604b69a10323837e09474
00803,7,False,B1,0.349921309,0.0982161877,6,0,152,169.0651325,EXP-001,ds_16b6be697acb,ds_aa8808303afa,1465af7161a9053ca7df7d4d04572789911a5480,e41f63ef47ea066f14e5effb41bf9f4b7ebd8d79641604b69a10323837e09474
00804,7,False,B1,0.3421186554,0.09672081328,6,0,173,169.0441207,EXP-001,ds_16b6be697acb,ds_aa8808303afa,1465af7161a9053ca7df7d4d04572789911a5480,e41f63ef47ea066f14e5effb41bf9f4b7ebd8d79641604b69a10323837e09474
00805,7,False,B1,0.3399694982,0.09630419853,6,0,116,169.0489854,EXP-001,ds_16b6be697acb,ds_aa8808303afa,1465af7161a9053ca7df7d4d04572789911a5480,e41f63ef47ea066f14e5effb41bf9f4b7ebd8d79641604b69a10323837e09474
00806,7,False,B1,0.3511564191,0.09843494483,6,0,160,168.983828,EXP-001,ds_16b6be697acb,ds_aa8808303afa,1465af7161a9053ca7df7d4d04572789911a5480,e41f63ef47ea066f14e5effb41bf9f4b7ebd8d79641604b69a10323837e09474
00807,7,False,B1,0.3400470167,0.09632001308,6,0,204,168.9728072,EXP-001,ds_16b6be697acb,ds_aa8808303afa,1465af7161a9053ca7df7d4d04572789911a5480,e41f63ef47ea066f14e5effb41bf9f4b7ebd8d79641604b69a10323837e09474
00808,7,False,B1,0.3468699264,0.09759896954,6,0,132,169.0157239,EXP-001,ds_16b6be697acb,ds_aa8808303afa,1465af7161a9053ca7df7d4d04572789911a5480,e41f63ef47ea066f14e5effb41bf9f4b7ebd8d79641604b69a10323837e09474
00809,7,False,B1,0.3457881391,0.09740474372,6,0,191,168.9704263,EXP-001,ds_16b6be697acb,ds_aa8808303afa,1465af7161a9053ca7df7d4d04572789911a5480,e41f63ef47ea066f14e5effb41bf9f4b7ebd8d79641604b69a10323837e09474
00810,7,False,B1,0.3487539566,0.09801124442,6,0,213,168.9973518,EXP-001,ds_16b6be697acb,ds_aa8808303afa,1465af7161a9053ca7df7d4d04572789911a5480,e41f63ef47ea066f14e5effb41bf9f4b7ebd8d79641604b69a10323837e09474
00811,7,False,B1,0.3427710368,0.09683988425,6,0,172,169.0510682,EXP-001,ds_16b6be697acb,ds_aa8808303afa,1465af7161a9053ca7df7d4d04572789911a5480,e41f63ef47ea066f14e5effb41bf9f4b7ebd8d79641604b69a10323837e09474
00812,7,False,B1,0.3450031504,0.09726893466,6,0,217,169.0546637,EXP-001,ds_16b6be697acb,ds_aa8808303afa,1465af7161a9053ca7df7d4d04572789911a5480,e41f63ef47ea066f14e5effb41bf9f4b7ebd8d79641604b69a10323837e09474
00813,7,False,B1,0.3441041836,0.09707645756,6,0,122,169.1130505,EXP-001,ds_16b6be697acb,ds_aa8808303afa,1465af7161a9053ca7df7d4d04572789911a5480,e41f63ef47ea066f14e5effb41bf9f4b7ebd8d79641604b69a10323837e09474
00814,7,False,B1,0.3462020642,0.09745965975,6,0,193,169.055747,EXP-001,ds_16b6be697acb,ds_aa8808303afa,1465af7161a9053ca7df7d4d04572789911a5480,e41f63ef47ea066f14e5effb41bf9f4b7ebd8d79641604b69a10323837e09474
00815,7,False,B1,0.3500143825,0.09823904349,6,0,221,169.084835,EXP-001,ds_16b6be697acb,ds_aa8808303afa,1465af7161a9053ca7df7d4d04572789911a5480,e41f63ef47ea066f14e5effb41bf9f4b7ebd8d79641604b69a10323837e09474
00816,7,False,B1,0.3412223308,0.09654477588,6,0,149,169.1478261,EXP-001,ds_16b6be697acb,ds_aa8808303afa,1465af7161a9053ca7df7d4d04572789911a5480,e41f63ef47ea066f14e5effb41bf9f4b7ebd8d79641604b69a10323837e09474
00817,7,False,B1,0.3464445937,0.09758889574,6,0,103,169.1234094,EXP-001,ds_16b6be697acb,ds_aa8808303afa,1465af7161a9053ca7df7d4d04572789911a5480,e41f63ef47ea066f14e5effb41bf9f4b7ebd8d79641604b69a10323837e09474
00818,7,False,B1,0.3494346576,0.09814506171,6,0,211,169.043373,EXP-001,ds_16b6be697acb,ds_aa8808303afa,1465af7161a9053ca7df7d4d04572789911a5480,e41f63ef47ea066f14e5effb41bf9f4b7ebd8d79641604b69a10323837e09474
00819,7,False,B1,0.3376182141,0.09584170199,6,0,143,169.0940963,EXP-001,ds_16b6be697acb,ds_aa8808303afa,1465af7161a9053ca7df7d4d04572789911a5480,e41f63ef47ea066f14e5effb41bf9f4b7ebd8d79641604b69a10323837e09474
00820,7,False,B1,0.3461170792,0.09745454769,6,0,128,169.062588,EXP-001,ds_16b6be697acb,ds_aa8808303afa,1465af7161a9053ca7df7d4d04572789911a5480,e41f63ef47ea066f14e5effb41bf9f4b7ebd8d79641604b69a10323837e09474
00821,7,False,B1,0.3481255201,0.09783360218,6,0,173,169.0130653,EXP-001,ds_16b6be697acb,ds_aa8808303afa,1465af7161a9053ca7df7d4d04572789911a5480,e41f63ef47ea066f14e5effb41bf9f4b7ebd8d79641604b69a10323837e09474
00822,7,False,B1,0.3509120633,0.09843030132,6,0,200,169.0178679,EXP-001,ds_16b6be697acb,ds_aa8808303afa,1465af7161a9053ca7df7d4d04572789911a5480,e41f63ef47ea066f14e5effb41bf9f4b7ebd8d79641604b69a10323837e09474
00823,7,False,B1,0.3429087802,0.09688109185,6,0,184,169.0551434,EXP-001,ds_16b6be697acb,ds_aa8808303afa,1465af7161a9053ca7df7d4d04572789911a5480,e41f63ef47ea066f14e5effb41bf9f4b7ebd8d79641604b69a10323837e09474
00824,7,False,B1,0.34248133,0.09677948378,6,0,184,169.0731023,EXP-001,ds_16b6be697acb,ds_aa8808303afa,1465af7161a9053ca7df7d4d04572789911a5480,e41f63ef47ea066f14e5effb41bf9f4b7ebd8d79641604b69a10323837e09474
00825,7,False,B1,0.3442100955,0.09711469217,6,0,118,169.0910182,EXP-001,ds_16b6be697acb,ds_aa8808303afa,1465af7161a9053ca7df7d4d04572789911a5480,e41f63ef47ea066f14e5effb41bf9f4b7ebd8d79641604b69a10323837e09474
00826,7,False,B1,0.3414312929,0.09657683993,6,0,147,169.0297702,EXP-001,ds_16b6be697acb,ds_aa8808303afa,1465af7161a9053ca7df7d4d04572789911a5480,e41f63ef47ea066f14e5effb41bf9f4b7ebd8d79641604b69a10323837e09474
00827,7,False,B1,0.3486212236,0.09795670403,6,0,203,169.0033925,EXP-001,ds_16b6be697acb,ds_aa8808303afa,1465af7161a9053ca7df7d4d04572789911a5480,e41f63ef47ea066f14e5effb41bf9f4b7ebd8d79641604b69a10323837e09474
00828,7,False,B1,0.3406791054,0.09646137808,6,0,172,169.0440502,EXP-001,ds_16b6be697acb,ds_aa8808303afa,1465af7161a9053ca7df7d4d04572789911a5480,e41f63ef47ea066f14e5effb41bf9f4b7ebd8d79641604b69a10323837e09474
00829,7,False,B1,0.3459323076,0.09744729202,6,0,160,169.0475811,EXP-001,ds_16b6be697acb,ds_aa8808303afa,1465af7161a9053ca7df7d4d04572789911a5480,e41f63ef47ea066f14e5effb41bf9f4b7ebd8d79641604b69a10323837e09474
00830,7,False,B1,0.3433005445,0.09691121275,6,0,179,169.0367866,EXP-001,ds_16b6be697acb,ds_aa8808303afa,1465af7161a9053ca7df7d4d04572789911a5480,e41f63ef47ea066f14e5effb41bf9f4b7ebd8d79641604b69a10323837e09474
00831,7,False,B1,0.3397929502,0.09624704992,6,0,89,169.0486594,EXP-001,ds_16b6be697acb,ds_aa8808303afa,1465af7161a9053ca7df7d4d04572789911a5480,e41f63ef47ea066f14e5effb41bf9f4b7ebd8d79641604b69a10323837e09474
00832,7,False,B1,0.3395620858,0.09623447937,6,0,135,168.9533823,EXP-001,ds_16b6be697acb,ds_aa8808303afa,1465af7161a9053ca7df7d4d04572789911a5480,e41f63ef47ea066f14e5effb41bf9f4b7ebd8d79641604b69a10323837e09474
00833,7,False,B1,0.3394236538,0.09617872347,6,0,168,168.9130176,EXP-001,ds_16b6be697acb,ds_aa8808303afa,1465af7161a9053ca7df7d4d04572789911a5480,e41f63ef47ea066f14e5effb41bf9f4b7ebd8d79641604b69a10323837e09474
00834,7,False,B1,0.3443160811,0.09711627534,6,0,174,168.9119335,EXP-001,ds_16b6be697acb,ds_aa8808303afa,1465af7161a9053ca7df7d4d04572789911a5480,e41f63ef47ea066f14e5effb41bf9f4b7ebd8d79641604b69a10323837e09474
00835,7,False,B1,0.3388150019,0.09606662941,6,0,152,168.917968,EXP-001,ds_16b6be697acb,ds_aa8808303afa,1465af7161a9053ca7df7d4d04572789911a5480,e41f63ef47ea066f14e5effb41bf9f4b7ebd8d79641604b69a10323837e09474
00836,7,False,B1,0.3459460582,0.09743298884,6,0,130,168.8979269,EXP-001,ds_16b6be697acb,ds_aa8808303afa,1465af7161a9053ca7df7d4d04572789911a5480,e41f63ef47ea066f14e5effb41bf9f4b7ebd8d79641604b69a10323837e09474
00837,7,False,B1,0.3473196955,0.09767583953,6,0,185,168.851903,EXP-001,ds_16b6be697acb,ds_aa8808303afa,1465af7161a9053ca7df7d4d04572789911a5480,e41f63ef47ea066f14e5effb41bf9f4b7ebd8d79641604b69a10323837e09474
00838,7,False,B1,0.3456514467,0.09740213472,6,0,169,168.8709868,EXP-001,ds_16b6be697acb,ds_aa8808303afa,1465af7161a9053ca7df7d4d04572789911a5480,e41f63ef47ea066f14e5effb41bf9f4b7ebd8d79641604b69a10323837e09474
00839,7,False,B1,0.3531377182,0.09884635175,6,0,216,168.8711391,EXP-001,ds_16b6be697acb,ds_aa8808303afa,1465af7161a9053ca7df7d4d04572789911a5480,e41f63ef47ea066f14e5effb41bf9f4b7ebd8d79641604b69a10323837e09474
00840,7,False,B1,0.3459244787,0.09745582983,6,0,168,168.9267047,EXP-001,ds_16b6be697acb,ds_aa8808303afa,1465af7161a9053ca7df7d4d04572789911a5480,e41f63ef47ea066f14e5effb41bf9f4b7ebd8d79641604b69a10323837e09474
00841,7,False,B1,0.3431085893,0.09688385026,6,0,63,168.9256133,EXP-001,ds_16b6be697acb,ds_aa8808303afa,1465af7161a9053ca7df7d4d04572789911a5480,e41f63ef47ea066f14e5effb41bf9f4b7ebd8d79641604b69a10323837e09474
00842,7,False,B1,0.3409790455,0.09648497754,6,0,182,168.8010194,EXP-001,ds_16b6be697acb,ds_aa8808303afa,1465af7161a9053ca7df7d4d04572789911a5480,e41f63ef47ea066f14e5effb41bf9f4b7ebd8d79641604b69a10323837e09474
00843,7,False,B1,0.3458873847,0.09745461751,6,0,126,168.8165263,EXP-001,ds_16b6be697acb,ds_aa8808303afa,1465af7161a9053ca7df7d4d04572789911a5480,e41f63ef47ea066f14e5effb41bf9f4b7ebd8d79641604b69a10323837e09474
00844,7,False,B1,0.3443691694,0.09714068579,6,0,175,168.766282,EXP-001,ds_16b6be697acb,ds_aa8808303afa,1465af7161a9053ca7df7d4d04572789911a5480,e41f63ef47ea066f14e5effb41bf9f4b7ebd8d79641604b69a10323837e09474
00845,7,False,B1,0.3506377758,0.09836224796,6,0,127,168.7735886,EXP-001,ds_16b6be697acb,ds_aa8808303afa,1465af7161a9053ca7df7d4d04572789911a5480,e41f63ef47ea066f14e5effb41bf9f4b7ebd8d79641604b69a10323837e09474
00846,7,False,B1,0.35052228,0.09834493148,6,0,157,168.7246829,EXP-001,ds_16b6be697acb,ds_aa8808303afa,1465af7161a9053ca7df7d4d04572789911a5480,e41f63ef47ea066f14e5effb41bf9f4b7ebd8d79641604b69a10323837e09474
00847,7,False,B1,0.3380868315,0.09594642789,6,0,142,168.7109725,EXP-001,ds_16b6be697acb,ds_aa8808303afa,1465af7161a9053ca7df7d4d04572789911a5480,e41f63ef47ea066f14e5effb41bf9f4b7ebd8d79641604b69a10323837e09474
00848,7,False,B1,0.3489354265,0.09801594968,6,0,173,168.6797742,EXP-001,ds_16b6be697acb,ds_aa8808303afa,1465af7161a9053ca7df7d4d04572789911a5480,e41f63ef47ea066f14e5effb41bf9f4b7ebd8d79641604b69a10323837e09474
00849,7,False,B1,0.3489016722,0.09799950088,6,0,171,168.6848143,EXP-001,ds_16b6be697acb,ds_aa8808303afa,1465af7161a9053ca7df7d4d04572789911a5480,e41f63ef47ea066f14e5effb41bf9f4b7ebd8d79641604b69a10323837e09474
00850,7,False,B1,0.344424227,0.09713563681,6,0,203,168.6875121,EXP-001,ds_16b6be697acb,ds_aa8808303afa,1465af7161a9053ca7df7d4d04572789911a5480,e41f63ef47ea066f14e5effb41bf9f4b7ebd8d79641604b69a10323837e09474
00851,8,False,B1,0.3450948455,0.09729057125,6,0,170,168.7274491,EXP-001,ds_16b6be697acb,ds_aa8808303afa,1465af7161a9053ca7df7d4d04572789911a5480,e41f63ef47ea066f14e5effb41bf9f4b7ebd8d79641604b69a10323837e09474
00852,8,False,B1,0.3506262587,0.09837501771,6,0,129,168.7289285,EXP-001,ds_16b6be697acb,ds_aa8808303afa,1465af7161a9053ca7df7d4d04572789911a5480,e41f63ef47ea066f14e5effb41bf9f4b7ebd8d79641604b69a10323837e09474
00853,8,False,B1,0.3456843083,0.09742883893,6,0,216,168.6827947,EXP-001,ds_16b6be697acb,ds_aa8808303afa,1465af7161a9053ca7df7d4d04572789911a5480,e41f63ef47ea066f14e5effb41bf9f4b7ebd8d79641604b69a10323837e09474
00854,8,False,B1,0.335737728,0.09547370215,6,0,211,168.7376764,EXP-001,ds_16b6be697acb,ds_aa8808303afa,1465af7161a9053ca7df7d4d04572789911a5480,e41f63ef47ea066f14e5effb41bf9f4b7ebd8d79641604b69a10323837e09474
00855,8,False,B1,0.3470046258,0.09765391896,6,0,192,168.7866383,EXP-001,ds_16b6be697acb,ds_aa8808303afa,1465af7161a9053ca7df7d4d04572789911a5480,e41f63ef47ea066f14e5effb41bf9f4b7ebd8d79641604b69a10323837e09474
00856,8,False,B1,0.346473204,0.09751220144,6,0,155,168.8135005,EXP-001,ds_16b6be697acb,ds_aa8808303afa,1465af7161a9053ca7df7d4d04572789911a5480,e41f63ef47ea066f14e5effb41bf9f4b7ebd8d79641604b69a10323837e09474
00857,8,False,B1,0.3479849612,0.09783331364,6,0,206,168.7975342,EXP-001,ds_16b6be697acb,ds_aa8808303afa,1465af7161a9053ca7df7d4d04572789911a5480,e41f63ef47ea066f14e5effb41bf9f4b7ebd8d79641604b69a10323837e09474
00858,8,False,B1,0.3438891339,0.09706177512,6,0,195,168.8404849,EXP-001,ds_16b6be697acb,ds_aa8808303afa,1465af7161a9053ca7df7d4d04572789911a5480,e41f63ef47ea066f14e5effb41bf9f4b7ebd8d79641604b69a10323837e09474
00859,8,False,B1,0.3445673362,0.09717351543,6,0,114,168.8706515,EXP-001,ds_16b6be697acb,ds_aa8808303afa,1465af7161a9053ca7df7d4d04572789911a5480,e41f63ef47ea066f14e5effb41bf9f4b7ebd8d79641604b69a10323837e09474
00860,8,False,B1,0.3409796196,0.09648904421,6,0,233,168.8074486,EXP-001,ds_16b6be697acb,ds_aa8808303afa,1465af7161a9053ca7df7d4d04572789911a5480,e41f63ef47ea066f14e5effb41bf9f4b7ebd8d79641604b69a10323837e09474
00861,8,False,B1,0.3452139057,0.09727124194,6,0,222,168.8813039,EXP-001,ds_16b6be697acb,ds_aa8808303afa,1465af7161a9053ca7df7d4d04572789911a5480,e41f63ef47ea066f14e5effb41bf9f4b7ebd8d79641604b69a10323837e09474
00862,8,False,B1,0.3483754469,0.09792537601,6,0,168,168.9423482,EXP-001,ds_16b6be697acb,ds_aa8808303afa,1465af7161a9053ca7df7d4d04572789911a5480,e41f63ef47ea066f14e5effb41bf9f4b7ebd8d79641604b69a10323837e09474
00863,8,False,B1,0.3483643774,0.09795113856,6,0,234,168.9412665,EXP-001,ds_16b6be697acb,ds_aa8808303afa,1465af7161a9053ca7df7d4d04572789911a5480,e41f63ef47ea066f14e5effb41bf9f4b7ebd8d79641604b69a10323837e09474
00864,8,False,B1,0.3508702433,0.09835205342,6,0,144,169.0158609,EXP-001,ds_16b6be697acb,ds_aa8808303afa,1465af7161a9053ca7df7d4d04572789911a5480,e41f63ef47ea066f14e5effb41bf9f4b7ebd8d79641604b69a10323837e09474
00865,8,False,B1,0.351647528,0.09850171701,6,0,200,168.9872113,EXP-001,ds_16b6be697acb,ds_aa8808303afa,1465af7161a9053ca7df7d4d04572789911a5480,e41f63ef47ea066f14e5effb41bf9f4b7ebd8d79641604b69a10323837e09474
00866,8,False,B1,0.3456895139,0.09744452332,6,0,191,169.0226883,EXP-001,ds_16b6be697acb,ds_aa8808303afa,1465af7161a9053ca7df7d4d04572789911a5480,e41f63ef47ea066f14e5effb41bf9f4b7ebd8d79641604b69a10323837e09474
00867,8,False,B1,0.3434940918,0.09701420999,6,0,211,169.0478004,EXP-001,ds_16b6be697acb,ds_aa8808303afa,1465af7161a9053ca7df7d4d04572789911a5480,e41f63ef47ea066f14e5effb41bf9f4b7ebd8d79641604b69a10323837e09474
00868,8,False,B1,0.3405886728,0.09637785383,6,0,178,169.0956819,EXP-001,ds_16b6be697acb,ds_aa8808303afa,1465af7161a9053ca7df7d4d04572789911a5480,e41f63ef47ea066f14e5effb41bf9f4b7ebd8d79641604b69a10323837e09474
00869,8,False,B1,0.3389350077,0.0961167752,6,0,174,169.1058332,EXP-001,ds_16b6be697acb,ds_aa8808303afa,1465af7161a9053ca7df7d4d04572789911a5480,e41f63ef47ea066f14e5effb41bf9f4b7ebd8d79641604b69a10323837e09474
00870,8,False,B1,0.3501454346,0.09825828574,6,0,111,169.1114063,EXP-001,ds_16b6be697acb,ds_aa8808303afa,1465af7161a9053ca7df7d4d04572789911a5480,e41f63ef47ea066f14e5effb41bf9f4b7ebd8d79641604b69a10323837e09474
00871,8,False,B1,0.3498204288,0.09815897135,6,0,199,169.0453081,EXP-001,ds_16b6be697acb,ds_aa8808303afa,1465af7161a9053ca7df7d4d04572789911a5480,e41f63ef47ea066f14e5effb41bf9f4b7ebd8d79641604b69a10323837e09474
00872,8,False,B1,0.3380315154,0.09591164176,6,0,141,169.079341,EXP-001,ds_16b6be697acb,ds_aa8808303afa,1465af7161a9053ca7df7d4d04572789911a5480,e41f63ef47ea066f14e5effb41bf9f4b7ebd8d79641604b69a10323837e09474
00873,8,False,B1,0.3448089521,0.0972209742,6,0,136,169.0474749,EXP-001,ds_16b6be697acb,ds_aa8808303afa,1465af7161a9053ca7df7d4d04572789911a5480,e41f63ef47ea066f14e5effb41bf9f4b7ebd8d79641604b69a10323837e09474
00874,8,False,B1,0.3467898643,0.09761899741,6,0,207,169.0100132,EXP-001,ds_16b6be697acb,ds_aa8808303afa,1465af7161a9053ca7df7d4d04572789911a5480,e41f63ef47ea066f14e5effb41bf9f4b7ebd8d79641604b69a10323837e09474
00875,8,False,B1,0.3425263477,0.09678044446,6,0,138,169.0530289,EXP-001,ds_16b6be697acb,ds_aa8808303afa,1465af7161a9053ca7df7d4d04572789911a5480,e41f63ef47ea066f14e5effb41bf9f4b7ebd8d79641604b69a10323837e09474
00876,8,False,B1,0.3430568187,0.09684954233,6,0,142,169.0179076,EXP-001,ds_16b6be697acb,ds_aa8808303afa,1465af7161a9053ca7df7d4d04572789911a5480,e41f63ef47ea066f14e5effb41bf9f4b7ebd8d79641604b69a10323837e09474
00877,8,False,B1,0.3390581307,0.09613786471,6,0,141,168.9873847,EXP-001,ds_16b6be697acb,ds_aa8808303afa,1465af7161a9053ca7df7d4d04572789911a5480,e41f63ef47ea066f14e5effb41bf9f4b7ebd8d79641604b69a10323837e09474
00878,8,False,B1,0.3419499687,0.09670067289,6,0,223,168.9558021,EXP-001,ds_16b6be697acb,ds_aa8808303afa,1465af7161a9053ca7df7d4d04572789911a5480,e41f63ef47ea066f14e5effb41bf9f4b7ebd8d79641604b69a10323837e09474
00879,8,False,B1,0.3414228289,0.09660576238,6,0,191,169.0167199,EXP-001,ds_16b6be697acb,ds_aa8808303afa,1465af7161a9053ca7df7d4d04572789911a5480,e41f63ef47ea066f14e5effb41bf9f4b7ebd8d79641604b69a10323837e09474
00880,8,False,B1,0.3456002434,0.09737096169,6,0,142,169.0414712,EXP-001,ds_16b6be697acb,ds_aa8808303afa,1465af7161a9053ca7df7d4d04572789911a5480,e41f63ef47ea066f14e5effb41bf9f4b7ebd8d79641604b69a10323837e09474
00881,8,False,B1,0.3476461454,0.0978064096,6,0,173,169.011059,EXP-001,ds_16b6be697acb,ds_aa8808303afa,1465af7161a9053ca7df7d4d04572789911a5480,e41f63ef47ea066f14e5effb41bf9f4b7ebd8d79641604b69a10323837e09474
00882,8,False,B1,0.3512103441,0.0984854926,6,0,225,169.0155402,EXP-001,ds_16b6be697acb,ds_aa8808303afa,1465af7161a9053ca7df7d4d04572789911a5480,e41f63ef47ea066f14e5effb41bf9f4b7ebd8d79641604b69a10323837e09474
00883,8,False,B1,0.3466577908,0.09761171816,6,0,160,169.0783617,EXP-001,ds_16b6be697acb,ds_aa8808303afa,1465af7161a9053ca7df7d4d04572789911a5480,e41f63ef47ea066f14e5effb41bf9f4b7ebd8d79641604b69a10323837e09474
00884,8,False,B1,0.3469628483,0.09763757408,6,0,118,169.0681861,EXP-001,ds_16b6be697acb,ds_aa8808303afa,1465af7161a9053ca7df7d4d04572789911a5480,e41f63ef47ea066f14e5effb41bf9f4b7ebd8d79641604b69a10323837e09474
00885,8,False,B1,0.3491014392,0.09807047464,6,0,153,169.0110095,EXP-001,ds_16b6be697acb,ds_aa8808303afa,1465af7161a9053ca7df7d4d04572789911a5480,e41f63ef47ea066f14e5effb41bf9f4b7ebd8d79641604b69a10323837e09474
00886,8,False,B1,0.3383503365,0.09598053033,6,0,195,168.9931034,EXP-001,ds_16b6be697acb,ds_aa8808303afa,1465af7161a9053ca7df7d4d04572789911a5480,e41f63ef47ea066f14e5effb41bf9f4b7ebd8d79641604b69a10323837e09474
00887,8,False,B1,0.3452748776,0.09726922968,6,0,195,169.022156,EXP-001,ds_16b6be697acb,ds_aa8808303afa,1465af7161a9053ca7df7d4d04572789911a5480,e41f63ef47ea066f14e5effb41bf9f4b7ebd8d79641604b69a10323837e09474
00888,8,False,B1,0.3469760302,0.09762034851,6,0,159,169.0511438,EXP-001,ds_16b6be697acb,ds_aa8808303afa,1465af7161a9053ca7df7d4d04572789911a5480,e41f63ef47ea066f14e5effb41bf9f4b7ebd8d79641604b69a10323837e09474
00889,8,False,B1,0.3418005382,0.09663274942,6,0,224,169.0399406,EXP-001,ds_16b6be697acb,ds_aa8808303afa,1465af7161a9053ca7df7d4d04572789911a5480,e41f63ef47ea066f14e5effb41bf9f4b7ebd8d79641604b69a10323837e09474
00890,8,False,B1,0.3449775127,0.0972274217,6,0,162,169.1011319,EXP-001,ds_16b6be697acb,ds_aa8808303afa,1465af7161a9053ca7df7d4d04572789911a5480,e41f63ef47ea066f14e5effb41bf9f4b7ebd8d79641604b69a10323837e09474
00891,8,False,B1,0.3506703517,0.09834584982,6,0,160,169.0932345,EXP-001,ds_16b6be697acb,ds_aa8808303afa,1465af7161a9053ca7df7d4d04572789911a5480,e41f63ef47ea066f14e5effb41bf9f4b7ebd8d79641604b69a10323837e09474
00892,8,False,B1,0.347456716,0.09776389629,6,0,186,169.0831328,EXP-001,ds_16b6be697acb,ds_aa8808303afa,1465af7161a9053ca7df7d4d04572789911a5480,e41f63ef47ea066f14e5effb41bf9f4b7ebd8d79641604b69a10323837e09474
00893,8,False,B1,0.3505403296,0.09831372775,6,0,155,169.1019049,EXP-001,ds_16b6be697acb,ds_aa8808303afa,1465af7161a9053ca7df7d4d04572789911a5480,e41f63ef47ea066f14e5effb41bf9f4b7ebd8d79641604b69a10323837e09474
00894,8,False,B1,0.3451414537,0.09728975819,6,0,175,169.0862738,EXP-001,ds_16b6be697acb,ds_aa8808303afa,1465af7161a9053ca7df7d4d04572789911a5480,e41f63ef47ea066f14e5effb41bf9f4b7ebd8d79641604b69a10323837e09474
00895,8,False,B1,0.3427514875,0.09683286177,6,0,156,169.0928216,EXP-001,ds_16b6be697acb,ds_aa8808303afa,1465af7161a9053ca7df7d4d04572789911a5480,e41f63ef47ea066f14e5effb41bf9f4b7ebd8d79641604b69a10323837e09474
00896,8,False,B1,0.3458428395,0.09742314464,6,0,156,169.078341,EXP-001,ds_16b6be697acb,ds_aa8808303afa,1465af7161a9053ca7df7d4d04572789911a5480,e41f63ef47ea066f14e5effb41bf9f4b7ebd8d79641604b69a10323837e09474
00897,8,False,B1,0.3541619977,0.09901580711,6,0,100,169.0638925,EXP-001,ds_16b6be697acb,ds_aa8808303afa,1465af7161a9053ca7df7d4d04572789911a5480,e41f63ef47ea066f14e5effb41bf9f4b7ebd8d79641604b69a10323837e09474
00898,8,False,B1,0.3439270885,0.09707183944,6,0,152,168.987677,EXP-001,ds_16b6be697acb,ds_aa8808303afa,1465af7161a9053ca7df7d4d04572789911a5480,e41f63ef47ea066f14e5effb41bf9f4b7ebd8d79641604b69a10323837e09474
00899,8,False,B1,0.3517846631,0.09858159474,6,0,215,168.9689509,EXP-001,ds_16b6be697acb,ds_aa8808303afa,1465af7161a9053ca7df7d4d04572789911a5480,e41f63ef47ea066f14e5effb41bf9f4b7ebd8d79641604b69a10323837e09474
00900,8,False,B1,0.3481147781,0.09784408484,6,0,137,169.0196366,EXP-001,ds_16b6be697acb,ds_aa8808303afa,1465af7161a9053ca7df7d4d04572789911a5480,e41f63ef47ea066f14e5effb41bf9f4b7ebd8d79641604b69a10323837e09474
00901,9,False,B1,0.3460364575,0.09746897749,6,0,188,168.984418,EXP-001,ds_16b6be697acb,ds_aa8808303afa,1465af7161a9053ca7df7d4d04572789911a5480,e41f63ef47ea066f14e5effb41bf9f4b7ebd8d79641604b69a10323837e09474
00902,9,False,B1,0.3347568273,0.09525728072,6,0,177,169.0053104,EXP-001,ds_16b6be697acb,ds_aa8808303afa,1465af7161a9053ca7df7d4d04572789911a5480,e41f63ef47ea066f14e5effb41bf9f4b7ebd8d79641604b69a10323837e09474
00903,9,False,B1,0.339028758,0.09612584647,6,0,250,169.0140845,EXP-001,ds_16b6be697acb,ds_aa8808303afa,1465af7161a9053ca7df7d4d04572789911a5480,e41f63ef47ea066f14e5effb41bf9f4b7ebd8d79641604b69a10323837e09474
00904,9,False,B1,0.344587811,0.09719088216,6,0,156,169.1028686,EXP-001,ds_16b6be697acb,ds_aa8808303afa,1465af7161a9053ca7df7d4d04572789911a5480,e41f63ef47ea066f14e5effb41bf9f4b7ebd8d79641604b69a10323837e09474
00905,9,False,B1,0.3539729736,0.09896920647,6,0,172,169.0885198,EXP-001,ds_16b6be697acb,ds_aa8808303afa,1465af7161a9053ca7df7d4d04572789911a5480,e41f63ef47ea066f14e5effb41bf9f4b7ebd8d79641604b69a10323837e09474
00906,9,False,B1,0.344842868,0.09724124111,6,0,157,169.0917046,EXP-001,ds_16b6be697acb,ds_aa8808303afa,1465af7161a9053ca7df7d4d04572789911a5480,e41f63ef47ea066f14e5effb41bf9f4b7ebd8d79641604b69a10323837e09474
00907,9,False,B1,0.3468809891,0.09766459783,6,0,210,169.0784921,EXP-001,ds_16b6be697acb,ds_aa8808303afa,1465af7161a9053ca7df7d4d04572789911a5480,e41f63ef47ea066f14e5effb41bf9f4b7ebd8d79641604b69a10323837e09474
00908,9,False,B1,0.3453979575,0.09733243828,6,0,133,169.1231581,EXP-001,ds_16b6be697acb,ds_aa8808303afa,1465af7161a9053ca7df7d4d04572789911a5480,e41f63ef47ea066f14e5effb41bf9f4b7ebd8d79641604b69a10323837e09474
00909,9,False,B1,0.3371978821,0.09573263524,6,0,224,169.0837725,EXP-001,ds_16b6be697acb,ds_aa8808303afa,1465af7161a9053ca7df7d4d04572789911a5480,e41f63ef47ea066f14e5effb41bf9f4b7ebd8d79641604b69a10323837e09474
00910,9,False,B1,0.3415929368,0.0965935434,6,0,136,169.1435832,EXP-001,ds_16b6be697acb,ds_aa8808303afa,1465af7161a9053ca7df7d4d04572789911a5480,e41f63ef47ea066f14e5effb41bf9f4b7ebd8d79641604b69a10323837e09474
00911,9,False,B1,0.3466807879,0.09757032718,6,0,159,169.1075249,EXP-001,ds_16b6be697acb,ds_aa8808303afa,1465af7161a9053ca7df7d4d04572789911a5480,e41f63ef47ea066f14e5effb41bf9f4b7ebd8d79641604b69a10323837e09474
00912,9,False,B1,0.3426251072,0.09680511197,6,0,150,169.0965405,EXP-001,ds_16b6be697acb,ds_aa8808303afa,1465af7161a9053ca7df7d4d04572789911a5480,e41f63ef47ea066f14e5effb41bf9f4b7ebd8d79641604b69a10323837e09474
00913,9,False,B1,0.3454754814,0.09730560807,6,0,138,169.0758097,EXP-001,ds_16b6be697acb,ds_aa8808303afa,1465af7161a9053ca7df7d4d04572789911a5480,e41f63ef47ea066f14e5effb41bf9f4b7ebd8d79641604b69a10323837e09474
00914,9,False,B1,0.3379672913,0.09591170083,6,0,243,169.042111,EXP-001,ds_16b6be697acb,ds_aa8808303afa,1465af7161a9053ca7df7d4d04572789911a5480,e41f63ef47ea066f14e5effb41bf9f4b7ebd8d79641604b69a10323837e09474
00915,9,False,B1,0.3491443758,0.09810682159,6,0,135,169.1222242,EXP-001,ds_16b6be697acb,ds_aa8808303afa,1465af7161a9053ca7df7d4d04572789911a5480,e41f63ef47ea066f14e5effb41bf9f4b7ebd8d79641604b69a10323837e09474
00916,9,False,B1,0.3447195069,0.09722571504,6,0,187,169.0853021,EXP-001,ds_16b6be697acb,ds_aa8808303afa,1465af7161a9053ca7df7d4d04572789911a5480,e41f63ef47ea066f14e5effb41bf9f4b7ebd8d79641604b69a10323837e09474
00917,9,False,B1,0.3482748966,0.09791966275,6,0,216,169.1046658,EXP-001,ds_16b6be697acb,ds_aa8808303afa,1465af7161a9053ca7df7d4d04572789911a5480,e41f63ef47ea066f14e5effb41bf9f4b7ebd8d79641604b69a10323837e09474
00918,9,False,B1,0.3438787646,0.09708012511,6,0,174,169.1552996,EXP-001,ds_16b6be697acb,ds_aa8808303afa,1465af7161a9053ca7df7d4d04572789911a5480,e41f63ef47ea066f14e5effb41bf9f4b7ebd8d79641604b69a10323837e09474
00919,9,False,B1,0.3416354776,0.09663550455,6,0,166,169.1605249,EXP-001,ds_16b6be697acb,ds_aa8808303afa,1465af7161a9053ca7df7d4d04572789911a5480,e41f63ef47ea066f14e5effb41bf9f4b7ebd8d79641604b69a10323837e09474
00920,9,False,B1,0.3472947968,0.09768108128,6,0,120,169.1571198,EXP-001,ds_16b6be697acb,ds_aa8808303afa,1465af7161a9053ca7df7d4d04572789911a5480,e41f63ef47ea066f14e5effb41bf9f4b7ebd8d79641604b69a10323837e09474
00921,9,False,B1,0.3470150601,0.09766661794,6,0,116,169.1042152,EXP-001,ds_16b6be697acb,ds_aa8808303afa,1465af7161a9053ca7df7d4d04572789911a5480,e41f63ef47ea066f14e5effb41bf9f4b7ebd8d79641604b69a10323837e09474
00922,9,False,B1,0.3461003633,0.0974958264,6,0,164,169.0471242,EXP-001,ds_16b6be697acb,ds_aa8808303afa,1465af7161a9053ca7df7d4d04572789911a5480,e41f63ef47ea066f14e5effb41bf9f4b7ebd8d79641604b69a10323837e09474
00923,9,False,B1,0.3424308226,0.09677886106,6,0,176,169.041704,EXP-001,ds_16b6be697acb,ds_aa8808303afa,1465af7161a9053ca7df7d4d04572789911a5480,e41f63ef47ea066f14e5effb41bf9f4b7ebd8d79641604b69a10323837e09474
00924,9,False,B1,0.3437984175,0.09707845703,6,0,142,169.0491686,EXP-001,ds_16b6be697acb,ds_aa8808303afa,1465af7161a9053ca7df7d4d04572789911a5480,e41f63ef47ea066f14e5effb41bf9f4b7ebd8d79641604b69a10323837e09474
00925,9,False,B1,0.3433612123,0.09690947409,6,0,227,169.0201822,EXP-001,ds_16b6be697acb,ds_aa8808303afa,1465af7161a9053ca7df7d4d04572789911a5480,e41f63ef47ea066f14e5effb41bf9f4b7ebd8d79641604b69a10323837e09474
00926,9,False,B1,0.3377562447,0.09584572899,6,0,200,169.082248,EXP-001,ds_16b6be697acb,ds_aa8808303afa,1465af7161a9053ca7df7d4d04572789911a5480,e41f63ef47ea066f14e5effb41bf9f4b7ebd8d79641604b69a10323837e09474
00927,9,False,B1,0.3456722794,0.09742955181,6,0,138,169.1153092,EXP-001,ds_16b6be697acb,ds_aa8808303afa,1465af7161a9053ca7df7d4d04572789911a5480,e41f63ef47ea066f14e5effb41bf9f4b7ebd8d79641604b69a10323837e09474
00928,9,False,B1,0.349227047,0.09811490905,6,0,182,169.0820723,EXP-001,ds_16b6be697acb,ds_aa8808303afa,1465af7161a9053ca7df7d4d04572789911a5480,e41f63ef47ea066f14e5effb41bf9f4b7ebd8d79641604b69a10323837e09474
00929,9,False,B1,0.3456916701,0.09736241106,6,0,194,169.0958563,EXP-001,ds_16b6be697acb,ds_aa8808303afa,1465af7161a9053ca7df7d4d04572789911a5480,e41f63ef47ea066f14e5effb41bf9f4b7ebd8d79641604b69a10323837e09474
00930,9,False,B1,0.3471567491,0.09769760723,6,0,228,169.1224018,EXP-001,ds_16b6be697acb,ds_aa8808303afa,1465af7161a9053ca7df7d4d04572789911a5480,e41f63ef47ea066f14e5effb41bf9f4b7ebd8d79641604b69a10323837e09474
00931,9,False,B1,0.3490932224,0.09807045197,6,0,160,169.1850932,EXP-001,ds_16b6be697acb,ds_aa8808303afa,1465af7161a9053ca7df7d4d04572789911a5480,e41f63ef47ea066f14e5effb41bf9f4b7ebd8d79641604b69a10323837e09474
00932,9,False,B1,0.3460197046,0.09747516076,6,0,254,169.1753235,EXP-001,ds_16b6be697acb,ds_aa8808303afa,1465af7161a9053ca7df7d4d04572789911a5480,e41f63ef47ea066f14e5effb41bf9f4b7ebd8d79641604b69a10323837e09474
00933,9,False,B1,0.3443260917,0.09715222363,6,0,224,169.2654507,EXP-001,ds_16b6be697acb,ds_aa8808303afa,1465af7161a9053ca7df7d4d04572789911a5480,e41f63ef47ea066f14e5effb41bf9f4b7ebd8d79641604b69a10323837e09474
00934,9,False,B1,0.3432416852,0.09690750581,6,0,193,169.323545,EXP-001,ds_16b6be697acb,ds_aa8808303afa,1465af7161a9053ca7df7d4d04572789911a5480,e41f63ef47ea066f14e5effb41bf9f4b7ebd8d79641604b69a10323837e09474
00935,9,False,B1,0.3469441878,0.09766599174,6,0,218,169.3486482,EXP-001,ds_16b6be697acb,ds_aa8808303afa,1465af7161a9053ca7df7d4d04572789911a5480,e41f63ef47ea066f14e5effb41bf9f4b7ebd8d79641604b69a10323837e09474
00936,9,False,B1,0.3436797823,0.09699705033,6,0,170,169.4001765,EXP-001,ds_16b6be697acb,ds_aa8808303afa,1465af7161a9053ca7df7d4d04572789911a5480,e41f63ef47ea066f14e5effb41bf9f4b7ebd8d79641604b69a10323837e09474
00937,9,False,B1,0.3457208384,0.0974074824,6,0,205,169.4008111,EXP-001,ds_16b6be697acb,ds_aa8808303afa,1465af7161a9053ca7df7d4d04572789911a5480,e41f63ef47ea066f14e5effb41bf9f4b7ebd8d79641604b69a10323837e09474
00938,9,False,B1,0.3448847935,0.09724012459,6,0,147,169.4384358,EXP-001,ds_16b6be697acb,ds_aa8808303afa,1465af7161a9053ca7df7d4d04572789911a5480,e41f63ef47ea066f14e5effb41bf9f4b7ebd8d79641604b69a10323837e09474
00939,9,False,B1,0.3477647523,0.09776435282,6,0,159,169.4147457,EXP-001,ds_16b6be697acb,ds_aa8808303afa,1465af7161a9053ca7df7d4d04572789911a5480,e41f63ef47ea066f14e5effb41bf9f4b7ebd8d79641604b69a10323837e09474
00940,9,False,B1,0.3416221912,0.09663780734,6,0,201,169.4037616,EXP-001,ds_16b6be697acb,ds_aa8808303afa,1465af7161a9053ca7df7d4d04572789911a5480,e41f63ef47ea066f14e5effb41bf9f4b7ebd8d79641604b69a10323837e09474
00941,9,False,B1,0.3490989366,0.09808166606,6,0,188,169.43705,EXP-001,ds_16b6be697acb,ds_aa8808303afa,1465af7161a9053ca7df7d4d04572789911a5480,e41f63ef47ea066f14e5effb41bf9f4b7ebd8d79641604b69a10323837e09474
00942,9,False,B1,0.3458783474,0.09737780283,6,0,182,169.4565866,EXP-001,ds_16b6be697acb,ds_aa8808303afa,1465af7161a9053ca7df7d4d04572789911a5480,e41f63ef47ea066f14e5effb41bf9f4b7ebd8d79641604b69a10323837e09474
00943,9,False,B1,0.344082392,0.09713492545,6,0,128,169.469774,EXP-001,ds_16b6be697acb,ds_aa8808303afa,1465af7161a9053ca7df7d4d04572789911a5480,e41f63ef47ea066f14e5effb41bf9f4b7ebd8d79641604b69a10323837e09474
00944,9,False,B1,0.3411255581,0.09651090882,6,0,180,169.4262209,EXP-001,ds_16b6be697acb,ds_aa8808303afa,1465af7161a9053ca7df7d4d04572789911a5480,e41f63ef47ea066f14e5effb41bf9f4b7ebd8d79641604b69a10323837e09474
00945,9,False,B1,0.3377496769,0.09585070508,6,0,202,169.4373142,EXP-001,ds_16b6be697acb,ds_aa8808303afa,1465af7161a9053ca7df7d4d04572789911a5480,e41f63ef47ea066f14e5effb41bf9f4b7ebd8d79641604b69a10323837e09474
00946,9,False,B1,0.3416066655,0.09656454925,6,0,196,169.471441,EXP-001,ds_16b6be697acb,ds_aa8808303afa,1465af7161a9053ca7df7d4d04572789911a5480,e41f63ef47ea066f14e5effb41bf9f4b7ebd8d79641604b69a10323837e09474
00947,9,False,B1,0.3427011588,0.0968193065,6,0,184,169.4992148,EXP-001,ds_16b6be697acb,ds_aa8808303afa,1465af7161a9053ca7df7d4d04572789911a5480,e41f63ef47ea066f14e5effb41bf9f4b7ebd8d79641604b69a10323837e09474
00948,9,False,B1,0.3418008324,0.0966549275,6,0,175,169.5143803,EXP-001,ds_16b6be697acb,ds_aa8808303afa,1465af7161a9053ca7df7d4d04572789911a5480,e41f63ef47ea066f14e5effb41bf9f4b7ebd8d79641604b69a10323837e09474
00949,9,False,B1,0.3433361057,0.09690896347,6,0,196,169.5201114,EXP-001,ds_16b6be697acb,ds_aa8808303afa,1465af7161a9053ca7df7d4d04572789911a5480,e41f63ef47ea066f14e5effb41bf9f4b7ebd8d79641604b69a10323837e09474
00950,9,False,B1,0.3399962394,0.09628932515,6,0,187,169.5477474,EXP-001,ds_16b6be697acb,ds_aa8808303afa,1465af7161a9053ca7df7d4d04572789911a5480,e41f63ef47ea066f14e5effb41bf9f4b7ebd8d79641604b69a10323837e09474
00951,10,False,B1,0.3562283839,0.09938697043,6,0,150,169.5659427,EXP-001,ds_16b6be697acb,ds_aa8808303afa,1465af7161a9053ca7df7d4d04572789911a5480,e41f63ef47ea066f14e5effb41bf9f4b7ebd8d79641604b69a10323837e09474
00952,10,False,B1,0.3512704118,0.09849835816,6,0,124,169.545565,EXP-001,ds_16b6be697acb,ds_aa8808303afa,1465af7161a9053ca7df7d4d04572789911a5480,e41f63ef47ea066f14e5effb41bf9f4b7ebd8d79641604b69a10323837e09474
00953,10,False,B1,0.3479082258,0.09783951522,6,0,231,169.4981793,EXP-001,ds_16b6be697acb,ds_aa8808303afa,1465af7161a9053ca7df7d4d04572789911a5480,e41f63ef47ea066f14e5effb41bf9f4b7ebd8d79641604b69a10323837e09474
00954,10,False,B1,0.3468033299,0.09763624758,6,0,165,169.5620994,EXP-001,ds_16b6be697acb,ds_aa8808303afa,1465af7161a9053ca7df7d4d04572789911a5480,e41f63ef47ea066f14e5effb41bf9f4b7ebd8d79641604b69a10323837e09474
00955,10,False,B1,0.3445792945,0.09720708723,6,0,170,169.5573629,EXP-001,ds_16b6be697acb,ds_aa8808303afa,1465af7161a9053ca7df7d4d04572789911a5480,e41f63ef47ea066f14e5effb41bf9f4b7ebd8d79641604b69a10323837e09474
00956,10,False,B1,0.3441178946,0.09708098239,6,0,111,169.557822,EXP-001,ds_16b6be697acb,ds_aa8808303afa,1465af7161a9053ca7df7d4d04572789911a5480,e41f63ef47ea066f14e5effb41bf9f4b7ebd8d79641604b69a10323837e09474
00957,10,False,B1,0.345800574,0.09740738149,6,0,100,169.4971508,EXP-001,ds_16b6be697acb,ds_aa8808303afa,1465af7161a9053ca7df7d4d04572789911a5480,e41f63ef47ea066f14e5effb41bf9f4b7ebd8d79641604b69a10323837e09474
00958,10,False,B1,0.3391078432,0.09611437539,6,0,129,169.4252199,EXP-001,ds_16b6be697acb,ds_aa8808303afa,1465af7161a9053ca7df7d4d04572789911a5480,e41f63ef47ea066f14e5effb41bf9f4b7ebd8d79641604b69a10323837e09474
00959,10,False,B1,0.3525788481,0.09869798357,6,0,89,169.3834224,EXP-001,ds_16b6be697acb,ds_aa8808303afa,1465af7161a9053ca7df7d4d04572789911a5480,e41f63ef47ea066f14e5effb41bf9f4b7ebd8d79641604b69a10323837e09474
00960,10,False,B1,0.3506054534,0.09826884688,6,0,153,169.3003959,EXP-001,ds_16b6be697acb,ds_aa8808303afa,1465af7161a9053ca7df7d4d04572789911a5480,e41f63ef47ea066f14e5effb41bf9f4b7ebd8d79641604b69a10323837e09474
00961,10,False,B1,0.3498531959,0.09821624318,6,0,176,169.283577,EXP-001,ds_16b6be697acb,ds_aa8808303afa,1465af7161a9053ca7df7d4d04572789911a5480,e41f63ef47ea066f14e5effb41bf9f4b7ebd8d79641604b69a10323837e09474
00962,10,False,B1,0.3494552876,0.09812632013,6,0,121,169.2904999,EXP-001,ds_16b6be697acb,ds_aa8808303afa,1465af7161a9053ca7df7d4d04572789911a5480,e41f63ef47ea066f14e5effb41bf9f4b7ebd8d79641604b69a10323837e09474
00963,10,False,B1,0.3436030052,0.09702570691,6,0,236,169.2407757,EXP-001,ds_16b6be697acb,ds_aa8808303afa,1465af7161a9053ca7df7d4d04572789911a5480,e41f63ef47ea066f14e5effb41bf9f4b7ebd8d79641604b69a10323837e09474
00964,10,False,B1,0.3520309842,0.0986216297,6,0,175,169.3094463,EXP-001,ds_16b6be697acb,ds_aa8808303afa,1465af7161a9053ca7df7d4d04572789911a5480,e41f63ef47ea066f14e5effb41bf9f4b7ebd8d79641604b69a10323837e09474
00965,10,False,B1,0.3456990629,0.09741016188,6,0,167,169.3152937,EXP-001,ds_16b6be697acb,ds_aa8808303afa,1465af7161a9053ca7df7d4d04572789911a5480,e41f63ef47ea066f14e5effb41bf9f4b7ebd8d79641604b69a10323837e09474
00966,10,False,B1,0.3489407583,0.09803149259,6,0,131,169.312917,EXP-001,ds_16b6be697acb,ds_aa8808303afa,1465af7161a9053ca7df7d4d04572789911a5480,e41f63ef47ea066f14e5effb41bf9f4b7ebd8d79641604b69a10323837e09474
00967,10,False,B1,0.3452319707,0.09730848452,6,0,186,169.2736284,EXP-001,ds_16b6be697acb,ds_aa8808303afa,1465af7161a9053ca7df7d4d04572789911a5480,e41f63ef47ea066f14e5effb41bf9f4b7ebd8d79641604b69a10323837e09474
00968,10,False,B1,0.3459888963,0.09744448122,6,0,149,169.2907632,EXP-001,ds_16b6be697acb,ds_aa8808303afa,1465af7161a9053ca7df7d4d04572789911a5480,e41f63ef47ea066f14e5effb41bf9f4b7ebd8d79641604b69a10323837e09474
00969,10,False,B1,0.3532876342,0.09884531403,6,0,134,169.2699983,EXP-001,ds_16b6be697acb,ds_aa8808303afa,1465af7161a9053ca7df7d4d04572789911a5480,e41f63ef47ea066f14e5effb41bf9f4b7ebd8d79641604b69a10323837e09474
00970,10,False,B1,0.3388306827,0.09607821862,6,0,179,169.233941,EXP-001,ds_16b6be697acb,ds_aa8808303afa,1465af7161a9053ca7df7d4d04572789911a5480,e41f63ef47ea066f14e5effb41bf9f4b7ebd8d79641604b69a10323837e09474
00971,10,False,B1,0.3496340585,0.09818458847,6,0,144,169.2439149,EXP-001,ds_16b6be697acb,ds_aa8808303afa,1465af7161a9053ca7df7d4d04572789911a5480,e41f63ef47ea066f14e5effb41bf9f4b7ebd8d79641604b69a10323837e09474
00972,10,False,B1,0.3425377758,0.09679716588,6,0,151,169.2181602,EXP-001,ds_16b6be697acb,ds_aa8808303afa,1465af7161a9053ca7df7d4d04572789911a5480,e41f63ef47ea066f14e5effb41bf9f4b7ebd8d79641604b69a10323837e09474
00973,10,False,B1,0.3404484448,0.09637758631,6,0,215,169.1995923,EXP-001,ds_16b6be697acb,ds_aa8808303afa,1465af7161a9053ca7df7d4d04572789911a5480,e41f63ef47ea066f14e5effb41bf9f4b7ebd8d79641604b69a10323837e09474
00974,10,False,B1,0.3395814144,0.09621845506,6,0,236,169.2462243,EXP-001,ds_16b6be697acb,ds_aa8808303afa,1465af7161a9053ca7df7d4d04572789911a5480,e41f63ef47ea066f14e5effb41bf9f4b7ebd8d79641604b69a10323837e09474
00975,10,False,B1,0.350749017,0.09838994211,6,0,137,169.314121,EXP-001,ds_16b6be697acb,ds_aa8808303afa,1465af7161a9053ca7df7d4d04572789911a5480,e41f63ef47ea066f14e5effb41bf9f4b7ebd8d79641604b69a10323837e09474
00976,10,False,B1,0.3507744373,0.09841178994,6,0,215,169.281287,EXP-001,ds_16b6be697acb,ds_aa8808303afa,1465af7161a9053ca7df7d4d04572789911a5480,e41f63ef47ea066f14e5effb41bf9f4b7ebd8d79641604b69a10323837e09474
00977,10,False,B1,0.3434649625,0.09695712509,6,0,177,169.3276941,EXP-001,ds_16b6be697acb,ds_aa8808303afa,1465af7161a9053ca7df7d4d04572789911a5480,e41f63ef47ea066f14e5effb41bf9f4b7ebd8d79641604b69a10323837e09474
00978,10,False,B1,0.3495608754,0.09816179189,6,0,138,169.3354741,EXP-001,ds_16b6be697acb,ds_aa8808303afa,1465af7161a9053ca7df7d4d04572789911a5480,e41f63ef47ea066f14e5effb41bf9f4b7ebd8d79641604b69a10323837e09474
00979,10,False,B1,0.3490990905,0.09803668954,6,0,227,169.3037312,EXP-001,ds_16b6be697acb,ds_aa8808303afa,1465af7161a9053ca7df7d4d04572789911a5480,e41f63ef47ea066f14e5effb41bf9f4b7ebd8d79641604b69a10323837e09474
00980,10,False,B1,0.3457826789,0.09743357856,6,0,157,169.3621184,EXP-001,ds_16b6be697acb,ds_aa8808303afa,1465af7161a9053ca7df7d4d04572789911a5480,e41f63ef47ea066f14e5effb41bf9f4b7ebd8d79641604b69a10323837e09474
00981,10,True,B1,0.345412349,0.09734696247,6,0,248,169.3496209,EXP-001,ds_16b6be697acb,ds_aa8808303afa,1465af7161a9053ca7df7d4d04572789911a5480,e41f63ef47ea066f14e5effb41bf9f4b7ebd8d79641604b69a10323837e09474
00982,10,True,B1,0.3374565277,0.09575489333,6,0,204,169.4290523,EXP-001,ds_16b6be697acb,ds_aa8808303afa,1465af7161a9053ca7df7d4d04572789911a5480,e41f63ef47ea066f14e5effb41bf9f4b7ebd8d79641604b69a10323837e09474
00983,10,True,B1,0.3438131783,0.09702928271,6,0,113,169.4639314,EXP-001,ds_16b6be697acb,ds_aa8808303afa,1465af7161a9053ca7df7d4d04572789911a5480,e41f63ef47ea066f14e5effb41bf9f4b7ebd8d79641604b69a10323837e09474
00984,10,True,B1,0.3448166198,0.09723694866,6,0,131,169.4070217,EXP-001,ds_16b6be697acb,ds_aa8808303afa,1465af7161a9053ca7df7d4d04572789911a5480,e41f63ef47ea066f14e5effb41bf9f4b7ebd8d79641604b69a10323837e09474
00985,10,True,B1,0.344683337,0.09722430445,6,0,195,169.3683504,EXP-001,ds_16b6be697acb,ds_aa8808303afa,1465af7161a9053ca7df7d4d04572789911a5480,e41f63ef47ea066f14e5effb41bf9f4b7ebd8d79641604b69a10323837e09474
00986,10,True,B1,0.3452485255,0.09732142929,6,0,197,169.3941324,EXP-001,ds_16b6be697acb,ds_aa8808303afa,1465af7161a9053ca7df7d4d04572789911a5480,e41f63ef47ea066f14e5effb41bf9f4b7ebd8d79641604b69a10323837e09474
00987,10,True,B1,0.3415612718,0.09657783564,6,0,220,169.4218724,EXP-001,ds_16b6be697acb,ds_aa8808303afa,1465af7161a9053ca7df7d4d04572789911a5480,e41f63ef47ea066f14e5effb41bf9f4b7ebd8d79641604b69a10323837e09474
00988,10,True,B1,0.3476783202,0.09780767311,6,0,193,169.4726451,EXP-001,ds_16b6be697acb,ds_aa8808303afa,1465af7161a9053ca7df7d4d04572789911a5480,e41f63ef47ea066f14e5effb41bf9f4b7ebd8d79641604b69a10323837e09474
00989,10,True,B1,0.3454346656,0.0973563316,6,0,198,169.4962393,EXP-001,ds_16b6be697acb,ds_aa8808303afa,1465af7161a9053ca7df7d4d04572789911a5480,e41f63ef47ea066f14e5effb41bf9f4b7ebd8d79641604b69a10323837e09474
00990,10,True,B1,0.3441519728,0.09712492859,6,0,167,169.5247955,EXP-001,ds_16b6be697acb,ds_aa8808303afa,1465af7161a9053ca7df7d4d04572789911a5480,e41f63ef47ea066f14e5effb41bf9f4b7ebd8d79641604b69a10323837e09474
00991,10,True,B1,0.3466317619,0.09754931141,6,0,113,169.5222686,EXP-001,ds_16b6be697acb,ds_aa8808303afa,1465af7161a9053ca7df7d4d04572789911a5480,e41f63ef47ea066f14e5effb41bf9f4b7ebd8d79641604b69a10323837e09474
00992,10,True,B1,0.3528205678,0.09877228831,6,0,74,169.4657557,EXP-001,ds_16b6be697acb,ds_aa8808303afa,1465af7161a9053ca7df7d4d04572789911a5480,e41f63ef47ea066f14e5effb41bf9f4b7ebd8d79641604b69a10323837e09474
00993,10,True,B1,0.342353848,0.0967590094,6,0,185,169.3704012,EXP-001,ds_16b6be697acb,ds_aa8808303afa,1465af7161a9053ca7df7d4d04572789911a5480,e41f63ef47ea066f14e5effb41bf9f4b7ebd8d79641604b69a10323837e09474
00994,10,True,B1,0.3459755418,0.09747313157,6,0,204,169.385997,EXP-001,ds_16b6be697acb,ds_aa8808303afa,1465af7161a9053ca7df7d4d04572789911a5480,e41f63ef47ea066f14e5effb41bf9f4b7ebd8d79641604b69a10323837e09474
00995,10,True,B1,0.3405367997,0.09640892519,6,0,161,169.4205017,EXP-001,ds_16b6be697acb,ds_aa8808303afa,1465af7161a9053ca7df7d4d04572789911a5480,e41f63ef47ea066f14e5effb41bf9f4b7ebd8d79641604b69a10323837e09474
00996,10,True,B1,0.3467152994,0.09759308752,6,0,83,169.4121162,EXP-001,ds_16b6be697acb,ds_aa8808303afa,1465af7161a9053ca7df7d4d04572789911a5480,e41f63ef47ea066f14e5effb41bf9f4b7ebd8d79641604b69a10323837e09474
00997,10,True,B1,0.347849983,0.0978331219,6,0,157,169.3261482,EXP-001,ds_16b6be697acb,ds_aa8808303afa,1465af7161a9053ca7df7d4d04572789911a5480,e41f63ef47ea066f14e5effb41bf9f4b7ebd8d79641604b69a10323837e09474
00998,10,True,B1,0.3410774749,0.09651838769,6,0,288,169.3138976,EXP-001,ds_16b6be697acb,ds_aa8808303afa,1465af7161a9053ca7df7d4d04572789911a5480,e41f63ef47ea066f14e5effb41bf9f4b7ebd8d79641604b69a10323837e09474
00999,10,True,B1,0.3440143917,0.09712112711,6,0,172,169.4317392,EXP-001,ds_16b6be697acb,ds_aa8808303afa,1465af7161a9053ca7df7d4d04572789911a5480,e41f63ef47ea066f14e5effb41bf9f4b7ebd8d79641604b69a10323837e09474
01000,10,True,B1,0.3441897841,0.09710889923,6,0,131,169.4342867,EXP-001,ds_16b6be697acb,ds_aa8808303afa,1465af7161a9053ca7df7d4d04572789911a5480,e41f63ef47ea066f14e5effb41bf9f4b7ebd8d79641604b69a10323837e09474
01001,11,True,B1,0.3457038129,0.09742100758,6,0,78,169.3962015,EXP-001,ds_16b6be697acb,ds_aa8808303afa,1465af7161a9053ca7df7d4d04572789911a5480,e41f63ef47ea066f14e5effb41bf9f4b7ebd8d79641604b69a10323837e09474
01002,11,True,B1,0.3457960381,0.09744420795,6,0,178,169.3057251,EXP-001,ds_16b6be697acb,ds_aa8808303afa,1465af7161a9053ca7df7d4d04572789911a5480,e41f63ef47ea066f14e5effb41bf9f4b7ebd8d79641604b69a10323837e09474
01003,11,True,B1,0.347849614,0.09786292208,6,0,177,169.3143234,EXP-001,ds_16b6be697acb,ds_aa8808303afa,1465af7161a9053ca7df7d4d04572789911a5480,e41f63ef47ea066f14e5effb41bf9f4b7ebd8d79641604b69a10323837e09474
01004,11,True,B1,0.3472254094,0.09766964447,6,0,157,169.3219167,EXP-001,ds_16b6be697acb,ds_aa8808303afa,1465af7161a9053ca7df7d4d04572789911a5480,e41f63ef47ea066f14e5effb41bf9f4b7ebd8d79641604b69a10323837e09474
01005,11,True,B1,0.343765723,0.09704624602,6,0,220,169.3097549,EXP-001,ds_16b6be697acb,ds_aa8808303afa,1465af7161a9053ca7df7d4d04572789911a5480,e41f63ef47ea066f14e5effb41bf9f4b7ebd8d79641604b69a10323837e09474
01006,11,True,B1,0.3413680234,0.09656811367,6,0,177,169.3597371,EXP-001,ds_16b6be697acb,ds_aa8808303afa,1465af7161a9053ca7df7d4d04572789911a5480,e41f63ef47ea066f14e5effb41bf9f4b7ebd8d79641604b69a10323837e09474
01007,11,True,B1,0.3407668639,0.09644959734,6,0,128,169.3672632,EXP-001,ds_16b6be697acb,ds_aa8808303afa,1465af7161a9053ca7df7d4d04572789911a5480,e41f63ef47ea066f14e5effb41bf9f4b7ebd8d79641604b69a10323837e09474
01008,11,True,B1,0.3438746931,0.0970471329,6,0,193,169.326554,EXP-001,ds_16b6be697acb,ds_aa8808303afa,1465af7161a9053ca7df7d4d04572789911a5480,e41f63ef47ea066f14e5effb41bf9f4b7ebd8d79641604b69a10323837e09474
01009,11,True,B1,0.3414865919,0.09660615865,6,0,228,169.349828,EXP-001,ds_16b6be697acb,ds_aa8808303afa,1465af7161a9053ca7df7d4d04572789911a5480,e41f63ef47ea066f14e5effb41bf9f4b7ebd8d79641604b69a10323837e09474
01010,11,True,B1,0.3499131318,0.09823794259,6,0,216,169.4074317,EXP-001,ds_16b6be697acb,ds_aa8808303afa,1465af7161a9053ca7df7d4d04572789911a5480,e41f63ef47ea066f14e5effb41bf9f4b7ebd8d79641604b69a10323837e09474
01011,11,True,B1,0.33899896,0.09611854846,6,0,216,169.453148,EXP-001,ds_16b6be697acb,ds_aa8808303afa,1465af7161a9053ca7df7d4d04572789911a5480,e41f63ef47ea066f14e5effb41bf9f4b7ebd8d79641604b69a10323837e09474
01012,11,True,B1,0.3462611333,0.09753421984,6,0,148,169.4987747,EXP-001,ds_16b6be697acb,ds_aa8808303afa,1465af7161a9053ca7df7d4d04572789911a5480,e41f63ef47ea066f14e5effb41bf9f4b7ebd8d79641604b69a10323837e09474
01013,11,True,B1,0.3459948546,0.09745011798,6,0,120,169.4777216,EXP-001,ds_16b6be697acb,ds_aa8808303afa,1465af7161a9053ca7df7d4d04572789911a5480,e41f63ef47ea066f14e5effb41bf9f4b7ebd8d79641604b69a10323837e09474
01014,11,True,B1,0.3471447086,0.09768643828,6,0,139,169.4293168,EXP-001,ds_16b6be697acb,ds_aa8808303afa,1465af7161a9053ca7df7d4d04572789911a5480,e41f63ef47ea066f14e5effb41bf9f4b7ebd8d79641604b69a10323837e09474
01015,11,True,B1,0.3521529487,0.09866841183,6,0,205,169.3995765,EXP-001,ds_16b6be697acb,ds_aa8808303afa,1465af7161a9053ca7df7d4d04572789911a5480,e41f63ef47ea066f14e5effb41bf9f4b7ebd8d79641604b69a10323837e09474
01016,11,True,B1,0.3390551882,0.09613245692,6,0,154,169.4343369,EXP-001,ds_16b6be697acb,ds_aa8808303afa,1465af7161a9053ca7df7d4d04572789911a5480,e41f63ef47ea066f14e5effb41bf9f4b7ebd8d79641604b69a10323837e09474
01017,11,True,B1,0.3383617023,0.09598047431,6,0,143,169.4192814,EXP-001,ds_16b6be697acb,ds_aa8808303afa,1465af7161a9053ca7df7d4d04572789911a5480,e41f63ef47ea066f14e5effb41bf9f4b7ebd8d79641604b69a10323837e09474
01018,11,True,B1,0.3488276085,0.09802599162,6,0,165,169.3935358,EXP-001,ds_16b6be697acb,ds_aa8808303afa,1465af7161a9053ca7df7d4d04572789911a5480,e41f63ef47ea066f14e5effb41bf9f4b7ebd8d79641604b69a10323837e09474
01019,11,True,B1,0.3416817578,0.09659615178,6,0,184,169.3892585,EXP-001,ds_16b6be697acb,ds_aa8808303afa,1465af7161a9053ca7df7d4d04572789911a5480,e41f63ef47ea066f14e5effb41bf9f4b7ebd8d79641604b69a10323837e09474
01020,11,True,B1,0.3447895005,0.09722179478,6,0,125,169.403469,EXP-001,ds_16b6be697acb,ds_aa8808303afa,1465af7161a9053ca7df7d4d04572789911a5480,e41f63ef47ea066f14e5effb41bf9f4b7ebd8d79641604b69a10323837e09474
01021,11,True,B1,0.3488598695,0.09802227999,6,0,222,169.3603239,EXP-001,ds_16b6be697acb,ds_aa8808303afa,1465af7161a9053ca7df7d4d04572789911a5480,e41f63ef47ea066f14e5effb41bf9f4b7ebd8d79641604b69a10323837e09474
01022,11,True,B1,0.3407674564,0.09645541583,6,0,176,169.4114221,EXP-001,ds_16b6be697acb,ds_aa8808303afa,1465af7161a9053ca7df7d4d04572789911a5480,e41f63ef47ea066f14e5effb41bf9f4b7ebd8d79641604b69a10323837e09474
01023,11,True,B1,0.3420115204,0.09669160107,6,0,175,169.4178115,EXP-001,ds_16b6be697acb,ds_aa8808303afa,1465af7161a9053ca7df7d4d04572789911a5480,e41f63ef47ea066f14e5effb41bf9f4b7ebd8d79641604b69a10323837e09474
01024,11,True,B1,0.3468659247,0.09763170781,6,0,178,169.4232198,EXP-001,ds_16b6be697acb,ds_aa8808303afa,1465af7161a9053ca7df7d4d04572789911a5480,e41f63ef47ea066f14e5effb41bf9f4b7ebd8d79641604b69a10323837e09474
01025,11,True,B1,0.3421940672,0.09673887834,6,0,216,169.4315212,EXP-001,ds_16b6be697acb,ds_aa8808303afa,1465af7161a9053ca7df7d4d04572789911a5480,e41f63ef47ea066f14e5effb41bf9f4b7ebd8d79641604b69a10323837e09474
01026,11,True,B1,0.3477042376,0.09781772446,6,0,192,169.4765512,EXP-001,ds_16b6be697acb,ds_aa8808303afa,1465af7161a9053ca7df7d4d04572789911a5480,e41f63ef47ea066f14e5effb41bf9f4b7ebd8d79641604b69a10323837e09474
01027,11,True,B1,0.3439705909,0.09706677376,6,0,203,169.4983095,EXP-001,ds_16b6be697acb,ds_aa8808303afa,1465af7161a9053ca7df7d4d04572789911a5480,e41f63ef47ea066f14e5effb41bf9f4b7ebd8d79641604b69a10323837e09474
01028,11,True,B1,0.3479332108,0.09782705523,6,0,204,169.5306418,EXP-001,ds_16b6be697acb,ds_aa8808303afa,1465af7161a9053ca7df7d4d04572789911a5480,e41f63ef47ea066f14e5effb41bf9f4b7ebd8d79641604b69a10323837e09474
01029,11,True,B1,0.3425328968,0.09679705003,6,0,221,169.5638759,EXP-001,ds_16b6be697acb,ds_aa8808303afa,1465af7161a9053ca7df7d4d04572789911a5480,e41f63ef47ea066f14e5effb41bf9f4b7ebd8d79641604b69a10323837e09474
01030,11,True,B1,0.3457902332,0.09745130568,6,0,216,169.6134211,EXP-001,ds_16b6be697acb,ds_aa8808303afa,1465af7161a9053ca7df7d4d04572789911a5480,e41f63ef47ea066f14e5effb41bf9f4b7ebd8d79641604b69a10323837e09474
01031,11,True,B1,0.3432848139,0.09694890161,6,0,219,169.6580593,EXP-001,ds_16b6be697acb,ds_aa8808303afa,1465af7161a9053ca7df7d4d04572789911a5480,e41f63ef47ea066f14e5effb41bf9f4b7ebd8d79641604b69a10323837e09474
01032,11,True,B1,0.3509084793,0.09837071479,6,0,153,169.7054959,EXP-001,ds_16b6be697acb,ds_aa8808303afa,1465af7161a9053ca7df7d4d04572789911a5480,e41f63ef47ea066f14e5effb41bf9f4b7ebd8d79641604b69a10323837e09474
01033,11,True,B1,0.3422803501,0.09674988299,6,0,210,169.6894509,EXP-001,ds_16b6be697acb,ds_aa8808303afa,1465af7161a9053ca7df7d4d04572789911a5480,e41f63ef47ea066f14e5effb41bf9f4b7ebd8d79641604b69a10323837e09474
01034,11,True,B1,0.3467782854,0.09764596404,6,0,194,169.7281305,EXP-001,ds_16b6be697acb,ds_aa8808303afa,1465af7161a9053ca7df7d4d04572789911a5480,e41f63ef47ea066f14e5effb41bf9f4b7ebd8d79641604b69a10323837e09474
01035,11,True,B1,0.3501678113,0.09829545656,6,0,211,169.751398,EXP-001,ds_16b6be697acb,ds_aa8808303afa,1465af7161a9053ca7df7d4d04572789911a5480,e41f63ef47ea066f14e5effb41bf9f4b7ebd8d79641604b69a10323837e09474
01036,11,True,B1,0.3436082104,0.0970276805,6,0,154,169.7909018,EXP-001,ds_16b6be697acb,ds_aa8808303afa,1465af7161a9053ca7df7d4d04572789911a5480,e41f63ef47ea066f14e5effb41bf9f4b7ebd8d79641604b69a10323837e09474
01037,11,True,B1,0.3431123123,0.09687689222,6,0,123,169.7757933,EXP-001,ds_16b6be697acb,ds_aa8808303afa,1465af7161a9053ca7df7d4d04572789911a5480,e41f63ef47ea066f14e5effb41bf9f4b7ebd8d79641604b69a10323837e09474
01038,11,True,B1,0.3369961904,0.09571852707,6,0,212,169.7310817,EXP-001,ds_16b6be697acb,ds_aa8808303afa,1465af7161a9053ca7df7d4d04572789911a5480,e41f63ef47ea066f14e5effb41bf9f4b7ebd8d79641604b69a10323837e09474
01039,11,True,B1,0.3452580702,0.09730681274,6,0,210,169.7714468,EXP-001,ds_16b6be697acb,ds_aa8808303afa,1465af7161a9053ca7df7d4d04572789911a5480,e41f63ef47ea066f14e5effb41bf9f4b7ebd8d79641604b69a10323837e09474
01040,11,True,B1,0.3473993241,0.09774569777,6,0,186,169.8098267,EXP-001,ds_16b6be697acb,ds_aa8808303afa,1465af7161a9053ca7df7d4d04572789911a5480,e41f63ef47ea066f14e5effb41bf9f4b7ebd8d79641604b69a10323837e09474
01041,11,True,B1,0.3451114868,0.09724752053,6,0,85,169.8252581,EXP-001,ds_16b6be697acb,ds_aa8808303afa,1465af7161a9053ca7df7d4d04572789911a5480,e41f63ef47ea066f14e5effb41bf9f4b7ebd8d79641604b69a10323837e09474
01042,11,True,B1,0.3449426262,0.09727016396,6,0,187,169.744485,EXP-001,ds_16b6be697acb,ds_aa8808303afa,1465af7161a9053ca7df7d4d04572789911a5480,e41f63ef47ea066f14e5effb41bf9f4b7ebd8d79641604b69a10323837e09474
01043,11,True,B1,0.3512379694,0.09846892502,6,0,52,169.7609006,EXP-001,ds_16b6be697acb,ds_aa8808303afa,1465af7161a9053ca7df7d4d04572789911a5480,e41f63ef47ea066f14e5effb41bf9f4b7ebd8d79641604b69a10323837e09474
01044,11,True,B1,0.3441689802,0.0971067759,6,0,219,169.6489783,EXP-001,ds_16b6be697acb,ds_aa8808303afa,1465af7161a9053ca7df7d4d04572789911a5480,e41f63ef47ea066f14e5effb41bf9f4b7ebd8d79641604b69a10323837e09474
01045,11,True,B1,0.3426170192,0.0967843427,6,0,172,169.6958379,EXP-001,ds_16b6be697acb,ds_aa8808303afa,1465af7161a9053ca7df7d4d04572789911a5480,e41f63ef47ea066f14e5effb41bf9f4b7ebd8d79641604b69a10323837e09474
01046,11,True,B1,0.3496777398,0.09815308904,6,0,151,169.6980237,EXP-001,ds_16b6be697acb,ds_aa8808303afa,1465af7161a9053ca7df7d4d04572789911a5480,e41f63ef47ea066f14e5effb41bf9f4b7ebd8d79641604b69a10323837e09474
01047,11,True,B1,0.3403230904,0.09634739888,6,0,239,169.6803033,EXP-001,ds_16b6be697acb,ds_aa8808303afa,1465af7161a9053ca7df7d4d04572789911a5480,e41f63ef47ea066f14e5effb41bf9f4b7ebd8d79641604b69a10323837e09474
01048,11,True,B1,0.347300352,0.09771438016,6,0,126,169.7459366,EXP-001,ds_16b6be697acb,ds_aa8808303afa,1465af7161a9053ca7df7d4d04572789911a5480,e41f63ef47ea066f14e5effb41bf9f4b7ebd8d79641604b69a10323837e09474
01049,11,True,B1,0.3438175151,0.09704804508,6,0,188,169.7045562,EXP-001,ds_16b6be697acb,ds_aa8808303afa,1465af7161a9053ca7df7d4d04572789911a5480,e41f63ef47ea066f14e5effb41bf9f4b7ebd8d79641604b69a10323837e09474
01050,11,True,B1,0.3415848176,0.09662415171,6,0,172,169.721846,EXP-001,ds_16b6be697acb,ds_aa8808303afa,1465af7161a9053ca7df7d4d04572789911a5480,e41f63ef47ea066f14e5effb41bf9f4b7ebd8d79641604b69a10323837e09474
01051,12,True,B1,0.3453599519,0.097368757,6,0,191,169.7239969,EXP-001,ds_16b6be697acb,ds_aa8808303afa,1465af7161a9053ca7df7d4d04572789911a5480,e41f63ef47ea066f14e5effb41bf9f4b7ebd8d79641604b69a10323837e09474
01052,12,True,B1,0.3431327763,0.09694505841,6,0,73,169.7440654,EXP-001,ds_16b6be697acb,ds_aa8808303afa,1465af7161a9053ca7df7d4d04572789911a5480,e41f63ef47ea066f14e5effb41bf9f4b7ebd8d79641604b69a10323837e09474
01053,12,True,B1,0.341987581,0.09665962759,6,0,180,169.6528978,EXP-001,ds_16b6be697acb,ds_aa8808303afa,1465af7161a9053ca7df7d4d04572789911a5480,e41f63ef47ea066f14e5effb41bf9f4b7ebd8d79641604b69a10323837e09474
01054,12,True,B1,0.3409569271,0.09647770863,6,0,186,169.6626393,EXP-001,ds_16b6be697acb,ds_aa8808303afa,1465af7161a9053ca7df7d4d04572789911a5480,e41f63ef47ea066f14e5effb41bf9f4b7ebd8d79641604b69a10323837e09474
01055,12,True,B1,0.3468067148,0.09763022515,6,0,224,169.678006,EXP-001,ds_16b6be697acb,ds_aa8808303afa,1465af7161a9053ca7df7d4d04572789911a5480,e41f63ef47ea066f14e5effb41bf9f4b7ebd8d79641604b69a10323837e09474
01056,12,True,B1,0.3424698495,0.0967975757,6,0,153,169.7290525,EXP-001,ds_16b6be697acb,ds_aa8808303afa,1465af7161a9053ca7df7d4d04572789911a5480,e41f63ef47ea066f14e5effb41bf9f4b7ebd8d79641604b69a10323837e09474
01057,12,True,B1,0.3414128121,0.09658177105,6,0,132,169.7133469,EXP-001,ds_16b6be697acb,ds_aa8808303afa,1465af7161a9053ca7df7d4d04572789911a5480,e41f63ef47ea066f14e5effb41bf9f4b7ebd8d79641604b69a10323837e09474
01058,12,True,B1,0.3454427048,0.09732156648,6,0,137,169.6779741,EXP-001,ds_16b6be697acb,ds_aa8808303afa,1465af7161a9053ca7df7d4d04572789911a5480,e41f63ef47ea066f14e5effb41bf9f4b7ebd8d79641604b69a10323837e09474
01059,12,True,B1,0.3423167868,0.09673036026,6,0,80,169.6473528,EXP-001,ds_16b6be697acb,ds_aa8808303afa,1465af7161a9053ca7df7d4d04572789911a5480,e41f63ef47ea066f14e5effb41bf9f4b7ebd8d79641604b69a10323837e09474
01060,12,True,B1,0.3413066531,0.09654933031,6,0,156,169.5634264,EXP-001,ds_16b6be697acb,ds_aa8808303afa,1465af7161a9053ca7df7d4d04572789911a5480,e41f63ef47ea066f14e5effb41bf9f4b7ebd8d79641604b69a10323837e09474
01061,12,True,B1,0.3424986758,0.09681095361,6,0,220,169.5507405,EXP-001,ds_16b6be697acb,ds_aa8808303afa,1465af7161a9053ca7df7d4d04572789911a5480,e41f63ef47ea066f14e5effb41bf9f4b7ebd8d79641604b69a10323837e09474
01062,12,True,B1,0.3488779647,0.09802326725,6,0,168,169.5978819,EXP-001,ds_16b6be697acb,ds_aa8808303afa,1465af7161a9053ca7df7d4d04572789911a5480,e41f63ef47ea066f14e5effb41bf9f4b7ebd8d79641604b69a10323837e09474
01063,12,True,B1,0.33662193,0.09563373118,6,0,206,169.5963902,EXP-001,ds_16b6be697acb,ds_aa8808303afa,1465af7161a9053ca7df7d4d04572789911a5480,e41f63ef47ea066f14e5effb41bf9f4b7ebd8d79641604b69a10323837e09474
01064,12,True,B1,0.3451025929,0.09732080259,6,0,264,169.6303435,EXP-001,ds_16b6be697acb,ds_aa8808303afa,1465af7161a9053ca7df7d4d04572789911a5480,e41f63ef47ea066f14e5effb41bf9f4b7ebd8d79641604b69a10323837e09474
01065,12,True,B1,0.3439263164,0.09707174697,6,0,148,169.7182792,EXP-001,ds_16b6be697acb,ds_aa8808303afa,1465af7161a9053ca7df7d4d04572789911a5480,e41f63ef47ea066f14e5effb41bf9f4b7ebd8d79641604b69a10323837e09474
01066,12,True,B1,0.3462722454,0.09750044425,6,0,182,169.6980605,EXP-001,ds_16b6be697acb,ds_aa8808303afa,1465af7161a9053ca7df7d4d04572789911a5480,e41f63ef47ea066f14e5effb41bf9f4b7ebd8d79641604b69a10323837e09474
01067,12,True,B1,0.3428363011,0.09681183962,6,0,142,169.7095024,EXP-001,ds_16b6be697acb,ds_aa8808303afa,1465af7161a9053ca7df7d4d04572789911a5480,e41f63ef47ea066f14e5effb41bf9f4b7ebd8d79641604b69a10323837e09474
01068,12,True,B1,0.3446598006,0.09724022283,6,0,203,169.6837541,EXP-001,ds_16b6be697acb,ds_aa8808303afa,1465af7161a9053ca7df7d4d04572789911a5480,e41f63ef47ea066f14e5effb41bf9f4b7ebd8d79641604b69a10323837e09474
01069,12,True,B1,0.3435822879,0.0969922413,6,0,184,169.7146836,EXP-001,ds_16b6be697acb,ds_aa8808303afa,1465af7161a9053ca7df7d4d04572789911a5480,e41f63ef47ea066f14e5effb41bf9f4b7ebd8d79641604b69a10323837e09474
01070,12,True,B1,0.3388002067,0.09607040374,6,0,255,169.7279332,EXP-001,ds_16b6be697acb,ds_aa8808303afa,1465af7161a9053ca7df7d4d04572789911a5480,e41f63ef47ea066f14e5effb41bf9f4b7ebd8d79641604b69a10323837e09474
01071,12,True,B1,0.3405533456,0.0963978812,6,0,192,169.8069498,EXP-001,ds_16b6be697acb,ds_aa8808303afa,1465af7161a9053ca7df7d4d04572789911a5480,e41f63ef47ea066f14e5effb41bf9f4b7ebd8d79641604b69a10323837e09474
01072,12,True,B1,0.3432313706,0.09689277354,6,0,205,169.8274958,EXP-001,ds_16b6be697acb,ds_aa8808303afa,1465af7161a9053ca7df7d4d04572789911a5480,e41f63ef47ea066f14e5effb41bf9f4b7ebd8d79641604b69a10323837e09474
01073,12,True,B1,0.346033678,0.09748719412,6,0,214,169.8600277,EXP-001,ds_16b6be697acb,ds_aa8808303afa,1465af7161a9053ca7df7d4d04572789911a5480,e41f63ef47ea066f14e5effb41bf9f4b7ebd8d79641604b69a10323837e09474
01074,12,True,B1,0.3441479551,0.09707188863,6,0,151,169.9008163,EXP-001,ds_16b6be697acb,ds_aa8808303afa,1465af7161a9053ca7df7d4d04572789911a5480,e41f63ef47ea066f14e5effb41bf9f4b7ebd8d79641604b69a10323837e09474
01075,12,True,B1,0.3544966378,0.09907488805,6,0,189,169.8833667,EXP-001,ds_16b6be697acb,ds_aa8808303afa,1465af7161a9053ca7df7d4d04572789911a5480,e41f63ef47ea066f14e5effb41bf9f4b7ebd8d79641604b69a10323837e09474
01076,12,True,B1,0.3481634519,0.09791952708,6,0,165,169.9009992,EXP-001,ds_16b6be697acb,ds_aa8808303afa,1465af7161a9053ca7df7d4d04572789911a5480,e41f63ef47ea066f14e5effb41bf9f4b7ebd8d79641604b69a10323837e09474
01077,12,True,B1,0.3375310946,0.09582908682,6,0,168,169.8964829,EXP-001,ds_16b6be697acb,ds_aa8808303afa,1465af7161a9053ca7df7d4d04572789911a5480,e41f63ef47ea066f14e5effb41bf9f4b7ebd8d79641604b69a10323837e09474
01078,12,True,B1,0.3443574085,0.09712578473,6,0,105,169.8947368,EXP-001,ds_16b6be697acb,ds_aa8808303afa,1465af7161a9053ca7df7d4d04572789911a5480,e41f63ef47ea066f14e5effb41bf9f4b7ebd8d79641604b69a10323837e09474
01079,12,True,B1,0.3486725039,0.09798408045,6,0,156,169.8350452,EXP-001,ds_16b6be697acb,ds_aa8808303afa,1465af7161a9053ca7df7d4d04572789911a5480,e41f63ef47ea066f14e5effb41bf9f4b7ebd8d79641604b69a10323837e09474
01080,12,True,B1,0.342571314,0.09683497011,6,0,162,169.8223311,EXP-001,ds_16b6be697acb,ds_aa8808303afa,1465af7161a9053ca7df7d4d04572789911a5480,e41f63ef47ea066f14e5effb41bf9f4b7ebd8d79641604b69a10323837e09474
01081,12,True,B1,0.3403502455,0.09639014368,6,0,228,169.8151492,EXP-001,ds_16b6be697acb,ds_aa8808303afa,1465af7161a9053ca7df7d4d04572789911a5480,e41f63ef47ea066f14e5effb41bf9f4b7ebd8d79641604b69a10323837e09474
01082,12,True,B1,0.3449998637,0.09728078226,6,0,129,169.8685216,EXP-001,ds_16b6be697acb,ds_aa8808303afa,1465af7161a9053ca7df7d4d04572789911a5480,e41f63ef47ea066f14e5effb41bf9f4b7ebd8d79641604b69a10323837e09474
01083,12,True,B1,0.3401493212,0.09630274681,6,0,167,169.8310677,EXP-001,ds_16b6be697acb,ds_aa8808303afa,1465af7161a9053ca7df7d4d04572789911a5480,e41f63ef47ea066f14e5effb41bf9f4b7ebd8d79641604b69a10323837e09474
01084,12,True,B1,0.3420346046,0.09672578493,6,0,174,169.8284755,EXP-001,ds_16b6be697acb,ds_aa8808303afa,1465af7161a9053ca7df7d4d04572789911a5480,e41f63ef47ea066f14e5effb41bf9f4b7ebd8d79641604b69a10323837e09474
01085,12,True,B1,0.3480141135,0.09781295227,6,0,207,169.8322915,EXP-001,ds_16b6be697acb,ds_aa8808303afa,1465af7161a9053ca7df7d4d04572789911a5480,e41f63ef47ea066f14e5effb41bf9f4b7ebd8d79641604b69a10323837e09474
01086,12,True,B1,0.3437110937,0.09703603044,6,0,164,169.8662605,EXP-001,ds_16b6be697acb,ds_aa8808303afa,1465af7161a9053ca7df7d4d04572789911a5480,e41f63ef47ea066f14e5effb41bf9f4b7ebd8d79641604b69a10323837e09474
01087,12,True,B1,0.3419930122,0.09665968108,6,0,176,169.860904,EXP-001,ds_16b6be697acb,ds_aa8808303afa,1465af7161a9053ca7df7d4d04572789911a5480,e41f63ef47ea066f14e5effb41bf9f4b7ebd8d79641604b69a10323837e09474
01088,12,True,B1,0.3403856926,0.09635070824,6,0,222,169.8665045,EXP-001,ds_16b6be697acb,ds_aa8808303afa,1465af7161a9053ca7df7d4d04572789911a5480,e41f63ef47ea066f14e5effb41bf9f4b7ebd8d79641604b69a10323837e09474
01089,12,True,B1,0.3465231665,0.09756716803,6,0,158,169.914021,EXP-001,ds_16b6be697acb,ds_aa8808303afa,1465af7161a9053ca7df7d4d04572789911a5480,e41f63ef47ea066f14e5effb41bf9f4b7ebd8d79641604b69a10323837e09474
01090,12,True,B1,0.3396269587,0.09623060154,6,0,123,169.903172,EXP-001,ds_16b6be697acb,ds_aa8808303afa,1465af7161a9053ca7df7d4d04572789911a5480,e41f63ef47ea066f14e5effb41bf9f4b7ebd8d79641604b69a10323837e09474
01091,12,True,B1,0.3466020318,0.09761048077,6,0,90,169.8605004,EXP-001,ds_16b6be697acb,ds_aa8808303afa,1465af7161a9053ca7df7d4d04572789911a5480,e41f63ef47ea066f14e5effb41bf9f4b7ebd8d79641604b69a10323837e09474
01092,12,True,B1,0.339784936,0.09627626519,6,0,179,169.7879109,EXP-001,ds_16b6be697acb,ds_aa8808303afa,1465af7161a9053ca7df7d4d04572789911a5480,e41f63ef47ea066f14e5effb41bf9f4b7ebd8d79641604b69a10323837e09474
01093,12,True,B1,0.3405568501,0.09639868773,6,0,147,169.7962767,EXP-001,ds_16b6be697acb,ds_aa8808303afa,1465af7161a9053ca7df7d4d04572789911a5480,e41f63ef47ea066f14e5effb41bf9f4b7ebd8d79641604b69a10323837e09474
01094,12,True,B1,0.3349191499,0.09530004107,6,0,171,169.7755935,EXP-001,ds_16b6be697acb,ds_aa8808303afa,1465af7161a9053ca7df7d4d04572789911a5480,e41f63ef47ea066f14e5effb41bf9f4b7ebd8d79641604b69a10323837e09474
01095,12,True,B1,0.3410785954,0.09654475115,6,0,208,169.7767034,EXP-001,ds_16b6be697acb,ds_aa8808303afa,1465af7161a9053ca7df7d4d04572789911a5480,e41f63ef47ea066f14e5effb41bf9f4b7ebd8d79641604b69a10323837e09474
01096,12,True,B1,0.3525242797,0.09874114036,6,0,158,169.8113208,EXP-001,ds_16b6be697acb,ds_aa8808303afa,1465af7161a9053ca7df7d4d04572789911a5480,e41f63ef47ea066f14e5effb41bf9f4b7ebd8d79641604b69a10323837e09474
01097,12,True,B1,0.3495438384,0.09813478819,6,0,139,169.8006334,EXP-001,ds_16b6be697acb,ds_aa8808303afa,1465af7161a9053ca7df7d4d04572789911a5480,e41f63ef47ea066f14e5effb41bf9f4b7ebd8d79641604b69a10323837e09474
01098,12,True,B1,0.344253328,0.09710272364,6,0,120,169.7727889,EXP-001,ds_16b6be697acb,ds_aa8808303afa,1465af7161a9053ca7df7d4d04572789911a5480,e41f63ef47ea066f14e5effb41bf9f4b7ebd8d79641604b69a10323837e09474
01099,12,True,B1,0.3411630046,0.09653326883,6,0,237,169.7278338,EXP-001,ds_16b6be697acb,ds_aa8808303afa,1465af7161a9053ca7df7d4d04572789911a5480,e41f63ef47ea066f14e5effb41bf9f4b7ebd8d79641604b69a10323837e09474
01100,12,True,B1,0.3436694077,0.09701541048,6,0,210,169.7885396,EXP-001,ds_16b6be697acb,ds_aa8808303afa,1465af7161a9053ca7df7d4d04572789911a5480,e41f63ef47ea066f14e5effb41bf9f4b7ebd8d79641604b69a10323837e09474
01101,13,True,B1,0.3477949709,0.09779131019,6,0,145,169.8247934,EXP-001,ds_16b6be697acb,ds_aa8808303afa,1465af7161a9053ca7df7d4d04572789911a5480,e41f63ef47ea066f14e5effb41bf9f4b7ebd8d79641604b69a10323837e09474
01102,13,True,B1,0.3395556927,0.0962067455,6,0,195,169.8024321,EXP-001,ds_16b6be697acb,ds_aa8808303afa,1465af7161a9053ca7df7d4d04572789911a5480,e41f63ef47ea066f14e5effb41bf9f4b7ebd8d79641604b69a10323837e09474
01103,13,True,B1,0.3459432492,0.09744086231,6,0,159,169.8251087,EXP-001,ds_16b6be697acb,ds_aa8808303afa,1465af7161a9053ca7df7d4d04572789911a5480,e41f63ef47ea066f14e5effb41bf9f4b7ebd8d79641604b69a10323837e09474
01104,13,True,B1,0.345276579,0.09736380263,6,0,191,169.8153754,EXP-001,ds_16b6be697acb,ds_aa8808303afa,1465af7161a9053ca7df7d4d04572789911a5480,e41f63ef47ea066f14e5effb41bf9f4b7ebd8d79641604b69a10323837e09474
01105,13,True,B1,0.3444249481,0.09718894998,6,0,169,169.8344063,EXP-001,ds_16b6be697acb,ds_aa8808303afa,1465af7161a9053ca7df7d4d04572789911a5480,e41f63ef47ea066f14e5effb41bf9f4b7ebd8d79641604b69a10323837e09474
01106,13,True,B1,0.3490338726,0.09799369352,6,0,176,169.8336574,EXP-001,ds_16b6be697acb,ds_aa8808303afa,1465af7161a9053ca7df7d4d04572789911a5480,e41f63ef47ea066f14e5effb41bf9f4b7ebd8d79641604b69a10323837e09474
01107,13,True,B1,0.3485857629,0.09794845816,6,0,131,169.839187,EXP-001,ds_16b6be697acb,ds_aa8808303afa,1465af7161a9053ca7df7d4d04572789911a5480,e41f63ef47ea066f14e5effb41bf9f4b7ebd8d79641604b69a10323837e09474
01108,13,True,B1,0.3449909952,0.09728434254,6,0,138,169.80439,EXP-001,ds_16b6be697acb,ds_aa8808303afa,1465af7161a9053ca7df7d4d04572789911a5480,e41f63ef47ea066f14e5effb41bf9f4b7ebd8d79641604b69a10323837e09474
01109,13,True,B1,0.3435089328,0.09701260824,6,0,225,169.7759212,EXP-001,ds_16b6be697acb,ds_aa8808303afa,1465af7161a9053ca7df7d4d04572789911a5480,e41f63ef47ea066f14e5effb41bf9f4b7ebd8d79641604b69a10323837e09474
01110,13,True,B1,0.3441205085,0.09709933112,6,0,188,169.8253093,EXP-001,ds_16b6be697acb,ds_aa8808303afa,1465af7161a9053ca7df7d4d04572789911a5480,e41f63ef47ea066f14e5effb41bf9f4b7ebd8d79641604b69a10323837e09474
01111,13,True,B1,0.3421384736,0.09669844591,6,0,160,169.8415488,EXP-001,ds_16b6be697acb,ds_aa8808303afa,1465af7161a9053ca7df7d4d04572789911a5480,e41f63ef47ea066f14e5effb41bf9f4b7ebd8d79641604b69a10323837e09474
01112,13,True,B1,0.3430753209,0.09691542529,6,0,172,169.832763,EXP-001,ds_16b6be697acb,ds_aa8808303afa,1465af7161a9053ca7df7d4d04572789911a5480,e41f63ef47ea066f14e5effb41bf9f4b7ebd8d79641604b69a10323837e09474
01113,13,True,B1,0.3454522673,0.09735886042,6,0,215,169.834696,EXP-001,ds_16b6be697acb,ds_aa8808303afa,1465af7161a9053ca7df7d4d04572789911a5480,e41f63ef47ea066f14e5effb41bf9f4b7ebd8d79641604b69a10323837e09474
01114,13,True,B1,0.3461777657,0.09741225222,6,0,198,169.8749443,EXP-001,ds_16b6be697acb,ds_aa8808303afa,1465af7161a9053ca7df7d4d04572789911a5480,e41f63ef47ea066f14e5effb41bf9f4b7ebd8d79641604b69a10323837e09474
01115,13,True,B1,0.3435493278,0.09697986148,6,0,156,169.8999852,EXP-001,ds_16b6be697acb,ds_aa8808303afa,1465af7161a9053ca7df7d4d04572789911a5480,e41f63ef47ea066f14e5effb41bf9f4b7ebd8d79641604b69a10323837e09474
01116,13,True,B1,0.3412458853,0.09651627703,6,0,201,169.8876205,EXP-001,ds_16b6be697acb,ds_aa8808303afa,1465af7161a9053ca7df7d4d04572789911a5480,e41f63ef47ea066f14e5effb41bf9f4b7ebd8d79641604b69a10323837e09474
01117,13,True,B1,0.3432068935,0.09689420775,6,0,179,169.9152718,EXP-001,ds_16b6be697acb,ds_aa8808303afa,1465af7161a9053ca7df7d4d04572789911a5480,e41f63ef47ea066f14e5effb41bf9f4b7ebd8d79641604b69a10323837e09474
01118,13,True,B1,0.3410129997,0.09646388825,6,0,150,169.9233388,EXP-001,ds_16b6be697acb,ds_aa8808303afa,1465af7161a9053ca7df7d4d04572789911a5480,e41f63ef47ea066f14e5effb41bf9f4b7ebd8d79641604b69a10323837e09474
01119,13,True,B1,0.3508252731,0.09835751286,6,0,160,169.9056632,EXP-001,ds_16b6be697acb,ds_aa8808303afa,1465af7161a9053ca7df7d4d04572789911a5480,e41f63ef47ea066f14e5effb41bf9f4b7ebd8d79641604b69a10323837e09474
01120,13,True,B1,0.3422640397,0.09676499298,6,0,150,169.8968828,EXP-001,ds_16b6be697acb,ds_aa8808303afa,1465af7161a9053ca7df7d4d04572789911a5480,e41f63ef47ea066f14e5effb41bf9f4b7ebd8d79641604b69a10323837e09474
01121,13,True,B1,0.3461462106,0.0975275918,6,0,202,169.879262,EXP-001,ds_16b6be697acb,ds_aa8808303afa,1465af7161a9053ca7df7d4d04572789911a5480,e41f63ef47ea066f14e5effb41bf9f4b7ebd8d79641604b69a10323837e09474
01122,13,True,B1,0.3427381188,0.09680809552,6,0,196,169.9076832,EXP-001,ds_16b6be697acb,ds_aa8808303afa,1465af7161a9053ca7df7d4d04572789911a5480,e41f63ef47ea066f14e5effb41bf9f4b7ebd8d79641604b69a10323837e09474
01123,13,True,B1,0.3476055442,0.09773000478,6,0,145,169.93075,EXP-001,ds_16b6be697acb,ds_aa8808303afa,1465af7161a9053ca7df7d4d04572789911a5480,e41f63ef47ea066f14e5effb41bf9f4b7ebd8d79641604b69a10323837e09474
01124,13,True,B1,0.3485493982,0.09797498072,6,0,204,169.9087296,EXP-001,ds_16b6be697acb,ds_aa8808303afa,1465af7161a9053ca7df7d4d04572789911a5480,e41f63ef47ea066f14e5effb41bf9f4b7ebd8d79641604b69a10323837e09474
01125,13,True,B1,0.3422835308,0.0967431553,6,0,121,169.9388145,EXP-001,ds_16b6be697acb,ds_aa8808303afa,1465af7161a9053ca7df7d4d04572789911a5480,e41f63ef47ea066f14e5effb41bf9f4b7ebd8d79641604b69a10323837e09474
01126,13,True,B1,0.3453346677,0.0973741824,6,0,97,169.895665,EXP-001,ds_16b6be697acb,ds_aa8808303afa,1465af7161a9053ca7df7d4d04572789911a5480,e41f63ef47ea066f14e5effb41bf9f4b7ebd8d79641604b69a10323837e09474
01127,13,True,B1,0.3531401845,0.09883641954,6,0,180,169.8314491,EXP-001,ds_16b6be697acb,ds_aa8808303afa,1465af7161a9053ca7df7d4d04572789911a5480,e41f63ef47ea066f14e5effb41bf9f4b7ebd8d79641604b69a10323837e09474
01128,13,True,B1,0.3426342675,0.09677418654,6,0,200,169.840399,EXP-001,ds_16b6be697acb,ds_aa8808303afa,1465af7161a9053ca7df7d4d04572789911a5480,e41f63ef47ea066f14e5effb41bf9f4b7ebd8d79641604b69a10323837e09474
01129,13,True,B1,0.348192431,0.09781920039,6,0,165,169.8669207,EXP-001,ds_16b6be697acb,ds_aa8808303afa,1465af7161a9053ca7df7d4d04572789911a5480,e41f63ef47ea066f14e5effb41bf9f4b7ebd8d79641604b69a10323837e09474
01130,13,True,B1,0.3398734846,0.09624161733,6,0,191,169.8626446,EXP-001,ds_16b6be697acb,ds_aa8808303afa,1465af7161a9053ca7df7d4d04572789911a5480,e41f63ef47ea066f14e5effb41bf9f4b7ebd8d79641604b69a10323837e09474
01131,13,True,B1,0.3415633377,0.09661538447,6,0,184,169.8811997,EXP-001,ds_16b6be697acb,ds_aa8808303afa,1465af7161a9053ca7df7d4d04572789911a5480,e41f63ef47ea066f14e5effb41bf9f4b7ebd8d79641604b69a10323837e09474
01132,13,True,B1,0.3476519025,0.09781739324,6,0,211,169.8935828,EXP-001,ds_16b6be697acb,ds_aa8808303afa,1465af7161a9053ca7df7d4d04572789911a5480,e41f63ef47ea066f14e5effb41bf9f4b7ebd8d79641604b69a10323837e09474
01133,13,True,B1,0.3415938239,0.09662634422,6,0,171,169.9296042,EXP-001,ds_16b6be697acb,ds_aa8808303afa,1465af7161a9053ca7df7d4d04572789911a5480,e41f63ef47ea066f14e5effb41bf9f4b7ebd8d79641604b69a10323837e09474
01134,13,True,B1,0.3445987018,0.09715764314,6,0,140,169.9305414,EXP-001,ds_16b6be697acb,ds_aa8808303afa,1465af7161a9053ca7df7d4d04572789911a5480,e41f63ef47ea066f14e5effb41bf9f4b7ebd8d79641604b69a10323837e09474
01135,13,True,B1,0.3507543161,0.09838735858,6,0,173,169.9043592,EXP-001,ds_16b6be697acb,ds_aa8808303afa,1465af7161a9053ca7df7d4d04572789911a5480,e41f63ef47ea066f14e5effb41bf9f4b7ebd8d79641604b69a10323837e09474
01136,13,True,B1,0.347013441,0.09764338115,6,0,95,169.9070648,EXP-001,ds_16b6be697acb,ds_aa8808303afa,1465af7161a9053ca7df7d4d04572789911a5480,e41f63ef47ea066f14e5effb41bf9f4b7ebd8d79641604b69a10323837e09474
01137,13,True,B1,0.3461723368,0.09753643232,6,0,212,169.8416533,EXP-001,ds_16b6be697acb,ds_aa8808303afa,1465af7161a9053ca7df7d4d04572789911a5480,e41f63ef47ea066f14e5effb41bf9f4b7ebd8d79641604b69a10323837e09474
01138,13,True,B1,0.3479809411,0.09784220529,6,0,173,169.8784354,EXP-001,ds_16b6be697acb,ds_aa8808303afa,1465af7161a9053ca7df7d4d04572789911a5480,e41f63ef47ea066f14e5effb41bf9f4b7ebd8d79641604b69a10323837e09474
01139,13,True,B1,0.3389101673,0.09611846509,6,0,123,169.8811565,EXP-001,ds_16b6be697acb,ds_aa8808303afa,1465af7161a9053ca7df7d4d04572789911a5480,e41f63ef47ea066f14e5effb41bf9f4b7ebd8d79641604b69a10323837e09474
01140,13,True,B1,0.3470268705,0.09762967384,6,0,192,169.8403252,EXP-001,ds_16b6be697acb,ds_aa8808303afa,1465af7161a9053ca7df7d4d04572789911a5480,e41f63ef47ea066f14e5effb41bf9f4b7ebd8d79641604b69a10323837e09474
01141,13,True,B1,0.3440873282,0.0970801121,6,0,139,169.8596084,EXP-001,ds_16b6be697acb,ds_aa8808303afa,1465af7161a9053ca7df7d4d04572789911a5480,e41f63ef47ea066f14e5effb41bf9f4b7ebd8d79641604b69a10323837e09474
01142,13,True,B1,0.3411518846,0.0964371354,6,0,182,169.8327779,EXP-001,ds_16b6be697acb,ds_aa8808303afa,1465af7161a9053ca7df7d4d04572789911a5480,e41f63ef47ea066f14e5effb41bf9f4b7ebd8d79641604b69a10323837e09474
01143,13,True,B1,0.3371074988,0.09570106827,6,0,201,169.8433473,EXP-001,ds_16b6be697acb,ds_aa8808303afa,1465af7161a9053ca7df7d4d04572789911a5480,e41f63ef47ea066f14e5effb41bf9f4b7ebd8d79641604b69a10323837e09474
01144,13,True,B1,0.3421542756,0.09670277705,6,0,216,169.8703891,EXP-001,ds_16b6be697acb,ds_aa8808303afa,1465af7161a9053ca7df7d4d04572789911a5480,e41f63ef47ea066f14e5effb41bf9f4b7ebd8d79641604b69a10323837e09474
01145,13,True,B1,0.3449286135,0.09722887473,6,0,151,169.9103917,EXP-001,ds_16b6be697acb,ds_aa8808303afa,1465af7161a9053ca7df7d4d04572789911a5480,e41f63ef47ea066f14e5effb41bf9f4b7ebd8d79641604b69a10323837e09474
01146,13,True,B1,0.3416892041,0.09665088127,6,0,185,169.8940072,EXP-001,ds_16b6be697acb,ds_aa8808303afa,1465af7161a9053ca7df7d4d04572789911a5480,e41f63ef47ea066f14e5effb41bf9f4b7ebd8d79641604b69a10323837e09474
01147,13,True,B1,0.3438078709,0.09698728302,6,0,211,169.9070841,EXP-001,ds_16b6be697acb,ds_aa8808303afa,1465af7161a9053ca7df7d4d04572789911a5480,e41f63ef47ea066f14e5effb41bf9f4b7ebd8d79641604b69a10323837e09474
01148,13,True,B1,0.3410374924,0.09653651461,6,0,188,169.9426265,EXP-001,ds_16b6be697acb,ds_aa8808303afa,1465af7161a9053ca7df7d4d04572789911a5480,e41f63ef47ea066f14e5effb41bf9f4b7ebd8d79641604b69a10323837e09474
01149,13,True,B1,0.3414267911,0.0965268605,6,0,202,169.9582313,EXP-001,ds_16b6be697acb,ds_aa8808303afa,1465af7161a9053ca7df7d4d04572789911a5480,e41f63ef47ea066f14e5effb41bf9f4b7ebd8d79641604b69a10323837e09474
01150,13,True,B1,0.3425046064,0.09683120717,6,0,124,169.9858973,EXP-001,ds_16b6be697acb,ds_aa8808303afa,1465af7161a9053ca7df7d4d04572789911a5480,e41f63ef47ea066f14e5effb41bf9f4b7ebd8d79641604b69a10323837e09474
01151,14,True,B1,0.3431579812,0.09691517284,6,0,148,169.9462257,EXP-001,ds_16b6be697acb,ds_aa8808303afa,1465af7161a9053ca7df7d4d04572789911a5480,e41f63ef47ea066f14e5effb41bf9f4b7ebd8d79641604b69a10323837e09474
01152,14,True,B1,0.3400260405,0.09624667838,6,0,250,169.9273093,EXP-001,ds_16b6be697acb,ds_aa8808303afa,1465af7161a9053ca7df7d4d04572789911a5480,e41f63ef47ea066f14e5effb41bf9f4b7ebd8d79641604b69a10323837e09474
01153,14,True,B1,0.3440992566,0.09711441732,6,0,180,169.9962681,EXP-001,ds_16b6be697acb,ds_aa8808303afa,1465af7161a9053ca7df7d4d04572789911a5480,e41f63ef47ea066f14e5effb41bf9f4b7ebd8d79641604b69a10323837e09474
01154,14,True,B1,0.3501193216,0.09829281206,6,0,167,170.004876,EXP-001,ds_16b6be697acb,ds_aa8808303afa,1465af7161a9053ca7df7d4d04572789911a5480,e41f63ef47ea066f14e5effb41bf9f4b7ebd8d79641604b69a10323837e09474
01155,14,True,B1,0.3437228,0.09696715882,6,0,101,170.0022926,EXP-001,ds_16b6be697acb,ds_aa8808303afa,1465af7161a9053ca7df7d4d04572789911a5480,e41f63ef47ea066f14e5effb41bf9f4b7ebd8d79641604b69a10323837e09474
01156,14,True,B1,0.3451128337,0.09726918046,6,0,102,169.9430208,EXP-001,ds_16b6be697acb,ds_aa8808303afa,1465af7161a9053ca7df7d4d04572789911a5480,e41f63ef47ea066f14e5effb41bf9f4b7ebd8d79641604b69a10323837e09474
01157,14,True,B1,0.3426018565,0.09685261862,6,0,162,169.8847089,EXP-001,ds_16b6be697acb,ds_aa8808303afa,1465af7161a9053ca7df7d4d04572789911a5480,e41f63ef47ea066f14e5effb41bf9f4b7ebd8d79641604b69a10323837e09474
01158,14,True,B1,0.3514529679,0.09849515289,6,0,187,169.8779477,EXP-001,ds_16b6be697acb,ds_aa8808303afa,1465af7161a9053ca7df7d4d04572789911a5480,e41f63ef47ea066f14e5effb41bf9f4b7ebd8d79641604b69a10323837e09474
01159,14,True,B1,0.3478265872,0.09782796103,6,0,187,169.8926174,EXP-001,ds_16b6be697acb,ds_aa8808303afa,1465af7161a9053ca7df7d4d04572789911a5480,e41f63ef47ea066f14e5effb41bf9f4b7ebd8d79641604b69a10323837e09474
01160,14,True,B1,0.3424368808,0.09675780755,6,0,156,169.9072621,EXP-001,ds_16b6be697acb,ds_aa8808303afa,1465af7161a9053ca7df7d4d04572789911a5480,e41f63ef47ea066f14e5effb41bf9f4b7ebd8d79641604b69a10323837e09474
01161,14,True,B1,0.3419321764,0.09668566903,6,0,225,169.8953671,EXP-001,ds_16b6be697acb,ds_aa8808303afa,1465af7161a9053ca7df7d4d04572789911a5480,e41f63ef47ea066f14e5effb41bf9f4b7ebd8d79641604b69a10323837e09474
01162,14,True,B1,0.3462482808,0.09751490787,6,0,140,169.9424583,EXP-001,ds_16b6be697acb,ds_aa8808303afa,1465af7161a9053ca7df7d4d04572789911a5480,e41f63ef47ea066f14e5effb41bf9f4b7ebd8d79641604b69a10323837e09474
01163,14,True,B1,0.3456937046,0.09741055101,6,0,189,169.916892,EXP-001,ds_16b6be697acb,ds_aa8808303afa,1465af7161a9053ca7df7d4d04572789911a5480,e41f63ef47ea066f14e5effb41bf9f4b7ebd8d79641604b69a10323837e09474
01164,14,True,B1,0.3421989093,0.09674805462,6,0,206,169.9331722,EXP-001,ds_16b6be697acb,ds_aa8808303afa,1465af7161a9053ca7df7d4d04572789911a5480,e41f63ef47ea066f14e5effb41bf9f4b7ebd8d79641604b69a10323837e09474
01165,14,True,B1,0.3475451531,0.09776104329,6,0,174,169.9639153,EXP-001,ds_16b6be697acb,ds_aa8808303afa,1465af7161a9053ca7df7d4d04572789911a5480,e41f63ef47ea066f14e5effb41bf9f4b7ebd8d79641604b69a10323837e09474
01166,14,True,B1,0.346597601,0.09753265485,6,0,153,169.9673527,EXP-001,ds_16b6be697acb,ds_aa8808303afa,1465af7161a9053ca7df7d4d04572789911a5480,e41f63ef47ea066f14e5effb41bf9f4b7ebd8d79641604b69a10323837e09474
01167,14,True,B1,0.3463535636,0.0975523963,6,0,223,169.9529145,EXP-001,ds_16b6be697acb,ds_aa8808303afa,1465af7161a9053ca7df7d4d04572789911a5480,e41f63ef47ea066f14e5effb41bf9f4b7ebd8d79641604b69a10323837e09474
01168,14,True,B1,0.3452993422,0.09732475074,6,0,171,169.9980162,EXP-001,ds_16b6be697acb,ds_aa8808303afa,1465af7161a9053ca7df7d4d04572789911a5480,e41f63ef47ea066f14e5effb41bf9f4b7ebd8d79641604b69a10323837e09474
01169,14,True,B1,0.3425110337,0.09678877697,6,0,200,169.9988673,EXP-001,ds_16b6be697acb,ds_aa8808303afa,1465af7161a9053ca7df7d4d04572789911a5480,e41f63ef47ea066f14e5effb41bf9f4b7ebd8d79641604b69a10323837e09474
01170,14,True,B1,0.3483716668,0.09795172021,6,0,152,170.0243316,EXP-001,ds_16b6be697acb,ds_aa8808303afa,1465af7161a9053ca7df7d4d04572789911a5480,e41f63ef47ea066f14e5effb41bf9f4b7ebd8d79641604b69a10323837e09474
01171,14,True,B1,0.3461447187,0.09747726927,6,0,177,170.0090459,EXP-001,ds_16b6be697acb,ds_aa8808303afa,1465af7161a9053ca7df7d4d04572789911a5480,e41f63ef47ea066f14e5effb41bf9f4b7ebd8d79641604b69a10323837e09474
01172,14,True,B1,0.3402484384,0.09632615363,6,0,227,170.0149696,EXP-001,ds_16b6be697acb,ds_aa8808303afa,1465af7161a9053ca7df7d4d04572789911a5480,e41f63ef47ea066f14e5effb41bf9f4b7ebd8d79641604b69a10323837e09474
01173,14,True,B1,0.3357387803,0.0954550366,6,0,180,170.0632143,EXP-001,ds_16b6be697acb,ds_aa8808303afa,1465af7161a9053ca7df7d4d04572789911a5480,e41f63ef47ea066f14e5effb41bf9f4b7ebd8d79641604b69a10323837e09474
01174,14,True,B1,0.3390230601,0.09606261724,6,0,181,170.0716199,EXP-001,ds_16b6be697acb,ds_aa8808303afa,1465af7161a9053ca7df7d4d04572789911a5480,e41f63ef47ea066f14e5effb41bf9f4b7ebd8d79641604b69a10323837e09474
01175,14,True,B1,0.3474250984,0.09774435338,6,0,179,170.0808565,EXP-001,ds_16b6be697acb,ds_aa8808303afa,1465af7161a9053ca7df7d4d04572789911a5480,e41f63ef47ea066f14e5effb41bf9f4b7ebd8d79641604b69a10323837e09474
01176,14,True,B1,0.3484426073,0.09794783612,6,0,170,170.0883885,EXP-001,ds_16b6be697acb,ds_aa8808303afa,1465af7161a9053ca7df7d4d04572789911a5480,e41f63ef47ea066f14e5effb41bf9f4b7ebd8d79641604b69a10323837e09474
01177,14,True,B1,0.3410831337,0.09652464209,6,0,173,170.0883139,EXP-001,ds_16b6be697acb,ds_aa8808303afa,1465af7161a9053ca7df7d4d04572789911a5480,e41f63ef47ea066f14e5effb41bf9f4b7ebd8d79641604b69a10323837e09474
01178,14,True,B1,0.3413390669,0.09657655515,6,0,169,170.0907686,EXP-001,ds_16b6be697acb,ds_aa8808303afa,1465af7161a9053ca7df7d4d04572789911a5480,e41f63ef47ea066f14e5effb41bf9f4b7ebd8d79641604b69a10323837e09474
01179,14,True,B1,0.3423423521,0.09675085944,6,0,154,170.0898498,EXP-001,ds_16b6be697acb,ds_aa8808303afa,1465af7161a9053ca7df7d4d04572789911a5480,e41f63ef47ea066f14e5effb41bf9f4b7ebd8d79641604b69a10323837e09474
01180,14,True,B1,0.3446980204,0.09720016715,6,0,201,170.076308,EXP-001,ds_16b6be697acb,ds_aa8808303afa,1465af7161a9053ca7df7d4d04572789911a5480,e41f63ef47ea066f14e5effb41bf9f4b7ebd8d79641604b69a10323837e09474
01181,14,True,B1,0.3465204578,0.09755660433,6,0,144,170.1023125,EXP-001,ds_16b6be697acb,ds_aa8808303afa,1465af7161a9053ca7df7d4d04572789911a5480,e41f63ef47ea066f14e5effb41bf9f4b7ebd8d79641604b69a10323837e09474
01182,14,True,B1,0.3478603245,0.09782048306,6,0,165,170.0803809,EXP-001,ds_16b6be697acb,ds_aa8808303afa,1465af7161a9053ca7df7d4d04572789911a5480,e41f63ef47ea066f14e5effb41bf9f4b7ebd8d79641604b69a10323837e09474
01183,14,True,B1,0.3496570213,0.09811422508,6,0,131,170.0761159,EXP-001,ds_16b6be697acb,ds_aa8808303afa,1465af7161a9053ca7df7d4d04572789911a5480,e41f63ef47ea066f14e5effb41bf9f4b7ebd8d79641604b69a10323837e09474
01184,14,True,B1,0.3457066445,0.0974006574,6,0,175,170.0433385,EXP-001,ds_16b6be697acb,ds_aa8808303afa,1465af7161a9053ca7df7d4d04572789911a5480,e41f63ef47ea066f14e5effb41bf9f4b7ebd8d79641604b69a10323837e09474
01185,14,True,B1,0.3469596107,0.09766413377,6,0,170,170.0474927,EXP-001,ds_16b6be697acb,ds_aa8808303afa,1465af7161a9053ca7df7d4d04572789911a5480,e41f63ef47ea066f14e5effb41bf9f4b7ebd8d79641604b69a10323837e09474
01186,14,True,B1,0.3539967587,0.09896228428,6,0,150,170.0474529,EXP-001,ds_16b6be697acb,ds_aa8808303afa,1465af7161a9053ca7df7d4d04572789911a5480,e41f63ef47ea066f14e5effb41bf9f4b7ebd8d79641604b69a10323837e09474
01187,14,True,B1,0.3470659533,0.09767100303,6,0,177,170.0306791,EXP-001,ds_16b6be697acb,ds_aa8808303afa,1465af7161a9053ca7df7d4d04572789911a5480,e41f63ef47ea066f14e5effb41bf9f4b7ebd8d79641604b69a10323837e09474
01188,14,True,B1,0.3498622426,0.0980853673,6,0,155,170.0365055,EXP-001,ds_16b6be697acb,ds_aa8808303afa,1465af7161a9053ca7df7d4d04572789911a5480,e41f63ef47ea066f14e5effb41bf9f4b7ebd8d79641604b69a10323837e09474
01189,14,True,B1,0.3473426848,0.09773932474,6,0,182,170.0239454,EXP-001,ds_16b6be697acb,ds_aa8808303afa,1465af7161a9053ca7df7d4d04572789911a5480,e41f63ef47ea066f14e5effb41bf9f4b7ebd8d79641604b69a10323837e09474
01190,14,True,B1,0.3464251924,0.09757624469,6,0,175,170.0339407,EXP-001,ds_16b6be697acb,ds_aa8808303afa,1465af7161a9053ca7df7d4d04572789911a5480,e41f63ef47ea066f14e5effb41bf9f4b7ebd8d79641604b69a10323837e09474
00501,1,False,B2_W50,0.3535950654,0.09862025933,6,0,161,167.3070423,EXP-001,ds_16b6be697acb,ds_aa8808303afa,1465af7161a9053ca7df7d4d04572789911a5480,e41f63ef47ea066f14e5effb41bf9f4b7ebd8d79641604b69a10323837e09474
00502,1,False,B2_W50,0.361456784,0.101078646,6,0,157,168.4394366,EXP-001,ds_16b6be697acb,ds_aa8808303afa,1465af7161a9053ca7df7d4d04572789911a5480,e41f63ef47ea066f14e5effb41bf9f4b7ebd8d79641604b69a10323837e09474
00503,1,False,B2_W50,0.3798970254,0.1034019946,6,0,171,168.5746479,EXP-001,ds_16b6be697acb,ds_aa8808303afa,1465af7161a9053ca7df7d4d04572789911a5480,e41f63ef47ea066f14e5effb41bf9f4b7ebd8d79641604b69a10323837e09474
00504,1,False,B2_W50,0.3572908464,0.09901671746,6,0,171,168.5915493,EXP-001,ds_16b6be697acb,ds_aa8808303afa,1465af7161a9053ca7df7d4d04572789911a5480,e41f63ef47ea066f14e5effb41bf9f4b7ebd8d79641604b69a10323837e09474
00505,1,False,B2_W50,0.3370794811,0.09650639303,6,0,161,168.1859155,EXP-001,ds_16b6be697acb,ds_aa8808303afa,1465af7161a9053ca7df7d4d04572789911a5480,e41f63ef47ea066f14e5effb41bf9f4b7ebd8d79641604b69a10323837e09474
00506,1,False,B2_W50,0.3241537299,0.09282920056,6,0,125,167.7802817,EXP-001,ds_16b6be697acb,ds_aa8808303afa,1465af7161a9053ca7df7d4d04572789911a5480,e41f63ef47ea066f14e5effb41bf9f4b7ebd8d79641604b69a10323837e09474
00507,1,False,B2_W50,0.3289711312,0.09472492832,6,0,185,167.0873239,EXP-001,ds_16b6be697acb,ds_aa8808303afa,1465af7161a9053ca7df7d4d04572789911a5480,e41f63ef47ea066f14e5effb41bf9f4b7ebd8d79641604b69a10323837e09474
00508,1,False,B2_W50,0.3346855584,0.09605799715,6,0,195,167.8816901,EXP-001,ds_16b6be697acb,ds_aa8808303afa,1465af7161a9053ca7df7d4d04572789911a5480,e41f63ef47ea066f14e5effb41bf9f4b7ebd8d79641604b69a10323837e09474
00509,1,False,B2_W50,0.3575552932,0.09982867757,6,0,129,168.1859155,EXP-001,ds_16b6be697acb,ds_aa8808303afa,1465af7161a9053ca7df7d4d04572789911a5480,e41f63ef47ea066f14e5effb41bf9f4b7ebd8d79641604b69a10323837e09474
00510,1,False,B2_W50,0.3746731346,0.1016516925,6,0,184,167.8478873,EXP-001,ds_16b6be697acb,ds_aa8808303afa,1465af7161a9053ca7df7d4d04572789911a5480,e41f63ef47ea066f14e5effb41bf9f4b7ebd8d79641604b69a10323837e09474
00511,1,False,B2_W50,0.363818982,0.1010059332,6,0,172,169.1830986,EXP-001,ds_16b6be697acb,ds_aa8808303afa,1465af7161a9053ca7df7d4d04572789911a5480,e41f63ef47ea066f14e5effb41bf9f4b7ebd8d79641604b69a10323837e09474
00512,1,False,B2_W50,0.3638726846,0.1009539954,6,0,167,169.656338,EXP-001,ds_16b6be697acb,ds_aa8808303afa,1465af7161a9053ca7df7d4d04572789911a5480,e41f63ef47ea066f14e5effb41bf9f4b7ebd8d79641604b69a10323837e09474
00513,1,False,B2_W50,0.3377385787,0.09652716813,6,0,202,169.2507042,EXP-001,ds_16b6be697acb,ds_aa8808303afa,1465af7161a9053ca7df7d4d04572789911a5480,e41f63ef47ea066f14e5effb41bf9f4b7ebd8d79641604b69a10323837e09474
00514,1,False,B2_W50,0.3432806754,0.0971417648,6,0,172,169.2338028,EXP-001,ds_16b6be697acb,ds_aa8808303afa,1465af7161a9053ca7df7d4d04572789911a5480,e41f63ef47ea066f14e5effb41bf9f4b7ebd8d79641604b69a10323837e09474
00515,1,False,B2_W50,0.3613124037,0.1008605075,6,0,156,169.3859155,EXP-001,ds_16b6be697acb,ds_aa8808303afa,1465af7161a9053ca7df7d4d04572789911a5480,e41f63ef47ea066f14e5effb41bf9f4b7ebd8d79641604b69a10323837e09474
00516,1,False,B2_W50,0.3764851788,0.1032357938,6,0,190,167.6957746,EXP-001,ds_16b6be697acb,ds_aa8808303afa,1465af7161a9053ca7df7d4d04572789911a5480,e41f63ef47ea066f14e5effb41bf9f4b7ebd8d79641604b69a10323837e09474
00517,1,False,B2_W50,0.3459347319,0.09755899803,6,0,186,168.1859155,EXP-001,ds_16b6be697acb,ds_aa8808303afa,1465af7161a9053ca7df7d4d04572789911a5480,e41f63ef47ea066f14e5effb41bf9f4b7ebd8d79641604b69a10323837e09474
00518,1,False,B2_W50,0.3617174798,0.09946511334,6,0,139,168.6760563,EXP-001,ds_16b6be697acb,ds_aa8808303afa,1465af7161a9053ca7df7d4d04572789911a5480,e41f63ef47ea066f14e5effb41bf9f4b7ebd8d79641604b69a10323837e09474
00519,1,False,B2_W50,0.3250074737,0.09386103046,6,0,197,167.2901408,EXP-001,ds_16b6be697acb,ds_aa8808303afa,1465af7161a9053ca7df7d4d04572789911a5480,e41f63ef47ea066f14e5effb41bf9f4b7ebd8d79641604b69a10323837e09474
00520,1,False,B2_W50,0.3629624889,0.1012985158,6,0,193,168.3380282,EXP-001,ds_16b6be697acb,ds_aa8808303afa,1465af7161a9053ca7df7d4d04572789911a5480,e41f63ef47ea066f14e5effb41bf9f4b7ebd8d79641604b69a10323837e09474
00521,1,False,B2_W50,0.3524294878,0.09874664118,6,0,96,168.1183099,EXP-001,ds_16b6be697acb,ds_aa8808303afa,1465af7161a9053ca7df7d4d04572789911a5480,e41f63ef47ea066f14e5effb41bf9f4b7ebd8d79641604b69a10323837e09474
00522,1,False,B2_W50,0.3556141496,0.1000069972,6,0,157,167.2901408,EXP-001,ds_16b6be697acb,ds_aa8808303afa,1465af7161a9053ca7df7d4d04572789911a5480,e41f63ef47ea066f14e5effb41bf9f4b7ebd8d79641604b69a10323837e09474
00523,1,False,B2_W50,0.3672723588,0.1006112063,6,0,155,167.5943662,EXP-001,ds_16b6be697acb,ds_aa8808303afa,1465af7161a9053ca7df7d4d04572789911a5480,e41f63ef47ea066f14e5effb41bf9f4b7ebd8d79641604b69a10323837e09474
00524,1,False,B2_W50,0.3796676857,0.1024446088,6,0,139,165.5323944,EXP-001,ds_16b6be697acb,ds_aa8808303afa,1465af7161a9053ca7df7d4d04572789911a5480,e41f63ef47ea066f14e5effb41bf9f4b7ebd8d79641604b69a10323837e09474
00525,1,False,B2_W50,0.3194171757,0.09259028692,6,0,177,164.4676056,EXP-001,ds_16b6be697acb,ds_aa8808303afa,1465af7161a9053ca7df7d4d04572789911a5480,e41f63ef47ea066f14e5effb41bf9f4b7ebd8d79641604b69a10323837e09474
00526,1,False,B2_W50,0.3456306407,0.09643368019,6,0,176,164.5859155,EXP-001,ds_16b6be697acb,ds_aa8808303afa,1465af7161a9053ca7df7d4d04572789911a5480,e41f63ef47ea066f14e5effb41bf9f4b7ebd8d79641604b69a10323837e09474
00527,1,False,B2_W50,0.3250851685,0.09344379723,6,0,202,165.228169,EXP-001,ds_16b6be697acb,ds_aa8808303afa,1465af7161a9053ca7df7d4d04572789911a5480,e41f63ef47ea066f14e5effb41bf9f4b7ebd8d79641604b69a10323837e09474
00528,1,False,B2_W50,0.3827240873,0.1046104128,6,0,187,165.7014085,EXP-001,ds_16b6be697acb,ds_aa8808303afa,1465af7161a9053ca7df7d4d04572789911a5480,e41f63ef47ea066f14e5effb41bf9f4b7ebd8d79641604b69a10323837e09474
00529,1,False,B2_W50,0.3446145758,0.09772519882,6,0,161,166.8338028,EXP-001,ds_16b6be697acb,ds_aa8808303afa,1465af7161a9053ca7df7d4d04572789911a5480,e41f63ef47ea066f14e5effb41bf9f4b7ebd8d79641604b69a10323837e09474
00530,1,False,B2_W50,0.3418839026,0.0971209897,6,0,196,167.4084507,EXP-001,ds_16b6be697acb,ds_aa8808303afa,1465af7161a9053ca7df7d4d04572789911a5480,e41f63ef47ea066f14e5effb41bf9f4b7ebd8d79641604b69a10323837e09474
00531,1,False,B2_W50,0.3653185937,0.1008293448,6,0,181,166.8676056,EXP-001,ds_16b6be697acb,ds_aa8808303afa,1465af7161a9053ca7df7d4d04572789911a5480,e41f63ef47ea066f14e5effb41bf9f4b7ebd8d79641604b69a10323837e09474
00532,1,False,B2_W50,0.3723366282,0.1014023913,6,0,223,167.6788732,EXP-001,ds_16b6be697acb,ds_aa8808303afa,1465af7161a9053ca7df7d4d04572789911a5480,e41f63ef47ea066f14e5effb41bf9f4b7ebd8d79641604b69a10323837e09474
00533,1,False,B2_W50,0.3644822491,0.1008916701,6,0,188,169.5549296,EXP-001,ds_16b6be697acb,ds_aa8808303afa,1465af7161a9053ca7df7d4d04572789911a5480,e41f63ef47ea066f14e5effb41bf9f4b7ebd8d79641604b69a10323837e09474
00534,1,False,B2_W50,0.3925071084,0.1044753747,6,0,152,170.5859155,EXP-001,ds_16b6be697acb,ds_aa8808303afa,1465af7161a9053ca7df7d4d04572789911a5480,e41f63ef47ea066f14e5effb41bf9f4b7ebd8d79641604b69a10323837e09474
00535,1,False,B2_W50,0.3580343548,0.1000381598,6,0,94,170.5521127,EXP-001,ds_16b6be697acb,ds_aa8808303afa,1465af7161a9053ca7df7d4d04572789911a5480,e41f63ef47ea066f14e5effb41bf9f4b7ebd8d79641604b69a10323837e09474
00536,1,False,B2_W50,0.3751444116,0.1024653839,6,0,178,169.4535211,EXP-001,ds_16b6be697acb,ds_aa8808303afa,1465af7161a9053ca7df7d4d04572789911a5480,e41f63ef47ea066f14e5effb41bf9f4b7ebd8d79641604b69a10323837e09474
00537,1,False,B2_W50,0.3431550197,0.09752783539,6,0,269,169.9943662,EXP-001,ds_16b6be697acb,ds_aa8808303afa,1465af7161a9053ca7df7d4d04572789911a5480,e41f63ef47ea066f14e5effb41bf9f4b7ebd8d79641604b69a10323837e09474
00538,1,False,B2_W50,0.351219372,0.09878819138,6,0,181,170.8394366,EXP-001,ds_16b6be697acb,ds_aa8808303afa,1465af7161a9053ca7df7d4d04572789911a5480,e41f63ef47ea066f14e5effb41bf9f4b7ebd8d79641604b69a10323837e09474
00539,1,False,B2_W50,0.3312723495,0.0950278985,6,0,157,170.6366197,EXP-001,ds_16b6be697acb,ds_aa8808303afa,1465af7161a9053ca7df7d4d04572789911a5480,e41f63ef47ea066f14e5effb41bf9f4b7ebd8d79641604b69a10323837e09474
00540,1,False,B2_W50,0.3321838542,0.09510061135,6,0,135,169.3014085,EXP-001,ds_16b6be697acb,ds_aa8808303afa,1465af7161a9053ca7df7d4d04572789911a5480,e41f63ef47ea066f14e5effb41bf9f4b7ebd8d79641604b69a10323837e09474
00541,1,False,B2_W50,0.3356794819,0.09581908352,6,0,113,168.5070423,EXP-001,ds_16b6be697acb,ds_aa8808303afa,1465af7161a9053ca7df7d4d04572789911a5480,e41f63ef47ea066f14e5effb41bf9f4b7ebd8d79641604b69a10323837e09474
00542,1,False,B2_W50,0.3639372616,0.09962092658,6,0,112,166.5464789,EXP-001,ds_16b6be697acb,ds_aa8808303afa,1465af7161a9053ca7df7d4d04572789911a5480,e41f63ef47ea066f14e5effb41bf9f4b7ebd8d79641604b69a10323837e09474
00543,1,False,B2_W50,0.3354873207,0.09531874989,6,0,112,166.7492958,EXP-001,ds_16b6be697acb,ds_aa8808303afa,1465af7161a9053ca7df7d4d04572789911a5480,e41f63ef47ea066f14e5effb41bf9f4b7ebd8d79641604b69a10323837e09474
00544,1,False,B2_W50,0.3518255706,0.09786023697,6,0,157,165.7183099,EXP-001,ds_16b6be697acb,ds_aa8808303afa,1465af7161a9053ca7df7d4d04572789911a5480,e41f63ef47ea066f14e5effb41bf9f4b7ebd8d79641604b69a10323837e09474
00545,1,False,B2_W50,0.3355054756,0.09483919136,6,0,196,165.3295775,EXP-001,ds_16b6be697acb,ds_aa8808303afa,1465af7161a9053ca7df7d4d04572789911a5480,e41f63ef47ea066f14e5effb41bf9f4b7ebd8d79641604b69a10323837e09474
00546,1,False,B2_W50,0.3831272923,0.1041724045,6,0,173,167.0535211,EXP-001,ds_16b6be697acb,ds_aa8808303afa,1465af7161a9053ca7df7d4d04572789911a5480,e41f63ef47ea066f14e5effb41bf9f4b7ebd8d79641604b69a10323837e09474
00547,1,False,B2_W50,0.33653334,0.0961099349,6,0,243,167.2394366,EXP-001,ds_16b6be697acb,ds_aa8808303afa,1465af7161a9053ca7df7d4d04572789911a5480,e41f63ef47ea066f14e5effb41bf9f4b7ebd8d79641604b69a10323837e09474
00548,1,False,B2_W50,0.3548700519,0.09981829002,6,0,129,168.0169014,EXP-001,ds_16b6be697acb,ds_aa8808303afa,1465af7161a9053ca7df7d4d04572789911a5480,e41f63ef47ea066f14e5effb41bf9f4b7ebd8d79641604b69a10323837e09474
00549,1,False,B2_W50,0.384227763,0.1034643198,6,0,216,168.3042254,EXP-001,ds_16b6be697acb,ds_aa8808303afa,1465af7161a9053ca7df7d4d04572789911a5480,e41f63ef47ea066f14e5effb41bf9f4b7ebd8d79641604b69a10323837e09474
00550,1,False,B2_W50,0.357598304,0.09977673982,6,0,198,168.5746479,EXP-001,ds_16b6be697acb,ds_aa8808303afa,1465af7161a9053ca7df7d4d04572789911a5480,e41f63ef47ea066f14e5effb41bf9f4b7ebd8d79641604b69a10323837e09474
00551,2,False,B2_W50,0.3449070971,0.09725602784,6,0,133,169.115493,EXP-001,ds_16b6be697acb,ds_aa8808303afa,1465af7161a9053ca7df7d4d04572789911a5480,e41f63ef47ea066f14e5effb41bf9f4b7ebd8d79641604b69a10323837e09474
00552,2,False,B2_W50,0.3343195152,0.09542262538,6,0,160,168.6422535,EXP-001,ds_16b6be697acb,ds_aa8808303afa,1465af7161a9053ca7df7d4d04572789911a5480,e41f63ef47ea066f14e5effb41bf9f4b7ebd8d79641604b69a10323837e09474
00553,2,False,B2_W50,0.3473523947,0.09840212079,6,0,228,168.6929577,EXP-001,ds_16b6be697acb,ds_aa8808303afa,1465af7161a9053ca7df7d4d04572789911a5480,e41f63ef47ea066f14e5effb41bf9f4b7ebd8d79641604b69a10323837e09474
00554,2,False,B2_W50,0.3508849725,0.09904788011,6,0,220,169.656338,EXP-001,ds_16b6be697acb,ds_aa8808303afa,1465af7161a9053ca7df7d4d04572789911a5480,e41f63ef47ea066f14e5effb41bf9f4b7ebd8d79641604b69a10323837e09474
00555,2,False,B2_W50,0.3531474102,0.09965208923,6,0,150,170.484507,EXP-001,ds_16b6be697acb,ds_aa8808303afa,1465af7161a9053ca7df7d4d04572789911a5480,e41f63ef47ea066f14e5effb41bf9f4b7ebd8d79641604b69a10323837e09474
00556,2,False,B2_W50,0.3626929173,0.100870895,6,0,159,170.2985915,EXP-001,ds_16b6be697acb,ds_aa8808303afa,1465af7161a9053ca7df7d4d04572789911a5480,e41f63ef47ea066f14e5effb41bf9f4b7ebd8d79641604b69a10323837e09474
00557,2,False,B2_W50,0.3266260425,0.09339185948,6,0,167,170.8732394,EXP-001,ds_16b6be697acb,ds_aa8808303afa,1465af7161a9053ca7df7d4d04572789911a5480,e41f63ef47ea066f14e5effb41bf9f4b7ebd8d79641604b69a10323837e09474
00558,2,False,B2_W50,0.3616329478,0.100173198,6,0,116,170.5690141,EXP-001,ds_16b6be697acb,ds_aa8808303afa,1465af7161a9053ca7df7d4d04572789911a5480,e41f63ef47ea066f14e5effb41bf9f4b7ebd8d79641604b69a10323837e09474
00559,2,False,B2_W50,0.3270947064,0.09396490595,6,0,147,169.2338028,EXP-001,ds_16b6be697acb,ds_aa8808303afa,1465af7161a9053ca7df7d4d04572789911a5480,e41f63ef47ea066f14e5effb41bf9f4b7ebd8d79641604b69a10323837e09474
00560,2,False,B2_W50,0.3415305611,0.09715215235,6,0,181,169.5380282,EXP-001,ds_16b6be697acb,ds_aa8808303afa,1465af7161a9053ca7df7d4d04572789911a5480,e41f63ef47ea066f14e5effb41bf9f4b7ebd8d79641604b69a10323837e09474
00561,2,False,B2_W50,0.3189681301,0.09218344124,6,0,174,169.4873239,EXP-001,ds_16b6be697acb,ds_aa8808303afa,1465af7161a9053ca7df7d4d04572789911a5480,e41f63ef47ea066f14e5effb41bf9f4b7ebd8d79641604b69a10323837e09474
00562,2,False,B2_W50,0.3382588546,0.09541223783,6,0,226,169.5211268,EXP-001,ds_16b6be697acb,ds_aa8808303afa,1465af7161a9053ca7df7d4d04572789911a5480,e41f63ef47ea066f14e5effb41bf9f4b7ebd8d79641604b69a10323837e09474
00563,2,False,B2_W50,0.3869843313,0.1027977854,6,0,115,170.5183099,EXP-001,ds_16b6be697acb,ds_aa8808303afa,1465af7161a9053ca7df7d4d04572789911a5480,e41f63ef47ea066f14e5effb41bf9f4b7ebd8d79641604b69a10323837e09474
00564,2,False,B2_W50,0.3697109851,0.1020377631,6,0,132,169.0478873,EXP-001,ds_16b6be697acb,ds_aa8808303afa,1465af7161a9053ca7df7d4d04572789911a5480,e41f63ef47ea066f14e5effb41bf9f4b7ebd8d79641604b69a10323837e09474
00565,2,False,B2_W50,0.3616488372,0.1013920038,6,0,246,168.371831,EXP-001,ds_16b6be697acb,ds_aa8808303afa,1465af7161a9053ca7df7d4d04572789911a5480,e41f63ef47ea066f14e5effb41bf9f4b7ebd8d79641604b69a10323837e09474
00566,2,False,B2_W50,0.3661242562,0.1013192909,6,0,180,169.8929577,EXP-001,ds_16b6be697acb,ds_aa8808303afa,1465af7161a9053ca7df7d4d04572789911a5480,e41f63ef47ea066f14e5effb41bf9f4b7ebd8d79641604b69a10323837e09474
00567,2,False,B2_W50,0.3232995775,0.09332953418,6,0,152,169.7239437,EXP-001,ds_16b6be697acb,ds_aa8808303afa,1465af7161a9053ca7df7d4d04572789911a5480,e41f63ef47ea066f14e5effb41bf9f4b7ebd8d79641604b69a10323837e09474
00568,2,False,B2_W50,0.3405321192,0.0971625399,6,0,222,169.1492958,EXP-001,ds_16b6be697acb,ds_aa8808303afa,1465af7161a9053ca7df7d4d04572789911a5480,e41f63ef47ea066f14e5effb41bf9f4b7ebd8d79641604b69a10323837e09474
00569,2,False,B2_W50,0.3282774276,0.09467299057,6,0,145,170.5521127,EXP-001,ds_16b6be697acb,ds_aa8808303afa,1465af7161a9053ca7df7d4d04572789911a5480,e41f63ef47ea066f14e5effb41bf9f4b7ebd8d79641604b69a10323837e09474
00570,2,False,B2_W50,0.3338598829,0.09521487439,6,0,100,169.6732394,EXP-001,ds_16b6be697acb,ds_aa8808303afa,1465af7161a9053ca7df7d4d04572789911a5480,e41f63ef47ea066f14e5effb41bf9f4b7ebd8d79641604b69a10323837e09474
00571,2,False,B2_W50,0.3781108803,0.1032669564,6,0,129,168.1014085,EXP-001,ds_16b6be697acb,ds_aa8808303afa,1465af7161a9053ca7df7d4d04572789911a5480,e41f63ef47ea066f14e5effb41bf9f4b7ebd8d79641604b69a10323837e09474
00572,2,False,B2_W50,0.3372783629,0.09639212999,6,0,154,168.6591549,EXP-001,ds_16b6be697acb,ds_aa8808303afa,1465af7161a9053ca7df7d4d04572789911a5480,e41f63ef47ea066f14e5effb41bf9f4b7ebd8d79641604b69a10323837e09474
00573,2,False,B2_W50,0.3581114106,0.09892322952,6,0,129,168.6084507,EXP-001,ds_16b6be697acb,ds_aa8808303afa,1465af7161a9053ca7df7d4d04572789911a5480,e41f63ef47ea066f14e5effb41bf9f4b7ebd8d79641604b69a10323837e09474
00574,2,False,B2_W50,0.3529292543,0.09954821374,6,0,226,168.1690141,EXP-001,ds_16b6be697acb,ds_aa8808303afa,1465af7161a9053ca7df7d4d04572789911a5480,e41f63ef47ea066f14e5effb41bf9f4b7ebd8d79641604b69a10323837e09474
00575,2,False,B2_W50,0.3290680961,0.09454833998,6,0,186,169.6394366,EXP-001,ds_16b6be697acb,ds_aa8808303afa,1465af7161a9053ca7df7d4d04572789911a5480,e41f63ef47ea066f14e5effb41bf9f4b7ebd8d79641604b69a10323837e09474
00576,2,False,B2_W50,0.3745390351,0.1019546627,6,0,193,169.7915493,EXP-001,ds_16b6be697acb,ds_aa8808303afa,1465af7161a9053ca7df7d4d04572789911a5480,e41f63ef47ea066f14e5effb41bf9f4b7ebd8d79641604b69a10323837e09474
00577,2,False,B2_W50,0.3425057084,0.09632980469,6,0,199,170.0788732,EXP-001,ds_16b6be697acb,ds_aa8808303afa,1465af7161a9053ca7df7d4d04572789911a5480,e41f63ef47ea066f14e5effb41bf9f4b7ebd8d79641604b69a10323837e09474
00578,2,False,B2_W50,0.3412910976,0.09685091342,6,0,177,170.028169,EXP-001,ds_16b6be697acb,ds_aa8808303afa,1465af7161a9053ca7df7d4d04572789911a5480,e41f63ef47ea066f14e5effb41bf9f4b7ebd8d79641604b69a10323837e09474
00579,2,False,B2_W50,0.3688527253,0.1011427026,6,0,75,169.8591549,EXP-001,ds_16b6be697acb,ds_aa8808303afa,1465af7161a9053ca7df7d4d04572789911a5480,e41f63ef47ea066f14e5effb41bf9f4b7ebd8d79641604b69a10323837e09474
00580,2,False,B2_W50,0.3478370106,0.09803855656,6,0,152,168.4056338,EXP-001,ds_16b6be697acb,ds_aa8808303afa,1465af7161a9053ca7df7d4d04572789911a5480,e41f63ef47ea066f14e5effb41bf9f4b7ebd8d79641604b69a10323837e09474
00581,2,False,B2_W50,0.3635632275,0.1004865557,6,0,144,167.6619718,EXP-001,ds_16b6be697acb,ds_aa8808303afa,1465af7161a9053ca7df7d4d04572789911a5480,e41f63ef47ea066f14e5effb41bf9f4b7ebd8d79641604b69a10323837e09474
00582,2,False,B2_W50,0.3816975436,0.1029241673,6,0,222,167.0366197,EXP-001,ds_16b6be697acb,ds_aa8808303afa,1465af7161a9053ca7df7d4d04572789911a5480,e41f63ef47ea066f14e5effb41bf9f4b7ebd8d79641604b69a10323837e09474
00583,2,False,B2_W50,0.3779849294,0.1034660511,6,0,163,167.0197183,EXP-001,ds_16b6be697acb,ds_aa8808303afa,1465af7161a9053ca7df7d4d04572789911a5480,e41f63ef47ea066f14e5effb41bf9f4b7ebd8d79641604b69a10323837e09474
00584,2,False,B2_W50,0.3410160532,0.09656006204,6,0,136,166.5971831,EXP-001,ds_16b6be697acb,ds_aa8808303afa,1465af7161a9053ca7df7d4d04572789911a5480,e41f63ef47ea066f14e5effb41bf9f4b7ebd8d79641604b69a10323837e09474
00585,2,False,B2_W50,0.355898146,0.09966420804,6,0,179,166.3267606,EXP-001,ds_16b6be697acb,ds_aa8808303afa,1465af7161a9053ca7df7d4d04572789911a5480,e41f63ef47ea066f14e5effb41bf9f4b7ebd8d79641604b69a10323837e09474
00586,2,False,B2_W50,0.3625361826,0.1008518512,6,0,147,167.7633803,EXP-001,ds_16b6be697acb,ds_aa8808303afa,1465af7161a9053ca7df7d4d04572789911a5480,e41f63ef47ea066f14e5effb41bf9f4b7ebd8d79641604b69a10323837e09474
00587,2,False,B2_W50,0.3537435261,0.09840385205,6,0,130,167.2394366,EXP-001,ds_16b6be697acb,ds_aa8808303afa,1465af7161a9053ca7df7d4d04572789911a5480,e41f63ef47ea066f14e5effb41bf9f4b7ebd8d79641604b69a10323837e09474
00588,2,False,B2_W50,0.3467139278,0.0972577591,6,0,193,164.8901408,EXP-001,ds_16b6be697acb,ds_aa8808303afa,1465af7161a9053ca7df7d4d04572789911a5480,e41f63ef47ea066f14e5effb41bf9f4b7ebd8d79641604b69a10323837e09474
00589,2,False,B2_W50,0.3578621971,0.09852850264,6,0,214,165.0929577,EXP-001,ds_16b6be697acb,ds_aa8808303afa,1465af7161a9053ca7df7d4d04572789911a5480,e41f63ef47ea066f14e5effb41bf9f4b7ebd8d79641604b69a10323837e09474
00590,2,False,B2_W50,0.322732387,0.09302829525,6,0,181,166.056338,EXP-001,ds_16b6be697acb,ds_aa8808303afa,1465af7161a9053ca7df7d4d04572789911a5480,e41f63ef47ea066f14e5effb41bf9f4b7ebd8d79641604b69a10323837e09474
00591,2,False,B2_W50,0.3364960586,0.09617399145,6,0,128,166.8338028,EXP-001,ds_16b6be697acb,ds_aa8808303afa,1465af7161a9053ca7df7d4d04572789911a5480,e41f63ef47ea066f14e5effb41bf9f4b7ebd8d79641604b69a10323837e09474
00592,2,False,B2_W50,0.3483474996,0.09803855656,6,0,157,167.0873239,EXP-001,ds_16b6be697acb,ds_aa8808303afa,1465af7161a9053ca7df7d4d04572789911a5480,e41f63ef47ea066f14e5effb41bf9f4b7ebd8d79641604b69a10323837e09474
00593,2,False,B2_W50,0.3244325543,0.09374676742,6,0,219,167.8478873,EXP-001,ds_16b6be697acb,ds_aa8808303afa,1465af7161a9053ca7df7d4d04572789911a5480,e41f63ef47ea066f14e5effb41bf9f4b7ebd8d79641604b69a10323837e09474
00594,2,False,B2_W50,0.3668150432,0.1012569656,6,0,97,169.656338,EXP-001,ds_16b6be697acb,ds_aa8808303afa,1465af7161a9053ca7df7d4d04572789911a5480,e41f63ef47ea066f14e5effb41bf9f4b7ebd8d79641604b69a10323837e09474
00595,2,False,B2_W50,0.3393502921,0.09632980469,6,0,161,168.6422535,EXP-001,ds_16b6be697acb,ds_aa8808303afa,1465af7161a9053ca7df7d4d04572789911a5480,e41f63ef47ea066f14e5effb41bf9f4b7ebd8d79641604b69a10323837e09474
00596,2,False,B2_W50,0.3077425195,0.08967311681,6,0,145,168.0507042,EXP-001,ds_16b6be697acb,ds_aa8808303afa,1465af7161a9053ca7df7d4d04572789911a5480,e41f63ef47ea066f14e5effb41bf9f4b7ebd8d79641604b69a10323837e09474
00597,2,False,B2_W50,0.361002515,0.1003497863,6,0,160,167.5774648,EXP-001,ds_16b6be697acb,ds_aa8808303afa,1465af7161a9053ca7df7d4d04572789911a5480,e41f63ef47ea066f14e5effb41bf9f4b7ebd8d79641604b69a10323837e09474
00598,2,False,B2_W50,0.3277780135,0.09419343204,6,0,178,166.1746479,EXP-001,ds_16b6be697acb,ds_aa8808303afa,1465af7161a9053ca7df7d4d04572789911a5480,e41f63ef47ea066f14e5effb41bf9f4b7ebd8d79641604b69a10323837e09474
00599,2,False,B2_W50,0.3883444673,0.1053392725,6,0,178,167.0028169,EXP-001,ds_16b6be697acb,ds_aa8808303afa,1465af7161a9053ca7df7d4d04572789911a5480,e41f63ef47ea066f14e5effb41bf9f4b7ebd8d79641604b69a10323837e09474
00600,2,False,B2_W50,0.3704203637,0.09900632991,6,0,202,166.3605634,EXP-001,ds_16b6be697acb,ds_aa8808303afa,1465af7161a9053ca7df7d4d04572789911a5480,e41f63ef47ea066f14e5effb41bf9f4b7ebd8d79641604b69a10323837e09474
00601,3,False,B2_W50,0.3198168064,0.09229770428,6,0,167,166.428169,EXP-001,ds_16b6be697acb,ds_aa8808303afa,1465af7161a9053ca7df7d4d04572789911a5480,e41f63ef47ea066f14e5effb41bf9f4b7ebd8d79641604b69a10323837e09474
00602,3,False,B2_W50,0.3374351938,0.09603722205,6,0,209,167.0028169,EXP-001,ds_16b6be697acb,ds_aa8808303afa,1465af7161a9053ca7df7d4d04572789911a5480,e41f63ef47ea066f14e5effb41bf9f4b7ebd8d79641604b69a10323837e09474
00603,3,False,B2_W50,0.3514665308,0.09855793403,6,0,164,167.8309859,EXP-001,ds_16b6be697acb,ds_aa8808303afa,1465af7161a9053ca7df7d4d04572789911a5480,e41f63ef47ea066f14e5effb41bf9f4b7ebd8d79641604b69a10323837e09474
00604,3,False,B2_W50,0.3307002778,0.09549533823,6,0,138,166.7492958,EXP-001,ds_16b6be697acb,ds_aa8808303afa,1465af7161a9053ca7df7d4d04572789911a5480,e41f63ef47ea066f14e5effb41bf9f4b7ebd8d79641604b69a10323837e09474
00605,3,False,B2_W50,0.3609866667,0.09908943031,6,0,115,165.3633803,EXP-001,ds_16b6be697acb,ds_aa8808303afa,1465af7161a9053ca7df7d4d04572789911a5480,e41f63ef47ea066f14e5effb41bf9f4b7ebd8d79641604b69a10323837e09474
00606,3,False,B2_W50,0.3613456155,0.09971441453,6,0,114,164.771831,EXP-001,ds_16b6be697acb,ds_aa8808303afa,1465af7161a9053ca7df7d4d04572789911a5480,e41f63ef47ea066f14e5effb41bf9f4b7ebd8d79641604b69a10323837e09474
00607,3,False,B2_W50,0.3439850634,0.09725602784,6,0,77,164.0112676,EXP-001,ds_16b6be697acb,ds_aa8808303afa,1465af7161a9053ca7df7d4d04572789911a5480,e41f63ef47ea066f14e5effb41bf9f4b7ebd8d79641604b69a10323837e09474
00608,3,False,B2_W50,0.3591622182,0.1004536618,6,0,184,162.4901408,EXP-001,ds_16b6be697acb,ds_aa8808303afa,1465af7161a9053ca7df7d4d04572789911a5480,e41f63ef47ea066f14e5effb41bf9f4b7ebd8d79641604b69a10323837e09474
00609,3,False,B2_W50,0.3644023996,0.1016101423,6,0,140,163.6394366,EXP-001,ds_16b6be697acb,ds_aa8808303afa,1465af7161a9053ca7df7d4d04572789911a5480,e41f63ef47ea066f14e5effb41bf9f4b7ebd8d79641604b69a10323837e09474
00610,3,False,B2_W50,0.3179283729,0.09172465781,6,0,196,163.5211268,EXP-001,ds_16b6be697acb,ds_aa8808303afa,1465af7161a9053ca7df7d4d04572789911a5480,e41f63ef47ea066f14e5effb41bf9f4b7ebd8d79641604b69a10323837e09474
00611,3,False,B2_W50,0.3480916963,0.09795372491,6,0,96,163.7746479,EXP-001,ds_16b6be697acb,ds_aa8808303afa,1465af7161a9053ca7df7d4d04572789911a5480,e41f63ef47ea066f14e5effb41bf9f4b7ebd8d79641604b69a10323837e09474
00612,3,False,B2_W50,0.3502139152,0.09916214315,6,0,203,162.456338,EXP-001,ds_16b6be697acb,ds_aa8808303afa,1465af7161a9053ca7df7d4d04572789911a5480,e41f63ef47ea066f14e5effb41bf9f4b7ebd8d79641604b69a10323837e09474
00613,3,False,B2_W50,0.3698647977,0.1010267083,6,0,161,162.0676056,EXP-001,ds_16b6be697acb,ds_aa8808303afa,1465af7161a9053ca7df7d4d04572789911a5480,e41f63ef47ea066f14e5effb41bf9f4b7ebd8d79641604b69a10323837e09474
00614,3,False,B2_W50,0.3342815345,0.09601644695,6,0,215,162.8450704,EXP-001,ds_16b6be697acb,ds_aa8808303afa,1465af7161a9053ca7df7d4d04572789911a5480,e41f63ef47ea066f14e5effb41bf9f4b7ebd8d79641604b69a10323837e09474
00615,3,False,B2_W50,0.3734325561,0.1033812195,6,0,120,164.2478873,EXP-001,ds_16b6be697acb,ds_aa8808303afa,1465af7161a9053ca7df7d4d04572789911a5480,e41f63ef47ea066f14e5effb41bf9f4b7ebd8d79641604b69a10323837e09474
00616,3,False,B2_W50,0.3273477488,0.09413110674,6,0,191,162.1183099,EXP-001,ds_16b6be697acb,ds_aa8808303afa,1465af7161a9053ca7df7d4d04572789911a5480,e41f63ef47ea066f14e5effb41bf9f4b7ebd8d79641604b69a10323837e09474
00617,3,False,B2_W50,0.359060631,0.09968325188,6,0,229,162.3042254,EXP-001,ds_16b6be697acb,ds_aa8808303afa,1465af7161a9053ca7df7d4d04572789911a5480,e41f63ef47ea066f14e5effb41bf9f4b7ebd8d79641604b69a10323837e09474
00618,3,False,B2_W50,0.3627354258,0.1009436079,6,0,130,163.6056338,EXP-001,ds_16b6be697acb,ds_aa8808303afa,1465af7161a9053ca7df7d4d04572789911a5480,e41f63ef47ea066f14e5effb41bf9f4b7ebd8d79641604b69a10323837e09474
00619,3,False,B2_W50,0.3433439282,0.09659988098,6,0,164,162.0507042,EXP-001,ds_16b6be697acb,ds_aa8808303afa,1465af7161a9053ca7df7d4d04572789911a5480,e41f63ef47ea066f14e5effb41bf9f4b7ebd8d79641604b69a10323837e09474
00620,3,False,B2_W50,0.3276769733,0.09171427026,6,0,196,162.371831,EXP-001,ds_16b6be697acb,ds_aa8808303afa,1465af7161a9053ca7df7d4d04572789911a5480,e41f63ef47ea066f14e5effb41bf9f4b7ebd8d79641604b69a10323837e09474
00621,3,False,B2_W50,0.3594732396,0.09983906512,6,0,200,163.9943662,EXP-001,ds_16b6be697acb,ds_aa8808303afa,1465af7161a9053ca7df7d4d04572789911a5480,e41f63ef47ea066f14e5effb41bf9f4b7ebd8d79641604b69a10323837e09474
00622,3,False,B2_W50,0.3626686222,0.1010267083,6,0,152,165.1943662,EXP-001,ds_16b6be697acb,ds_aa8808303afa,1465af7161a9053ca7df7d4d04572789911a5480,e41f63ef47ea066f14e5effb41bf9f4b7ebd8d79641604b69a10323837e09474
00623,3,False,B2_W50,0.3690641244,0.1009747705,6,0,196,165.1605634,EXP-001,ds_16b6be697acb,ds_aa8808303afa,1465af7161a9053ca7df7d4d04572789911a5480,e41f63ef47ea066f14e5effb41bf9f4b7ebd8d79641604b69a10323837e09474
00624,3,False,B2_W50,0.3474345755,0.09774597392,6,0,135,166.2929577,EXP-001,ds_16b6be697acb,ds_aa8808303afa,1465af7161a9053ca7df7d4d04572789911a5480,e41f63ef47ea066f14e5effb41bf9f4b7ebd8d79641604b69a10323837e09474
00625,3,False,B2_W50,0.3177764713,0.09097502299,6,0,196,164.7549296,EXP-001,ds_16b6be697acb,ds_aa8808303afa,1465af7161a9053ca7df7d4d04572789911a5480,e41f63ef47ea066f14e5effb41bf9f4b7ebd8d79641604b69a10323837e09474
00626,3,False,B2_W50,0.3529595633,0.09850599629,6,0,193,164.9239437,EXP-001,ds_16b6be697acb,ds_aa8808303afa,1465af7161a9053ca7df7d4d04572789911a5480,e41f63ef47ea066f14e5effb41bf9f4b7ebd8d79641604b69a10323837e09474
00627,3,False,B2_W50,0.3735057757,0.1034747074,6,0,194,164.9239437,EXP-001,ds_16b6be697acb,ds_aa8808303afa,1465af7161a9053ca7df7d4d04572789911a5480,e41f63ef47ea066f14e5effb41bf9f4b7ebd8d79641604b69a10323837e09474
00628,3,False,B2_W50,0.3414894498,0.09728719049,6,0,159,164.8394366,EXP-001,ds_16b6be697acb,ds_aa8808303afa,1465af7161a9053ca7df7d4d04572789911a5480,e41f63ef47ea066f14e5effb41bf9f4b7ebd8d79641604b69a10323837e09474
00629,3,False,B2_W50,0.3323592113,0.09366193576,6,0,144,164.5352113,EXP-001,ds_16b6be697acb,ds_aa8808303afa,1465af7161a9053ca7df7d4d04572789911a5480,e41f63ef47ea066f14e5effb41bf9f4b7ebd8d79641604b69a10323837e09474
00630,3,False,B2_W50,0.337975183,0.09686995726,6,0,166,165.7014085,EXP-001,ds_16b6be697acb,ds_aa8808303afa,1465af7161a9053ca7df7d4d04572789911a5480,e41f63ef47ea066f14e5effb41bf9f4b7ebd8d79641604b69a10323837e09474
00631,3,False,B2_W50,0.3647796892,0.1011409713,6,0,179,165.9380282,EXP-001,ds_16b6be697acb,ds_aa8808303afa,1465af7161a9053ca7df7d4d04572789911a5480,e41f63ef47ea066f14e5effb41bf9f4b7ebd8d79641604b69a10323837e09474
00632,3,False,B2_W50,0.3728167537,0.1023597771,6,0,187,166.5295775,EXP-001,ds_16b6be697acb,ds_aa8808303afa,1465af7161a9053ca7df7d4d04572789911a5480,e41f63ef47ea066f14e5effb41bf9f4b7ebd8d79641604b69a10323837e09474
00633,3,False,B2_W50,0.3374507394,0.09557843862,6,0,169,165.9380282,EXP-001,ds_16b6be697acb,ds_aa8808303afa,1465af7161a9053ca7df7d4d04572789911a5480,e41f63ef47ea066f14e5effb41bf9f4b7ebd8d79641604b69a10323837e09474
00634,3,False,B2_W50,0.3322614894,0.09445312077,6,0,181,166.0394366,EXP-001,ds_16b6be697acb,ds_aa8808303afa,1465af7161a9053ca7df7d4d04572789911a5480,e41f63ef47ea066f14e5effb41bf9f4b7ebd8d79641604b69a10323837e09474
00635,3,False,B2_W50,0.3911195847,0.103713621,6,0,162,166.8,EXP-001,ds_16b6be697acb,ds_aa8808303afa,1465af7161a9053ca7df7d4d04572789911a5480,e41f63ef47ea066f14e5effb41bf9f4b7ebd8d79641604b69a10323837e09474
00636,3,False,B2_W50,0.373208722,0.1023701646,6,0,182,166.5126761,EXP-001,ds_16b6be697acb,ds_aa8808303afa,1465af7161a9053ca7df7d4d04572789911a5480,e41f63ef47ea066f14e5effb41bf9f4b7ebd8d79641604b69a10323837e09474
00637,3,False,B2_W50,0.362694703,0.1010682585,6,0,122,167.1042254,EXP-001,ds_16b6be697acb,ds_aa8808303afa,1465af7161a9053ca7df7d4d04572789911a5480,e41f63ef47ea066f14e5effb41bf9f4b7ebd8d79641604b69a10323837e09474
00638,3,False,B2_W50,0.3780134274,0.1022351265,6,0,200,166.9690141,EXP-001,ds_16b6be697acb,ds_aa8808303afa,1465af7161a9053ca7df7d4d04572789911a5480,e41f63ef47ea066f14e5effb41bf9f4b7ebd8d79641604b69a10323837e09474
00639,3,False,B2_W50,0.3933581851,0.1058707688,6,0,91,167.0873239,EXP-001,ds_16b6be697acb,ds_aa8808303afa,1465af7161a9053ca7df7d4d04572789911a5480,e41f63ef47ea066f14e5effb41bf9f4b7ebd8d79641604b69a10323837e09474
00640,3,False,B2_W50,0.3611655836,0.1002562984,6,0,254,165.0084507,EXP-001,ds_16b6be697acb,ds_aa8808303afa,1465af7161a9053ca7df7d4d04572789911a5480,e41f63ef47ea066f14e5effb41bf9f4b7ebd8d79641604b69a10323837e09474
00641,3,False,B2_W50,0.3612429178,0.1007358569,6,0,265,166.2422535,EXP-001,ds_16b6be697acb,ds_aa8808303afa,1465af7161a9053ca7df7d4d04572789911a5480,e41f63ef47ea066f14e5effb41bf9f4b7ebd8d79641604b69a10323837e09474
00642,3,False,B2_W50,0.3611461442,0.1005904312,6,0,143,168.5577465,EXP-001,ds_16b6be697acb,ds_aa8808303afa,1465af7161a9053ca7df7d4d04572789911a5480,e41f63ef47ea066f14e5effb41bf9f4b7ebd8d79641604b69a10323837e09474
00643,3,False,B2_W50,0.3567709454,0.09986157148,6,0,243,168.3211268,EXP-001,ds_16b6be697acb,ds_aa8808303afa,1465af7161a9053ca7df7d4d04572789911a5480,e41f63ef47ea066f14e5effb41bf9f4b7ebd8d79641604b69a10323837e09474
00644,3,False,B2_W50,0.343071126,0.09739279724,6,0,214,168.7267606,EXP-001,ds_16b6be697acb,ds_aa8808303afa,1465af7161a9053ca7df7d4d04572789911a5480,e41f63ef47ea066f14e5effb41bf9f4b7ebd8d79641604b69a10323837e09474
00645,3,False,B2_W50,0.3620775396,0.100548881,6,0,210,170.7042254,EXP-001,ds_16b6be697acb,ds_aa8808303afa,1465af7161a9053ca7df7d4d04572789911a5480,e41f63ef47ea066f14e5effb41bf9f4b7ebd8d79641604b69a10323837e09474
00646,3,False,B2_W50,0.3834955745,0.1036010892,6,0,196,171.5323944,EXP-001,ds_16b6be697acb,ds_aa8808303afa,1465af7161a9053ca7df7d4d04572789911a5480,e41f63ef47ea066f14e5effb41bf9f4b7ebd8d79641604b69a10323837e09474
00647,3,False,B2_W50,0.3475287283,0.09791390597,6,0,185,172.3943662,EXP-001,ds_16b6be697acb,ds_aa8808303afa,1465af7161a9053ca7df7d4d04572789911a5480,e41f63ef47ea066f14e5effb41bf9f4b7ebd8d79641604b69a10323837e09474
00648,3,False,B2_W50,0.3493038201,0.09852850264,6,0,196,172.8169014,EXP-001,ds_16b6be697acb,ds_aa8808303afa,1465af7161a9053ca7df7d4d04572789911a5480,e41f63ef47ea066f14e5effb41bf9f4b7ebd8d79641604b69a10323837e09474
00649,3,False,B2_W50,0.3391199066,0.09548668194,6,0,157,173.1211268,EXP-001,ds_16b6be697acb,ds_aa8808303afa,1465af7161a9053ca7df7d4d04572789911a5480,e41f63ef47ea066f14e5effb41bf9f4b7ebd8d79641604b69a10323837e09474
00650,3,False,B2_W50,0.3567854024,0.09989273413,6,0,142,172.7661972,EXP-001,ds_16b6be697acb,ds_aa8808303afa,1465af7161a9053ca7df7d4d04572789911a5480,e41f63ef47ea066f14e5effb41bf9f4b7ebd8d79641604b69a10323837e09474
00651,4,False,B2_W50,0.3671996583,0.1016741988,6,0,161,171.7521127,EXP-001,ds_16b6be697acb,ds_aa8808303afa,1465af7161a9053ca7df7d4d04572789911a5480,e41f63ef47ea066f14e5effb41bf9f4b7ebd8d79641604b69a10323837e09474
00652,4,False,B2_W50,0.3302620199,0.09482014752,6,0,103,171.6507042,EXP-001,ds_16b6be697acb,ds_aa8808303afa,1465af7161a9053ca7df7d4d04572789911a5480,e41f63ef47ea066f14e5effb41bf9f4b7ebd8d79641604b69a10323837e09474
00653,4,False,B2_W50,0.357642626,0.09987195903,6,0,163,169.8591549,EXP-001,ds_16b6be697acb,ds_aa8808303afa,1465af7161a9053ca7df7d4d04572789911a5480,e41f63ef47ea066f14e5effb41bf9f4b7ebd8d79641604b69a10323837e09474
00654,4,False,B2_W50,0.3461923169,0.09797623127,6,0,180,169.8422535,EXP-001,ds_16b6be697acb,ds_aa8808303afa,1465af7161a9053ca7df7d4d04572789911a5480,e41f63ef47ea066f14e5effb41bf9f4b7ebd8d79641604b69a10323837e09474
00655,4,False,B2_W50,0.3398789743,0.0961428288,6,0,164,170.5521127,EXP-001,ds_16b6be697acb,ds_aa8808303afa,1465af7161a9053ca7df7d4d04572789911a5480,e41f63ef47ea066f14e5effb41bf9f4b7ebd8d79641604b69a10323837e09474
00656,4,False,B2_W50,0.3576686354,0.09929891255,6,0,151,171.3802817,EXP-001,ds_16b6be697acb,ds_aa8808303afa,1465af7161a9053ca7df7d4d04572789911a5480,e41f63ef47ea066f14e5effb41bf9f4b7ebd8d79641604b69a10323837e09474
00657,4,False,B2_W50,0.3623075429,0.100455393,6,0,181,172.0056338,EXP-001,ds_16b6be697acb,ds_aa8808303afa,1465af7161a9053ca7df7d4d04572789911a5480,e41f63ef47ea066f14e5effb41bf9f4b7ebd8d79641604b69a10323837e09474
00658,4,False,B2_W50,0.3518555349,0.09742395989,6,0,153,173.7633803,EXP-001,ds_16b6be697acb,ds_aa8808303afa,1465af7161a9053ca7df7d4d04572789911a5480,e41f63ef47ea066f14e5effb41bf9f4b7ebd8d79641604b69a10323837e09474
00659,4,False,B2_W50,0.3462523656,0.09805933166,6,0,158,173.2394366,EXP-001,ds_16b6be697acb,ds_aa8808303afa,1465af7161a9053ca7df7d4d04572789911a5480,e41f63ef47ea066f14e5effb41bf9f4b7ebd8d79641604b69a10323837e09474
00660,4,False,B2_W50,0.3297102388,0.09496557321,6,0,206,173.543662,EXP-001,ds_16b6be697acb,ds_aa8808303afa,1465af7161a9053ca7df7d4d04572789911a5480,e41f63ef47ea066f14e5effb41bf9f4b7ebd8d79641604b69a10323837e09474
00661,4,False,B2_W50,0.3424556608,0.09686130097,6,0,134,173.7126761,EXP-001,ds_16b6be697acb,ds_aa8808303afa,1465af7161a9053ca7df7d4d04572789911a5480,e41f63ef47ea066f14e5effb41bf9f4b7ebd8d79641604b69a10323837e09474
00662,4,False,B2_W50,0.3821189727,0.1018819498,6,0,231,174.3549296,EXP-001,ds_16b6be697acb,ds_aa8808303afa,1465af7161a9053ca7df7d4d04572789911a5480,e41f63ef47ea066f14e5effb41bf9f4b7ebd8d79641604b69a10323837e09474
00663,4,False,B2_W50,0.3571474331,0.0994131756,6,0,201,174.828169,EXP-001,ds_16b6be697acb,ds_aa8808303afa,1465af7161a9053ca7df7d4d04572789911a5480,e41f63ef47ea066f14e5effb41bf9f4b7ebd8d79641604b69a10323837e09474
00664,4,False,B2_W50,0.3362517146,0.09578792087,6,0,130,175.5042254,EXP-001,ds_16b6be697acb,ds_aa8808303afa,1465af7161a9053ca7df7d4d04572789911a5480,e41f63ef47ea066f14e5effb41bf9f4b7ebd8d79641604b69a10323837e09474
00665,4,False,B2_W50,0.342992281,0.09771481127,6,0,152,174.0676056,EXP-001,ds_16b6be697acb,ds_aa8808303afa,1465af7161a9053ca7df7d4d04572789911a5480,e41f63ef47ea066f14e5effb41bf9f4b7ebd8d79641604b69a10323837e09474
00666,4,False,B2_W50,0.3426583014,0.097183315,6,0,176,174.6084507,EXP-001,ds_16b6be697acb,ds_aa8808303afa,1465af7161a9053ca7df7d4d04572789911a5480,e41f63ef47ea066f14e5effb41bf9f4b7ebd8d79641604b69a10323837e09474
00667,4,False,B2_W50,0.3367540917,0.0960060594,6,0,177,174.3549296,EXP-001,ds_16b6be697acb,ds_aa8808303afa,1465af7161a9053ca7df7d4d04572789911a5480,e41f63ef47ea066f14e5effb41bf9f4b7ebd8d79641604b69a10323837e09474
00668,4,False,B2_W50,0.3344358578,0.09485996646,6,0,166,173.4760563,EXP-001,ds_16b6be697acb,ds_aa8808303afa,1465af7161a9053ca7df7d4d04572789911a5480,e41f63ef47ea066f14e5effb41bf9f4b7ebd8d79641604b69a10323837e09474
00669,4,False,B2_W50,0.3443001462,0.09733912824,6,0,126,174.084507,EXP-001,ds_16b6be697acb,ds_aa8808303afa,1465af7161a9053ca7df7d4d04572789911a5480,e41f63ef47ea066f14e5effb41bf9f4b7ebd8d79641604b69a10323837e09474
00670,4,False,B2_W50,0.3215603176,0.09313043949,6,0,199,173.4422535,EXP-001,ds_16b6be697acb,ds_aa8808303afa,1465af7161a9053ca7df7d4d04572789911a5480,e41f63ef47ea066f14e5effb41bf9f4b7ebd8d79641604b69a10323837e09474
00671,4,False,B2_W50,0.3300981402,0.09380736145,6,0,170,173.4929577,EXP-001,ds_16b6be697acb,ds_aa8808303afa,1465af7161a9053ca7df7d4d04572789911a5480,e41f63ef47ea066f14e5effb41bf9f4b7ebd8d79641604b69a10323837e09474
00672,4,False,B2_W50,0.3417185782,0.09764036717,6,0,145,172.9859155,EXP-001,ds_16b6be697acb,ds_aa8808303afa,1465af7161a9053ca7df7d4d04572789911a5480,e41f63ef47ea066f14e5effb41bf9f4b7ebd8d79641604b69a10323837e09474
00673,4,False,B2_W50,0.3591836297,0.09840038953,6,0,228,172.8676056,EXP-001,ds_16b6be697acb,ds_aa8808303afa,1465af7161a9053ca7df7d4d04572789911a5480,e41f63ef47ea066f14e5effb41bf9f4b7ebd8d79641604b69a10323837e09474
00674,4,False,B2_W50,0.3437340681,0.0959316153,6,0,154,173.4084507,EXP-001,ds_16b6be697acb,ds_aa8808303afa,1465af7161a9053ca7df7d4d04572789911a5480,e41f63ef47ea066f14e5effb41bf9f4b7ebd8d79641604b69a10323837e09474
00675,4,False,B2_W50,0.3204635258,0.09218170998,6,0,182,173.7295775,EXP-001,ds_16b6be697acb,ds_aa8808303afa,1465af7161a9053ca7df7d4d04572789911a5480,e41f63ef47ea066f14e5effb41bf9f4b7ebd8d79641604b69a10323837e09474
00676,4,False,B2_W50,0.3582774589,0.09975423347,6,0,132,173.4929577,EXP-001,ds_16b6be697acb,ds_aa8808303afa,1465af7161a9053ca7df7d4d04572789911a5480,e41f63ef47ea066f14e5effb41bf9f4b7ebd8d79641604b69a10323837e09474
00677,4,False,B2_W50,0.3615842224,0.09966074552,6,0,137,172.4619718,EXP-001,ds_16b6be697acb,ds_aa8808303afa,1465af7161a9053ca7df7d4d04572789911a5480,e41f63ef47ea066f14e5effb41bf9f4b7ebd8d79641604b69a10323837e09474
00678,4,False,B2_W50,0.3561825144,0.09772346757,6,0,180,171.4985915,EXP-001,ds_16b6be697acb,ds_aa8808303afa,1465af7161a9053ca7df7d4d04572789911a5480,e41f63ef47ea066f14e5effb41bf9f4b7ebd8d79641604b69a10323837e09474
00679,4,False,B2_W50,0.3330813241,0.09519236804,6,0,119,171.8535211,EXP-001,ds_16b6be697acb,ds_aa8808303afa,1465af7161a9053ca7df7d4d04572789911a5480,e41f63ef47ea066f14e5effb41bf9f4b7ebd8d79641604b69a10323837e09474
00680,4,False,B2_W50,0.3902366112,0.1057443869,6,0,173,171.4309859,EXP-001,ds_16b6be697acb,ds_aa8808303afa,1465af7161a9053ca7df7d4d04572789911a5480,e41f63ef47ea066f14e5effb41bf9f4b7ebd8d79641604b69a10323837e09474
00681,4,False,B2_W50,0.3680821874,0.1013694974,6,0,159,171.5492958,EXP-001,ds_16b6be697acb,ds_aa8808303afa,1465af7161a9053ca7df7d4d04572789911a5480,e41f63ef47ea066f14e5effb41bf9f4b7ebd8d79641604b69a10323837e09474
00682,4,False,B2_W50,0.3497124858,0.09831728914,6,0,148,171.2112676,EXP-001,ds_16b6be697acb,ds_aa8808303afa,1465af7161a9053ca7df7d4d04572789911a5480,e41f63ef47ea066f14e5effb41bf9f4b7ebd8d79641604b69a10323837e09474
00683,4,False,B2_W50,0.3854177077,0.1044009306,6,0,174,170.5521127,EXP-001,ds_16b6be697acb,ds_aa8808303afa,1465af7161a9053ca7df7d4d04572789911a5480,e41f63ef47ea066f14e5effb41bf9f4b7ebd8d79641604b69a10323837e09474
00684,4,False,B2_W50,0.3500781133,0.09936989414,6,0,161,170.6366197,EXP-001,ds_16b6be697acb,ds_aa8808303afa,1465af7161a9053ca7df7d4d04572789911a5480,e41f63ef47ea066f14e5effb41bf9f4b7ebd8d79641604b69a10323837e09474
00685,4,False,B2_W50,0.3743853132,0.103015924,6,0,115,170.2985915,EXP-001,ds_16b6be697acb,ds_aa8808303afa,1465af7161a9053ca7df7d4d04572789911a5480,e41f63ef47ea066f14e5effb41bf9f4b7ebd8d79641604b69a10323837e09474
00686,4,False,B2_W50,0.352146373,0.09857870913,6,0,211,169.5042254,EXP-001,ds_16b6be697acb,ds_aa8808303afa,1465af7161a9053ca7df7d4d04572789911a5480,e41f63ef47ea066f14e5effb41bf9f4b7ebd8d79641604b69a10323837e09474
00687,4,False,B2_W50,0.3610837207,0.09852677138,6,0,153,169.9943662,EXP-001,ds_16b6be697acb,ds_aa8808303afa,1465af7161a9053ca7df7d4d04572789911a5480,e41f63ef47ea066f14e5effb41bf9f4b7ebd8d79641604b69a10323837e09474
00688,4,False,B2_W50,0.3535739971,0.09973518963,6,0,131,170.5183099,EXP-001,ds_16b6be697acb,ds_aa8808303afa,1465af7161a9053ca7df7d4d04572789911a5480,e41f63ef47ea066f14e5effb41bf9f4b7ebd8d79641604b69a10323837e09474
00689,4,False,B2_W50,0.3357829078,0.09547456313,6,0,135,169.3521127,EXP-001,ds_16b6be697acb,ds_aa8808303afa,1465af7161a9053ca7df7d4d04572789911a5480,e41f63ef47ea066f14e5effb41bf9f4b7ebd8d79641604b69a10323837e09474
00690,4,False,B2_W50,0.3378899405,0.09674530667,6,0,179,170.0957746,EXP-001,ds_16b6be697acb,ds_aa8808303afa,1465af7161a9053ca7df7d4d04572789911a5480,e41f63ef47ea066f14e5effb41bf9f4b7ebd8d79641604b69a10323837e09474
00691,4,False,B2_W50,0.3458790884,0.09743261618,6,0,205,168.828169,EXP-001,ds_16b6be697acb,ds_aa8808303afa,1465af7161a9053ca7df7d4d04572789911a5480,e41f63ef47ea066f14e5effb41bf9f4b7ebd8d79641604b69a10323837e09474
00692,4,False,B2_W50,0.3363484171,0.09624497304,6,0,124,167.8140845,EXP-001,ds_16b6be697acb,ds_aa8808303afa,1465af7161a9053ca7df7d4d04572789911a5480,e41f63ef47ea066f14e5effb41bf9f4b7ebd8d79641604b69a10323837e09474
00693,4,False,B2_W50,0.3276106773,0.09444273322,6,0,148,167.4929577,EXP-001,ds_16b6be697acb,ds_aa8808303afa,1465af7161a9053ca7df7d4d04572789911a5480,e41f63ef47ea066f14e5effb41bf9f4b7ebd8d79641604b69a10323837e09474
00694,4,False,B2_W50,0.3470097685,0.09684918216,6,0,185,165.8873239,EXP-001,ds_16b6be697acb,ds_aa8808303afa,1465af7161a9053ca7df7d4d04572789911a5480,e41f63ef47ea066f14e5effb41bf9f4b7ebd8d79641604b69a10323837e09474
00695,4,False,B2_W50,0.3464925839,0.0980783755,6,0,83,165.3971831,EXP-001,ds_16b6be697acb,ds_aa8808303afa,1465af7161a9053ca7df7d4d04572789911a5480,e41f63ef47ea066f14e5effb41bf9f4b7ebd8d79641604b69a10323837e09474
00696,4,False,B2_W50,0.3512101982,0.09873452237,6,0,147,163.2507042,EXP-001,ds_16b6be697acb,ds_aa8808303afa,1465af7161a9053ca7df7d4d04572789911a5480,e41f63ef47ea066f14e5effb41bf9f4b7ebd8d79641604b69a10323837e09474
00697,4,False,B2_W50,0.3442477907,0.09681801951,6,0,157,162.4225352,EXP-001,ds_16b6be697acb,ds_aa8808303afa,1465af7161a9053ca7df7d4d04572789911a5480,e41f63ef47ea066f14e5effb41bf9f4b7ebd8d79641604b69a10323837e09474
00698,4,False,B2_W50,0.3331909937,0.09561998882,6,0,126,161.9492958,EXP-001,ds_16b6be697acb,ds_aa8808303afa,1465af7161a9053ca7df7d4d04572789911a5480,e41f63ef47ea066f14e5effb41bf9f4b7ebd8d79641604b69a10323837e09474
00699,4,False,B2_W50,0.3616738057,0.09999487836,6,0,195,160.7661972,EXP-001,ds_16b6be697acb,ds_aa8808303afa,1465af7161a9053ca7df7d4d04572789911a5480,e41f63ef47ea066f14e5effb41bf9f4b7ebd8d79641604b69a10323837e09474
00700,4,False,B2_W50,0.3596070445,0.09995332816,6,0,157,161.4084507,EXP-001,ds_16b6be697acb,ds_aa8808303afa,1465af7161a9053ca7df7d4d04572789911a5480,e41f63ef47ea066f14e5effb41bf9f4b7ebd8d79641604b69a10323837e09474
00701,5,False,B2_W50,0.3529539343,0.09877607257,6,0,156,161.6619718,EXP-001,ds_16b6be697acb,ds_aa8808303afa,1465af7161a9053ca7df7d4d04572789911a5480,e41f63ef47ea066f14e5effb41bf9f4b7ebd8d79641604b69a10323837e09474
00702,5,False,B2_W50,0.3551347001,0.0981199257,6,0,142,161.5774648,EXP-001,ds_16b6be697acb,ds_aa8808303afa,1465af7161a9053ca7df7d4d04572789911a5480,e41f63ef47ea066f14e5effb41bf9f4b7ebd8d79641604b69a10323837e09474
00703,5,False,B2_W50,0.3740303204,0.1031094119,6,0,175,162.2366197,EXP-001,ds_16b6be697acb,ds_aa8808303afa,1465af7161a9053ca7df7d4d04572789911a5480,e41f63ef47ea066f14e5effb41bf9f4b7ebd8d79641604b69a10323837e09474
00704,5,False,B2_W50,0.3483775882,0.09864103443,6,0,193,162.4394366,EXP-001,ds_16b6be697acb,ds_aa8808303afa,1465af7161a9053ca7df7d4d04572789911a5480,e41f63ef47ea066f14e5effb41bf9f4b7ebd8d79641604b69a10323837e09474
00705,5,False,B2_W50,0.3779054348,0.1029120485,6,0,258,162.6591549,EXP-001,ds_16b6be697acb,ds_aa8808303afa,1465af7161a9053ca7df7d4d04572789911a5480,e41f63ef47ea066f14e5effb41bf9f4b7ebd8d79641604b69a10323837e09474
00706,5,False,B2_W50,0.3495778507,0.09857870913,6,0,172,164.2478873,EXP-001,ds_16b6be697acb,ds_aa8808303afa,1465af7161a9053ca7df7d4d04572789911a5480,e41f63ef47ea066f14e5effb41bf9f4b7ebd8d79641604b69a10323837e09474
00707,5,False,B2_W50,0.3186299178,0.09185969595,6,0,121,164.6028169,EXP-001,ds_16b6be697acb,ds_aa8808303afa,1465af7161a9053ca7df7d4d04572789911a5480,e41f63ef47ea066f14e5effb41bf9f4b7ebd8d79641604b69a10323837e09474
00708,5,False,B2_W50,0.3524885077,0.09939066924,6,0,139,163.5887324,EXP-001,ds_16b6be697acb,ds_aa8808303afa,1465af7161a9053ca7df7d4d04572789911a5480,e41f63ef47ea066f14e5effb41bf9f4b7ebd8d79641604b69a10323837e09474
00709,5,False,B2_W50,0.3640519712,0.1000052659,6,0,136,163.3521127,EXP-001,ds_16b6be697acb,ds_aa8808303afa,1465af7161a9053ca7df7d4d04572789911a5480,e41f63ef47ea066f14e5effb41bf9f4b7ebd8d79641604b69a10323837e09474
00710,5,False,B2_W50,0.3488567035,0.09880723522,6,0,131,162.9802817,EXP-001,ds_16b6be697acb,ds_aa8808303afa,1465af7161a9053ca7df7d4d04572789911a5480,e41f63ef47ea066f14e5effb41bf9f4b7ebd8d79641604b69a10323837e09474
00711,5,False,B2_W50,0.3725494287,0.101869831,6,0,200,161.7126761,EXP-001,ds_16b6be697acb,ds_aa8808303afa,1465af7161a9053ca7df7d4d04572789911a5480,e41f63ef47ea066f14e5effb41bf9f4b7ebd8d79641604b69a10323837e09474
00712,5,False,B2_W50,0.3883988208,0.10427628,6,0,113,162.828169,EXP-001,ds_16b6be697acb,ds_aa8808303afa,1465af7161a9053ca7df7d4d04572789911a5480,e41f63ef47ea066f14e5effb41bf9f4b7ebd8d79641604b69a10323837e09474
00713,5,False,B2_W50,0.3846519555,0.1035266451,6,0,186,160.8338028,EXP-001,ds_16b6be697acb,ds_aa8808303afa,1465af7161a9053ca7df7d4d04572789911a5480,e41f63ef47ea066f14e5effb41bf9f4b7ebd8d79641604b69a10323837e09474
00714,5,False,B2_W50,0.3649580705,0.1016413049,6,0,211,160.5802817,EXP-001,ds_16b6be697acb,ds_aa8808303afa,1465af7161a9053ca7df7d4d04572789911a5480,e41f63ef47ea066f14e5effb41bf9f4b7ebd8d79641604b69a10323837e09474
00715,5,False,B2_W50,0.330458695,0.09413110674,6,0,177,161.9492958,EXP-001,ds_16b6be697acb,ds_aa8808303afa,1465af7161a9053ca7df7d4d04572789911a5480,e41f63ef47ea066f14e5effb41bf9f4b7ebd8d79641604b69a10323837e09474
00716,5,False,B2_W50,0.3135569111,0.09054740221,6,0,170,162.371831,EXP-001,ds_16b6be697acb,ds_aa8808303afa,1465af7161a9053ca7df7d4d04572789911a5480,e41f63ef47ea066f14e5effb41bf9f4b7ebd8d79641604b69a10323837e09474
00717,5,False,B2_W50,0.4047614096,0.1071934501,6,0,244,162.2704225,EXP-001,ds_16b6be697acb,ds_aa8808303afa,1465af7161a9053ca7df7d4d04572789911a5480,e41f63ef47ea066f14e5effb41bf9f4b7ebd8d79641604b69a10323837e09474
00718,5,False,B2_W50,0.3572647883,0.09961053903,6,0,211,163.4028169,EXP-001,ds_16b6be697acb,ds_aa8808303afa,1465af7161a9053ca7df7d4d04572789911a5480,e41f63ef47ea066f14e5effb41bf9f4b7ebd8d79641604b69a10323837e09474
00719,5,False,B2_W50,0.3825977108,0.1045273124,6,0,228,164.1633803,EXP-001,ds_16b6be697acb,ds_aa8808303afa,1465af7161a9053ca7df7d4d04572789911a5480,e41f63ef47ea066f14e5effb41bf9f4b7ebd8d79641604b69a10323837e09474
00720,5,False,B2_W50,0.3249699772,0.0939960686,6,0,205,165.8873239,EXP-001,ds_16b6be697acb,ds_aa8808303afa,1465af7161a9053ca7df7d4d04572789911a5480,e41f63ef47ea066f14e5effb41bf9f4b7ebd8d79641604b69a10323837e09474
00721,5,False,B2_W50,0.3369099274,0.09658949343,6,0,212,165.9887324,EXP-001,ds_16b6be697acb,ds_aa8808303afa,1465af7161a9053ca7df7d4d04572789911a5480,e41f63ef47ea066f14e5effb41bf9f4b7ebd8d79641604b69a10323837e09474
00722,5,False,B2_W50,0.3743316221,0.09958976394,6,0,188,166.6985915,EXP-001,ds_16b6be697acb,ds_aa8808303afa,1465af7161a9053ca7df7d4d04572789911a5480,e41f63ef47ea066f14e5effb41bf9f4b7ebd8d79641604b69a10323837e09474
00723,5,False,B2_W50,0.3420693973,0.09715215235,6,0,202,167.4253521,EXP-001,ds_16b6be697acb,ds_aa8808303afa,1465af7161a9053ca7df7d4d04572789911a5480,e41f63ef47ea066f14e5effb41bf9f4b7ebd8d79641604b69a10323837e09474
00724,5,False,B2_W50,0.3518520054,0.09845405854,6,0,175,166.9859155,EXP-001,ds_16b6be697acb,ds_aa8808303afa,1465af7161a9053ca7df7d4d04572789911a5480,e41f63ef47ea066f14e5effb41bf9f4b7ebd8d79641604b69a10323837e09474
00725,5,False,B2_W50,0.3728861406,0.1026939099,6,0,181,167.3408451,EXP-001,ds_16b6be697acb,ds_aa8808303afa,1465af7161a9053ca7df7d4d04572789911a5480,e41f63ef47ea066f14e5effb41bf9f4b7ebd8d79641604b69a10323837e09474
00726,5,False,B2_W50,0.349454098,0.09897516726,6,0,222,167.3239437,EXP-001,ds_16b6be697acb,ds_aa8808303afa,1465af7161a9053ca7df7d4d04572789911a5480,e41f63ef47ea066f14e5effb41bf9f4b7ebd8d79641604b69a10323837e09474
00727,5,False,B2_W50,0.368588317,0.1007774071,6,0,229,168.8450704,EXP-001,ds_16b6be697acb,ds_aa8808303afa,1465af7161a9053ca7df7d4d04572789911a5480,e41f63ef47ea066f14e5effb41bf9f4b7ebd8d79641604b69a10323837e09474
00728,5,False,B2_W50,0.3597481542,0.1002043606,6,0,199,170.4,EXP-001,ds_16b6be697acb,ds_aa8808303afa,1465af7161a9053ca7df7d4d04572789911a5480,e41f63ef47ea066f14e5effb41bf9f4b7ebd8d79641604b69a10323837e09474
00729,5,False,B2_W50,0.3336202505,0.09526681214,6,0,238,170.7211268,EXP-001,ds_16b6be697acb,ds_aa8808303afa,1465af7161a9053ca7df7d4d04572789911a5480,e41f63ef47ea066f14e5effb41bf9f4b7ebd8d79641604b69a10323837e09474
00730,5,False,B2_W50,0.3639970481,0.100287461,6,0,143,172.7323944,EXP-001,ds_16b6be697acb,ds_aa8808303afa,1465af7161a9053ca7df7d4d04572789911a5480,e41f63ef47ea066f14e5effb41bf9f4b7ebd8d79641604b69a10323837e09474
00731,5,False,B2_W50,0.375308577,0.1027250726,6,0,159,172.2253521,EXP-001,ds_16b6be697acb,ds_aa8808303afa,1465af7161a9053ca7df7d4d04572789911a5480,e41f63ef47ea066f14e5effb41bf9f4b7ebd8d79641604b69a10323837e09474
00732,5,False,B2_W50,0.3687229872,0.1008605075,6,0,160,172.2253521,EXP-001,ds_16b6be697acb,ds_aa8808303afa,1465af7161a9053ca7df7d4d04572789911a5480,e41f63ef47ea066f14e5effb41bf9f4b7ebd8d79641604b69a10323837e09474
00733,5,False,B2_W50,0.3773773559,0.1026523597,6,0,171,172.428169,EXP-001,ds_16b6be697acb,ds_aa8808303afa,1465af7161a9053ca7df7d4d04572789911a5480,e41f63ef47ea066f14e5effb41bf9f4b7ebd8d79641604b69a10323837e09474
00734,5,False,B2_W50,0.3573412217,0.09892322952,6,0,237,172.3774648,EXP-001,ds_16b6be697acb,ds_aa8808303afa,1465af7161a9053ca7df7d4d04572789911a5480,e41f63ef47ea066f14e5effb41bf9f4b7ebd8d79641604b69a10323837e09474
00735,5,False,B2_W50,0.3462009195,0.09647523038,6,0,168,173.6619718,EXP-001,ds_16b6be697acb,ds_aa8808303afa,1465af7161a9053ca7df7d4d04572789911a5480,e41f63ef47ea066f14e5effb41bf9f4b7ebd8d79641604b69a10323837e09474
00736,5,False,B2_W50,0.3570986836,0.09957937639,6,0,146,174.5577465,EXP-001,ds_16b6be697acb,ds_aa8808303afa,1465af7161a9053ca7df7d4d04572789911a5480,e41f63ef47ea066f14e5effb41bf9f4b7ebd8d79641604b69a10323837e09474
00737,5,False,B2_W50,0.4014622641,0.1063399398,6,0,188,173.4591549,EXP-001,ds_16b6be697acb,ds_aa8808303afa,1465af7161a9053ca7df7d4d04572789911a5480,e41f63ef47ea066f14e5effb41bf9f4b7ebd8d79641604b69a10323837e09474
00738,5,False,B2_W50,0.3307841248,0.09455872753,6,0,212,174.0507042,EXP-001,ds_16b6be697acb,ds_aa8808303afa,1465af7161a9053ca7df7d4d04572789911a5480,e41f63ef47ea066f14e5effb41bf9f4b7ebd8d79641604b69a10323837e09474
00739,5,False,B2_W50,0.3698138751,0.1019754378,6,0,147,175.4197183,EXP-001,ds_16b6be697acb,ds_aa8808303afa,1465af7161a9053ca7df7d4d04572789911a5480,e41f63ef47ea066f14e5effb41bf9f4b7ebd8d79641604b69a10323837e09474
00740,5,False,B2_W50,0.3841369928,0.1042987863,6,0,189,175.6225352,EXP-001,ds_16b6be697acb,ds_aa8808303afa,1465af7161a9053ca7df7d4d04572789911a5480,e41f63ef47ea066f14e5effb41bf9f4b7ebd8d79641604b69a10323837e09474
00741,5,False,B2_W50,0.381194063,0.1041533606,6,0,174,175.7915493,EXP-001,ds_16b6be697acb,ds_aa8808303afa,1465af7161a9053ca7df7d4d04572789911a5480,e41f63ef47ea066f14e5effb41bf9f4b7ebd8d79641604b69a10323837e09474
00742,5,False,B2_W50,0.3347928738,0.09543474419,6,0,182,175.2676056,EXP-001,ds_16b6be697acb,ds_aa8808303afa,1465af7161a9053ca7df7d4d04572789911a5480,e41f63ef47ea066f14e5effb41bf9f4b7ebd8d79641604b69a10323837e09474
00743,5,False,B2_W50,0.3591292217,0.1003930678,6,0,110,176.2478873,EXP-001,ds_16b6be697acb,ds_aa8808303afa,1465af7161a9053ca7df7d4d04572789911a5480,e41f63ef47ea066f14e5effb41bf9f4b7ebd8d79641604b69a10323837e09474
00744,5,False,B2_W50,0.3419367971,0.09663277488,6,0,204,175.6056338,EXP-001,ds_16b6be697acb,ds_aa8808303afa,1465af7161a9053ca7df7d4d04572789911a5480,e41f63ef47ea066f14e5effb41bf9f4b7ebd8d79641604b69a10323837e09474
00745,5,False,B2_W50,0.3702824177,0.1015703233,6,0,123,175.9267606,EXP-001,ds_16b6be697acb,ds_aa8808303afa,1465af7161a9053ca7df7d4d04572789911a5480,e41f63ef47ea066f14e5effb41bf9f4b7ebd8d79641604b69a10323837e09474
00746,5,False,B2_W50,0.3139122689,0.09051797082,6,0,220,176.6028169,EXP-001,ds_16b6be697acb,ds_aa8808303afa,1465af7161a9053ca7df7d4d04572789911a5480,e41f63ef47ea066f14e5effb41bf9f4b7ebd8d79641604b69a10323837e09474
00747,5,False,B2_W50,0.3218115483,0.09248641143,6,0,204,177.8366197,EXP-001,ds_16b6be697acb,ds_aa8808303afa,1465af7161a9053ca7df7d4d04572789911a5480,e41f63ef47ea066f14e5effb41bf9f4b7ebd8d79641604b69a10323837e09474
00748,5,False,B2_W50,0.3592382427,0.09996544697,6,0,154,178.6309859,EXP-001,ds_16b6be697acb,ds_aa8808303afa,1465af7161a9053ca7df7d4d04572789911a5480,e41f63ef47ea066f14e5effb41bf9f4b7ebd8d79641604b69a10323837e09474
00749,5,False,B2_W50,0.3433989629,0.09753822294,6,0,193,179.1042254,EXP-001,ds_16b6be697acb,ds_aa8808303afa,1465af7161a9053ca7df7d4d04572789911a5480,e41f63ef47ea066f14e5effb41bf9f4b7ebd8d79641604b69a10323837e09474
00750,5,False,B2_W50,0.3379279092,0.09637135489,6,0,144,179.0704225,EXP-001,ds_16b6be697acb,ds_aa8808303afa,1465af7161a9053ca7df7d4d04572789911a5480,e41f63ef47ea066f14e5effb41bf9f4b7ebd8d79641604b69a10323837e09474
00751,6,False,B2_W50,0.3608409546,0.1000900976,6,0,171,178.8507042,EXP-001,ds_16b6be697acb,ds_aa8808303afa,1465af7161a9053ca7df7d4d04572789911a5480,e41f63ef47ea066f14e5effb41bf9f4b7ebd8d79641604b69a10323837e09474
00752,6,False,B2_W50,0.3676494216,0.1006735316,6,0,206,179.1042254,EXP-001,ds_16b6be697acb,ds_aa8808303afa,1465af7161a9053ca7df7d4d04572789911a5480,e41f63ef47ea066f14e5effb41bf9f4b7ebd8d79641604b69a10323837e09474
00753,6,False,B2_W50,0.3344783169,0.09572559557,6,0,217,180.1859155,EXP-001,ds_16b6be697acb,ds_aa8808303afa,1465af7161a9053ca7df7d4d04572789911a5480,e41f63ef47ea066f14e5effb41bf9f4b7ebd8d79641604b69a10323837e09474
00754,6,False,B2_W50,0.3536901867,0.09877780383,6,0,96,180.8957746,EXP-001,ds_16b6be697acb,ds_aa8808303afa,1465af7161a9053ca7df7d4d04572789911a5480,e41f63ef47ea066f14e5effb41bf9f4b7ebd8d79641604b69a10323837e09474
00755,6,False,B2_W50,0.3319232264,0.0950278985,6,0,124,179.256338,EXP-001,ds_16b6be697acb,ds_aa8808303afa,1465af7161a9053ca7df7d4d04572789911a5480,e41f63ef47ea066f14e5effb41bf9f4b7ebd8d79641604b69a10323837e09474
00756,6,False,B2_W50,0.3597049587,0.09931968765,6,0,155,176.9915493,EXP-001,ds_16b6be697acb,ds_aa8808303afa,1465af7161a9053ca7df7d4d04572789911a5480,e41f63ef47ea066f14e5effb41bf9f4b7ebd8d79641604b69a10323837e09474
00757,6,False,B2_W50,0.3235607575,0.0931217832,6,0,170,176.7042254,EXP-001,ds_16b6be697acb,ds_aa8808303afa,1465af7161a9053ca7df7d4d04572789911a5480,e41f63ef47ea066f14e5effb41bf9f4b7ebd8d79641604b69a10323837e09474
00758,6,False,B2_W50,0.3651596583,0.1011738652,6,0,180,177.5323944,EXP-001,ds_16b6be697acb,ds_aa8808303afa,1465af7161a9053ca7df7d4d04572789911a5480,e41f63ef47ea066f14e5effb41bf9f4b7ebd8d79641604b69a10323837e09474
00759,6,False,B2_W50,0.3419893582,0.09750706029,6,0,199,178.2253521,EXP-001,ds_16b6be697acb,ds_aa8808303afa,1465af7161a9053ca7df7d4d04572789911a5480,e41f63ef47ea066f14e5effb41bf9f4b7ebd8d79641604b69a10323837e09474
00760,6,False,B2_W50,0.3422243783,0.09693401381,6,0,202,179.2901408,EXP-001,ds_16b6be697acb,ds_aa8808303afa,1465af7161a9053ca7df7d4d04572789911a5480,e41f63ef47ea066f14e5effb41bf9f4b7ebd8d79641604b69a10323837e09474
00761,6,False,B2_W50,0.352476538,0.09820475735,6,0,171,180.4901408,EXP-001,ds_16b6be697acb,ds_aa8808303afa,1465af7161a9053ca7df7d4d04572789911a5480,e41f63ef47ea066f14e5effb41bf9f4b7ebd8d79641604b69a10323837e09474
00762,6,False,B2_W50,0.3416428727,0.09695478891,6,0,175,180,EXP-001,ds_16b6be697acb,ds_aa8808303afa,1465af7161a9053ca7df7d4d04572789911a5480,e41f63ef47ea066f14e5effb41bf9f4b7ebd8d79641604b69a10323837e09474
00763,6,False,B2_W50,0.3304077588,0.09451717733,6,0,213,181.0478873,EXP-001,ds_16b6be697acb,ds_aa8808303afa,1465af7161a9053ca7df7d4d04572789911a5480,e41f63ef47ea066f14e5effb41bf9f4b7ebd8d79641604b69a10323837e09474
00764,6,False,B2_W50,0.3894248608,0.1044338245,6,0,198,181.5042254,EXP-001,ds_16b6be697acb,ds_aa8808303afa,1465af7161a9053ca7df7d4d04572789911a5480,e41f63ef47ea066f14e5effb41bf9f4b7ebd8d79641604b69a10323837e09474
00765,6,False,B2_W50,0.3530421752,0.09760054823,6,0,176,181.284507,EXP-001,ds_16b6be697acb,ds_aa8808303afa,1465af7161a9053ca7df7d4d04572789911a5480,e41f63ef47ea066f14e5effb41bf9f4b7ebd8d79641604b69a10323837e09474
00766,6,False,B2_W50,0.3417354981,0.09768364863,6,0,195,181.2676056,EXP-001,ds_16b6be697acb,ds_aa8808303afa,1465af7161a9053ca7df7d4d04572789911a5480,e41f63ef47ea066f14e5effb41bf9f4b7ebd8d79641604b69a10323837e09474
00767,6,False,B2_W50,0.3566092878,0.09957937639,6,0,226,181.6901408,EXP-001,ds_16b6be697acb,ds_aa8808303afa,1465af7161a9053ca7df7d4d04572789911a5480,e41f63ef47ea066f14e5effb41bf9f4b7ebd8d79641604b69a10323837e09474
00768,6,False,B2_W50,0.3689609865,0.1014335539,6,0,96,181.3859155,EXP-001,ds_16b6be697acb,ds_aa8808303afa,1465af7161a9053ca7df7d4d04572789911a5480,e41f63ef47ea066f14e5effb41bf9f4b7ebd8d79641604b69a10323837e09474
00769,6,False,B2_W50,0.3273306518,0.09409994409,6,0,125,179.4422535,EXP-001,ds_16b6be697acb,ds_aa8808303afa,1465af7161a9053ca7df7d4d04572789911a5480,e41f63ef47ea066f14e5effb41bf9f4b7ebd8d79641604b69a10323837e09474
00770,6,False,B2_W50,0.3646624555,0.1008293448,6,0,178,177.7014085,EXP-001,ds_16b6be697acb,ds_aa8808303afa,1465af7161a9053ca7df7d4d04572789911a5480,e41f63ef47ea066f14e5effb41bf9f4b7ebd8d79641604b69a10323837e09474
00771,6,False,B2_W50,0.357247409,0.09956898884,6,0,183,177.2450704,EXP-001,ds_16b6be697acb,ds_aa8808303afa,1465af7161a9053ca7df7d4d04572789911a5480,e41f63ef47ea066f14e5effb41bf9f4b7ebd8d79641604b69a10323837e09474
00772,6,False,B2_W50,0.3512672205,0.09887129177,6,0,182,176.7549296,EXP-001,ds_16b6be697acb,ds_aa8808303afa,1465af7161a9053ca7df7d4d04572789911a5480,e41f63ef47ea066f14e5effb41bf9f4b7ebd8d79641604b69a10323837e09474
00773,6,False,B2_W50,0.3484823183,0.09824630755,6,0,165,176.6535211,EXP-001,ds_16b6be697acb,ds_aa8808303afa,1465af7161a9053ca7df7d4d04572789911a5480,e41f63ef47ea066f14e5effb41bf9f4b7ebd8d79641604b69a10323837e09474
00774,6,False,B2_W50,0.3713812258,0.1025380967,6,0,117,176.028169,EXP-001,ds_16b6be697acb,ds_aa8808303afa,1465af7161a9053ca7df7d4d04572789911a5480,e41f63ef47ea066f14e5effb41bf9f4b7ebd8d79641604b69a10323837e09474
00775,6,False,B2_W50,0.3225952978,0.09324643379,6,0,169,175.0478873,EXP-001,ds_16b6be697acb,ds_aa8808303afa,1465af7161a9053ca7df7d4d04572789911a5480,e41f63ef47ea066f14e5effb41bf9f4b7ebd8d79641604b69a10323837e09474
00776,6,False,B2_W50,0.3557754233,0.09820475735,6,0,153,174.8450704,EXP-001,ds_16b6be697acb,ds_aa8808303afa,1465af7161a9053ca7df7d4d04572789911a5480,e41f63ef47ea066f14e5effb41bf9f4b7ebd8d79641604b69a10323837e09474
00777,6,False,B2_W50,0.33961451,0.09569443292,6,0,155,173.6788732,EXP-001,ds_16b6be697acb,ds_aa8808303afa,1465af7161a9053ca7df7d4d04572789911a5480,e41f63ef47ea066f14e5effb41bf9f4b7ebd8d79641604b69a10323837e09474
00778,6,False,B2_W50,0.3392479599,0.09695478891,6,0,217,172.428169,EXP-001,ds_16b6be697acb,ds_aa8808303afa,1465af7161a9053ca7df7d4d04572789911a5480,e41f63ef47ea066f14e5effb41bf9f4b7ebd8d79641604b69a10323837e09474
00779,6,False,B2_W50,0.3464109102,0.09693401381,6,0,165,172.7323944,EXP-001,ds_16b6be697acb,ds_aa8808303afa,1465af7161a9053ca7df7d4d04572789911a5480,e41f63ef47ea066f14e5effb41bf9f4b7ebd8d79641604b69a10323837e09474
00780,6,False,B2_W50,0.3539839406,0.09767326108,6,0,116,171.4985915,EXP-001,ds_16b6be697acb,ds_aa8808303afa,1465af7161a9053ca7df7d4d04572789911a5480,e41f63ef47ea066f14e5effb41bf9f4b7ebd8d79641604b69a10323837e09474
00781,6,False,B2_W50,0.3528492207,0.09895439217,6,0,154,171.0422535,EXP-001,ds_16b6be697acb,ds_aa8808303afa,1465af7161a9053ca7df7d4d04572789911a5480,e41f63ef47ea066f14e5effb41bf9f4b7ebd8d79641604b69a10323837e09474
00782,6,False,B2_W50,0.3687070319,0.1020793133,6,0,213,170.9577465,EXP-001,ds_16b6be697acb,ds_aa8808303afa,1465af7161a9053ca7df7d4d04572789911a5480,e41f63ef47ea066f14e5effb41bf9f4b7ebd8d79641604b69a10323837e09474
00783,6,False,B2_W50,0.3726210495,0.1020689257,6,0,119,171.8535211,EXP-001,ds_16b6be697acb,ds_aa8808303afa,1465af7161a9053ca7df7d4d04572789911a5480,e41f63ef47ea066f14e5effb41bf9f4b7ebd8d79641604b69a10323837e09474
00784,6,False,B2_W50,0.3510679786,0.09838134569,6,0,138,170.9746479,EXP-001,ds_16b6be697acb,ds_aa8808303afa,1465af7161a9053ca7df7d4d04572789911a5480,e41f63ef47ea066f14e5effb41bf9f4b7ebd8d79641604b69a10323837e09474
00785,6,False,B2_W50,0.3354035291,0.09472492832,6,0,153,169.3014085,EXP-001,ds_16b6be697acb,ds_aa8808303afa,1465af7161a9053ca7df7d4d04572789911a5480,e41f63ef47ea066f14e5effb41bf9f4b7ebd8d79641604b69a10323837e09474
00786,6,False,B2_W50,0.345896808,0.09850599629,6,0,177,169.0478873,EXP-001,ds_16b6be697acb,ds_aa8808303afa,1465af7161a9053ca7df7d4d04572789911a5480,e41f63ef47ea066f14e5effb41bf9f4b7ebd8d79641604b69a10323837e09474
00787,6,False,B2_W50,0.34883871,0.09797450001,6,0,209,169.571831,EXP-001,ds_16b6be697acb,ds_aa8808303afa,1465af7161a9053ca7df7d4d04572789911a5480,e41f63ef47ea066f14e5effb41bf9f4b7ebd8d79641604b69a10323837e09474
00788,6,False,B2_W50,0.3306654458,0.09543301293,6,0,219,169.9267606,EXP-001,ds_16b6be697acb,ds_aa8808303afa,1465af7161a9053ca7df7d4d04572789911a5480,e41f63ef47ea066f14e5effb41bf9f4b7ebd8d79641604b69a10323837e09474
00789,6,False,B2_W50,0.3622775646,0.1003809489,6,0,174,170.0450704,EXP-001,ds_16b6be697acb,ds_aa8808303afa,1465af7161a9053ca7df7d4d04572789911a5480,e41f63ef47ea066f14e5effb41bf9f4b7ebd8d79641604b69a10323837e09474
00790,6,False,B2_W50,0.3570252864,0.1002562984,6,0,201,170.5014085,EXP-001,ds_16b6be697acb,ds_aa8808303afa,1465af7161a9053ca7df7d4d04572789911a5480,e41f63ef47ea066f14e5effb41bf9f4b7ebd8d79641604b69a10323837e09474
00791,6,False,B2_W50,0.3421937039,0.09781868677,6,0,187,170.7042254,EXP-001,ds_16b6be697acb,ds_aa8808303afa,1465af7161a9053ca7df7d4d04572789911a5480,e41f63ef47ea066f14e5effb41bf9f4b7ebd8d79641604b69a10323837e09474
00792,6,False,B2_W50,0.3403447902,0.09664143117,6,0,216,170.9239437,EXP-001,ds_16b6be697acb,ds_aa8808303afa,1465af7161a9053ca7df7d4d04572789911a5480,e41f63ef47ea066f14e5effb41bf9f4b7ebd8d79641604b69a10323837e09474
00793,6,False,B2_W50,0.3635038766,0.1009851581,6,0,156,171.4985915,EXP-001,ds_16b6be697acb,ds_aa8808303afa,1465af7161a9053ca7df7d4d04572789911a5480,e41f63ef47ea066f14e5effb41bf9f4b7ebd8d79641604b69a10323837e09474
00794,6,False,B2_W50,0.3653170089,0.1008501199,6,0,84,172.2760563,EXP-001,ds_16b6be697acb,ds_aa8808303afa,1465af7161a9053ca7df7d4d04572789911a5480,e41f63ef47ea066f14e5effb41bf9f4b7ebd8d79641604b69a10323837e09474
00795,6,False,B2_W50,0.3713686583,0.1014023913,6,0,62,170.2478873,EXP-001,ds_16b6be697acb,ds_aa8808303afa,1465af7161a9053ca7df7d4d04572789911a5480,e41f63ef47ea066f14e5effb41bf9f4b7ebd8d79641604b69a10323837e09474
00796,6,False,B2_W50,0.3728303079,0.1026211971,6,0,140,169.2169014,EXP-001,ds_16b6be697acb,ds_aa8808303afa,1465af7161a9053ca7df7d4d04572789911a5480,e41f63ef47ea066f14e5effb41bf9f4b7ebd8d79641604b69a10323837e09474
00797,6,False,B2_W50,0.3304175144,0.09400645615,6,0,135,167.8647887,EXP-001,ds_16b6be697acb,ds_aa8808303afa,1465af7161a9053ca7df7d4d04572789911a5480,e41f63ef47ea066f14e5effb41bf9f4b7ebd8d79641604b69a10323837e09474
00798,6,False,B2_W50,0.3413964759,0.09652716813,6,0,176,166.6985915,EXP-001,ds_16b6be697acb,ds_aa8808303afa,1465af7161a9053ca7df7d4d04572789911a5480,e41f63ef47ea066f14e5effb41bf9f4b7ebd8d79641604b69a10323837e09474
00799,6,False,B2_W50,0.3605885982,0.1002666859,6,0,214,167.0704225,EXP-001,ds_16b6be697acb,ds_aa8808303afa,1465af7161a9053ca7df7d4d04572789911a5480,e41f63ef47ea066f14e5effb41bf9f4b7ebd8d79641604b69a10323837e09474
00800,6,False,B2_W50,0.3498162715,0.097183315,6,0,143,167.4253521,EXP-001,ds_16b6be697acb,ds_aa8808303afa,1465af7161a9053ca7df7d4d04572789911a5480,e41f63ef47ea066f14e5effb41bf9f4b7ebd8d79641604b69a10323837e09474
00801,7,False,B2_W50,0.3363770002,0.09533952499,6,0,156,167.4084507,EXP-001,ds_16b6be697acb,ds_aa8808303afa,1465af7161a9053ca7df7d4d04572789911a5480,e41f63ef47ea066f14e5effb41bf9f4b7ebd8d79641604b69a10323837e09474
00802,7,False,B2_W50,0.367376297,0.1002355233,6,0,184,167.1549296,EXP-001,ds_16b6be697acb,ds_aa8808303afa,1465af7161a9053ca7df7d4d04572789911a5480,e41f63ef47ea066f14e5effb41bf9f4b7ebd8d79641604b69a10323837e09474
00803,7,False,B2_W50,0.3387037256,0.09472492832,6,0,152,166.7830986,EXP-001,ds_16b6be697acb,ds_aa8808303afa,1465af7161a9053ca7df7d4d04572789911a5480,e41f63ef47ea066f14e5effb41bf9f4b7ebd8d79641604b69a10323837e09474
00804,7,False,B2_W50,0.3607064734,0.1009020577,6,0,173,165.684507,EXP-001,ds_16b6be697acb,ds_aa8808303afa,1465af7161a9053ca7df7d4d04572789911a5480,e41f63ef47ea066f14e5effb41bf9f4b7ebd8d79641604b69a10323837e09474
00805,7,False,B2_W50,0.3684464253,0.1019962129,6,0,116,166.9859155,EXP-001,ds_16b6be697acb,ds_aa8808303afa,1465af7161a9053ca7df7d4d04572789911a5480,e41f63ef47ea066f14e5effb41bf9f4b7ebd8d79641604b69a10323837e09474
00806,7,False,B2_W50,0.3430028203,0.09705866441,6,0,160,166.8507042,EXP-001,ds_16b6be697acb,ds_aa8808303afa,1465af7161a9053ca7df7d4d04572789911a5480,e41f63ef47ea066f14e5effb41bf9f4b7ebd8d79641604b69a10323837e09474
00807,7,False,B2_W50,0.3542050777,0.09651678058,6,0,204,166.9352113,EXP-001,ds_16b6be697acb,ds_aa8808303afa,1465af7161a9053ca7df7d4d04572789911a5480,e41f63ef47ea066f14e5effb41bf9f4b7ebd8d79641604b69a10323837e09474
00808,7,False,B2_W50,0.3557879786,0.09904788011,6,0,132,167.5098592,EXP-001,ds_16b6be697acb,ds_aa8808303afa,1465af7161a9053ca7df7d4d04572789911a5480,e41f63ef47ea066f14e5effb41bf9f4b7ebd8d79641604b69a10323837e09474
00809,7,False,B2_W50,0.3506161688,0.09897516726,6,0,191,166.6985915,EXP-001,ds_16b6be697acb,ds_aa8808303afa,1465af7161a9053ca7df7d4d04572789911a5480,e41f63ef47ea066f14e5effb41bf9f4b7ebd8d79641604b69a10323837e09474
00810,7,False,B2_W50,0.3222090285,0.09275648771,6,0,213,166.5633803,EXP-001,ds_16b6be697acb,ds_aa8808303afa,1465af7161a9053ca7df7d4d04572789911a5480,e41f63ef47ea066f14e5effb41bf9f4b7ebd8d79641604b69a10323837e09474
00811,7,False,B2_W50,0.357941684,0.1003082361,6,0,172,166.7492958,EXP-001,ds_16b6be697acb,ds_aa8808303afa,1465af7161a9053ca7df7d4d04572789911a5480,e41f63ef47ea066f14e5effb41bf9f4b7ebd8d79641604b69a10323837e09474
00812,7,False,B2_W50,0.3981047979,0.104651963,6,0,217,166.7661972,EXP-001,ds_16b6be697acb,ds_aa8808303afa,1465af7161a9053ca7df7d4d04572789911a5480,e41f63ef47ea066f14e5effb41bf9f4b7ebd8d79641604b69a10323837e09474
00813,7,False,B2_W50,0.358169776,0.1002355233,6,0,122,167.4760563,EXP-001,ds_16b6be697acb,ds_aa8808303afa,1465af7161a9053ca7df7d4d04572789911a5480,e41f63ef47ea066f14e5effb41bf9f4b7ebd8d79641604b69a10323837e09474
00814,7,False,B2_W50,0.3361740242,0.09596450921,6,0,193,165.9380282,EXP-001,ds_16b6be697acb,ds_aa8808303afa,1465af7161a9053ca7df7d4d04572789911a5480,e41f63ef47ea066f14e5effb41bf9f4b7ebd8d79641604b69a10323837e09474
00815,7,False,B2_W50,0.4015160365,0.1064230402,6,0,221,165.8535211,EXP-001,ds_16b6be697acb,ds_aa8808303afa,1465af7161a9053ca7df7d4d04572789911a5480,e41f63ef47ea066f14e5effb41bf9f4b7ebd8d79641604b69a10323837e09474
00816,7,False,B2_W50,0.34022639,0.0971002146,6,0,149,166.6140845,EXP-001,ds_16b6be697acb,ds_aa8808303afa,1465af7161a9053ca7df7d4d04572789911a5480,e41f63ef47ea066f14e5effb41bf9f4b7ebd8d79641604b69a10323837e09474
00817,7,False,B2_W50,0.3621945657,0.1014439415,6,0,103,165.8366197,EXP-001,ds_16b6be697acb,ds_aa8808303afa,1465af7161a9053ca7df7d4d04572789911a5480,e41f63ef47ea066f14e5effb41bf9f4b7ebd8d79641604b69a10323837e09474
00818,7,False,B2_W50,0.3601007452,0.100756632,6,0,211,163.7577465,EXP-001,ds_16b6be697acb,ds_aa8808303afa,1465af7161a9053ca7df7d4d04572789911a5480,e41f63ef47ea066f14e5effb41bf9f4b7ebd8d79641604b69a10323837e09474
00819,7,False,B2_W50,0.3276693416,0.09400645615,6,0,143,165.7014085,EXP-001,ds_16b6be697acb,ds_aa8808303afa,1465af7161a9053ca7df7d4d04572789911a5480,e41f63ef47ea066f14e5effb41bf9f4b7ebd8d79641604b69a10323837e09474
00820,7,False,B2_W50,0.3420249416,0.09649600548,6,0,128,166.0056338,EXP-001,ds_16b6be697acb,ds_aa8808303afa,1465af7161a9053ca7df7d4d04572789911a5480,e41f63ef47ea066f14e5effb41bf9f4b7ebd8d79641604b69a10323837e09474
00821,7,False,B2_W50,0.3438097355,0.0972248652,6,0,173,165.1605634,EXP-001,ds_16b6be697acb,ds_aa8808303afa,1465af7161a9053ca7df7d4d04572789911a5480,e41f63ef47ea066f14e5effb41bf9f4b7ebd8d79641604b69a10323837e09474
00822,7,False,B2_W50,0.3289636898,0.09417265694,6,0,200,164.9915493,EXP-001,ds_16b6be697acb,ds_aa8808303afa,1465af7161a9053ca7df7d4d04572789911a5480,e41f63ef47ea066f14e5effb41bf9f4b7ebd8d79641604b69a10323837e09474
00823,7,False,B2_W50,0.3537038831,0.09911020541,6,0,184,165.2957746,EXP-001,ds_16b6be697acb,ds_aa8808303afa,1465af7161a9053ca7df7d4d04572789911a5480,e41f63ef47ea066f14e5effb41bf9f4b7ebd8d79641604b69a10323837e09474
00824,7,False,B2_W50,0.3598232963,0.1009020577,6,0,184,165.6169014,EXP-001,ds_16b6be697acb,ds_aa8808303afa,1465af7161a9053ca7df7d4d04572789911a5480,e41f63ef47ea066f14e5effb41bf9f4b7ebd8d79641604b69a10323837e09474
00825,7,False,B2_W50,0.3601058471,0.1007774071,6,0,118,166.7492958,EXP-001,ds_16b6be697acb,ds_aa8808303afa,1465af7161a9053ca7df7d4d04572789911a5480,e41f63ef47ea066f14e5effb41bf9f4b7ebd8d79641604b69a10323837e09474
00826,7,False,B2_W50,0.3286345239,0.09465221547,6,0,147,165.8873239,EXP-001,ds_16b6be697acb,ds_aa8808303afa,1465af7161a9053ca7df7d4d04572789911a5480,e41f63ef47ea066f14e5effb41bf9f4b7ebd8d79641604b69a10323837e09474
00827,7,False,B2_W50,0.3410612622,0.09706905196,6,0,203,165.7859155,EXP-001,ds_16b6be697acb,ds_aa8808303afa,1465af7161a9053ca7df7d4d04572789911a5480,e41f63ef47ea066f14e5effb41bf9f4b7ebd8d79641604b69a10323837e09474
00828,7,False,B2_W50,0.3529324931,0.09955860129,6,0,172,166.5971831,EXP-001,ds_16b6be697acb,ds_aa8808303afa,1465af7161a9053ca7df7d4d04572789911a5480,e41f63ef47ea066f14e5effb41bf9f4b7ebd8d79641604b69a10323837e09474
00829,7,False,B2_W50,0.3621338156,0.1007774071,6,0,160,165.8366197,EXP-001,ds_16b6be697acb,ds_aa8808303afa,1465af7161a9053ca7df7d4d04572789911a5480,e41f63ef47ea066f14e5effb41bf9f4b7ebd8d79641604b69a10323837e09474
00830,7,False,B2_W50,0.3789538314,0.1019131125,6,0,179,165.7521127,EXP-001,ds_16b6be697acb,ds_aa8808303afa,1465af7161a9053ca7df7d4d04572789911a5480,e41f63ef47ea066f14e5effb41bf9f4b7ebd8d79641604b69a10323837e09474
00831,7,False,B2_W50,0.3425029941,0.09753822294,6,0,89,166.8169014,EXP-001,ds_16b6be697acb,ds_aa8808303afa,1465af7161a9053ca7df7d4d04572789911a5480,e41f63ef47ea066f14e5effb41bf9f4b7ebd8d79641604b69a10323837e09474
00832,7,False,B2_W50,0.3254822192,0.09380909271,6,0,135,165.7183099,EXP-001,ds_16b6be697acb,ds_aa8808303afa,1465af7161a9053ca7df7d4d04572789911a5480,e41f63ef47ea066f14e5effb41bf9f4b7ebd8d79641604b69a10323837e09474
00833,7,False,B2_W50,0.3335999701,0.09574637067,6,0,168,164.4,EXP-001,ds_16b6be697acb,ds_aa8808303afa,1465af7161a9053ca7df7d4d04572789911a5480,e41f63ef47ea066f14e5effb41bf9f4b7ebd8d79641604b69a10323837e09474
00834,7,False,B2_W50,0.3541648006,0.09760054823,6,0,174,165.228169,EXP-001,ds_16b6be697acb,ds_aa8808303afa,1465af7161a9053ca7df7d4d04572789911a5480,e41f63ef47ea066f14e5effb41bf9f4b7ebd8d79641604b69a10323837e09474
00835,7,False,B2_W50,0.3333108556,0.09572559557,6,0,152,165.8366197,EXP-001,ds_16b6be697acb,ds_aa8808303afa,1465af7161a9053ca7df7d4d04572789911a5480,e41f63ef47ea066f14e5effb41bf9f4b7ebd8d79641604b69a10323837e09474
00836,7,False,B2_W50,0.3363630417,0.09632980469,6,0,130,165.8197183,EXP-001,ds_16b6be697acb,ds_aa8808303afa,1465af7161a9053ca7df7d4d04572789911a5480,e41f63ef47ea066f14e5effb41bf9f4b7ebd8d79641604b69a10323837e09474
00837,7,False,B2_W50,0.3488824659,0.09695478891,6,0,185,165.0253521,EXP-001,ds_16b6be697acb,ds_aa8808303afa,1465af7161a9053ca7df7d4d04572789911a5480,e41f63ef47ea066f14e5effb41bf9f4b7ebd8d79641604b69a10323837e09474
00838,7,False,B2_W50,0.3469353021,0.09763171088,6,0,169,164.6197183,EXP-001,ds_16b6be697acb,ds_aa8808303afa,1465af7161a9053ca7df7d4d04572789911a5480,e41f63ef47ea066f14e5effb41bf9f4b7ebd8d79641604b69a10323837e09474
00839,7,False,B2_W50,0.3480857812,0.09760054823,6,0,216,163.7746479,EXP-001,ds_16b6be697acb,ds_aa8808303afa,1465af7161a9053ca7df7d4d04572789911a5480,e41f63ef47ea066f14e5effb41bf9f4b7ebd8d79641604b69a10323837e09474
00840,7,False,B2_W50,0.3413994137,0.09702750176,6,0,168,164.484507,EXP-001,ds_16b6be697acb,ds_aa8808303afa,1465af7161a9053ca7df7d4d04572789911a5480,e41f63ef47ea066f14e5effb41bf9f4b7ebd8d79641604b69a10323837e09474
00841,7,False,B2_W50,0.3437607664,0.09586063371,6,0,63,163.9267606,EXP-001,ds_16b6be697acb,ds_aa8808303afa,1465af7161a9053ca7df7d4d04572789911a5480,e41f63ef47ea066f14e5effb41bf9f4b7ebd8d79641604b69a10323837e09474
00842,7,False,B2_W50,0.3553907802,0.09965208923,6,0,182,161.8309859,EXP-001,ds_16b6be697acb,ds_aa8808303afa,1465af7161a9053ca7df7d4d04572789911a5480,e41f63ef47ea066f14e5effb41bf9f4b7ebd8d79641604b69a10323837e09474
00843,7,False,B2_W50,0.3625659712,0.100870895,6,0,126,161.256338,EXP-001,ds_16b6be697acb,ds_aa8808303afa,1465af7161a9053ca7df7d4d04572789911a5480,e41f63ef47ea066f14e5effb41bf9f4b7ebd8d79641604b69a10323837e09474
00844,7,False,B2_W50,0.3589769307,0.09895439217,6,0,175,160.7492958,EXP-001,ds_16b6be697acb,ds_aa8808303afa,1465af7161a9053ca7df7d4d04572789911a5480,e41f63ef47ea066f14e5effb41bf9f4b7ebd8d79641604b69a10323837e09474
00845,7,False,B2_W50,0.3453987648,0.09774597392,6,0,127,162.2873239,EXP-001,ds_16b6be697acb,ds_aa8808303afa,1465af7161a9053ca7df7d4d04572789911a5480,e41f63ef47ea066f14e5effb41bf9f4b7ebd8d79641604b69a10323837e09474
00846,7,False,B2_W50,0.3370431862,0.09646484283,6,0,157,163.3859155,EXP-001,ds_16b6be697acb,ds_aa8808303afa,1465af7161a9053ca7df7d4d04572789911a5480,e41f63ef47ea066f14e5effb41bf9f4b7ebd8d79641604b69a10323837e09474
00847,7,False,B2_W50,0.3289142922,0.09465221547,6,0,142,163.6732394,EXP-001,ds_16b6be697acb,ds_aa8808303afa,1465af7161a9053ca7df7d4d04572789911a5480,e41f63ef47ea066f14e5effb41bf9f4b7ebd8d79641604b69a10323837e09474
00848,7,False,B2_W50,0.340142085,0.09655833078,6,0,173,163.7915493,EXP-001,ds_16b6be697acb,ds_aa8808303afa,1465af7161a9053ca7df7d4d04572789911a5480,e41f63ef47ea066f14e5effb41bf9f4b7ebd8d79641604b69a10323837e09474
00849,7,False,B2_W50,0.3555216116,0.09972480208,6,0,171,163.7408451,EXP-001,ds_16b6be697acb,ds_aa8808303afa,1465af7161a9053ca7df7d4d04572789911a5480,e41f63ef47ea066f14e5effb41bf9f4b7ebd8d79641604b69a10323837e09474
00850,7,False,B2_W50,0.3920990905,0.1033396693,6,0,203,163.0140845,EXP-001,ds_16b6be697acb,ds_aa8808303afa,1465af7161a9053ca7df7d4d04572789911a5480,e41f63ef47ea066f14e5effb41bf9f4b7ebd8d79641604b69a10323837e09474
00851,8,False,B2_W50,0.3365440825,0.09581908352,6,0,170,164.028169,EXP-001,ds_16b6be697acb,ds_aa8808303afa,1465af7161a9053ca7df7d4d04572789911a5480,e41f63ef47ea066f14e5effb41bf9f4b7ebd8d79641604b69a10323837e09474
00852,8,False,B2_W50,0.3525474388,0.09952743864,6,0,129,164.2647887,EXP-001,ds_16b6be697acb,ds_aa8808303afa,1465af7161a9053ca7df7d4d04572789911a5480,e41f63ef47ea066f14e5effb41bf9f4b7ebd8d79641604b69a10323837e09474
00853,8,False,B2_W50,0.3357292927,0.09591257146,6,0,216,163.3352113,EXP-001,ds_16b6be697acb,ds_aa8808303afa,1465af7161a9053ca7df7d4d04572789911a5480,e41f63ef47ea066f14e5effb41bf9f4b7ebd8d79641604b69a10323837e09474
00854,8,False,B2_W50,0.3666104671,0.102131251,6,0,211,164.4169014,EXP-001,ds_16b6be697acb,ds_aa8808303afa,1465af7161a9053ca7df7d4d04572789911a5480,e41f63ef47ea066f14e5effb41bf9f4b7ebd8d79641604b69a10323837e09474
00855,8,False,B2_W50,0.3838451523,0.1033085066,6,0,192,165.0591549,EXP-001,ds_16b6be697acb,ds_aa8808303afa,1465af7161a9053ca7df7d4d04572789911a5480,e41f63ef47ea066f14e5effb41bf9f4b7ebd8d79641604b69a10323837e09474
00856,8,False,B2_W50,0.3967513883,0.1039023282,6,0,155,166.343662,EXP-001,ds_16b6be697acb,ds_aa8808303afa,1465af7161a9053ca7df7d4d04572789911a5480,e41f63ef47ea066f14e5effb41bf9f4b7ebd8d79641604b69a10323837e09474
00857,8,False,B2_W50,0.401780573,0.1056422427,6,0,206,166.2591549,EXP-001,ds_16b6be697acb,ds_aa8808303afa,1465af7161a9053ca7df7d4d04572789911a5480,e41f63ef47ea066f14e5effb41bf9f4b7ebd8d79641604b69a10323837e09474
00858,8,False,B2_W50,0.3564332309,0.09992389677,6,0,195,166.2929577,EXP-001,ds_16b6be697acb,ds_aa8808303afa,1465af7161a9053ca7df7d4d04572789911a5480,e41f63ef47ea066f14e5effb41bf9f4b7ebd8d79641604b69a10323837e09474
00859,8,False,B2_W50,0.3387076999,0.0962467043,6,0,114,167.3577465,EXP-001,ds_16b6be697acb,ds_aa8808303afa,1465af7161a9053ca7df7d4d04572789911a5480,e41f63ef47ea066f14e5effb41bf9f4b7ebd8d79641604b69a10323837e09474
00860,8,False,B2_W50,0.3443427734,0.09745512254,6,0,233,166.056338,EXP-001,ds_16b6be697acb,ds_aa8808303afa,1465af7161a9053ca7df7d4d04572789911a5480,e41f63ef47ea066f14e5effb41bf9f4b7ebd8d79641604b69a10323837e09474
00861,8,False,B2_W50,0.3760090957,0.1024653839,6,0,222,166.3943662,EXP-001,ds_16b6be697acb,ds_aa8808303afa,1465af7161a9053ca7df7d4d04572789911a5480,e41f63ef47ea066f14e5effb41bf9f4b7ebd8d79641604b69a10323837e09474
00862,8,False,B2_W50,0.3368265881,0.09568404537,6,0,168,167.2394366,EXP-001,ds_16b6be697acb,ds_aa8808303afa,1465af7161a9053ca7df7d4d04572789911a5480,e41f63ef47ea066f14e5effb41bf9f4b7ebd8d79641604b69a10323837e09474
00863,8,False,B2_W50,0.3613474484,0.09938201295,6,0,234,166.4112676,EXP-001,ds_16b6be697acb,ds_aa8808303afa,1465af7161a9053ca7df7d4d04572789911a5480,e41f63ef47ea066f14e5effb41bf9f4b7ebd8d79641604b69a10323837e09474
00864,8,False,B2_W50,0.3616097772,0.099288525,6,0,144,168.3042254,EXP-001,ds_16b6be697acb,ds_aa8808303afa,1465af7161a9053ca7df7d4d04572789911a5480,e41f63ef47ea066f14e5effb41bf9f4b7ebd8d79641604b69a10323837e09474
00865,8,False,B2_W50,0.373151042,0.1023303457,6,0,200,167.4760563,EXP-001,ds_16b6be697acb,ds_aa8808303afa,1465af7161a9053ca7df7d4d04572789911a5480,e41f63ef47ea066f14e5effb41bf9f4b7ebd8d79641604b69a10323837e09474
00866,8,False,B2_W50,0.3519701921,0.09860121549,6,0,191,167.1211268,EXP-001,ds_16b6be697acb,ds_aa8808303afa,1465af7161a9053ca7df7d4d04572789911a5480,e41f63ef47ea066f14e5effb41bf9f4b7ebd8d79641604b69a10323837e09474
00867,8,False,B2_W50,0.3629566,0.100455393,6,0,211,167.8309859,EXP-001,ds_16b6be697acb,ds_aa8808303afa,1465af7161a9053ca7df7d4d04572789911a5480,e41f63ef47ea066f14e5effb41bf9f4b7ebd8d79641604b69a10323837e09474
00868,8,False,B2_W50,0.3700075791,0.1023303457,6,0,178,169.656338,EXP-001,ds_16b6be697acb,ds_aa8808303afa,1465af7161a9053ca7df7d4d04572789911a5480,e41f63ef47ea066f14e5effb41bf9f4b7ebd8d79641604b69a10323837e09474
00869,8,False,B2_W50,0.3280207374,0.09426787614,6,0,174,169.0985915,EXP-001,ds_16b6be697acb,ds_aa8808303afa,1465af7161a9053ca7df7d4d04572789911a5480,e41f63ef47ea066f14e5effb41bf9f4b7ebd8d79641604b69a10323837e09474
00870,8,False,B2_W50,0.372895061,0.1004657806,6,0,111,169.6225352,EXP-001,ds_16b6be697acb,ds_aa8808303afa,1465af7161a9053ca7df7d4d04572789911a5480,e41f63ef47ea066f14e5effb41bf9f4b7ebd8d79641604b69a10323837e09474
00871,8,False,B2_W50,0.354574432,0.09974730843,6,0,199,169.3352113,EXP-001,ds_16b6be697acb,ds_aa8808303afa,1465af7161a9053ca7df7d4d04572789911a5480,e41f63ef47ea066f14e5effb41bf9f4b7ebd8d79641604b69a10323837e09474
00872,8,False,B2_W50,0.3445676953,0.09722659645,6,0,141,169.7746479,EXP-001,ds_16b6be697acb,ds_aa8808303afa,1465af7161a9053ca7df7d4d04572789911a5480,e41f63ef47ea066f14e5effb41bf9f4b7ebd8d79641604b69a10323837e09474
00873,8,False,B2_W50,0.3550499223,0.09911193666,6,0,136,168.7774648,EXP-001,ds_16b6be697acb,ds_aa8808303afa,1465af7161a9053ca7df7d4d04572789911a5480,e41f63ef47ea066f14e5effb41bf9f4b7ebd8d79641604b69a10323837e09474
00874,8,False,B2_W50,0.3370315334,0.09599740311,6,0,207,167.9661972,EXP-001,ds_16b6be697acb,ds_aa8808303afa,1465af7161a9053ca7df7d4d04572789911a5480,e41f63ef47ea066f14e5effb41bf9f4b7ebd8d79641604b69a10323837e09474
00875,8,False,B2_W50,0.3498823427,0.09850772754,6,0,138,168.3549296,EXP-001,ds_16b6be697acb,ds_aa8808303afa,1465af7161a9053ca7df7d4d04572789911a5480,e41f63ef47ea066f14e5effb41bf9f4b7ebd8d79641604b69a10323837e09474
00876,8,False,B2_W50,0.3535484047,0.09914309931,6,0,142,168.6929577,EXP-001,ds_16b6be697acb,ds_aa8808303afa,1465af7161a9053ca7df7d4d04572789911a5480,e41f63ef47ea066f14e5effb41bf9f4b7ebd8d79641604b69a10323837e09474
00877,8,False,B2_W50,0.3590550946,0.09859082794,6,0,141,168.6084507,EXP-001,ds_16b6be697acb,ds_aa8808303afa,1465af7161a9053ca7df7d4d04572789911a5480,e41f63ef47ea066f14e5effb41bf9f4b7ebd8d79641604b69a10323837e09474
00878,8,False,B2_W50,0.3335153202,0.09560094498,6,0,223,167.5605634,EXP-001,ds_16b6be697acb,ds_aa8808303afa,1465af7161a9053ca7df7d4d04572789911a5480,e41f63ef47ea066f14e5effb41bf9f4b7ebd8d79641604b69a10323837e09474
00879,8,False,B2_W50,0.3583392239,0.09934046275,6,0,191,168.4225352,EXP-001,ds_16b6be697acb,ds_aa8808303afa,1465af7161a9053ca7df7d4d04572789911a5480,e41f63ef47ea066f14e5effb41bf9f4b7ebd8d79641604b69a10323837e09474
00880,8,False,B2_W50,0.3237044097,0.09319449604,6,0,142,168.9464789,EXP-001,ds_16b6be697acb,ds_aa8808303afa,1465af7161a9053ca7df7d4d04572789911a5480,e41f63ef47ea066f14e5effb41bf9f4b7ebd8d79641604b69a10323837e09474
00881,8,False,B2_W50,0.3475615799,0.09817359471,6,0,173,168.3211268,EXP-001,ds_16b6be697acb,ds_aa8808303afa,1465af7161a9053ca7df7d4d04572789911a5480,e41f63ef47ea066f14e5effb41bf9f4b7ebd8d79641604b69a10323837e09474
00882,8,False,B2_W50,0.3769080404,0.1031111432,6,0,225,169.7408451,EXP-001,ds_16b6be697acb,ds_aa8808303afa,1465af7161a9053ca7df7d4d04572789911a5480,e41f63ef47ea066f14e5effb41bf9f4b7ebd8d79641604b69a10323837e09474
00883,8,False,B2_W50,0.40519266,0.1067675605,6,0,160,171.2619718,EXP-001,ds_16b6be697acb,ds_aa8808303afa,1465af7161a9053ca7df7d4d04572789911a5480,e41f63ef47ea066f14e5effb41bf9f4b7ebd8d79641604b69a10323837e09474
00884,8,False,B2_W50,0.3432897097,0.09739279724,6,0,118,171.1267606,EXP-001,ds_16b6be697acb,ds_aa8808303afa,1465af7161a9053ca7df7d4d04572789911a5480,e41f63ef47ea066f14e5effb41bf9f4b7ebd8d79641604b69a10323837e09474
00885,8,False,B2_W50,0.3373841747,0.09562172008,6,0,153,170.1802817,EXP-001,ds_16b6be697acb,ds_aa8808303afa,1465af7161a9053ca7df7d4d04572789911a5480,e41f63ef47ea066f14e5effb41bf9f4b7ebd8d79641604b69a10323837e09474
00886,8,False,B2_W50,0.3679490383,0.101225803,6,0,195,170.1971831,EXP-001,ds_16b6be697acb,ds_aa8808303afa,1465af7161a9053ca7df7d4d04572789911a5480,e41f63ef47ea066f14e5effb41bf9f4b7ebd8d79641604b69a10323837e09474
00887,8,False,B2_W50,0.3459286532,0.09754861048,6,0,195,171.2957746,EXP-001,ds_16b6be697acb,ds_aa8808303afa,1465af7161a9053ca7df7d4d04572789911a5480,e41f63ef47ea066f14e5effb41bf9f4b7ebd8d79641604b69a10323837e09474
00888,8,False,B2_W50,0.327224954,0.09331914663,6,0,159,171.4647887,EXP-001,ds_16b6be697acb,ds_aa8808303afa,1465af7161a9053ca7df7d4d04572789911a5480,e41f63ef47ea066f14e5effb41bf9f4b7ebd8d79641604b69a10323837e09474
00889,8,False,B2_W50,0.3512979378,0.09891284197,6,0,224,171.2957746,EXP-001,ds_16b6be697acb,ds_aa8808303afa,1465af7161a9053ca7df7d4d04572789911a5480,e41f63ef47ea066f14e5effb41bf9f4b7ebd8d79641604b69a10323837e09474
00890,8,False,B2_W50,0.3614683479,0.1007462444,6,0,162,171.4309859,EXP-001,ds_16b6be697acb,ds_aa8808303afa,1465af7161a9053ca7df7d4d04572789911a5480,e41f63ef47ea066f14e5effb41bf9f4b7ebd8d79641604b69a10323837e09474
00891,8,False,B2_W50,0.337016426,0.09576714577,6,0,160,171.3295775,EXP-001,ds_16b6be697acb,ds_aa8808303afa,1465af7161a9053ca7df7d4d04572789911a5480,e41f63ef47ea066f14e5effb41bf9f4b7ebd8d79641604b69a10323837e09474
00892,8,False,B2_W50,0.3658266147,0.1020481506,6,0,186,172.9690141,EXP-001,ds_16b6be697acb,ds_aa8808303afa,1465af7161a9053ca7df7d4d04572789911a5480,e41f63ef47ea066f14e5effb41bf9f4b7ebd8d79641604b69a10323837e09474
00893,8,False,B2_W50,0.3286158199,0.09463144037,6,0,155,173.0366197,EXP-001,ds_16b6be697acb,ds_aa8808303afa,1465af7161a9053ca7df7d4d04572789911a5480,e41f63ef47ea066f14e5effb41bf9f4b7ebd8d79641604b69a10323837e09474
00894,8,False,B2_W50,0.3485066182,0.0972040901,6,0,175,173.5267606,EXP-001,ds_16b6be697acb,ds_aa8808303afa,1465af7161a9053ca7df7d4d04572789911a5480,e41f63ef47ea066f14e5effb41bf9f4b7ebd8d79641604b69a10323837e09474
00895,8,False,B2_W50,0.3271592096,0.09366193576,6,0,156,173.5267606,EXP-001,ds_16b6be697acb,ds_aa8808303afa,1465af7161a9053ca7df7d4d04572789911a5480,e41f63ef47ea066f14e5effb41bf9f4b7ebd8d79641604b69a10323837e09474
00896,8,False,B2_W50,0.3920481058,0.1047766136,6,0,156,174.0169014,EXP-001,ds_16b6be697acb,ds_aa8808303afa,1465af7161a9053ca7df7d4d04572789911a5480,e41f63ef47ea066f14e5effb41bf9f4b7ebd8d79641604b69a10323837e09474
00897,8,False,B2_W50,0.3794940329,0.102808173,6,0,100,174,EXP-001,ds_16b6be697acb,ds_aa8808303afa,1465af7161a9053ca7df7d4d04572789911a5480,e41f63ef47ea066f14e5effb41bf9f4b7ebd8d79641604b69a10323837e09474
00898,8,False,B2_W50,0.3321275419,0.09532913744,6,0,152,173.2901408,EXP-001,ds_16b6be697acb,ds_aa8808303afa,1465af7161a9053ca7df7d4d04572789911a5480,e41f63ef47ea066f14e5effb41bf9f4b7ebd8d79641604b69a10323837e09474
00899,8,False,B2_W50,0.3399108579,0.0972040901,6,0,215,172.9352113,EXP-001,ds_16b6be697acb,ds_aa8808303afa,1465af7161a9053ca7df7d4d04572789911a5480,e41f63ef47ea066f14e5effb41bf9f4b7ebd8d79641604b69a10323837e09474
00900,8,False,B2_W50,0.3163852722,0.09171427026,6,0,137,173.6788732,EXP-001,ds_16b6be697acb,ds_aa8808303afa,1465af7161a9053ca7df7d4d04572789911a5480,e41f63ef47ea066f14e5effb41bf9f4b7ebd8d79641604b69a10323837e09474
00901,9,False,B2_W50,0.3703414532,0.1015997547,6,0,188,172.5633803,EXP-001,ds_16b6be697acb,ds_aa8808303afa,1465af7161a9053ca7df7d4d04572789911a5480,e41f63ef47ea066f14e5effb41bf9f4b7ebd8d79641604b69a10323837e09474
00902,9,False,B2_W50,0.3499733688,0.09843328344,6,0,177,172.8676056,EXP-001,ds_16b6be697acb,ds_aa8808303afa,1465af7161a9053ca7df7d4d04572789911a5480,e41f63ef47ea066f14e5effb41bf9f4b7ebd8d79641604b69a10323837e09474
00903,9,False,B2_W50,0.3366132991,0.09657910588,6,0,250,173.6788732,EXP-001,ds_16b6be697acb,ds_aa8808303afa,1465af7161a9053ca7df7d4d04572789911a5480,e41f63ef47ea066f14e5effb41bf9f4b7ebd8d79641604b69a10323837e09474
00904,9,False,B2_W50,0.3502278156,0.09905826766,6,0,156,174.2535211,EXP-001,ds_16b6be697acb,ds_aa8808303afa,1465af7161a9053ca7df7d4d04572789911a5480,e41f63ef47ea066f14e5effb41bf9f4b7ebd8d79641604b69a10323837e09474
00905,9,False,B2_W50,0.3913552773,0.1057461182,6,0,172,173.3239437,EXP-001,ds_16b6be697acb,ds_aa8808303afa,1465af7161a9053ca7df7d4d04572789911a5480,e41f63ef47ea066f14e5effb41bf9f4b7ebd8d79641604b69a10323837e09474
00906,9,False,B2_W50,0.3372104579,0.09580869597,6,0,157,172.9859155,EXP-001,ds_16b6be697acb,ds_aa8808303afa,1465af7161a9053ca7df7d4d04572789911a5480,e41f63ef47ea066f14e5effb41bf9f4b7ebd8d79641604b69a10323837e09474
00907,9,False,B2_W50,0.3591711643,0.09706905196,6,0,210,173.0197183,EXP-001,ds_16b6be697acb,ds_aa8808303afa,1465af7161a9053ca7df7d4d04572789911a5480,e41f63ef47ea066f14e5effb41bf9f4b7ebd8d79641604b69a10323837e09474
00908,9,False,B2_W50,0.3604862633,0.09953782619,6,0,133,173.0873239,EXP-001,ds_16b6be697acb,ds_aa8808303afa,1465af7161a9053ca7df7d4d04572789911a5480,e41f63ef47ea066f14e5effb41bf9f4b7ebd8d79641604b69a10323837e09474
00909,9,False,B2_W50,0.3357226005,0.09585024616,6,0,224,172.0394366,EXP-001,ds_16b6be697acb,ds_aa8808303afa,1465af7161a9053ca7df7d4d04572789911a5480,e41f63ef47ea066f14e5effb41bf9f4b7ebd8d79641604b69a10323837e09474
00910,9,False,B2_W50,0.345800776,0.09778752412,6,0,136,173.8985915,EXP-001,ds_16b6be697acb,ds_aa8808303afa,1465af7161a9053ca7df7d4d04572789911a5480,e41f63ef47ea066f14e5effb41bf9f4b7ebd8d79641604b69a10323837e09474
00911,9,False,B2_W50,0.3617773359,0.09966247678,6,0,159,172.2591549,EXP-001,ds_16b6be697acb,ds_aa8808303afa,1465af7161a9053ca7df7d4d04572789911a5480,e41f63ef47ea066f14e5effb41bf9f4b7ebd8d79641604b69a10323837e09474
00912,9,False,B2_W50,0.3436495061,0.09772519882,6,0,150,171.1943662,EXP-001,ds_16b6be697acb,ds_aa8808303afa,1465af7161a9053ca7df7d4d04572789911a5480,e41f63ef47ea066f14e5effb41bf9f4b7ebd8d79641604b69a10323837e09474
00913,9,False,B2_W50,0.3592733936,0.1008397324,6,0,138,170.8901408,EXP-001,ds_16b6be697acb,ds_aa8808303afa,1465af7161a9053ca7df7d4d04572789911a5480,e41f63ef47ea066f14e5effb41bf9f4b7ebd8d79641604b69a10323837e09474
00914,9,False,B2_W50,0.3358123359,0.09588140881,6,0,243,169.2676056,EXP-001,ds_16b6be697acb,ds_aa8808303afa,1465af7161a9053ca7df7d4d04572789911a5480,e41f63ef47ea066f14e5effb41bf9f4b7ebd8d79641604b69a10323837e09474
00915,9,False,B2_W50,0.3990136078,0.1045688626,6,0,135,170.9408451,EXP-001,ds_16b6be697acb,ds_aa8808303afa,1465af7161a9053ca7df7d4d04572789911a5480,e41f63ef47ea066f14e5effb41bf9f4b7ebd8d79641604b69a10323837e09474
00916,9,False,B2_W50,0.3485589576,0.09836057059,6,0,187,169.8422535,EXP-001,ds_16b6be697acb,ds_aa8808303afa,1465af7161a9053ca7df7d4d04572789911a5480,e41f63ef47ea066f14e5effb41bf9f4b7ebd8d79641604b69a10323837e09474
00917,9,False,B2_W50,0.3473728987,0.09830863285,6,0,216,169.7746479,EXP-001,ds_16b6be697acb,ds_aa8808303afa,1465af7161a9053ca7df7d4d04572789911a5480,e41f63ef47ea066f14e5effb41bf9f4b7ebd8d79641604b69a10323837e09474
00918,9,False,B2_W50,0.3473182623,0.09775636147,6,0,174,169.8591549,EXP-001,ds_16b6be697acb,ds_aa8808303afa,1465af7161a9053ca7df7d4d04572789911a5480,e41f63ef47ea066f14e5effb41bf9f4b7ebd8d79641604b69a10323837e09474
00919,9,False,B2_W50,0.368124386,0.1014958792,6,0,166,169.7915493,EXP-001,ds_16b6be697acb,ds_aa8808303afa,1465af7161a9053ca7df7d4d04572789911a5480,e41f63ef47ea066f14e5effb41bf9f4b7ebd8d79641604b69a10323837e09474
00920,9,False,B2_W50,0.3505977751,0.09897516726,6,0,120,169.656338,EXP-001,ds_16b6be697acb,ds_aa8808303afa,1465af7161a9053ca7df7d4d04572789911a5480,e41f63ef47ea066f14e5effb41bf9f4b7ebd8d79641604b69a10323837e09474
00921,9,False,B2_W50,0.3509387296,0.09832940795,6,0,116,169.8084507,EXP-001,ds_16b6be697acb,ds_aa8808303afa,1465af7161a9053ca7df7d4d04572789911a5480,e41f63ef47ea066f14e5effb41bf9f4b7ebd8d79641604b69a10323837e09474
00922,9,False,B2_W50,0.3669063346,0.1014023913,6,0,164,168.4056338,EXP-001,ds_16b6be697acb,ds_aa8808303afa,1465af7161a9053ca7df7d4d04572789911a5480,e41f63ef47ea066f14e5effb41bf9f4b7ebd8d79641604b69a10323837e09474
00923,9,False,B2_W50,0.3538066473,0.09954821374,6,0,176,168.7943662,EXP-001,ds_16b6be697acb,ds_aa8808303afa,1465af7161a9053ca7df7d4d04572789911a5480,e41f63ef47ea066f14e5effb41bf9f4b7ebd8d79641604b69a10323837e09474
00924,9,False,B2_W50,0.3457138107,0.09765248598,6,0,142,169.4704225,EXP-001,ds_16b6be697acb,ds_aa8808303afa,1465af7161a9053ca7df7d4d04572789911a5480,e41f63ef47ea066f14e5effb41bf9f4b7ebd8d79641604b69a10323837e09474
00925,9,False,B2_W50,0.342899243,0.09648561793,6,0,227,168.371831,EXP-001,ds_16b6be697acb,ds_aa8808303afa,1465af7161a9053ca7df7d4d04572789911a5480,e41f63ef47ea066f14e5effb41bf9f4b7ebd8d79641604b69a10323837e09474
00926,9,False,B2_W50,0.3553205294,0.09892322952,6,0,200,169.8760563,EXP-001,ds_16b6be697acb,ds_aa8808303afa,1465af7161a9053ca7df7d4d04572789911a5480,e41f63ef47ea066f14e5effb41bf9f4b7ebd8d79641604b69a10323837e09474
00927,9,False,B2_W50,0.3692889888,0.1019858253,6,0,138,170.856338,EXP-001,ds_16b6be697acb,ds_aa8808303afa,1465af7161a9053ca7df7d4d04572789911a5480,e41f63ef47ea066f14e5effb41bf9f4b7ebd8d79641604b69a10323837e09474
00928,9,False,B2_W50,0.3416355784,0.09694440136,6,0,182,170.8056338,EXP-001,ds_16b6be697acb,ds_aa8808303afa,1465af7161a9053ca7df7d4d04572789911a5480,e41f63ef47ea066f14e5effb41bf9f4b7ebd8d79641604b69a10323837e09474
00929,9,False,B2_W50,0.3685968704,0.1019131125,6,0,194,170.1126761,EXP-001,ds_16b6be697acb,ds_aa8808303afa,1465af7161a9053ca7df7d4d04572789911a5480,e41f63ef47ea066f14e5effb41bf9f4b7ebd8d79641604b69a10323837e09474
00930,9,False,B2_W50,0.3732592755,0.1024965465,6,0,228,170.1633803,EXP-001,ds_16b6be697acb,ds_aa8808303afa,1465af7161a9053ca7df7d4d04572789911a5480,e41f63ef47ea066f14e5effb41bf9f4b7ebd8d79641604b69a10323837e09474
00931,9,False,B2_W50,0.3648012802,0.101225803,6,0,160,171.6169014,EXP-001,ds_16b6be697acb,ds_aa8808303afa,1465af7161a9053ca7df7d4d04572789911a5480,e41f63ef47ea066f14e5effb41bf9f4b7ebd8d79641604b69a10323837e09474
00932,9,False,B2_W50,0.3468642434,0.09751744784,6,0,254,171.3971831,EXP-001,ds_16b6be697acb,ds_aa8808303afa,1465af7161a9053ca7df7d4d04572789911a5480,e41f63ef47ea066f14e5effb41bf9f4b7ebd8d79641604b69a10323837e09474
00933,9,False,B2_W50,0.3659676361,0.09999660962,6,0,224,171.8873239,EXP-001,ds_16b6be697acb,ds_aa8808303afa,1465af7161a9053ca7df7d4d04572789911a5480,e41f63ef47ea066f14e5effb41bf9f4b7ebd8d79641604b69a10323837e09474
00934,9,False,B2_W50,0.3577335269,0.1000173847,6,0,193,172.9690141,EXP-001,ds_16b6be697acb,ds_aa8808303afa,1465af7161a9053ca7df7d4d04572789911a5480,e41f63ef47ea066f14e5effb41bf9f4b7ebd8d79641604b69a10323837e09474
00935,9,False,B2_W50,0.3214516356,0.09325682134,6,0,218,174.2366197,EXP-001,ds_16b6be697acb,ds_aa8808303afa,1465af7161a9053ca7df7d4d04572789911a5480,e41f63ef47ea066f14e5effb41bf9f4b7ebd8d79641604b69a10323837e09474
00936,9,False,B2_W50,0.3479786643,0.0982566951,6,0,170,175.3352113,EXP-001,ds_16b6be697acb,ds_aa8808303afa,1465af7161a9053ca7df7d4d04572789911a5480,e41f63ef47ea066f14e5effb41bf9f4b7ebd8d79641604b69a10323837e09474
00937,9,False,B2_W50,0.304839392,0.08904813259,6,0,205,174.9126761,EXP-001,ds_16b6be697acb,ds_aa8808303afa,1465af7161a9053ca7df7d4d04572789911a5480,e41f63ef47ea066f14e5effb41bf9f4b7ebd8d79641604b69a10323837e09474
00938,9,False,B2_W50,0.3714993667,0.1014751041,6,0,147,175.0816901,EXP-001,ds_16b6be697acb,ds_aa8808303afa,1465af7161a9053ca7df7d4d04572789911a5480,e41f63ef47ea066f14e5effb41bf9f4b7ebd8d79641604b69a10323837e09474
00939,9,False,B2_W50,0.3617202181,0.1007150818,6,0,159,174.8788732,EXP-001,ds_16b6be697acb,ds_aa8808303afa,1465af7161a9053ca7df7d4d04572789911a5480,e41f63ef47ea066f14e5effb41bf9f4b7ebd8d79641604b69a10323837e09474
00940,9,False,B2_W50,0.3773734725,0.1006215938,6,0,201,173.7802817,EXP-001,ds_16b6be697acb,ds_aa8808303afa,1465af7161a9053ca7df7d4d04572789911a5480,e41f63ef47ea066f14e5effb41bf9f4b7ebd8d79641604b69a10323837e09474
00941,9,False,B2_W50,0.3221199655,0.09328798399,6,0,188,174.4394366,EXP-001,ds_16b6be697acb,ds_aa8808303afa,1465af7161a9053ca7df7d4d04572789911a5480,e41f63ef47ea066f14e5effb41bf9f4b7ebd8d79641604b69a10323837e09474
00942,9,False,B2_W50,0.3418181458,0.09703788931,6,0,182,174.9126761,EXP-001,ds_16b6be697acb,ds_aa8808303afa,1465af7161a9053ca7df7d4d04572789911a5480,e41f63ef47ea066f14e5effb41bf9f4b7ebd8d79641604b69a10323837e09474
00943,9,False,B2_W50,0.3407357341,0.09646484283,6,0,128,174.8450704,EXP-001,ds_16b6be697acb,ds_aa8808303afa,1465af7161a9053ca7df7d4d04572789911a5480,e41f63ef47ea066f14e5effb41bf9f4b7ebd8d79641604b69a10323837e09474
00944,9,False,B2_W50,0.3428374859,0.09643368019,6,0,180,174.3887324,EXP-001,ds_16b6be697acb,ds_aa8808303afa,1465af7161a9053ca7df7d4d04572789911a5480,e41f63ef47ea066f14e5effb41bf9f4b7ebd8d79641604b69a10323837e09474
00945,9,False,B2_W50,0.3314127558,0.09468337812,6,0,202,174.4732394,EXP-001,ds_16b6be697acb,ds_aa8808303afa,1465af7161a9053ca7df7d4d04572789911a5480,e41f63ef47ea066f14e5effb41bf9f4b7ebd8d79641604b69a10323837e09474
00946,9,False,B2_W50,0.3395473799,0.09664143117,6,0,196,175.2507042,EXP-001,ds_16b6be697acb,ds_aa8808303afa,1465af7161a9053ca7df7d4d04572789911a5480,e41f63ef47ea066f14e5effb41bf9f4b7ebd8d79641604b69a10323837e09474
00947,9,False,B2_W50,0.3410389017,0.09669336892,6,0,184,175.9267606,EXP-001,ds_16b6be697acb,ds_aa8808303afa,1465af7161a9053ca7df7d4d04572789911a5480,e41f63ef47ea066f14e5effb41bf9f4b7ebd8d79641604b69a10323837e09474
00948,9,False,B2_W50,0.3263456039,0.09435963283,6,0,175,177.3464789,EXP-001,ds_16b6be697acb,ds_aa8808303afa,1465af7161a9053ca7df7d4d04572789911a5480,e41f63ef47ea066f14e5effb41bf9f4b7ebd8d79641604b69a10323837e09474
00949,9,False,B2_W50,0.3513369504,0.09942183189,6,0,196,177.7352113,EXP-001,ds_16b6be697acb,ds_aa8808303afa,1465af7161a9053ca7df7d4d04572789911a5480,e41f63ef47ea066f14e5effb41bf9f4b7ebd8d79641604b69a10323837e09474
00950,9,False,B2_W50,0.3243046697,0.09315121459,6,0,187,177.4140845,EXP-001,ds_16b6be697acb,ds_aa8808303afa,1465af7161a9053ca7df7d4d04572789911a5480,e41f63ef47ea066f14e5effb41bf9f4b7ebd8d79641604b69a10323837e09474
00951,10,False,B2_W50,0.3945140078,0.1042451173,6,0,150,178.2591549,EXP-001,ds_16b6be697acb,ds_aa8808303afa,1465af7161a9053ca7df7d4d04572789911a5480,e41f63ef47ea066f14e5effb41bf9f4b7ebd8d79641604b69a10323837e09474
00952,10,False,B2_W50,0.3971350286,0.1054639231,6,0,124,177.6169014,EXP-001,ds_16b6be697acb,ds_aa8808303afa,1465af7161a9053ca7df7d4d04572789911a5480,e41f63ef47ea066f14e5effb41bf9f4b7ebd8d79641604b69a10323837e09474
00953,10,False,B2_W50,0.3357065381,0.09487035401,6,0,231,176.7211268,EXP-001,ds_16b6be697acb,ds_aa8808303afa,1465af7161a9053ca7df7d4d04572789911a5480,e41f63ef47ea066f14e5effb41bf9f4b7ebd8d79641604b69a10323837e09474
00954,10,False,B2_W50,0.3763973679,0.1016205298,6,0,165,176.4,EXP-001,ds_16b6be697acb,ds_aa8808303afa,1465af7161a9053ca7df7d4d04572789911a5480,e41f63ef47ea066f14e5effb41bf9f4b7ebd8d79641604b69a10323837e09474
00955,10,False,B2_W50,0.3618975878,0.1009747705,6,0,170,176.5521127,EXP-001,ds_16b6be697acb,ds_aa8808303afa,1465af7161a9053ca7df7d4d04572789911a5480,e41f63ef47ea066f14e5effb41bf9f4b7ebd8d79641604b69a10323837e09474
00956,10,False,B2_W50,0.3669536851,0.1015997547,6,0,111,176.5183099,EXP-001,ds_16b6be697acb,ds_aa8808303afa,1465af7161a9053ca7df7d4d04572789911a5480,e41f63ef47ea066f14e5effb41bf9f4b7ebd8d79641604b69a10323837e09474
00957,10,False,B2_W50,0.3531855776,0.09972480208,6,0,100,175.7408451,EXP-001,ds_16b6be697acb,ds_aa8808303afa,1465af7161a9053ca7df7d4d04572789911a5480,e41f63ef47ea066f14e5effb41bf9f4b7ebd8d79641604b69a10323837e09474
00958,10,False,B2_W50,0.3749967857,0.1027042975,6,0,129,173.8816901,EXP-001,ds_16b6be697acb,ds_aa8808303afa,1465af7161a9053ca7df7d4d04572789911a5480,e41f63ef47ea066f14e5effb41bf9f4b7ebd8d79641604b69a10323837e09474
00959,10,False,B2_W50,0.3897261269,0.1044545996,6,0,89,173.8140845,EXP-001,ds_16b6be697acb,ds_aa8808303afa,1465af7161a9053ca7df7d4d04572789911a5480,e41f63ef47ea066f14e5effb41bf9f4b7ebd8d79641604b69a10323837e09474
00960,10,False,B2_W50,0.3489045148,0.09751744784,6,0,153,171.5323944,EXP-001,ds_16b6be697acb,ds_aa8808303afa,1465af7161a9053ca7df7d4d04572789911a5480,e41f63ef47ea066f14e5effb41bf9f4b7ebd8d79641604b69a10323837e09474
00961,10,False,B2_W50,0.3441346447,0.09755899803,6,0,176,171.8197183,EXP-001,ds_16b6be697acb,ds_aa8808303afa,1465af7161a9053ca7df7d4d04572789911a5480,e41f63ef47ea066f14e5effb41bf9f4b7ebd8d79641604b69a10323837e09474
00962,10,False,B2_W50,0.3717167347,0.102486159,6,0,121,172.1070423,EXP-001,ds_16b6be697acb,ds_aa8808303afa,1465af7161a9053ca7df7d4d04572789911a5480,e41f63ef47ea066f14e5effb41bf9f4b7ebd8d79641604b69a10323837e09474
00963,10,False,B2_W50,0.3334578229,0.0950278985,6,0,236,171.6169014,EXP-001,ds_16b6be697acb,ds_aa8808303afa,1465af7161a9053ca7df7d4d04572789911a5480,e41f63ef47ea066f14e5effb41bf9f4b7ebd8d79641604b69a10323837e09474
00964,10,False,B2_W50,0.3831543967,0.1036426394,6,0,175,173.2732394,EXP-001,ds_16b6be697acb,ds_aa8808303afa,1465af7161a9053ca7df7d4d04572789911a5480,e41f63ef47ea066f14e5effb41bf9f4b7ebd8d79641604b69a10323837e09474
00965,10,False,B2_W50,0.3096676638,0.08999686209,6,0,167,172.1239437,EXP-001,ds_16b6be697acb,ds_aa8808303afa,1465af7161a9053ca7df7d4d04572789911a5480,e41f63ef47ea066f14e5effb41bf9f4b7ebd8d79641604b69a10323837e09474
00966,10,False,B2_W50,0.3643726423,0.1011946403,6,0,131,172.6647887,EXP-001,ds_16b6be697acb,ds_aa8808303afa,1465af7161a9053ca7df7d4d04572789911a5480,e41f63ef47ea066f14e5effb41bf9f4b7ebd8d79641604b69a10323837e09474
00967,10,False,B2_W50,0.3433520955,0.09748628519,6,0,186,171.7183099,EXP-001,ds_16b6be697acb,ds_aa8808303afa,1465af7161a9053ca7df7d4d04572789911a5480,e41f63ef47ea066f14e5effb41bf9f4b7ebd8d79641604b69a10323837e09474
00968,10,False,B2_W50,0.3312490996,0.09500712341,6,0,149,171.2112676,EXP-001,ds_16b6be697acb,ds_aa8808303afa,1465af7161a9053ca7df7d4d04572789911a5480,e41f63ef47ea066f14e5effb41bf9f4b7ebd8d79641604b69a10323837e09474
00969,10,False,B2_W50,0.3521235197,0.09884012912,6,0,134,170.7887324,EXP-001,ds_16b6be697acb,ds_aa8808303afa,1465af7161a9053ca7df7d4d04572789911a5480,e41f63ef47ea066f14e5effb41bf9f4b7ebd8d79641604b69a10323837e09474
00970,10,False,B2_W50,0.3369927675,0.09637135489,6,0,179,170.2478873,EXP-001,ds_16b6be697acb,ds_aa8808303afa,1465af7161a9053ca7df7d4d04572789911a5480,e41f63ef47ea066f14e5effb41bf9f4b7ebd8d79641604b69a10323837e09474
00971,10,False,B2_W50,0.3409595844,0.09703788931,6,0,144,171.2450704,EXP-001,ds_16b6be697acb,ds_aa8808303afa,1465af7161a9053ca7df7d4d04572789911a5480,e41f63ef47ea066f14e5effb41bf9f4b7ebd8d79641604b69a10323837e09474
00972,10,False,B2_W50,0.3631369494,0.1007358569,6,0,151,171.7183099,EXP-001,ds_16b6be697acb,ds_aa8808303afa,1465af7161a9053ca7df7d4d04572789911a5480,e41f63ef47ea066f14e5effb41bf9f4b7ebd8d79641604b69a10323837e09474
00973,10,False,B2_W50,0.3556717347,0.09755899803,6,0,215,171.4985915,EXP-001,ds_16b6be697acb,ds_aa8808303afa,1465af7161a9053ca7df7d4d04572789911a5480,e41f63ef47ea066f14e5effb41bf9f4b7ebd8d79641604b69a10323837e09474
00974,10,False,B2_W50,0.357690254,0.09947550089,6,0,236,172.1577465,EXP-001,ds_16b6be697acb,ds_aa8808303afa,1465af7161a9053ca7df7d4d04572789911a5480,e41f63ef47ea066f14e5effb41bf9f4b7ebd8d79641604b69a10323837e09474
00975,10,False,B2_W50,0.3532755907,0.09949627599,6,0,137,173.7464789,EXP-001,ds_16b6be697acb,ds_aa8808303afa,1465af7161a9053ca7df7d4d04572789911a5480,e41f63ef47ea066f14e5effb41bf9f4b7ebd8d79641604b69a10323837e09474
00976,10,False,B2_W50,0.3583254615,0.09944433824,6,0,215,172.2253521,EXP-001,ds_16b6be697acb,ds_aa8808303afa,1465af7161a9053ca7df7d4d04572789911a5480,e41f63ef47ea066f14e5effb41bf9f4b7ebd8d79641604b69a10323837e09474
00977,10,False,B2_W50,0.3368930754,0.09576714577,6,0,177,172.4788732,EXP-001,ds_16b6be697acb,ds_aa8808303afa,1465af7161a9053ca7df7d4d04572789911a5480,e41f63ef47ea066f14e5effb41bf9f4b7ebd8d79641604b69a10323837e09474
00978,10,False,B2_W50,0.3980017603,0.105027646,6,0,138,173.1380282,EXP-001,ds_16b6be697acb,ds_aa8808303afa,1465af7161a9053ca7df7d4d04572789911a5480,e41f63ef47ea066f14e5effb41bf9f4b7ebd8d79641604b69a10323837e09474
00979,10,False,B2_W50,0.3343329036,0.09392335576,6,0,227,172.3943662,EXP-001,ds_16b6be697acb,ds_aa8808303afa,1465af7161a9053ca7df7d4d04572789911a5480,e41f63ef47ea066f14e5effb41bf9f4b7ebd8d79641604b69a10323837e09474
00980,10,False,B2_W50,0.3376727954,0.09641290509,6,0,157,172.9521127,EXP-001,ds_16b6be697acb,ds_aa8808303afa,1465af7161a9053ca7df7d4d04572789911a5480,e41f63ef47ea066f14e5effb41bf9f4b7ebd8d79641604b69a10323837e09474
00981,10,True,B2_W50,0.3446302955,0.09713137725,6,0,248,171.7521127,EXP-001,ds_16b6be697acb,ds_aa8808303afa,1465af7161a9053ca7df7d4d04572789911a5480,e41f63ef47ea066f14e5effb41bf9f4b7ebd8d79641604b69a10323837e09474
00982,10,True,B2_W50,0.344458647,0.09707943951,6,0,204,173.2394366,EXP-001,ds_16b6be697acb,ds_aa8808303afa,1465af7161a9053ca7df7d4d04572789911a5480,e41f63ef47ea066f14e5effb41bf9f4b7ebd8d79641604b69a10323837e09474
00983,10,True,B2_W50,0.372946092,0.1027770103,6,0,113,172.3943662,EXP-001,ds_16b6be697acb,ds_aa8808303afa,1465af7161a9053ca7df7d4d04572789911a5480,e41f63ef47ea066f14e5effb41bf9f4b7ebd8d79641604b69a10323837e09474
00984,10,True,B2_W50,0.3367103617,0.09591257146,6,0,131,170.5183099,EXP-001,ds_16b6be697acb,ds_aa8808303afa,1465af7161a9053ca7df7d4d04572789911a5480,e41f63ef47ea066f14e5effb41bf9f4b7ebd8d79641604b69a10323837e09474
00985,10,True,B2_W50,0.3421477933,0.09654794323,6,0,195,169.4704225,EXP-001,ds_16b6be697acb,ds_aa8808303afa,1465af7161a9053ca7df7d4d04572789911a5480,e41f63ef47ea066f14e5effb41bf9f4b7ebd8d79641604b69a10323837e09474
00986,10,True,B2_W50,0.388142293,0.1039231033,6,0,197,169.0816901,EXP-001,ds_16b6be697acb,ds_aa8808303afa,1465af7161a9053ca7df7d4d04572789911a5480,e41f63ef47ea066f14e5effb41bf9f4b7ebd8d79641604b69a10323837e09474
00987,10,True,B2_W50,0.3526927028,0.09892322952,6,0,220,169.5380282,EXP-001,ds_16b6be697acb,ds_aa8808303afa,1465af7161a9053ca7df7d4d04572789911a5480,e41f63ef47ea066f14e5effb41bf9f4b7ebd8d79641604b69a10323837e09474
00988,10,True,B2_W50,0.3377189439,0.09585024616,6,0,193,169.7915493,EXP-001,ds_16b6be697acb,ds_aa8808303afa,1465af7161a9053ca7df7d4d04572789911a5480,e41f63ef47ea066f14e5effb41bf9f4b7ebd8d79641604b69a10323837e09474
00989,10,True,B2_W50,0.3673671647,0.1021208635,6,0,198,170.5690141,EXP-001,ds_16b6be697acb,ds_aa8808303afa,1465af7161a9053ca7df7d4d04572789911a5480,e41f63ef47ea066f14e5effb41bf9f4b7ebd8d79641604b69a10323837e09474
00990,10,True,B2_W50,0.3375810104,0.09526681214,6,0,167,171.228169,EXP-001,ds_16b6be697acb,ds_aa8808303afa,1465af7161a9053ca7df7d4d04572789911a5480,e41f63ef47ea066f14e5effb41bf9f4b7ebd8d79641604b69a10323837e09474
00991,10,True,B2_W50,0.3410597324,0.0971625399,6,0,113,170.6535211,EXP-001,ds_16b6be697acb,ds_aa8808303afa,1465af7161a9053ca7df7d4d04572789911a5480,e41f63ef47ea066f14e5effb41bf9f4b7ebd8d79641604b69a10323837e09474
00992,10,True,B2_W50,0.3435533256,0.09777713657,6,0,74,169.3859155,EXP-001,ds_16b6be697acb,ds_aa8808303afa,1465af7161a9053ca7df7d4d04572789911a5480,e41f63ef47ea066f14e5effb41bf9f4b7ebd8d79641604b69a10323837e09474
00993,10,True,B2_W50,0.3668788145,0.1008501199,6,0,185,167.5605634,EXP-001,ds_16b6be697acb,ds_aa8808303afa,1465af7161a9053ca7df7d4d04572789911a5480,e41f63ef47ea066f14e5effb41bf9f4b7ebd8d79641604b69a10323837e09474
00994,10,True,B2_W50,0.38666252,0.1039438784,6,0,204,168.5239437,EXP-001,ds_16b6be697acb,ds_aa8808303afa,1465af7161a9053ca7df7d4d04572789911a5480,e41f63ef47ea066f14e5effb41bf9f4b7ebd8d79641604b69a10323837e09474
00995,10,True,B2_W50,0.3516189494,0.09773558637,6,0,161,168.9295775,EXP-001,ds_16b6be697acb,ds_aa8808303afa,1465af7161a9053ca7df7d4d04572789911a5480,e41f63ef47ea066f14e5effb41bf9f4b7ebd8d79641604b69a10323837e09474
00996,10,True,B2_W50,0.354512933,0.09961053903,6,0,83,168.2366197,EXP-001,ds_16b6be697acb,ds_aa8808303afa,1465af7161a9053ca7df7d4d04572789911a5480,e41f63ef47ea066f14e5effb41bf9f4b7ebd8d79641604b69a10323837e09474
00997,10,True,B2_W50,0.3491161965,0.09843328344,6,0,157,166.3267606,EXP-001,ds_16b6be697acb,ds_aa8808303afa,1465af7161a9053ca7df7d4d04572789911a5480,e41f63ef47ea066f14e5effb41bf9f4b7ebd8d79641604b69a10323837e09474
00998,10,True,B2_W50,0.3304558238,0.09409994409,6,0,288,165.8704225,EXP-001,ds_16b6be697acb,ds_aa8808303afa,1465af7161a9053ca7df7d4d04572789911a5480,e41f63ef47ea066f14e5effb41bf9f4b7ebd8d79641604b69a10323837e09474
00999,10,True,B2_W50,0.3639076073,0.1015997547,6,0,172,167.7802817,EXP-001,ds_16b6be697acb,ds_aa8808303afa,1465af7161a9053ca7df7d4d04572789911a5480,e41f63ef47ea066f14e5effb41bf9f4b7ebd8d79641604b69a10323837e09474
01000,10,True,B2_W50,0.3490077874,0.09905826766,6,0,131,167.3746479,EXP-001,ds_16b6be697acb,ds_aa8808303afa,1465af7161a9053ca7df7d4d04572789911a5480,e41f63ef47ea066f14e5effb41bf9f4b7ebd8d79641604b69a10323837e09474
01001,11,True,B2_W50,0.3397875959,0.09734951579,6,0,78,166.428169,EXP-001,ds_16b6be697acb,ds_aa8808303afa,1465af7161a9053ca7df7d4d04572789911a5480,e41f63ef47ea066f14e5effb41bf9f4b7ebd8d79641604b69a10323837e09474
01002,11,True,B2_W50,0.3512622365,0.09674530667,6,0,178,165.2112676,EXP-001,ds_16b6be697acb,ds_aa8808303afa,1465af7161a9053ca7df7d4d04572789911a5480,e41f63ef47ea066f14e5effb41bf9f4b7ebd8d79641604b69a10323837e09474
01003,11,True,B2_W50,0.3487642714,0.0992556311,6,0,177,166.1239437,EXP-001,ds_16b6be697acb,ds_aa8808303afa,1465af7161a9053ca7df7d4d04572789911a5480,e41f63ef47ea066f14e5effb41bf9f4b7ebd8d79641604b69a10323837e09474
01004,11,True,B2_W50,0.364336223,0.1017036302,6,0,157,165.2112676,EXP-001,ds_16b6be697acb,ds_aa8808303afa,1465af7161a9053ca7df7d4d04572789911a5480,e41f63ef47ea066f14e5effb41bf9f4b7ebd8d79641604b69a10323837e09474
01005,11,True,B2_W50,0.3682730438,0.1021935763,6,0,220,165.0760563,EXP-001,ds_16b6be697acb,ds_aa8808303afa,1465af7161a9053ca7df7d4d04572789911a5480,e41f63ef47ea066f14e5effb41bf9f4b7ebd8d79641604b69a10323837e09474
01006,11,True,B2_W50,0.3745485733,0.101454329,6,0,177,165.9211268,EXP-001,ds_16b6be697acb,ds_aa8808303afa,1465af7161a9053ca7df7d4d04572789911a5480,e41f63ef47ea066f14e5effb41bf9f4b7ebd8d79641604b69a10323837e09474
01007,11,True,B2_W50,0.3650655106,0.1014854917,6,0,128,167.0366197,EXP-001,ds_16b6be697acb,ds_aa8808303afa,1465af7161a9053ca7df7d4d04572789911a5480,e41f63ef47ea066f14e5effb41bf9f4b7ebd8d79641604b69a10323837e09474
01008,11,True,B2_W50,0.3761330682,0.1026419722,6,0,193,167.5098592,EXP-001,ds_16b6be697acb,ds_aa8808303afa,1465af7161a9053ca7df7d4d04572789911a5480,e41f63ef47ea066f14e5effb41bf9f4b7ebd8d79641604b69a10323837e09474
01009,11,True,B2_W50,0.3918752871,0.1044961498,6,0,228,168.5915493,EXP-001,ds_16b6be697acb,ds_aa8808303afa,1465af7161a9053ca7df7d4d04572789911a5480,e41f63ef47ea066f14e5effb41bf9f4b7ebd8d79641604b69a10323837e09474
01010,11,True,B2_W50,0.3565396513,0.09948588844,6,0,216,170.9408451,EXP-001,ds_16b6be697acb,ds_aa8808303afa,1465af7161a9053ca7df7d4d04572789911a5480,e41f63ef47ea066f14e5effb41bf9f4b7ebd8d79641604b69a10323837e09474
01011,11,True,B2_W50,0.3394521662,0.09647523038,6,0,216,172.0056338,EXP-001,ds_16b6be697acb,ds_aa8808303afa,1465af7161a9053ca7df7d4d04572789911a5480,e41f63ef47ea066f14e5effb41bf9f4b7ebd8d79641604b69a10323837e09474
01012,11,True,B2_W50,0.3497701299,0.09583985861,6,0,148,172.6816901,EXP-001,ds_16b6be697acb,ds_aa8808303afa,1465af7161a9053ca7df7d4d04572789911a5480,e41f63ef47ea066f14e5effb41bf9f4b7ebd8d79641604b69a10323837e09474
01013,11,True,B2_W50,0.3492790719,0.09649600548,6,0,120,173.1380282,EXP-001,ds_16b6be697acb,ds_aa8808303afa,1465af7161a9053ca7df7d4d04572789911a5480,e41f63ef47ea066f14e5effb41bf9f4b7ebd8d79641604b69a10323837e09474
01014,11,True,B2_W50,0.3286437866,0.09464182792,6,0,139,171.1774648,EXP-001,ds_16b6be697acb,ds_aa8808303afa,1465af7161a9053ca7df7d4d04572789911a5480,e41f63ef47ea066f14e5effb41bf9f4b7ebd8d79641604b69a10323837e09474
01015,11,True,B2_W50,0.3338681022,0.09529797479,6,0,205,170.5690141,EXP-001,ds_16b6be697acb,ds_aa8808303afa,1465af7161a9053ca7df7d4d04572789911a5480,e41f63ef47ea066f14e5effb41bf9f4b7ebd8d79641604b69a10323837e09474
01016,11,True,B2_W50,0.3242842703,0.09353728517,6,0,154,171.2112676,EXP-001,ds_16b6be697acb,ds_aa8808303afa,1465af7161a9053ca7df7d4d04572789911a5480,e41f63ef47ea066f14e5effb41bf9f4b7ebd8d79641604b69a10323837e09474
01017,11,True,B2_W50,0.3567817174,0.09984945267,6,0,143,171.6,EXP-001,ds_16b6be697acb,ds_aa8808303afa,1465af7161a9053ca7df7d4d04572789911a5480,e41f63ef47ea066f14e5effb41bf9f4b7ebd8d79641604b69a10323837e09474
01018,11,True,B2_W50,0.361121977,0.09989100287,6,0,165,170.8732394,EXP-001,ds_16b6be697acb,ds_aa8808303afa,1465af7161a9053ca7df7d4d04572789911a5480,e41f63ef47ea066f14e5effb41bf9f4b7ebd8d79641604b69a10323837e09474
01019,11,True,B2_W50,0.3472061265,0.09801605021,6,0,184,171.143662,EXP-001,ds_16b6be697acb,ds_aa8808303afa,1465af7161a9053ca7df7d4d04572789911a5480,e41f63ef47ea066f14e5effb41bf9f4b7ebd8d79641604b69a10323837e09474
01020,11,True,B2_W50,0.3798751793,0.1042035671,6,0,125,171.9887324,EXP-001,ds_16b6be697acb,ds_aa8808303afa,1465af7161a9053ca7df7d4d04572789911a5480,e41f63ef47ea066f14e5effb41bf9f4b7ebd8d79641604b69a10323837e09474
01021,11,True,B2_W50,0.362710744,0.09973518963,6,0,222,171.0760563,EXP-001,ds_16b6be697acb,ds_aa8808303afa,1465af7161a9053ca7df7d4d04572789911a5480,e41f63ef47ea066f14e5effb41bf9f4b7ebd8d79641604b69a10323837e09474
01022,11,True,B2_W50,0.3529418144,0.09847483364,6,0,176,172.3943662,EXP-001,ds_16b6be697acb,ds_aa8808303afa,1465af7161a9053ca7df7d4d04572789911a5480,e41f63ef47ea066f14e5effb41bf9f4b7ebd8d79641604b69a10323837e09474
01023,11,True,B2_W50,0.3615349478,0.1010474834,6,0,175,172.8169014,EXP-001,ds_16b6be697acb,ds_aa8808303afa,1465af7161a9053ca7df7d4d04572789911a5480,e41f63ef47ea066f14e5effb41bf9f4b7ebd8d79641604b69a10323837e09474
01024,11,True,B2_W50,0.3735772074,0.1029743738,6,0,178,172.1408451,EXP-001,ds_16b6be697acb,ds_aa8808303afa,1465af7161a9053ca7df7d4d04572789911a5480,e41f63ef47ea066f14e5effb41bf9f4b7ebd8d79641604b69a10323837e09474
01025,11,True,B2_W50,0.3435688835,0.09675569422,6,0,216,171.1605634,EXP-001,ds_16b6be697acb,ds_aa8808303afa,1465af7161a9053ca7df7d4d04572789911a5480,e41f63ef47ea066f14e5effb41bf9f4b7ebd8d79641604b69a10323837e09474
01026,11,True,B2_W50,0.3249562149,0.09249506772,6,0,192,172.4957746,EXP-001,ds_16b6be697acb,ds_aa8808303afa,1465af7161a9053ca7df7d4d04572789911a5480,e41f63ef47ea066f14e5effb41bf9f4b7ebd8d79641604b69a10323837e09474
01027,11,True,B2_W50,0.3139830968,0.09076554075,6,0,203,172.1070423,EXP-001,ds_16b6be697acb,ds_aa8808303afa,1465af7161a9053ca7df7d4d04572789911a5480,e41f63ef47ea066f14e5effb41bf9f4b7ebd8d79641604b69a10323837e09474
01028,11,True,B2_W50,0.3318803771,0.09393201205,6,0,204,172.5464789,EXP-001,ds_16b6be697acb,ds_aa8808303afa,1465af7161a9053ca7df7d4d04572789911a5480,e41f63ef47ea066f14e5effb41bf9f4b7ebd8d79641604b69a10323837e09474
01029,11,True,B2_W50,0.3757424243,0.1039836973,6,0,221,173.6619718,EXP-001,ds_16b6be697acb,ds_aa8808303afa,1465af7161a9053ca7df7d4d04572789911a5480,e41f63ef47ea066f14e5effb41bf9f4b7ebd8d79641604b69a10323837e09474
01030,11,True,B2_W50,0.3434068711,0.09649427422,6,0,216,173.5605634,EXP-001,ds_16b6be697acb,ds_aa8808303afa,1465af7161a9053ca7df7d4d04572789911a5480,e41f63ef47ea066f14e5effb41bf9f4b7ebd8d79641604b69a10323837e09474
01031,11,True,B2_W50,0.3477916773,0.0990773115,6,0,219,174.5577465,EXP-001,ds_16b6be697acb,ds_aa8808303afa,1465af7161a9053ca7df7d4d04572789911a5480,e41f63ef47ea066f14e5effb41bf9f4b7ebd8d79641604b69a10323837e09474
01032,11,True,B2_W50,0.3722816648,0.1016187986,6,0,153,174.0676056,EXP-001,ds_16b6be697acb,ds_aa8808303afa,1465af7161a9053ca7df7d4d04572789911a5480,e41f63ef47ea066f14e5effb41bf9f4b7ebd8d79641604b69a10323837e09474
01033,11,True,B2_W50,0.3401726352,0.09734778453,6,0,210,173.2056338,EXP-001,ds_16b6be697acb,ds_aa8808303afa,1465af7161a9053ca7df7d4d04572789911a5480,e41f63ef47ea066f14e5effb41bf9f4b7ebd8d79641604b69a10323837e09474
01034,11,True,B2_W50,0.3556828349,0.09925389984,6,0,194,174.8450704,EXP-001,ds_16b6be697acb,ds_aa8808303afa,1465af7161a9053ca7df7d4d04572789911a5480,e41f63ef47ea066f14e5effb41bf9f4b7ebd8d79641604b69a10323837e09474
01035,11,True,B2_W50,0.3435266987,0.09745166002,6,0,211,175.9098592,EXP-001,ds_16b6be697acb,ds_aa8808303afa,1465af7161a9053ca7df7d4d04572789911a5480,e41f63ef47ea066f14e5effb41bf9f4b7ebd8d79641604b69a10323837e09474
01036,11,True,B2_W50,0.3235545787,0.09428518873,6,0,154,176.1802817,EXP-001,ds_16b6be697acb,ds_aa8808303afa,1465af7161a9053ca7df7d4d04572789911a5480,e41f63ef47ea066f14e5effb41bf9f4b7ebd8d79641604b69a10323837e09474
01037,11,True,B2_W50,0.381028724,0.1041706732,6,0,123,175.4535211,EXP-001,ds_16b6be697acb,ds_aa8808303afa,1465af7161a9053ca7df7d4d04572789911a5480,e41f63ef47ea066f14e5effb41bf9f4b7ebd8d79641604b69a10323837e09474
01038,11,True,B2_W50,0.3355275983,0.09600432815,6,0,212,173.8140845,EXP-001,ds_16b6be697acb,ds_aa8808303afa,1465af7161a9053ca7df7d4d04572789911a5480,e41f63ef47ea066f14e5effb41bf9f4b7ebd8d79641604b69a10323837e09474
01039,11,True,B2_W50,0.3595604425,0.0990565364,6,0,210,174.1352113,EXP-001,ds_16b6be697acb,ds_aa8808303afa,1465af7161a9053ca7df7d4d04572789911a5480,e41f63ef47ea066f14e5effb41bf9f4b7ebd8d79641604b69a10323837e09474
01040,11,True,B2_W50,0.3461308434,0.09643194893,6,0,186,174.3380282,EXP-001,ds_16b6be697acb,ds_aa8808303afa,1465af7161a9053ca7df7d4d04572789911a5480,e41f63ef47ea066f14e5effb41bf9f4b7ebd8d79641604b69a10323837e09474
01041,11,True,B2_W50,0.34650471,0.09761959207,6,0,85,174.6591549,EXP-001,ds_16b6be697acb,ds_aa8808303afa,1465af7161a9053ca7df7d4d04572789911a5480,e41f63ef47ea066f14e5effb41bf9f4b7ebd8d79641604b69a10323837e09474
01042,11,True,B2_W50,0.3741173232,0.1032548376,6,0,187,174.1859155,EXP-001,ds_16b6be697acb,ds_aa8808303afa,1465af7161a9053ca7df7d4d04572789911a5480,e41f63ef47ea066f14e5effb41bf9f4b7ebd8d79641604b69a10323837e09474
01043,11,True,B2_W50,0.368870746,0.1001299165,6,0,52,176.0957746,EXP-001,ds_16b6be697acb,ds_aa8808303afa,1465af7161a9053ca7df7d4d04572789911a5480,e41f63ef47ea066f14e5effb41bf9f4b7ebd8d79641604b69a10323837e09474
01044,11,True,B2_W50,0.3398776048,0.0969634452,6,0,219,173.8478873,EXP-001,ds_16b6be697acb,ds_aa8808303afa,1465af7161a9053ca7df7d4d04572789911a5480,e41f63ef47ea066f14e5effb41bf9f4b7ebd8d79641604b69a10323837e09474
01045,11,True,B2_W50,0.3516062435,0.09880723522,6,0,172,174.1014085,EXP-001,ds_16b6be697acb,ds_aa8808303afa,1465af7161a9053ca7df7d4d04572789911a5480,e41f63ef47ea066f14e5effb41bf9f4b7ebd8d79641604b69a10323837e09474
01046,11,True,B2_W50,0.3437524064,0.09761959207,6,0,151,174.2873239,EXP-001,ds_16b6be697acb,ds_aa8808303afa,1465af7161a9053ca7df7d4d04572789911a5480,e41f63ef47ea066f14e5effb41bf9f4b7ebd8d79641604b69a10323837e09474
01047,11,True,B2_W50,0.3317599736,0.09577580206,6,0,239,175.4366197,EXP-001,ds_16b6be697acb,ds_aa8808303afa,1465af7161a9053ca7df7d4d04572789911a5480,e41f63ef47ea066f14e5effb41bf9f4b7ebd8d79641604b69a10323837e09474
01048,11,True,B2_W50,0.3724641923,0.1024636526,6,0,126,176.8225352,EXP-001,ds_16b6be697acb,ds_aa8808303afa,1465af7161a9053ca7df7d4d04572789911a5480,e41f63ef47ea066f14e5effb41bf9f4b7ebd8d79641604b69a10323837e09474
01049,11,True,B2_W50,0.3315848462,0.0950365548,6,0,188,174.084507,EXP-001,ds_16b6be697acb,ds_aa8808303afa,1465af7161a9053ca7df7d4d04572789911a5480,e41f63ef47ea066f14e5effb41bf9f4b7ebd8d79641604b69a10323837e09474
01050,11,True,B2_W50,0.3606292893,0.09821341364,6,0,172,174.3549296,EXP-001,ds_16b6be697acb,ds_aa8808303afa,1465af7161a9053ca7df7d4d04572789911a5480,e41f63ef47ea066f14e5effb41bf9f4b7ebd8d79641604b69a10323837e09474
01051,12,True,B2_W50,0.3714774177,0.1024221024,6,0,191,175.0478873,EXP-001,ds_16b6be697acb,ds_aa8808303afa,1465af7161a9053ca7df7d4d04572789911a5480,e41f63ef47ea066f14e5effb41bf9f4b7ebd8d79641604b69a10323837e09474
01052,12,True,B2_W50,0.3460147592,0.09564076392,6,0,73,176.9577465,EXP-001,ds_16b6be697acb,ds_aa8808303afa,1465af7161a9053ca7df7d4d04572789911a5480,e41f63ef47ea066f14e5effb41bf9f4b7ebd8d79641604b69a10323837e09474
01053,12,True,B2_W50,0.3385265703,0.09633846098,6,0,180,175.1830986,EXP-001,ds_16b6be697acb,ds_aa8808303afa,1465af7161a9053ca7df7d4d04572789911a5480,e41f63ef47ea066f14e5effb41bf9f4b7ebd8d79641604b69a10323837e09474
01054,12,True,B2_W50,0.390702193,0.1049843646,6,0,186,175.2338028,EXP-001,ds_16b6be697acb,ds_aa8808303afa,1465af7161a9053ca7df7d4d04572789911a5480,e41f63ef47ea066f14e5effb41bf9f4b7ebd8d79641604b69a10323837e09474
01055,12,True,B2_W50,0.3603120103,0.1006198626,6,0,224,175.7239437,EXP-001,ds_16b6be697acb,ds_aa8808303afa,1465af7161a9053ca7df7d4d04572789911a5480,e41f63ef47ea066f14e5effb41bf9f4b7ebd8d79641604b69a10323837e09474
01056,12,True,B2_W50,0.3660960224,0.1017347929,6,0,153,175.7915493,EXP-001,ds_16b6be697acb,ds_aa8808303afa,1465af7161a9053ca7df7d4d04572789911a5480,e41f63ef47ea066f14e5effb41bf9f4b7ebd8d79641604b69a10323837e09474
01057,12,True,B2_W50,0.33155008,0.0948911291,6,0,132,175.3859155,EXP-001,ds_16b6be697acb,ds_aa8808303afa,1465af7161a9053ca7df7d4d04572789911a5480,e41f63ef47ea066f14e5effb41bf9f4b7ebd8d79641604b69a10323837e09474
01058,12,True,B2_W50,0.4012553704,0.1048285513,6,0,137,175.4535211,EXP-001,ds_16b6be697acb,ds_aa8808303afa,1465af7161a9053ca7df7d4d04572789911a5480,e41f63ef47ea066f14e5effb41bf9f4b7ebd8d79641604b69a10323837e09474
01059,12,True,B2_W50,0.3826988741,0.1028497232,6,0,80,174.5070423,EXP-001,ds_16b6be697acb,ds_aa8808303afa,1465af7161a9053ca7df7d4d04572789911a5480,e41f63ef47ea066f14e5effb41bf9f4b7ebd8d79641604b69a10323837e09474
01060,12,True,B2_W50,0.3318963148,0.09474570341,6,0,156,172.0056338,EXP-001,ds_16b6be697acb,ds_aa8808303afa,1465af7161a9053ca7df7d4d04572789911a5480,e41f63ef47ea066f14e5effb41bf9f4b7ebd8d79641604b69a10323837e09474
01061,12,True,B2_W50,0.3511279529,0.09907904276,6,0,220,170.9915493,EXP-001,ds_16b6be697acb,ds_aa8808303afa,1465af7161a9053ca7df7d4d04572789911a5480,e41f63ef47ea066f14e5effb41bf9f4b7ebd8d79641604b69a10323837e09474
01062,12,True,B2_W50,0.3574392721,0.09839173324,6,0,168,171.0591549,EXP-001,ds_16b6be697acb,ds_aa8808303afa,1465af7161a9053ca7df7d4d04572789911a5480,e41f63ef47ea066f14e5effb41bf9f4b7ebd8d79641604b69a10323837e09474
01063,12,True,B2_W50,0.3350725901,0.09588140881,6,0,206,171.3971831,EXP-001,ds_16b6be697acb,ds_aa8808303afa,1465af7161a9053ca7df7d4d04572789911a5480,e41f63ef47ea066f14e5effb41bf9f4b7ebd8d79641604b69a10323837e09474
01064,12,True,B2_W50,0.3283831801,0.09460027772,6,0,264,172.8507042,EXP-001,ds_16b6be697acb,ds_aa8808303afa,1465af7161a9053ca7df7d4d04572789911a5480,e41f63ef47ea066f14e5effb41bf9f4b7ebd8d79641604b69a10323837e09474
01065,12,True,B2_W50,0.3213550226,0.09218344124,6,0,148,174.9633803,EXP-001,ds_16b6be697acb,ds_aa8808303afa,1465af7161a9053ca7df7d4d04572789911a5480,e41f63ef47ea066f14e5effb41bf9f4b7ebd8d79641604b69a10323837e09474
01066,12,True,B2_W50,0.3305072495,0.09414149429,6,0,182,174,EXP-001,ds_16b6be697acb,ds_aa8808303afa,1465af7161a9053ca7df7d4d04572789911a5480,e41f63ef47ea066f14e5effb41bf9f4b7ebd8d79641604b69a10323837e09474
01067,12,True,B2_W50,0.3522703778,0.09965208923,6,0,142,174.4732394,EXP-001,ds_16b6be697acb,ds_aa8808303afa,1465af7161a9053ca7df7d4d04572789911a5480,e41f63ef47ea066f14e5effb41bf9f4b7ebd8d79641604b69a10323837e09474
01068,12,True,B2_W50,0.3694239309,0.1020585382,6,0,203,174.456338,EXP-001,ds_16b6be697acb,ds_aa8808303afa,1465af7161a9053ca7df7d4d04572789911a5480,e41f63ef47ea066f14e5effb41bf9f4b7ebd8d79641604b69a10323837e09474
01069,12,True,B2_W50,0.335795174,0.09644406774,6,0,184,175.0985915,EXP-001,ds_16b6be697acb,ds_aa8808303afa,1465af7161a9053ca7df7d4d04572789911a5480,e41f63ef47ea066f14e5effb41bf9f4b7ebd8d79641604b69a10323837e09474
01070,12,True,B2_W50,0.3386768766,0.09649600548,6,0,255,175.0985915,EXP-001,ds_16b6be697acb,ds_aa8808303afa,1465af7161a9053ca7df7d4d04572789911a5480,e41f63ef47ea066f14e5effb41bf9f4b7ebd8d79641604b69a10323837e09474
01071,12,True,B2_W50,0.3317281102,0.09531874989,6,0,192,177.2957746,EXP-001,ds_16b6be697acb,ds_aa8808303afa,1465af7161a9053ca7df7d4d04572789911a5480,e41f63ef47ea066f14e5effb41bf9f4b7ebd8d79641604b69a10323837e09474
01072,12,True,B2_W50,0.3390107782,0.09658949343,6,0,205,176.7887324,EXP-001,ds_16b6be697acb,ds_aa8808303afa,1465af7161a9053ca7df7d4d04572789911a5480,e41f63ef47ea066f14e5effb41bf9f4b7ebd8d79641604b69a10323837e09474
01073,12,True,B2_W50,0.3763303523,0.1027977854,6,0,214,177.2788732,EXP-001,ds_16b6be697acb,ds_aa8808303afa,1465af7161a9053ca7df7d4d04572789911a5480,e41f63ef47ea066f14e5effb41bf9f4b7ebd8d79641604b69a10323837e09474
01074,12,True,B2_W50,0.3400886455,0.09647523038,6,0,151,177.9380282,EXP-001,ds_16b6be697acb,ds_aa8808303afa,1465af7161a9053ca7df7d4d04572789911a5480,e41f63ef47ea066f14e5effb41bf9f4b7ebd8d79641604b69a10323837e09474
01075,12,True,B2_W50,0.3813365315,0.1026835224,6,0,189,177.4816901,EXP-001,ds_16b6be697acb,ds_aa8808303afa,1465af7161a9053ca7df7d4d04572789911a5480,e41f63ef47ea066f14e5effb41bf9f4b7ebd8d79641604b69a10323837e09474
01076,12,True,B2_W50,0.3781805378,0.1025277091,6,0,165,177.0253521,EXP-001,ds_16b6be697acb,ds_aa8808303afa,1465af7161a9053ca7df7d4d04572789911a5480,e41f63ef47ea066f14e5effb41bf9f4b7ebd8d79641604b69a10323837e09474
01077,12,True,B2_W50,0.3443767037,0.09690285117,6,0,168,176.5690141,EXP-001,ds_16b6be697acb,ds_aa8808303afa,1465af7161a9053ca7df7d4d04572789911a5480,e41f63ef47ea066f14e5effb41bf9f4b7ebd8d79641604b69a10323837e09474
01078,12,True,B2_W50,0.3321293918,0.0950278985,6,0,105,175.9774648,EXP-001,ds_16b6be697acb,ds_aa8808303afa,1465af7161a9053ca7df7d4d04572789911a5480,e41f63ef47ea066f14e5effb41bf9f4b7ebd8d79641604b69a10323837e09474
01079,12,True,B2_W50,0.3732416097,0.1030903681,6,0,156,174.3042254,EXP-001,ds_16b6be697acb,ds_aa8808303afa,1465af7161a9053ca7df7d4d04572789911a5480,e41f63ef47ea066f14e5effb41bf9f4b7ebd8d79641604b69a10323837e09474
01080,12,True,B2_W50,0.3394635134,0.09627786695,6,0,162,173.2056338,EXP-001,ds_16b6be697acb,ds_aa8808303afa,1465af7161a9053ca7df7d4d04572789911a5480,e41f63ef47ea066f14e5effb41bf9f4b7ebd8d79641604b69a10323837e09474
01081,12,True,B2_W50,0.3480660151,0.09757977313,6,0,228,172.2929577,EXP-001,ds_16b6be697acb,ds_aa8808303afa,1465af7161a9053ca7df7d4d04572789911a5480,e41f63ef47ea066f14e5effb41bf9f4b7ebd8d79641604b69a10323837e09474
01082,12,True,B2_W50,0.3512435732,0.09822553245,6,0,129,172.4450704,EXP-001,ds_16b6be697acb,ds_aa8808303afa,1465af7161a9053ca7df7d4d04572789911a5480,e41f63ef47ea066f14e5effb41bf9f4b7ebd8d79641604b69a10323837e09474
01083,12,True,B2_W50,0.3291616183,0.09337108438,6,0,167,172.0394366,EXP-001,ds_16b6be697acb,ds_aa8808303afa,1465af7161a9053ca7df7d4d04572789911a5480,e41f63ef47ea066f14e5effb41bf9f4b7ebd8d79641604b69a10323837e09474
01084,12,True,B2_W50,0.3252169577,0.09343340968,6,0,174,171.3126761,EXP-001,ds_16b6be697acb,ds_aa8808303afa,1465af7161a9053ca7df7d4d04572789911a5480,e41f63ef47ea066f14e5effb41bf9f4b7ebd8d79641604b69a10323837e09474
01085,12,True,B2_W50,0.3665301744,0.1009332203,6,0,207,170.9746479,EXP-001,ds_16b6be697acb,ds_aa8808303afa,1465af7161a9053ca7df7d4d04572789911a5480,e41f63ef47ea066f14e5effb41bf9f4b7ebd8d79641604b69a10323837e09474
01086,12,True,B2_W50,0.3774768093,0.1002043606,6,0,164,170.9070423,EXP-001,ds_16b6be697acb,ds_aa8808303afa,1465af7161a9053ca7df7d4d04572789911a5480,e41f63ef47ea066f14e5effb41bf9f4b7ebd8d79641604b69a10323837e09474
01087,12,True,B2_W50,0.3336906607,0.09587102126,6,0,176,171.0760563,EXP-001,ds_16b6be697acb,ds_aa8808303afa,1465af7161a9053ca7df7d4d04572789911a5480,e41f63ef47ea066f14e5effb41bf9f4b7ebd8d79641604b69a10323837e09474
01088,12,True,B2_W50,0.345049096,0.0971625399,6,0,222,171.971831,EXP-001,ds_16b6be697acb,ds_aa8808303afa,1465af7161a9053ca7df7d4d04572789911a5480,e41f63ef47ea066f14e5effb41bf9f4b7ebd8d79641604b69a10323837e09474
01089,12,True,B2_W50,0.3714649272,0.1020585382,6,0,158,172.1408451,EXP-001,ds_16b6be697acb,ds_aa8808303afa,1465af7161a9053ca7df7d4d04572789911a5480,e41f63ef47ea066f14e5effb41bf9f4b7ebd8d79641604b69a10323837e09474
01090,12,True,B2_W50,0.3566912507,0.0982774702,6,0,123,171.2619718,EXP-001,ds_16b6be697acb,ds_aa8808303afa,1465af7161a9053ca7df7d4d04572789911a5480,e41f63ef47ea066f14e5effb41bf9f4b7ebd8d79641604b69a10323837e09474
01091,12,True,B2_W50,0.3589717509,0.1007254693,6,0,90,170.1971831,EXP-001,ds_16b6be697acb,ds_aa8808303afa,1465af7161a9053ca7df7d4d04572789911a5480,e41f63ef47ea066f14e5effb41bf9f4b7ebd8d79641604b69a10323837e09474
01092,12,True,B2_W50,0.3611833904,0.1000485474,6,0,179,170.2816901,EXP-001,ds_16b6be697acb,ds_aa8808303afa,1465af7161a9053ca7df7d4d04572789911a5480,e41f63ef47ea066f14e5effb41bf9f4b7ebd8d79641604b69a10323837e09474
01093,12,True,B2_W50,0.3245828247,0.0939752935,6,0,147,170.1464789,EXP-001,ds_16b6be697acb,ds_aa8808303afa,1465af7161a9053ca7df7d4d04572789911a5480,e41f63ef47ea066f14e5effb41bf9f4b7ebd8d79641604b69a10323837e09474
01094,12,True,B2_W50,0.3460753417,0.09777713657,6,0,171,171.7521127,EXP-001,ds_16b6be697acb,ds_aa8808303afa,1465af7161a9053ca7df7d4d04572789911a5480,e41f63ef47ea066f14e5effb41bf9f4b7ebd8d79641604b69a10323837e09474
01095,12,True,B2_W50,0.326549883,0.09406878145,6,0,208,170.9408451,EXP-001,ds_16b6be697acb,ds_aa8808303afa,1465af7161a9053ca7df7d4d04572789911a5480,e41f63ef47ea066f14e5effb41bf9f4b7ebd8d79641604b69a10323837e09474
01096,12,True,B2_W50,0.3750686626,0.102808173,6,0,158,171.5492958,EXP-001,ds_16b6be697acb,ds_aa8808303afa,1465af7161a9053ca7df7d4d04572789911a5480,e41f63ef47ea066f14e5effb41bf9f4b7ebd8d79641604b69a10323837e09474
01097,12,True,B2_W50,0.3687661622,0.1021831888,6,0,139,171.6676056,EXP-001,ds_16b6be697acb,ds_aa8808303afa,1465af7161a9053ca7df7d4d04572789911a5480,e41f63ef47ea066f14e5effb41bf9f4b7ebd8d79641604b69a10323837e09474
01098,12,True,B2_W50,0.3598320099,0.1003186236,6,0,120,169.9774648,EXP-001,ds_16b6be697acb,ds_aa8808303afa,1465af7161a9053ca7df7d4d04572789911a5480,e41f63ef47ea066f14e5effb41bf9f4b7ebd8d79641604b69a10323837e09474
01099,12,True,B2_W50,0.336980056,0.09538107518,6,0,237,169.8760563,EXP-001,ds_16b6be697acb,ds_aa8808303afa,1465af7161a9053ca7df7d4d04572789911a5480,e41f63ef47ea066f14e5effb41bf9f4b7ebd8d79641604b69a10323837e09474
01100,12,True,B2_W50,0.3463671499,0.09789139961,6,0,210,170.7042254,EXP-001,ds_16b6be697acb,ds_aa8808303afa,1465af7161a9053ca7df7d4d04572789911a5480,e41f63ef47ea066f14e5effb41bf9f4b7ebd8d79641604b69a10323837e09474
01101,13,True,B2_W50,0.3513706829,0.09782907432,6,0,145,171.3464789,EXP-001,ds_16b6be697acb,ds_aa8808303afa,1465af7161a9053ca7df7d4d04572789911a5480,e41f63ef47ea066f14e5effb41bf9f4b7ebd8d79641604b69a10323837e09474
01102,13,True,B2_W50,0.3415684007,0.09721447765,6,0,195,170.5690141,EXP-001,ds_16b6be697acb,ds_aa8808303afa,1465af7161a9053ca7df7d4d04572789911a5480,e41f63ef47ea066f14e5effb41bf9f4b7ebd8d79641604b69a10323837e09474
01103,13,True,B2_W50,0.3499391923,0.0991725307,6,0,159,172.6309859,EXP-001,ds_16b6be697acb,ds_aa8808303afa,1465af7161a9053ca7df7d4d04572789911a5480,e41f63ef47ea066f14e5effb41bf9f4b7ebd8d79641604b69a10323837e09474
01104,13,True,B2_W50,0.3367783422,0.09662065607,6,0,191,172.2760563,EXP-001,ds_16b6be697acb,ds_aa8808303afa,1465af7161a9053ca7df7d4d04572789911a5480,e41f63ef47ea066f14e5effb41bf9f4b7ebd8d79641604b69a10323837e09474
01105,13,True,B2_W50,0.3857351354,0.1033085066,6,0,169,172.3605634,EXP-001,ds_16b6be697acb,ds_aa8808303afa,1465af7161a9053ca7df7d4d04572789911a5480,e41f63ef47ea066f14e5effb41bf9f4b7ebd8d79641604b69a10323837e09474
01106,13,True,B2_W50,0.3714399923,0.1020273755,6,0,176,171.4309859,EXP-001,ds_16b6be697acb,ds_aa8808303afa,1465af7161a9053ca7df7d4d04572789911a5480,e41f63ef47ea066f14e5effb41bf9f4b7ebd8d79641604b69a10323837e09474
01107,13,True,B2_W50,0.3734176014,0.1000589349,6,0,131,171.8197183,EXP-001,ds_16b6be697acb,ds_aa8808303afa,1465af7161a9053ca7df7d4d04572789911a5480,e41f63ef47ea066f14e5effb41bf9f4b7ebd8d79641604b69a10323837e09474
01108,13,True,B2_W50,0.3364920292,0.09512138645,6,0,138,171.8028169,EXP-001,ds_16b6be697acb,ds_aa8808303afa,1465af7161a9053ca7df7d4d04572789911a5480,e41f63ef47ea066f14e5effb41bf9f4b7ebd8d79641604b69a10323837e09474
01109,13,True,B2_W50,0.3525482416,0.0983190204,6,0,225,171.8197183,EXP-001,ds_16b6be697acb,ds_aa8808303afa,1465af7161a9053ca7df7d4d04572789911a5480,e41f63ef47ea066f14e5effb41bf9f4b7ebd8d79641604b69a10323837e09474
01110,13,True,B2_W50,0.3468835775,0.09767326108,6,0,188,174.2704225,EXP-001,ds_16b6be697acb,ds_aa8808303afa,1465af7161a9053ca7df7d4d04572789911a5480,e41f63ef47ea066f14e5effb41bf9f4b7ebd8d79641604b69a10323837e09474
01111,13,True,B2_W50,0.3286024371,0.09412071919,6,0,160,174.8112676,EXP-001,ds_16b6be697acb,ds_aa8808303afa,1465af7161a9053ca7df7d4d04572789911a5480,e41f63ef47ea066f14e5effb41bf9f4b7ebd8d79641604b69a10323837e09474
01112,13,True,B2_W50,0.3574461991,0.09908943031,6,0,172,173.7971831,EXP-001,ds_16b6be697acb,ds_aa8808303afa,1465af7161a9053ca7df7d4d04572789911a5480,e41f63ef47ea066f14e5effb41bf9f4b7ebd8d79641604b69a10323837e09474
01113,13,True,B2_W50,0.3855677984,0.1047246758,6,0,215,173.8647887,EXP-001,ds_16b6be697acb,ds_aa8808303afa,1465af7161a9053ca7df7d4d04572789911a5480,e41f63ef47ea066f14e5effb41bf9f4b7ebd8d79641604b69a10323837e09474
01114,13,True,B2_W50,0.3487244059,0.09723525275,6,0,198,174.0169014,EXP-001,ds_16b6be697acb,ds_aa8808303afa,1465af7161a9053ca7df7d4d04572789911a5480,e41f63ef47ea066f14e5effb41bf9f4b7ebd8d79641604b69a10323837e09474
01115,13,True,B2_W50,0.3266576684,0.09348534742,6,0,156,172.9014085,EXP-001,ds_16b6be697acb,ds_aa8808303afa,1465af7161a9053ca7df7d4d04572789911a5480,e41f63ef47ea066f14e5effb41bf9f4b7ebd8d79641604b69a10323837e09474
01116,13,True,B2_W50,0.3284595957,0.09423498224,6,0,201,173.0366197,EXP-001,ds_16b6be697acb,ds_aa8808303afa,1465af7161a9053ca7df7d4d04572789911a5480,e41f63ef47ea066f14e5effb41bf9f4b7ebd8d79641604b69a10323837e09474
01117,13,True,B2_W50,0.3482033463,0.09678685686,6,0,179,173.3577465,EXP-001,ds_16b6be697acb,ds_aa8808303afa,1465af7161a9053ca7df7d4d04572789911a5480,e41f63ef47ea066f14e5effb41bf9f4b7ebd8d79641604b69a10323837e09474
01118,13,True,B2_W50,0.3509784301,0.0991933058,6,0,150,173.9830986,EXP-001,ds_16b6be697acb,ds_aa8808303afa,1465af7161a9053ca7df7d4d04572789911a5480,e41f63ef47ea066f14e5effb41bf9f4b7ebd8d79641604b69a10323837e09474
01119,13,True,B2_W50,0.3819105821,0.1040893041,6,0,160,173.0873239,EXP-001,ds_16b6be697acb,ds_aa8808303afa,1465af7161a9053ca7df7d4d04572789911a5480,e41f63ef47ea066f14e5effb41bf9f4b7ebd8d79641604b69a10323837e09474
01120,13,True,B2_W50,0.3267055045,0.09413110674,6,0,150,172.6816901,EXP-001,ds_16b6be697acb,ds_aa8808303afa,1465af7161a9053ca7df7d4d04572789911a5480,e41f63ef47ea066f14e5effb41bf9f4b7ebd8d79641604b69a10323837e09474
01121,13,True,B2_W50,0.3639972632,0.100964383,6,0,202,170.9070423,EXP-001,ds_16b6be697acb,ds_aa8808303afa,1465af7161a9053ca7df7d4d04572789911a5480,e41f63ef47ea066f14e5effb41bf9f4b7ebd8d79641604b69a10323837e09474
01122,13,True,B2_W50,0.3288057623,0.09417265694,6,0,196,171.0760563,EXP-001,ds_16b6be697acb,ds_aa8808303afa,1465af7161a9053ca7df7d4d04572789911a5480,e41f63ef47ea066f14e5effb41bf9f4b7ebd8d79641604b69a10323837e09474
01123,13,True,B2_W50,0.3224781871,0.09308888929,6,0,145,170.9239437,EXP-001,ds_16b6be697acb,ds_aa8808303afa,1465af7161a9053ca7df7d4d04572789911a5480,e41f63ef47ea066f14e5effb41bf9f4b7ebd8d79641604b69a10323837e09474
01124,13,True,B2_W50,0.3660792332,0.1012344593,6,0,204,169.7577465,EXP-001,ds_16b6be697acb,ds_aa8808303afa,1465af7161a9053ca7df7d4d04572789911a5480,e41f63ef47ea066f14e5effb41bf9f4b7ebd8d79641604b69a10323837e09474
01125,13,True,B2_W50,0.3804370685,0.1042970551,6,0,121,170.6535211,EXP-001,ds_16b6be697acb,ds_aa8808303afa,1465af7161a9053ca7df7d4d04572789911a5480,e41f63ef47ea066f14e5effb41bf9f4b7ebd8d79641604b69a10323837e09474
01126,13,True,B2_W50,0.3444004441,0.0980991506,6,0,97,169.5042254,EXP-001,ds_16b6be697acb,ds_aa8808303afa,1465af7161a9053ca7df7d4d04572789911a5480,e41f63ef47ea066f14e5effb41bf9f4b7ebd8d79641604b69a10323837e09474
01127,13,True,B2_W50,0.3868105624,0.1041931796,6,0,180,168.3549296,EXP-001,ds_16b6be697acb,ds_aa8808303afa,1465af7161a9053ca7df7d4d04572789911a5480,e41f63ef47ea066f14e5effb41bf9f4b7ebd8d79641604b69a10323837e09474
01128,13,True,B2_W50,0.3527237824,0.09726641539,6,0,200,168.5577465,EXP-001,ds_16b6be697acb,ds_aa8808303afa,1465af7161a9053ca7df7d4d04572789911a5480,e41f63ef47ea066f14e5effb41bf9f4b7ebd8d79641604b69a10323837e09474
01129,13,True,B2_W50,0.3498307791,0.0960476096,6,0,165,170.1633803,EXP-001,ds_16b6be697acb,ds_aa8808303afa,1465af7161a9053ca7df7d4d04572789911a5480,e41f63ef47ea066f14e5effb41bf9f4b7ebd8d79641604b69a10323837e09474
01130,13,True,B2_W50,0.3417015163,0.09603722205,6,0,191,170.315493,EXP-001,ds_16b6be697acb,ds_aa8808303afa,1465af7161a9053ca7df7d4d04572789911a5480,e41f63ef47ea066f14e5effb41bf9f4b7ebd8d79641604b69a10323837e09474
01131,13,True,B2_W50,0.3466891038,0.09789139961,6,0,184,170.8056338,EXP-001,ds_16b6be697acb,ds_aa8808303afa,1465af7161a9053ca7df7d4d04572789911a5480,e41f63ef47ea066f14e5effb41bf9f4b7ebd8d79641604b69a10323837e09474
01132,13,True,B2_W50,0.3816366393,0.1039854286,6,0,211,170.0619718,EXP-001,ds_16b6be697acb,ds_aa8808303afa,1465af7161a9053ca7df7d4d04572789911a5480,e41f63ef47ea066f14e5effb41bf9f4b7ebd8d79641604b69a10323837e09474
01133,13,True,B2_W50,0.3717671809,0.101454329,6,0,171,171.4478873,EXP-001,ds_16b6be697acb,ds_aa8808303afa,1465af7161a9053ca7df7d4d04572789911a5480,e41f63ef47ea066f14e5effb41bf9f4b7ebd8d79641604b69a10323837e09474
01134,13,True,B2_W50,0.3409580335,0.09648561793,6,0,140,171.515493,EXP-001,ds_16b6be697acb,ds_aa8808303afa,1465af7161a9053ca7df7d4d04572789911a5480,e41f63ef47ea066f14e5effb41bf9f4b7ebd8d79641604b69a10323837e09474
01135,13,True,B2_W50,0.3665902926,0.1020585382,6,0,173,170.9408451,EXP-001,ds_16b6be697acb,ds_aa8808303afa,1465af7161a9053ca7df7d4d04572789911a5480,e41f63ef47ea066f14e5effb41bf9f4b7ebd8d79641604b69a10323837e09474
01136,13,True,B2_W50,0.3186507895,0.09227692918,6,0,95,170.3661972,EXP-001,ds_16b6be697acb,ds_aa8808303afa,1465af7161a9053ca7df7d4d04572789911a5480,e41f63ef47ea066f14e5effb41bf9f4b7ebd8d79641604b69a10323837e09474
01137,13,True,B2_W50,0.3352067608,0.0960683847,6,0,212,169.2,EXP-001,ds_16b6be697acb,ds_aa8808303afa,1465af7161a9053ca7df7d4d04572789911a5480,e41f63ef47ea066f14e5effb41bf9f4b7ebd8d79641604b69a10323837e09474
01138,13,True,B2_W50,0.3551378449,0.09918291825,6,0,173,169.8084507,EXP-001,ds_16b6be697acb,ds_aa8808303afa,1465af7161a9053ca7df7d4d04572789911a5480,e41f63ef47ea066f14e5effb41bf9f4b7ebd8d79641604b69a10323837e09474
01139,13,True,B2_W50,0.3571108817,0.1003809489,6,0,123,168.9802817,EXP-001,ds_16b6be697acb,ds_aa8808303afa,1465af7161a9053ca7df7d4d04572789911a5480,e41f63ef47ea066f14e5effb41bf9f4b7ebd8d79641604b69a10323837e09474
01140,13,True,B2_W50,0.3554353188,0.09970402698,6,0,192,168.3887324,EXP-001,ds_16b6be697acb,ds_aa8808303afa,1465af7161a9053ca7df7d4d04572789911a5480,e41f63ef47ea066f14e5effb41bf9f4b7ebd8d79641604b69a10323837e09474
01141,13,True,B2_W50,0.3249575822,0.09357883537,6,0,139,169.5549296,EXP-001,ds_16b6be697acb,ds_aa8808303afa,1465af7161a9053ca7df7d4d04572789911a5480,e41f63ef47ea066f14e5effb41bf9f4b7ebd8d79641604b69a10323837e09474
01142,13,True,B2_W50,0.3419634047,0.09607877225,6,0,182,170.3830986,EXP-001,ds_16b6be697acb,ds_aa8808303afa,1465af7161a9053ca7df7d4d04572789911a5480,e41f63ef47ea066f14e5effb41bf9f4b7ebd8d79641604b69a10323837e09474
01143,13,True,B2_W50,0.3224227081,0.09230809183,6,0,201,170.4338028,EXP-001,ds_16b6be697acb,ds_aa8808303afa,1465af7161a9053ca7df7d4d04572789911a5480,e41f63ef47ea066f14e5effb41bf9f4b7ebd8d79641604b69a10323837e09474
01144,13,True,B2_W50,0.327584588,0.09367232331,6,0,216,171.3464789,EXP-001,ds_16b6be697acb,ds_aa8808303afa,1465af7161a9053ca7df7d4d04572789911a5480,e41f63ef47ea066f14e5effb41bf9f4b7ebd8d79641604b69a10323837e09474
01145,13,True,B2_W50,0.3643609814,0.1017244053,6,0,151,172.1070423,EXP-001,ds_16b6be697acb,ds_aa8808303afa,1465af7161a9053ca7df7d4d04572789911a5480,e41f63ef47ea066f14e5effb41bf9f4b7ebd8d79641604b69a10323837e09474
01146,13,True,B2_W50,0.3594065198,0.1010163207,6,0,185,171.143662,EXP-001,ds_16b6be697acb,ds_aa8808303afa,1465af7161a9053ca7df7d4d04572789911a5480,e41f63ef47ea066f14e5effb41bf9f4b7ebd8d79641604b69a10323837e09474
01147,13,True,B2_W50,0.3534144167,0.09549533823,6,0,211,171.6,EXP-001,ds_16b6be697acb,ds_aa8808303afa,1465af7161a9053ca7df7d4d04572789911a5480,e41f63ef47ea066f14e5effb41bf9f4b7ebd8d79641604b69a10323837e09474
01148,13,True,B2_W50,0.3480814721,0.09871374727,6,0,188,172.8169014,EXP-001,ds_16b6be697acb,ds_aa8808303afa,1465af7161a9053ca7df7d4d04572789911a5480,e41f63ef47ea066f14e5effb41bf9f4b7ebd8d79641604b69a10323837e09474
01149,13,True,B2_W50,0.358692682,0.09997410326,6,0,202,173.9661972,EXP-001,ds_16b6be697acb,ds_aa8808303afa,1465af7161a9053ca7df7d4d04572789911a5480,e41f63ef47ea066f14e5effb41bf9f4b7ebd8d79641604b69a10323837e09474
01150,13,True,B2_W50,0.3496508428,0.09865142198,6,0,124,173.3746479,EXP-001,ds_16b6be697acb,ds_aa8808303afa,1465af7161a9053ca7df7d4d04572789911a5480,e41f63ef47ea066f14e5effb41bf9f4b7ebd8d79641604b69a10323837e09474
01151,14,True,B2_W50,0.3809136737,0.1029847613,6,0,148,171.9211268,EXP-001,ds_16b6be697acb,ds_aa8808303afa,1465af7161a9053ca7df7d4d04572789911a5480,e41f63ef47ea066f14e5effb41bf9f4b7ebd8d79641604b69a10323837e09474
01152,14,True,B2_W50,0.3236442812,0.0918493084,6,0,250,171.971831,EXP-001,ds_16b6be697acb,ds_aa8808303afa,1465af7161a9053ca7df7d4d04572789911a5480,e41f63ef47ea066f14e5effb41bf9f4b7ebd8d79641604b69a10323837e09474
01153,14,True,B2_W50,0.3610627907,0.100401724,6,0,180,172.9014085,EXP-001,ds_16b6be697acb,ds_aa8808303afa,1465af7161a9053ca7df7d4d04572789911a5480,e41f63ef47ea066f14e5effb41bf9f4b7ebd8d79641604b69a10323837e09474
01154,14,True,B2_W50,0.3679868578,0.1022974518,6,0,167,173.256338,EXP-001,ds_16b6be697acb,ds_aa8808303afa,1465af7161a9053ca7df7d4d04572789911a5480,e41f63ef47ea066f14e5effb41bf9f4b7ebd8d79641604b69a10323837e09474
01155,14,True,B2_W50,0.3996153755,0.1041100792,6,0,101,172.8507042,EXP-001,ds_16b6be697acb,ds_aa8808303afa,1465af7161a9053ca7df7d4d04572789911a5480,e41f63ef47ea066f14e5effb41bf9f4b7ebd8d79641604b69a10323837e09474
01156,14,True,B2_W50,0.334574826,0.09479764116,6,0,102,171.7014085,EXP-001,ds_16b6be697acb,ds_aa8808303afa,1465af7161a9053ca7df7d4d04572789911a5480,e41f63ef47ea066f14e5effb41bf9f4b7ebd8d79641604b69a10323837e09474
01157,14,True,B2_W50,0.3611261235,0.1009747705,6,0,162,170.4507042,EXP-001,ds_16b6be697acb,ds_aa8808303afa,1465af7161a9053ca7df7d4d04572789911a5480,e41f63ef47ea066f14e5effb41bf9f4b7ebd8d79641604b69a10323837e09474
01158,14,True,B2_W50,0.3541785008,0.09904788011,6,0,187,170.9746479,EXP-001,ds_16b6be697acb,ds_aa8808303afa,1465af7161a9053ca7df7d4d04572789911a5480,e41f63ef47ea066f14e5effb41bf9f4b7ebd8d79641604b69a10323837e09474
01159,14,True,B2_W50,0.3790921516,0.1040062037,6,0,187,171.8028169,EXP-001,ds_16b6be697acb,ds_aa8808303afa,1465af7161a9053ca7df7d4d04572789911a5480,e41f63ef47ea066f14e5effb41bf9f4b7ebd8d79641604b69a10323837e09474
01160,14,True,B2_W50,0.3275158442,0.09355806027,6,0,156,171.1605634,EXP-001,ds_16b6be697acb,ds_aa8808303afa,1465af7161a9053ca7df7d4d04572789911a5480,e41f63ef47ea066f14e5effb41bf9f4b7ebd8d79641604b69a10323837e09474
01161,14,True,B2_W50,0.3300538483,0.09547456313,6,0,225,170.6197183,EXP-001,ds_16b6be697acb,ds_aa8808303afa,1465af7161a9053ca7df7d4d04572789911a5480,e41f63ef47ea066f14e5effb41bf9f4b7ebd8d79641604b69a10323837e09474
01162,14,True,B2_W50,0.3330632974,0.09482880381,6,0,140,171.7183099,EXP-001,ds_16b6be697acb,ds_aa8808303afa,1465af7161a9053ca7df7d4d04572789911a5480,e41f63ef47ea066f14e5effb41bf9f4b7ebd8d79641604b69a10323837e09474
01163,14,True,B2_W50,0.34838819,0.09851638383,6,0,189,171.1774648,EXP-001,ds_16b6be697acb,ds_aa8808303afa,1465af7161a9053ca7df7d4d04572789911a5480,e41f63ef47ea066f14e5effb41bf9f4b7ebd8d79641604b69a10323837e09474
01164,14,True,B2_W50,0.3347228533,0.09548495068,6,0,206,170.7380282,EXP-001,ds_16b6be697acb,ds_aa8808303afa,1465af7161a9053ca7df7d4d04572789911a5480,e41f63ef47ea066f14e5effb41bf9f4b7ebd8d79641604b69a10323837e09474
01165,14,True,B2_W50,0.3607161867,0.1009332203,6,0,174,170.8732394,EXP-001,ds_16b6be697acb,ds_aa8808303afa,1465af7161a9053ca7df7d4d04572789911a5480,e41f63ef47ea066f14e5effb41bf9f4b7ebd8d79641604b69a10323837e09474
01166,14,True,B2_W50,0.344231007,0.09783946187,6,0,153,171.1774648,EXP-001,ds_16b6be697acb,ds_aa8808303afa,1465af7161a9053ca7df7d4d04572789911a5480,e41f63ef47ea066f14e5effb41bf9f4b7ebd8d79641604b69a10323837e09474
01167,14,True,B2_W50,0.3721570833,0.102714685,6,0,223,170.3661972,EXP-001,ds_16b6be697acb,ds_aa8808303afa,1465af7161a9053ca7df7d4d04572789911a5480,e41f63ef47ea066f14e5effb41bf9f4b7ebd8d79641604b69a10323837e09474
01168,14,True,B2_W50,0.3637845823,0.1002355233,6,0,171,171.1098592,EXP-001,ds_16b6be697acb,ds_aa8808303afa,1465af7161a9053ca7df7d4d04572789911a5480,e41f63ef47ea066f14e5effb41bf9f4b7ebd8d79641604b69a10323837e09474
01169,14,True,B2_W50,0.3717248964,0.1007774071,6,0,200,171.4647887,EXP-001,ds_16b6be697acb,ds_aa8808303afa,1465af7161a9053ca7df7d4d04572789911a5480,e41f63ef47ea066f14e5effb41bf9f4b7ebd8d79641604b69a10323837e09474
01170,14,True,B2_W50,0.3484413692,0.09818398225,6,0,152,172.1408451,EXP-001,ds_16b6be697acb,ds_aa8808303afa,1465af7161a9053ca7df7d4d04572789911a5480,e41f63ef47ea066f14e5effb41bf9f4b7ebd8d79641604b69a10323837e09474
01171,14,True,B2_W50,0.3560728219,0.09874664118,6,0,177,172.1746479,EXP-001,ds_16b6be697acb,ds_aa8808303afa,1465af7161a9053ca7df7d4d04572789911a5480,e41f63ef47ea066f14e5effb41bf9f4b7ebd8d79641604b69a10323837e09474
01172,14,True,B2_W50,0.3253750585,0.09386103046,6,0,227,171.7521127,EXP-001,ds_16b6be697acb,ds_aa8808303afa,1465af7161a9053ca7df7d4d04572789911a5480,e41f63ef47ea066f14e5effb41bf9f4b7ebd8d79641604b69a10323837e09474
01173,14,True,B2_W50,0.3402063613,0.09629864204,6,0,180,172.2760563,EXP-001,ds_16b6be697acb,ds_aa8808303afa,1465af7161a9053ca7df7d4d04572789911a5480,e41f63ef47ea066f14e5effb41bf9f4b7ebd8d79641604b69a10323837e09474
01174,14,True,B2_W50,0.342475465,0.09689246362,6,0,181,172.8676056,EXP-001,ds_16b6be697acb,ds_aa8808303afa,1465af7161a9053ca7df7d4d04572789911a5480,e41f63ef47ea066f14e5effb41bf9f4b7ebd8d79641604b69a10323837e09474
01175,14,True,B2_W50,0.3220223647,0.09326720889,6,0,179,172.4788732,EXP-001,ds_16b6be697acb,ds_aa8808303afa,1465af7161a9053ca7df7d4d04572789911a5480,e41f63ef47ea066f14e5effb41bf9f4b7ebd8d79641604b69a10323837e09474
01176,14,True,B2_W50,0.354955246,0.09953782619,6,0,170,173.4591549,EXP-001,ds_16b6be697acb,ds_aa8808303afa,1465af7161a9053ca7df7d4d04572789911a5480,e41f63ef47ea066f14e5effb41bf9f4b7ebd8d79641604b69a10323837e09474
01177,14,True,B2_W50,0.3521811705,0.09894400462,6,0,173,174.6929577,EXP-001,ds_16b6be697acb,ds_aa8808303afa,1465af7161a9053ca7df7d4d04572789911a5480,e41f63ef47ea066f14e5effb41bf9f4b7ebd8d79641604b69a10323837e09474
01178,14,True,B2_W50,0.3491830994,0.09832940795,6,0,169,174.5746479,EXP-001,ds_16b6be697acb,ds_aa8808303afa,1465af7161a9053ca7df7d4d04572789911a5480,e41f63ef47ea066f14e5effb41bf9f4b7ebd8d79641604b69a10323837e09474
01179,14,True,B2_W50,0.3652907896,0.1001835855,6,0,154,174.0507042,EXP-001,ds_16b6be697acb,ds_aa8808303afa,1465af7161a9053ca7df7d4d04572789911a5480,e41f63ef47ea066f14e5effb41bf9f4b7ebd8d79641604b69a10323837e09474
01180,14,True,B2_W50,0.3365877147,0.09526681214,6,0,201,173.8647887,EXP-001,ds_16b6be697acb,ds_aa8808303afa,1465af7161a9053ca7df7d4d04572789911a5480,e41f63ef47ea066f14e5effb41bf9f4b7ebd8d79641604b69a10323837e09474
01181,14,True,B2_W50,0.3415851403,0.09666220627,6,0,144,174.0338028,EXP-001,ds_16b6be697acb,ds_aa8808303afa,1465af7161a9053ca7df7d4d04572789911a5480,e41f63ef47ea066f14e5effb41bf9f4b7ebd8d79641604b69a10323837e09474
01182,14,True,B2_W50,0.3635561987,0.1016516925,6,0,165,173.3577465,EXP-001,ds_16b6be697acb,ds_aa8808303afa,1465af7161a9053ca7df7d4d04572789911a5480,e41f63ef47ea066f14e5effb41bf9f4b7ebd8d79641604b69a10323837e09474
01183,14,True,B2_W50,0.3622980118,0.1010267083,6,0,131,172.5802817,EXP-001,ds_16b6be697acb,ds_aa8808303afa,1465af7161a9053ca7df7d4d04572789911a5480,e41f63ef47ea066f14e5effb41bf9f4b7ebd8d79641604b69a10323837e09474
01184,14,True,B2_W50,0.3550228752,0.09905826766,6,0,175,171.9042254,EXP-001,ds_16b6be697acb,ds_aa8808303afa,1465af7161a9053ca7df7d4d04572789911a5480,e41f63ef47ea066f14e5effb41bf9f4b7ebd8d79641604b69a10323837e09474
01185,14,True,B2_W50,0.3335753892,0.09534991254,6,0,170,172.4957746,EXP-001,ds_16b6be697acb,ds_aa8808303afa,1465af7161a9053ca7df7d4d04572789911a5480,e41f63ef47ea066f14e5effb41bf9f4b7ebd8d79641604b69a10323837e09474
01186,14,True,B2_W50,0.3765952373,0.1034227697,6,0,150,172.4450704,EXP-001,ds_16b6be697acb,ds_aa8808303afa,1465af7161a9053ca7df7d4d04572789911a5480,e41f63ef47ea066f14e5effb41bf9f4b7ebd8d79641604b69a10323837e09474
01187,14,True,B2_W50,0.322602909,0.09362038557,6,0,177,173.3746479,EXP-001,ds_16b6be697acb,ds_aa8808303afa,1465af7161a9053ca7df7d4d04572789911a5480,e41f63ef47ea066f14e5effb41bf9f4b7ebd8d79641604b69a10323837e09474
01188,14,True,B2_W50,0.346801086,0.09858909668,6,0,155,172.7830986,EXP-001,ds_16b6be697acb,ds_aa8808303afa,1465af7161a9053ca7df7d4d04572789911a5480,e41f63ef47ea066f14e5effb41bf9f4b7ebd8d79641604b69a10323837e09474
01189,14,True,B2_W50,0.350845974,0.09924524355,6,0,182,172.4788732,EXP-001,ds_16b6be697acb,ds_aa8808303afa,1465af7161a9053ca7df7d4d04572789911a5480,e41f63ef47ea066f14e5effb41bf9f4b7ebd8d79641604b69a10323837e09474
01190,14,True,B2_W50,0.4173102285,0.1072350003,6,0,175,173.4760563,EXP-001,ds_16b6be697acb,ds_aa8808303afa,1465af7161a9053ca7df7d4d04572789911a5480,e41f63ef47ea066f14e5effb41bf9f4b7ebd8d79641604b69a10323837e09474
00501,1,False,B2_W100,0.3420408426,0.09726146495,6,0,161,165.0503817,EXP-001,ds_16b6be697acb,ds_aa8808303afa,1465af7161a9053ca7df7d4d04572789911a5480,e41f63ef47ea066f14e5effb41bf9f4b7ebd8d79641604b69a10323837e09474
00502,1,False,B2_W100,0.3485651197,0.0985755651,6,0,157,165.0045802,EXP-001,ds_16b6be697acb,ds_aa8808303afa,1465af7161a9053ca7df7d4d04572789911a5480,e41f63ef47ea066f14e5effb41bf9f4b7ebd8d79641604b69a10323837e09474
00503,1,False,B2_W100,0.3846953261,0.1039387618,6,0,171,164.7938931,EXP-001,ds_16b6be697acb,ds_aa8808303afa,1465af7161a9053ca7df7d4d04572789911a5480,e41f63ef47ea066f14e5effb41bf9f4b7ebd8d79641604b69a10323837e09474
00504,1,False,B2_W100,0.3576707194,0.09924176913,6,0,171,164.6015267,EXP-001,ds_16b6be697acb,ds_aa8808303afa,1465af7161a9053ca7df7d4d04572789911a5480,e41f63ef47ea066f14e5effb41bf9f4b7ebd8d79641604b69a10323837e09474
00505,1,False,B2_W100,0.3372875569,0.0962407997,6,0,161,164.4641221,EXP-001,ds_16b6be697acb,ds_aa8808303afa,1465af7161a9053ca7df7d4d04572789911a5480,e41f63ef47ea066f14e5effb41bf9f4b7ebd8d79641604b69a10323837e09474
00506,1,False,B2_W100,0.3170600457,0.09158652547,6,0,125,164.519084,EXP-001,ds_16b6be697acb,ds_aa8808303afa,1465af7161a9053ca7df7d4d04572789911a5480,e41f63ef47ea066f14e5effb41bf9f4b7ebd8d79641604b69a10323837e09474
00507,1,False,B2_W100,0.3407887452,0.09634759576,6,0,185,163.7312977,EXP-001,ds_16b6be697acb,ds_aa8808303afa,1465af7161a9053ca7df7d4d04572789911a5480,e41f63ef47ea066f14e5effb41bf9f4b7ebd8d79641604b69a10323837e09474
00508,1,False,B2_W100,0.347627295,0.09801310583,6,0,195,164.3267176,EXP-001,ds_16b6be697acb,ds_aa8808303afa,1465af7161a9053ca7df7d4d04572789911a5480,e41f63ef47ea066f14e5effb41bf9f4b7ebd8d79641604b69a10323837e09474
00509,1,False,B2_W100,0.3371517188,0.09601449375,6,0,129,164.519084,EXP-001,ds_16b6be697acb,ds_aa8808303afa,1465af7161a9053ca7df7d4d04572789911a5480,e41f63ef47ea066f14e5effb41bf9f4b7ebd8d79641604b69a10323837e09474
00510,1,False,B2_W100,0.3571585549,0.09935161651,6,0,184,164.0977099,EXP-001,ds_16b6be697acb,ds_aa8808303afa,1465af7161a9053ca7df7d4d04572789911a5480,e41f63ef47ea066f14e5effb41bf9f4b7ebd8d79641604b69a10323837e09474
00511,1,False,B2_W100,0.3625807253,0.1000300258,6,0,172,163.8320611,EXP-001,ds_16b6be697acb,ds_aa8808303afa,1465af7161a9053ca7df7d4d04572789911a5480,e41f63ef47ea066f14e5effb41bf9f4b7ebd8d79641604b69a10323837e09474
00512,1,False,B2_W100,0.3648064844,0.1003234607,6,0,167,164.1709924,EXP-001,ds_16b6be697acb,ds_aa8808303afa,1465af7161a9053ca7df7d4d04572789911a5480,e41f63ef47ea066f14e5effb41bf9f4b7ebd8d79641604b69a10323837e09474
00513,1,False,B2_W100,0.3378435414,0.09628656944,6,0,202,164.4366412,EXP-001,ds_16b6be697acb,ds_aa8808303afa,1465af7161a9053ca7df7d4d04572789911a5480,e41f63ef47ea066f14e5effb41bf9f4b7ebd8d79641604b69a10323837e09474
00514,1,False,B2_W100,0.3533573204,0.09932110335,6,0,172,165.1145038,EXP-001,ds_16b6be697acb,ds_aa8808303afa,1465af7161a9053ca7df7d4d04572789911a5480,e41f63ef47ea066f14e5effb41bf9f4b7ebd8d79641604b69a10323837e09474
00515,1,False,B2_W100,0.3530164795,0.09933330861,6,0,156,165.6183206,EXP-001,ds_16b6be697acb,ds_aa8808303afa,1465af7161a9053ca7df7d4d04572789911a5480,e41f63ef47ea066f14e5effb41bf9f4b7ebd8d79641604b69a10323837e09474
00516,1,False,B2_W100,0.3808031676,0.1036209163,6,0,190,165.1419847,EXP-001,ds_16b6be697acb,ds_aa8808303afa,1465af7161a9053ca7df7d4d04572789911a5480,e41f63ef47ea066f14e5effb41bf9f4b7ebd8d79641604b69a10323837e09474
00517,1,False,B2_W100,0.3522343716,0.09821194993,6,0,186,165.1969466,EXP-001,ds_16b6be697acb,ds_aa8808303afa,1465af7161a9053ca7df7d4d04572789911a5480,e41f63ef47ea066f14e5effb41bf9f4b7ebd8d79641604b69a10323837e09474
00518,1,False,B2_W100,0.3508541758,0.09856946247,6,0,139,165.8748092,EXP-001,ds_16b6be697acb,ds_aa8808303afa,1465af7161a9053ca7df7d4d04572789911a5480,e41f63ef47ea066f14e5effb41bf9f4b7ebd8d79641604b69a10323837e09474
00519,1,False,B2_W100,0.3283044405,0.09424218762,6,0,197,165.4259542,EXP-001,ds_16b6be697acb,ds_aa8808303afa,1465af7161a9053ca7df7d4d04572789911a5480,e41f63ef47ea066f14e5effb41bf9f4b7ebd8d79641604b69a10323837e09474
00520,1,False,B2_W100,0.3555129554,0.09995374289,6,0,193,166.048855,EXP-001,ds_16b6be697acb,ds_aa8808303afa,1465af7161a9053ca7df7d4d04572789911a5480,e41f63ef47ea066f14e5effb41bf9f4b7ebd8d79641604b69a10323837e09474
00521,1,False,B2_W100,0.3621195314,0.1002624344,6,0,96,167.1664122,EXP-001,ds_16b6be697acb,ds_aa8808303afa,1465af7161a9053ca7df7d4d04572789911a5480,e41f63ef47ea066f14e5effb41bf9f4b7ebd8d79641604b69a10323837e09474
00522,1,False,B2_W100,0.3625688088,0.100552818,6,0,157,166.470229,EXP-001,ds_16b6be697acb,ds_aa8808303afa,1465af7161a9053ca7df7d4d04572789911a5480,e41f63ef47ea066f14e5effb41bf9f4b7ebd8d79641604b69a10323837e09474
00523,1,False,B2_W100,0.3612093105,0.100219716,6,0,155,166.1038168,EXP-001,ds_16b6be697acb,ds_aa8808303afa,1465af7161a9053ca7df7d4d04572789911a5480,e41f63ef47ea066f14e5effb41bf9f4b7ebd8d79641604b69a10323837e09474
00524,1,False,B2_W100,0.350908533,0.0978574887,6,0,139,166.1496183,EXP-001,ds_16b6be697acb,ds_aa8808303afa,1465af7161a9053ca7df7d4d04572789911a5480,e41f63ef47ea066f14e5effb41bf9f4b7ebd8d79641604b69a10323837e09474
00525,1,False,B2_W100,0.3214199864,0.09288536905,6,0,177,165.480916,EXP-001,ds_16b6be697acb,ds_aa8808303afa,1465af7161a9053ca7df7d4d04572789911a5480,e41f63ef47ea066f14e5effb41bf9f4b7ebd8d79641604b69a10323837e09474
00526,1,False,B2_W100,0.3415210824,0.09658000434,6,0,176,164.8305344,EXP-001,ds_16b6be697acb,ds_aa8808303afa,1465af7161a9053ca7df7d4d04572789911a5480,e41f63ef47ea066f14e5effb41bf9f4b7ebd8d79641604b69a10323837e09474
00527,1,False,B2_W100,0.3341216428,0.09494500744,6,0,202,164.9862595,EXP-001,ds_16b6be697acb,ds_aa8808303afa,1465af7161a9053ca7df7d4d04572789911a5480,e41f63ef47ea066f14e5effb41bf9f4b7ebd8d79641604b69a10323837e09474
00528,1,False,B2_W100,0.3651815756,0.1009896647,6,0,187,165.5541985,EXP-001,ds_16b6be697acb,ds_aa8808303afa,1465af7161a9053ca7df7d4d04572789911a5480,e41f63ef47ea066f14e5effb41bf9f4b7ebd8d79641604b69a10323837e09474
00529,1,False,B2_W100,0.3436036387,0.09734385049,6,0,161,165.4717557,EXP-001,ds_16b6be697acb,ds_aa8808303afa,1465af7161a9053ca7df7d4d04572789911a5480,e41f63ef47ea066f14e5effb41bf9f4b7ebd8d79641604b69a10323837e09474
00530,1,False,B2_W100,0.3323930201,0.09466988044,6,0,196,165.5633588,EXP-001,ds_16b6be697acb,ds_aa8808303afa,1465af7161a9053ca7df7d4d04572789911a5480,e41f63ef47ea066f14e5effb41bf9f4b7ebd8d79641604b69a10323837e09474
00531,1,False,B2_W100,0.3406316451,0.09670205699,6,0,181,166.1954198,EXP-001,ds_16b6be697acb,ds_aa8808303afa,1465af7161a9053ca7df7d4d04572789911a5480,e41f63ef47ea066f14e5effb41bf9f4b7ebd8d79641604b69a10323837e09474
00532,1,False,B2_W100,0.3727392968,0.1016955359,6,0,223,165.9389313,EXP-001,ds_16b6be697acb,ds_aa8808303afa,1465af7161a9053ca7df7d4d04572789911a5480,e41f63ef47ea066f14e5effb41bf9f4b7ebd8d79641604b69a10323837e09474
00533,1,False,B2_W100,0.3595835449,0.09935466783,6,0,188,166.1587786,EXP-001,ds_16b6be697acb,ds_aa8808303afa,1465af7161a9053ca7df7d4d04572789911a5480,e41f63ef47ea066f14e5effb41bf9f4b7ebd8d79641604b69a10323837e09474
00534,1,False,B2_W100,0.3865757485,0.1036880453,6,0,152,166.4061069,EXP-001,ds_16b6be697acb,ds_aa8808303afa,1465af7161a9053ca7df7d4d04572789911a5480,e41f63ef47ea066f14e5effb41bf9f4b7ebd8d79641604b69a10323837e09474
00535,1,False,B2_W100,0.3452524638,0.09730113206,6,0,94,166.3145038,EXP-001,ds_16b6be697acb,ds_aa8808303afa,1465af7161a9053ca7df7d4d04572789911a5480,e41f63ef47ea066f14e5effb41bf9f4b7ebd8d79641604b69a10323837e09474
00536,1,False,B2_W100,0.3611177578,0.1003082041,6,0,178,166.0396947,EXP-001,ds_16b6be697acb,ds_aa8808303afa,1465af7161a9053ca7df7d4d04572789911a5480,e41f63ef47ea066f14e5effb41bf9f4b7ebd8d79641604b69a10323837e09474
00537,1,False,B2_W100,0.329382622,0.09429406,6,0,269,166.1312977,EXP-001,ds_16b6be697acb,ds_aa8808303afa,1465af7161a9053ca7df7d4d04572789911a5480,e41f63ef47ea066f14e5effb41bf9f4b7ebd8d79641604b69a10323837e09474
00538,1,False,B2_W100,0.3359647084,0.09565087858,6,0,181,167.1938931,EXP-001,ds_16b6be697acb,ds_aa8808303afa,1465af7161a9053ca7df7d4d04572789911a5480,e41f63ef47ea066f14e5effb41bf9f4b7ebd8d79641604b69a10323837e09474
00539,1,False,B2_W100,0.3325242867,0.09536049499,6,0,157,167.5419847,EXP-001,ds_16b6be697acb,ds_aa8808303afa,1465af7161a9053ca7df7d4d04572789911a5480,e41f63ef47ea066f14e5effb41bf9f4b7ebd8d79641604b69a10323837e09474
00540,1,False,B2_W100,0.3438390446,0.09704431295,6,0,135,167.1572519,EXP-001,ds_16b6be697acb,ds_aa8808303afa,1465af7161a9053ca7df7d4d04572789911a5480,e41f63ef47ea066f14e5effb41bf9f4b7ebd8d79641604b69a10323837e09474
00541,1,False,B2_W100,0.3386871346,0.09573326411,6,0,113,166.7083969,EXP-001,ds_16b6be697acb,ds_aa8808303afa,1465af7161a9053ca7df7d4d04572789911a5480,e41f63ef47ea066f14e5effb41bf9f4b7ebd8d79641604b69a10323837e09474
00542,1,False,B2_W100,0.3320529351,0.09508536799,6,0,112,165.9114504,EXP-001,ds_16b6be697acb,ds_aa8808303afa,1465af7161a9053ca7df7d4d04572789911a5480,e41f63ef47ea066f14e5effb41bf9f4b7ebd8d79641604b69a10323837e09474
00543,1,False,B2_W100,0.3505760284,0.09845910654,6,0,112,165.8656489,EXP-001,ds_16b6be697acb,ds_aa8808303afa,1465af7161a9053ca7df7d4d04572789911a5480,e41f63ef47ea066f14e5effb41bf9f4b7ebd8d79641604b69a10323837e09474
00544,1,False,B2_W100,0.3645238346,0.1004363594,6,0,157,165.0961832,EXP-001,ds_16b6be697acb,ds_aa8808303afa,1465af7161a9053ca7df7d4d04572789911a5480,e41f63ef47ea066f14e5effb41bf9f4b7ebd8d79641604b69a10323837e09474
00545,1,False,B2_W100,0.353716043,0.09870066906,6,0,196,165.6732824,EXP-001,ds_16b6be697acb,ds_aa8808303afa,1465af7161a9053ca7df7d4d04572789911a5480,e41f63ef47ea066f14e5effb41bf9f4b7ebd8d79641604b69a10323837e09474
00546,1,False,B2_W100,0.3558714145,0.09964505141,6,0,173,165.8839695,EXP-001,ds_16b6be697acb,ds_aa8808303afa,1465af7161a9053ca7df7d4d04572789911a5480,e41f63ef47ea066f14e5effb41bf9f4b7ebd8d79641604b69a10323837e09474
00547,1,False,B2_W100,0.3592988469,0.09996289684,6,0,243,166.4244275,EXP-001,ds_16b6be697acb,ds_aa8808303afa,1465af7161a9053ca7df7d4d04572789911a5480,e41f63ef47ea066f14e5effb41bf9f4b7ebd8d79641604b69a10323837e09474
00548,1,False,B2_W100,0.3549115223,0.09928143624,6,0,129,166.8549618,EXP-001,ds_16b6be697acb,ds_aa8808303afa,1465af7161a9053ca7df7d4d04572789911a5480,e41f63ef47ea066f14e5effb41bf9f4b7ebd8d79641604b69a10323837e09474
00549,1,False,B2_W100,0.3739176284,0.1022702004,6,0,216,166.9282443,EXP-001,ds_16b6be697acb,ds_aa8808303afa,1465af7161a9053ca7df7d4d04572789911a5480,e41f63ef47ea066f14e5effb41bf9f4b7ebd8d79641604b69a10323837e09474
00550,1,False,B2_W100,0.3371013202,0.0962224918,6,0,198,168.1282443,EXP-001,ds_16b6be697acb,ds_aa8808303afa,1465af7161a9053ca7df7d4d04572789911a5480,e41f63ef47ea066f14e5effb41bf9f4b7ebd8d79641604b69a10323837e09474
00551,2,False,B2_W100,0.3452161754,0.09720348994,6,0,133,168.2290076,EXP-001,ds_16b6be697acb,ds_aa8808303afa,1465af7161a9053ca7df7d4d04572789911a5480,e41f63ef47ea066f14e5effb41bf9f4b7ebd8d79641604b69a10323837e09474
00552,2,False,B2_W100,0.3464921272,0.09751828406,6,0,160,168.5862595,EXP-001,ds_16b6be697acb,ds_aa8808303afa,1465af7161a9053ca7df7d4d04572789911a5480,e41f63ef47ea066f14e5effb41bf9f4b7ebd8d79641604b69a10323837e09474
00553,2,False,B2_W100,0.3439534507,0.09751523274,6,0,228,168.6870229,EXP-001,ds_16b6be697acb,ds_aa8808303afa,1465af7161a9053ca7df7d4d04572789911a5480,e41f63ef47ea066f14e5effb41bf9f4b7ebd8d79641604b69a10323837e09474
00554,2,False,B2_W100,0.3509656708,0.09818448808,6,0,220,169.2183206,EXP-001,ds_16b6be697acb,ds_aa8808303afa,1465af7161a9053ca7df7d4d04572789911a5480,e41f63ef47ea066f14e5effb41bf9f4b7ebd8d79641604b69a10323837e09474
00555,2,False,B2_W100,0.3545535368,0.09917158886,6,0,150,169.4473282,EXP-001,ds_16b6be697acb,ds_aa8808303afa,1465af7161a9053ca7df7d4d04572789911a5480,e41f63ef47ea066f14e5effb41bf9f4b7ebd8d79641604b69a10323837e09474
00556,2,False,B2_W100,0.3636937121,0.1004643298,6,0,159,169.1267176,EXP-001,ds_16b6be697acb,ds_aa8808303afa,1465af7161a9053ca7df7d4d04572789911a5480,e41f63ef47ea066f14e5effb41bf9f4b7ebd8d79641604b69a10323837e09474
00557,2,False,B2_W100,0.3281985838,0.09372905796,6,0,167,169.0625954,EXP-001,ds_16b6be697acb,ds_aa8808303afa,1465af7161a9053ca7df7d4d04572789911a5480,e41f63ef47ea066f14e5effb41bf9f4b7ebd8d79641604b69a10323837e09474
00558,2,False,B2_W100,0.3648918937,0.1004429706,6,0,116,169.3282443,EXP-001,ds_16b6be697acb,ds_aa8808303afa,1465af7161a9053ca7df7d4d04572789911a5480,e41f63ef47ea066f14e5effb41bf9f4b7ebd8d79641604b69a10323837e09474
00559,2,False,B2_W100,0.33051904,0.09444713436,6,0,147,168.7694656,EXP-001,ds_16b6be697acb,ds_aa8808303afa,1465af7161a9053ca7df7d4d04572789911a5480,e41f63ef47ea066f14e5effb41bf9f4b7ebd8d79641604b69a10323837e09474
00560,2,False,B2_W100,0.3394474168,0.09645490038,6,0,181,168.751145,EXP-001,ds_16b6be697acb,ds_aa8808303afa,1465af7161a9053ca7df7d4d04572789911a5480,e41f63ef47ea066f14e5effb41bf9f4b7ebd8d79641604b69a10323837e09474
00561,2,False,B2_W100,0.3394561753,0.09615231153,6,0,174,169.4473282,EXP-001,ds_16b6be697acb,ds_aa8808303afa,1465af7161a9053ca7df7d4d04572789911a5480,e41f63ef47ea066f14e5effb41bf9f4b7ebd8d79641604b69a10323837e09474
00562,2,False,B2_W100,0.3444250134,0.09718213073,6,0,226,169.7221374,EXP-001,ds_16b6be697acb,ds_aa8808303afa,1465af7161a9053ca7df7d4d04572789911a5480,e41f63ef47ea066f14e5effb41bf9f4b7ebd8d79641604b69a10323837e09474
00563,2,False,B2_W100,0.3578496213,0.09918684544,6,0,115,170.0427481,EXP-001,ds_16b6be697acb,ds_aa8808303afa,1465af7161a9053ca7df7d4d04572789911a5480,e41f63ef47ea066f14e5effb41bf9f4b7ebd8d79641604b69a10323837e09474
00564,2,False,B2_W100,0.3682442988,0.1018394563,6,0,132,169.2366412,EXP-001,ds_16b6be697acb,ds_aa8808303afa,1465af7161a9053ca7df7d4d04572789911a5480,e41f63ef47ea066f14e5effb41bf9f4b7ebd8d79641604b69a10323837e09474
00565,2,False,B2_W100,0.368206893,0.1017814813,6,0,246,168.9526718,EXP-001,ds_16b6be697acb,ds_aa8808303afa,1465af7161a9053ca7df7d4d04572789911a5480,e41f63ef47ea066f14e5effb41bf9f4b7ebd8d79641604b69a10323837e09474
00566,2,False,B2_W100,0.3615821011,0.1003819443,6,0,180,168.8610687,EXP-001,ds_16b6be697acb,ds_aa8808303afa,1465af7161a9053ca7df7d4d04572789911a5480,e41f63ef47ea066f14e5effb41bf9f4b7ebd8d79641604b69a10323837e09474
00567,2,False,B2_W100,0.3535008884,0.099028177,6,0,152,169.0351145,EXP-001,ds_16b6be697acb,ds_aa8808303afa,1465af7161a9053ca7df7d4d04572789911a5480,e41f63ef47ea066f14e5effb41bf9f4b7ebd8d79641604b69a10323837e09474
00568,2,False,B2_W100,0.3396777028,0.09636946353,6,0,222,168.989313,EXP-001,ds_16b6be697acb,ds_aa8808303afa,1465af7161a9053ca7df7d4d04572789911a5480,e41f63ef47ea066f14e5effb41bf9f4b7ebd8d79641604b69a10323837e09474
00569,2,False,B2_W100,0.342612765,0.09702651361,6,0,145,168.9984733,EXP-001,ds_16b6be697acb,ds_aa8808303afa,1465af7161a9053ca7df7d4d04572789911a5480,e41f63ef47ea066f14e5effb41bf9f4b7ebd8d79641604b69a10323837e09474
00570,2,False,B2_W100,0.3445515592,0.09738707746,6,0,100,169.0900763,EXP-001,ds_16b6be697acb,ds_aa8808303afa,1465af7161a9053ca7df7d4d04572789911a5480,e41f63ef47ea066f14e5effb41bf9f4b7ebd8d79641604b69a10323837e09474
00571,2,False,B2_W100,0.3737600384,0.1020260951,6,0,129,168.119084,EXP-001,ds_16b6be697acb,ds_aa8808303afa,1465af7161a9053ca7df7d4d04572789911a5480,e41f63ef47ea066f14e5effb41bf9f4b7ebd8d79641604b69a10323837e09474
00572,2,False,B2_W100,0.3531995059,0.0989915612,6,0,154,167.9725191,EXP-001,ds_16b6be697acb,ds_aa8808303afa,1465af7161a9053ca7df7d4d04572789911a5480,e41f63ef47ea066f14e5effb41bf9f4b7ebd8d79641604b69a10323837e09474
00573,2,False,B2_W100,0.3421892192,0.09696548728,6,0,129,168.1099237,EXP-001,ds_16b6be697acb,ds_aa8808303afa,1465af7161a9053ca7df7d4d04572789911a5480,e41f63ef47ea066f14e5effb41bf9f4b7ebd8d79641604b69a10323837e09474
00574,2,False,B2_W100,0.3398817939,0.0966384879,6,0,226,166.7541985,EXP-001,ds_16b6be697acb,ds_aa8808303afa,1465af7161a9053ca7df7d4d04572789911a5480,e41f63ef47ea066f14e5effb41bf9f4b7ebd8d79641604b69a10323837e09474
00575,2,False,B2_W100,0.3234545014,0.09301708419,6,0,186,166.9740458,EXP-001,ds_16b6be697acb,ds_aa8808303afa,1465af7161a9053ca7df7d4d04572789911a5480,e41f63ef47ea066f14e5effb41bf9f4b7ebd8d79641604b69a10323837e09474
00576,2,False,B2_W100,0.3659087502,0.1010511996,6,0,193,167.1206107,EXP-001,ds_16b6be697acb,ds_aa8808303afa,1465af7161a9053ca7df7d4d04572789911a5480,e41f63ef47ea066f14e5effb41bf9f4b7ebd8d79641604b69a10323837e09474
00577,2,False,B2_W100,0.3369738436,0.09571241345,6,0,199,167.6244275,EXP-001,ds_16b6be697acb,ds_aa8808303afa,1465af7161a9053ca7df7d4d04572789911a5480,e41f63ef47ea066f14e5effb41bf9f4b7ebd8d79641604b69a10323837e09474
00578,2,False,B2_W100,0.3544158275,0.09906174148,6,0,177,167.8534351,EXP-001,ds_16b6be697acb,ds_aa8808303afa,1465af7161a9053ca7df7d4d04572789911a5480,e41f63ef47ea066f14e5effb41bf9f4b7ebd8d79641604b69a10323837e09474
00579,2,False,B2_W100,0.362649045,0.1006967384,6,0,75,168.3755725,EXP-001,ds_16b6be697acb,ds_aa8808303afa,1465af7161a9053ca7df7d4d04572789911a5480,e41f63ef47ea066f14e5effb41bf9f4b7ebd8d79641604b69a10323837e09474
00580,2,False,B2_W100,0.3359785594,0.09568190029,6,0,152,167.8992366,EXP-001,ds_16b6be697acb,ds_aa8808303afa,1465af7161a9053ca7df7d4d04572789911a5480,e41f63ef47ea066f14e5effb41bf9f4b7ebd8d79641604b69a10323837e09474
00581,2,False,B2_W100,0.3348910482,0.09538236276,6,0,144,167.2030534,EXP-001,ds_16b6be697acb,ds_aa8808303afa,1465af7161a9053ca7df7d4d04572789911a5480,e41f63ef47ea066f14e5effb41bf9f4b7ebd8d79641604b69a10323837e09474
00582,2,False,B2_W100,0.3641721918,0.1010847641,6,0,222,167.3038168,EXP-001,ds_16b6be697acb,ds_aa8808303afa,1465af7161a9053ca7df7d4d04572789911a5480,e41f63ef47ea066f14e5effb41bf9f4b7ebd8d79641604b69a10323837e09474
00583,2,False,B2_W100,0.3634107448,0.1011122259,6,0,163,168.3114504,EXP-001,ds_16b6be697acb,ds_aa8808303afa,1465af7161a9053ca7df7d4d04572789911a5480,e41f63ef47ea066f14e5effb41bf9f4b7ebd8d79641604b69a10323837e09474
00584,2,False,B2_W100,0.3519514149,0.09838943482,6,0,136,168.6412214,EXP-001,ds_16b6be697acb,ds_aa8808303afa,1465af7161a9053ca7df7d4d04572789911a5480,e41f63ef47ea066f14e5effb41bf9f4b7ebd8d79641604b69a10323837e09474
00585,2,False,B2_W100,0.3584270343,0.09970048365,6,0,179,168.4763359,EXP-001,ds_16b6be697acb,ds_aa8808303afa,1465af7161a9053ca7df7d4d04572789911a5480,e41f63ef47ea066f14e5effb41bf9f4b7ebd8d79641604b69a10323837e09474
00586,2,False,B2_W100,0.355698765,0.09968522707,6,0,147,168.659542,EXP-001,ds_16b6be697acb,ds_aa8808303afa,1465af7161a9053ca7df7d4d04572789911a5480,e41f63ef47ea066f14e5effb41bf9f4b7ebd8d79641604b69a10323837e09474
00587,2,False,B2_W100,0.3631230362,0.1003544824,6,0,130,168.6687023,EXP-001,ds_16b6be697acb,ds_aa8808303afa,1465af7161a9053ca7df7d4d04572789911a5480,e41f63ef47ea066f14e5effb41bf9f4b7ebd8d79641604b69a10323837e09474
00588,2,False,B2_W100,0.3417059817,0.09668120633,6,0,193,167.8534351,EXP-001,ds_16b6be697acb,ds_aa8808303afa,1465af7161a9053ca7df7d4d04572789911a5480,e41f63ef47ea066f14e5effb41bf9f4b7ebd8d79641604b69a10323837e09474
00589,2,False,B2_W100,0.3495741862,0.09803192228,6,0,214,167.8534351,EXP-001,ds_16b6be697acb,ds_aa8808303afa,1465af7161a9053ca7df7d4d04572789911a5480,e41f63ef47ea066f14e5effb41bf9f4b7ebd8d79641604b69a10323837e09474
00590,2,False,B2_W100,0.3260093205,0.09371685269,6,0,181,167.6519084,EXP-001,ds_16b6be697acb,ds_aa8808303afa,1465af7161a9053ca7df7d4d04572789911a5480,e41f63ef47ea066f14e5effb41bf9f4b7ebd8d79641604b69a10323837e09474
00591,2,False,B2_W100,0.3352274526,0.09576428583,6,0,128,167.6427481,EXP-001,ds_16b6be697acb,ds_aa8808303afa,1465af7161a9053ca7df7d4d04572789911a5480,e41f63ef47ea066f14e5effb41bf9f4b7ebd8d79641604b69a10323837e09474
00592,2,False,B2_W100,0.3536845311,0.09812956439,6,0,157,166.7175573,EXP-001,ds_16b6be697acb,ds_aa8808303afa,1465af7161a9053ca7df7d4d04572789911a5480,e41f63ef47ea066f14e5effb41bf9f4b7ebd8d79641604b69a10323837e09474
00593,2,False,B2_W100,0.3320848502,0.09479549295,6,0,219,167.2396947,EXP-001,ds_16b6be697acb,ds_aa8808303afa,1465af7161a9053ca7df7d4d04572789911a5480,e41f63ef47ea066f14e5effb41bf9f4b7ebd8d79641604b69a10323837e09474
00594,2,False,B2_W100,0.3593628412,0.1001556383,6,0,97,167.6610687,EXP-001,ds_16b6be697acb,ds_aa8808303afa,1465af7161a9053ca7df7d4d04572789911a5480,e41f63ef47ea066f14e5effb41bf9f4b7ebd8d79641604b69a10323837e09474
00595,2,False,B2_W100,0.342802689,0.09714856625,6,0,161,166.9007634,EXP-001,ds_16b6be697acb,ds_aa8808303afa,1465af7161a9053ca7df7d4d04572789911a5480,e41f63ef47ea066f14e5effb41bf9f4b7ebd8d79641604b69a10323837e09474
00596,2,False,B2_W100,0.3257226733,0.0934997007,6,0,145,167.5145038,EXP-001,ds_16b6be697acb,ds_aa8808303afa,1465af7161a9053ca7df7d4d04572789911a5480,e41f63ef47ea066f14e5effb41bf9f4b7ebd8d79641604b69a10323837e09474
00597,2,False,B2_W100,0.3585105663,0.1002014081,6,0,160,167.3587786,EXP-001,ds_16b6be697acb,ds_aa8808303afa,1465af7161a9053ca7df7d4d04572789911a5480,e41f63ef47ea066f14e5effb41bf9f4b7ebd8d79641604b69a10323837e09474
00598,2,False,B2_W100,0.3373568687,0.09584056873,6,0,178,167.0198473,EXP-001,ds_16b6be697acb,ds_aa8808303afa,1465af7161a9053ca7df7d4d04572789911a5480,e41f63ef47ea066f14e5effb41bf9f4b7ebd8d79641604b69a10323837e09474
00599,2,False,B2_W100,0.3678789144,0.1015277135,6,0,178,167.6244275,EXP-001,ds_16b6be697acb,ds_aa8808303afa,1465af7161a9053ca7df7d4d04572789911a5480,e41f63ef47ea066f14e5effb41bf9f4b7ebd8d79641604b69a10323837e09474
00600,2,False,B2_W100,0.3688352846,0.1005345101,6,0,202,167.4229008,EXP-001,ds_16b6be697acb,ds_aa8808303afa,1465af7161a9053ca7df7d4d04572789911a5480,e41f63ef47ea066f14e5effb41bf9f4b7ebd8d79641604b69a10323837e09474
00601,3,False,B2_W100,0.334436686,0.09518656997,6,0,167,167.7526718,EXP-001,ds_16b6be697acb,ds_aa8808303afa,1465af7161a9053ca7df7d4d04572789911a5480,e41f63ef47ea066f14e5effb41bf9f4b7ebd8d79641604b69a10323837e09474
00602,3,False,B2_W100,0.3224324409,0.09284570194,6,0,209,167.8076336,EXP-001,ds_16b6be697acb,ds_aa8808303afa,1465af7161a9053ca7df7d4d04572789911a5480,e41f63ef47ea066f14e5effb41bf9f4b7ebd8d79641604b69a10323837e09474
00603,3,False,B2_W100,0.3594108897,0.0998408442,6,0,164,168.2839695,EXP-001,ds_16b6be697acb,ds_aa8808303afa,1465af7161a9053ca7df7d4d04572789911a5480,e41f63ef47ea066f14e5effb41bf9f4b7ebd8d79641604b69a10323837e09474
00604,3,False,B2_W100,0.3371082792,0.09615536285,6,0,138,168.2198473,EXP-001,ds_16b6be697acb,ds_aa8808303afa,1465af7161a9053ca7df7d4d04572789911a5480,e41f63ef47ea066f14e5effb41bf9f4b7ebd8d79641604b69a10323837e09474
00605,3,False,B2_W100,0.3670799958,0.1005284074,6,0,115,167.9175573,EXP-001,ds_16b6be697acb,ds_aa8808303afa,1465af7161a9053ca7df7d4d04572789911a5480,e41f63ef47ea066f14e5effb41bf9f4b7ebd8d79641604b69a10323837e09474
00606,3,False,B2_W100,0.3403554539,0.09652813197,6,0,114,167.4961832,EXP-001,ds_16b6be697acb,ds_aa8808303afa,1465af7161a9053ca7df7d4d04572789911a5480,e41f63ef47ea066f14e5effb41bf9f4b7ebd8d79641604b69a10323837e09474
00607,3,False,B2_W100,0.360907932,0.09950774218,6,0,77,167.3954198,EXP-001,ds_16b6be697acb,ds_aa8808303afa,1465af7161a9053ca7df7d4d04572789911a5480,e41f63ef47ea066f14e5effb41bf9f4b7ebd8d79641604b69a10323837e09474
00608,3,False,B2_W100,0.3468458976,0.09785138607,6,0,184,166.4061069,EXP-001,ds_16b6be697acb,ds_aa8808303afa,1465af7161a9053ca7df7d4d04572789911a5480,e41f63ef47ea066f14e5effb41bf9f4b7ebd8d79641604b69a10323837e09474
00609,3,False,B2_W100,0.3565892294,0.09985610078,6,0,140,166.3053435,EXP-001,ds_16b6be697acb,ds_aa8808303afa,1465af7161a9053ca7df7d4d04572789911a5480,e41f63ef47ea066f14e5effb41bf9f4b7ebd8d79641604b69a10323837e09474
00610,3,False,B2_W100,0.3331944628,0.09518046734,6,0,196,166.4061069,EXP-001,ds_16b6be697acb,ds_aa8808303afa,1465af7161a9053ca7df7d4d04572789911a5480,e41f63ef47ea066f14e5effb41bf9f4b7ebd8d79641604b69a10323837e09474
00611,3,False,B2_W100,0.3410795903,0.09683987477,6,0,96,166.5160305,EXP-001,ds_16b6be697acb,ds_aa8808303afa,1465af7161a9053ca7df7d4d04572789911a5480,e41f63ef47ea066f14e5effb41bf9f4b7ebd8d79641604b69a10323837e09474
00612,3,False,B2_W100,0.3383307918,0.09621944049,6,0,203,165.8198473,EXP-001,ds_16b6be697acb,ds_aa8808303afa,1465af7161a9053ca7df7d4d04572789911a5480,e41f63ef47ea066f14e5effb41bf9f4b7ebd8d79641604b69a10323837e09474
00613,3,False,B2_W100,0.3509994866,0.09855725721,6,0,161,166.1496183,EXP-001,ds_16b6be697acb,ds_aa8808303afa,1465af7161a9053ca7df7d4d04572789911a5480,e41f63ef47ea066f14e5effb41bf9f4b7ebd8d79641604b69a10323837e09474
00614,3,False,B2_W100,0.3388602159,0.09653728592,6,0,215,165.7740458,EXP-001,ds_16b6be697acb,ds_aa8808303afa,1465af7161a9053ca7df7d4d04572789911a5480,e41f63ef47ea066f14e5effb41bf9f4b7ebd8d79641604b69a10323837e09474
00615,3,False,B2_W100,0.3894241287,0.1052162461,6,0,120,166.1679389,EXP-001,ds_16b6be697acb,ds_aa8808303afa,1465af7161a9053ca7df7d4d04572789911a5480,e41f63ef47ea066f14e5effb41bf9f4b7ebd8d79641604b69a10323837e09474
00616,3,False,B2_W100,0.3340336931,0.09516826207,6,0,191,165.8381679,EXP-001,ds_16b6be697acb,ds_aa8808303afa,1465af7161a9053ca7df7d4d04572789911a5480,e41f63ef47ea066f14e5effb41bf9f4b7ebd8d79641604b69a10323837e09474
00617,3,False,B2_W100,0.3472401242,0.09822415519,6,0,229,165.8473282,EXP-001,ds_16b6be697acb,ds_aa8808303afa,1465af7161a9053ca7df7d4d04572789911a5480,e41f63ef47ea066f14e5effb41bf9f4b7ebd8d79641604b69a10323837e09474
00618,3,False,B2_W100,0.3637230847,0.1005772285,6,0,130,166.2412214,EXP-001,ds_16b6be697acb,ds_aa8808303afa,1465af7161a9053ca7df7d4d04572789911a5480,e41f63ef47ea066f14e5effb41bf9f4b7ebd8d79641604b69a10323837e09474
00619,3,False,B2_W100,0.34497948,0.09689174714,6,0,164,166.1587786,EXP-001,ds_16b6be697acb,ds_aa8808303afa,1465af7161a9053ca7df7d4d04572789911a5480,e41f63ef47ea066f14e5effb41bf9f4b7ebd8d79641604b69a10323837e09474
00620,3,False,B2_W100,0.3355313447,0.09418421262,6,0,196,165.8564885,EXP-001,ds_16b6be697acb,ds_aa8808303afa,1465af7161a9053ca7df7d4d04572789911a5480,e41f63ef47ea066f14e5effb41bf9f4b7ebd8d79641604b69a10323837e09474
00621,3,False,B2_W100,0.3565664099,0.09919294807,6,0,200,165.8839695,EXP-001,ds_16b6be697acb,ds_aa8808303afa,1465af7161a9053ca7df7d4d04572789911a5480,e41f63ef47ea066f14e5effb41bf9f4b7ebd8d79641604b69a10323837e09474
00622,3,False,B2_W100,0.3676571156,0.101484995,6,0,152,166.8366412,EXP-001,ds_16b6be697acb,ds_aa8808303afa,1465af7161a9053ca7df7d4d04572789911a5480,e41f63ef47ea066f14e5effb41bf9f4b7ebd8d79641604b69a10323837e09474
00623,3,False,B2_W100,0.3642210226,0.1001373304,6,0,196,166.7908397,EXP-001,ds_16b6be697acb,ds_aa8808303afa,1465af7161a9053ca7df7d4d04572789911a5480,e41f63ef47ea066f14e5effb41bf9f4b7ebd8d79641604b69a10323837e09474
00624,3,False,B2_W100,0.3564501609,0.09946197244,6,0,135,167.1664122,EXP-001,ds_16b6be697acb,ds_aa8808303afa,1465af7161a9053ca7df7d4d04572789911a5480,e41f63ef47ea066f14e5effb41bf9f4b7ebd8d79641604b69a10323837e09474
00625,3,False,B2_W100,0.3260198243,0.09375957112,6,0,196,167.129771,EXP-001,ds_16b6be697acb,ds_aa8808303afa,1465af7161a9053ca7df7d4d04572789911a5480,e41f63ef47ea066f14e5effb41bf9f4b7ebd8d79641604b69a10323837e09474
00626,3,False,B2_W100,0.3574495072,0.09909530595,6,0,193,167.3038168,EXP-001,ds_16b6be697acb,ds_aa8808303afa,1465af7161a9053ca7df7d4d04572789911a5480,e41f63ef47ea066f14e5effb41bf9f4b7ebd8d79641604b69a10323837e09474
00627,3,False,B2_W100,0.3558535378,0.09976456129,6,0,194,167.459542,EXP-001,ds_16b6be697acb,ds_aa8808303afa,1465af7161a9053ca7df7d4d04572789911a5480,e41f63ef47ea066f14e5effb41bf9f4b7ebd8d79641604b69a10323837e09474
00628,3,False,B2_W100,0.3462702947,0.09775069264,6,0,159,167.3862595,EXP-001,ds_16b6be697acb,ds_aa8808303afa,1465af7161a9053ca7df7d4d04572789911a5480,e41f63ef47ea066f14e5effb41bf9f4b7ebd8d79641604b69a10323837e09474
00629,3,False,B2_W100,0.3297041048,0.09408046787,6,0,144,167.129771,EXP-001,ds_16b6be697acb,ds_aa8808303afa,1465af7161a9053ca7df7d4d04572789911a5480,e41f63ef47ea066f14e5effb41bf9f4b7ebd8d79641604b69a10323837e09474
00630,3,False,B2_W100,0.3412658945,0.09681241292,6,0,166,166.9740458,EXP-001,ds_16b6be697acb,ds_aa8808303afa,1465af7161a9053ca7df7d4d04572789911a5480,e41f63ef47ea066f14e5effb41bf9f4b7ebd8d79641604b69a10323837e09474
00631,3,False,B2_W100,0.349493999,0.09813566703,6,0,179,166.6992366,EXP-001,ds_16b6be697acb,ds_aa8808303afa,1465af7161a9053ca7df7d4d04572789911a5480,e41f63ef47ea066f14e5effb41bf9f4b7ebd8d79641604b69a10323837e09474
00632,3,False,B2_W100,0.3596736807,0.0998042284,6,0,187,166.680916,EXP-001,ds_16b6be697acb,ds_aa8808303afa,1465af7161a9053ca7df7d4d04572789911a5480,e41f63ef47ea066f14e5effb41bf9f4b7ebd8d79641604b69a10323837e09474
00633,3,False,B2_W100,0.3331730375,0.09479854427,6,0,169,166.351145,EXP-001,ds_16b6be697acb,ds_aa8808303afa,1465af7161a9053ca7df7d4d04572789911a5480,e41f63ef47ea066f14e5effb41bf9f4b7ebd8d79641604b69a10323837e09474
00634,3,False,B2_W100,0.349767321,0.0974511551,6,0,181,166.1770992,EXP-001,ds_16b6be697acb,ds_aa8808303afa,1465af7161a9053ca7df7d4d04572789911a5480,e41f63ef47ea066f14e5effb41bf9f4b7ebd8d79641604b69a10323837e09474
00635,3,False,B2_W100,0.3578844586,0.09977981787,6,0,162,166.4427481,EXP-001,ds_16b6be697acb,ds_aa8808303afa,1465af7161a9053ca7df7d4d04572789911a5480,e41f63ef47ea066f14e5effb41bf9f4b7ebd8d79641604b69a10323837e09474
00636,3,False,B2_W100,0.3500846758,0.09841689666,6,0,182,167.0656489,EXP-001,ds_16b6be697acb,ds_aa8808303afa,1465af7161a9053ca7df7d4d04572789911a5480,e41f63ef47ea066f14e5effb41bf9f4b7ebd8d79641604b69a10323837e09474
00637,3,False,B2_W100,0.3502944023,0.09845961509,6,0,122,167.1022901,EXP-001,ds_16b6be697acb,ds_aa8808303afa,1465af7161a9053ca7df7d4d04572789911a5480,e41f63ef47ea066f14e5effb41bf9f4b7ebd8d79641604b69a10323837e09474
00638,3,False,B2_W100,0.3510791705,0.09812041044,6,0,200,165.7557252,EXP-001,ds_16b6be697acb,ds_aa8808303afa,1465af7161a9053ca7df7d4d04572789911a5480,e41f63ef47ea066f14e5effb41bf9f4b7ebd8d79641604b69a10323837e09474
00639,3,False,B2_W100,0.3706796144,0.1021359425,6,0,91,165.929771,EXP-001,ds_16b6be697acb,ds_aa8808303afa,1465af7161a9053ca7df7d4d04572789911a5480,e41f63ef47ea066f14e5effb41bf9f4b7ebd8d79641604b69a10323837e09474
00640,3,False,B2_W100,0.376668972,0.1027838386,6,0,254,165.3251908,EXP-001,ds_16b6be697acb,ds_aa8808303afa,1465af7161a9053ca7df7d4d04572789911a5480,e41f63ef47ea066f14e5effb41bf9f4b7ebd8d79641604b69a10323837e09474
00641,3,False,B2_W100,0.3402798809,0.09674223265,6,0,265,166.4152672,EXP-001,ds_16b6be697acb,ds_aa8808303afa,1465af7161a9053ca7df7d4d04572789911a5480,e41f63ef47ea066f14e5effb41bf9f4b7ebd8d79641604b69a10323837e09474
00642,3,False,B2_W100,0.374472843,0.1027380689,6,0,143,167.8076336,EXP-001,ds_16b6be697acb,ds_aa8808303afa,1465af7161a9053ca7df7d4d04572789911a5480,e41f63ef47ea066f14e5effb41bf9f4b7ebd8d79641604b69a10323837e09474
00643,3,False,B2_W100,0.352858728,0.09903122831,6,0,243,168.0916031,EXP-001,ds_16b6be697acb,ds_aa8808303afa,1465af7161a9053ca7df7d4d04572789911a5480,e41f63ef47ea066f14e5effb41bf9f4b7ebd8d79641604b69a10323837e09474
00644,3,False,B2_W100,0.3444695573,0.09738707746,6,0,214,169.2916031,EXP-001,ds_16b6be697acb,ds_aa8808303afa,1465af7161a9053ca7df7d4d04572789911a5480,e41f63ef47ea066f14e5effb41bf9f4b7ebd8d79641604b69a10323837e09474
00645,3,False,B2_W100,0.3481254722,0.09807158939,6,0,210,169.8137405,EXP-001,ds_16b6be697acb,ds_aa8808303afa,1465af7161a9053ca7df7d4d04572789911a5480,e41f63ef47ea066f14e5effb41bf9f4b7ebd8d79641604b69a10323837e09474
00646,3,False,B2_W100,0.351799621,0.09842910193,6,0,196,169.9419847,EXP-001,ds_16b6be697acb,ds_aa8808303afa,1465af7161a9053ca7df7d4d04572789911a5480,e41f63ef47ea066f14e5effb41bf9f4b7ebd8d79641604b69a10323837e09474
00647,3,False,B2_W100,0.3435042983,0.09709059125,6,0,185,170.1526718,EXP-001,ds_16b6be697acb,ds_aa8808303afa,1465af7161a9053ca7df7d4d04572789911a5480,e41f63ef47ea066f14e5effb41bf9f4b7ebd8d79641604b69a10323837e09474
00648,3,False,B2_W100,0.3625475971,0.1007638673,6,0,196,169.621374,EXP-001,ds_16b6be697acb,ds_aa8808303afa,1465af7161a9053ca7df7d4d04572789911a5480,e41f63ef47ea066f14e5effb41bf9f4b7ebd8d79641604b69a10323837e09474
00649,3,False,B2_W100,0.3664095431,0.1010969693,6,0,157,170.2351145,EXP-001,ds_16b6be697acb,ds_aa8808303afa,1465af7161a9053ca7df7d4d04572789911a5480,e41f63ef47ea066f14e5effb41bf9f4b7ebd8d79641604b69a10323837e09474
00650,3,False,B2_W100,0.346913965,0.0977049229,6,0,142,169.6946565,EXP-001,ds_16b6be697acb,ds_aa8808303afa,1465af7161a9053ca7df7d4d04572789911a5480,e41f63ef47ea066f14e5effb41bf9f4b7ebd8d79641604b69a10323837e09474
00651,4,False,B2_W100,0.3418237357,0.09641218196,6,0,161,169.1816794,EXP-001,ds_16b6be697acb,ds_aa8808303afa,1465af7161a9053ca7df7d4d04572789911a5480,e41f63ef47ea066f14e5effb41bf9f4b7ebd8d79641604b69a10323837e09474
00652,4,False,B2_W100,0.3477405466,0.09807158939,6,0,103,169.4381679,EXP-001,ds_16b6be697acb,ds_aa8808303afa,1465af7161a9053ca7df7d4d04572789911a5480,e41f63ef47ea066f14e5effb41bf9f4b7ebd8d79641604b69a10323837e09474
00653,4,False,B2_W100,0.3609585361,0.1004094061,6,0,163,168.9160305,EXP-001,ds_16b6be697acb,ds_aa8808303afa,1465af7161a9053ca7df7d4d04572789911a5480,e41f63ef47ea066f14e5effb41bf9f4b7ebd8d79641604b69a10323837e09474
00654,4,False,B2_W100,0.3544288929,0.09939179217,6,0,180,168.3206107,EXP-001,ds_16b6be697acb,ds_aa8808303afa,1465af7161a9053ca7df7d4d04572789911a5480,e41f63ef47ea066f14e5effb41bf9f4b7ebd8d79641604b69a10323837e09474
00655,4,False,B2_W100,0.3553470909,0.09933686848,6,0,164,167.9541985,EXP-001,ds_16b6be697acb,ds_aa8808303afa,1465af7161a9053ca7df7d4d04572789911a5480,e41f63ef47ea066f14e5effb41bf9f4b7ebd8d79641604b69a10323837e09474
00656,4,False,B2_W100,0.3441525064,0.09734130772,6,0,151,168.0824427,EXP-001,ds_16b6be697acb,ds_aa8808303afa,1465af7161a9053ca7df7d4d04572789911a5480,e41f63ef47ea066f14e5effb41bf9f4b7ebd8d79641604b69a10323837e09474
00657,4,False,B2_W100,0.3538752402,0.09902207437,6,0,181,168.0091603,EXP-001,ds_16b6be697acb,ds_aa8808303afa,1465af7161a9053ca7df7d4d04572789911a5480,e41f63ef47ea066f14e5effb41bf9f4b7ebd8d79641604b69a10323837e09474
00658,4,False,B2_W100,0.329887049,0.09404385207,6,0,153,168.1374046,EXP-001,ds_16b6be697acb,ds_aa8808303afa,1465af7161a9053ca7df7d4d04572789911a5480,e41f63ef47ea066f14e5effb41bf9f4b7ebd8d79641604b69a10323837e09474
00659,4,False,B2_W100,0.3526233662,0.09872863946,6,0,158,168.4763359,EXP-001,ds_16b6be697acb,ds_aa8808303afa,1465af7161a9053ca7df7d4d04572789911a5480,e41f63ef47ea066f14e5effb41bf9f4b7ebd8d79641604b69a10323837e09474
00660,4,False,B2_W100,0.3291120027,0.09404995471,6,0,206,168.5770992,EXP-001,ds_16b6be697acb,ds_aa8808303afa,1465af7161a9053ca7df7d4d04572789911a5480,e41f63ef47ea066f14e5effb41bf9f4b7ebd8d79641604b69a10323837e09474
00661,4,False,B2_W100,0.339137454,0.09643354117,6,0,134,168.8061069,EXP-001,ds_16b6be697acb,ds_aa8808303afa,1465af7161a9053ca7df7d4d04572789911a5480,e41f63ef47ea066f14e5effb41bf9f4b7ebd8d79641604b69a10323837e09474
00662,4,False,B2_W100,0.3692029939,0.1014483793,6,0,231,168.4396947,EXP-001,ds_16b6be697acb,ds_aa8808303afa,1465af7161a9053ca7df7d4d04572789911a5480,e41f63ef47ea066f14e5effb41bf9f4b7ebd8d79641604b69a10323837e09474
00663,4,False,B2_W100,0.3527203234,0.09809905123,6,0,201,168.4854962,EXP-001,ds_16b6be697acb,ds_aa8808303afa,1465af7161a9053ca7df7d4d04572789911a5480,e41f63ef47ea066f14e5effb41bf9f4b7ebd8d79641604b69a10323837e09474
00664,4,False,B2_W100,0.3491378609,0.0980746407,6,0,130,169.2732824,EXP-001,ds_16b6be697acb,ds_aa8808303afa,1465af7161a9053ca7df7d4d04572789911a5480,e41f63ef47ea066f14e5effb41bf9f4b7ebd8d79641604b69a10323837e09474
00665,4,False,B2_W100,0.3466839578,0.09775374395,6,0,152,169.2549618,EXP-001,ds_16b6be697acb,ds_aa8808303afa,1465af7161a9053ca7df7d4d04572789911a5480,e41f63ef47ea066f14e5effb41bf9f4b7ebd8d79641604b69a10323837e09474
00666,4,False,B2_W100,0.3380046266,0.09641828459,6,0,176,168.3938931,EXP-001,ds_16b6be697acb,ds_aa8808303afa,1465af7161a9053ca7df7d4d04572789911a5480,e41f63ef47ea066f14e5effb41bf9f4b7ebd8d79641604b69a10323837e09474
00667,4,False,B2_W100,0.3382803757,0.09641828459,6,0,177,168.3572519,EXP-001,ds_16b6be697acb,ds_aa8808303afa,1465af7161a9053ca7df7d4d04572789911a5480,e41f63ef47ea066f14e5effb41bf9f4b7ebd8d79641604b69a10323837e09474
00668,4,False,B2_W100,0.3314027238,0.09478939032,6,0,166,168.5862595,EXP-001,ds_16b6be697acb,ds_aa8808303afa,1465af7161a9053ca7df7d4d04572789911a5480,e41f63ef47ea066f14e5effb41bf9f4b7ebd8d79641604b69a10323837e09474
00669,4,False,B2_W100,0.3430462356,0.09747251432,6,0,126,168.0732824,EXP-001,ds_16b6be697acb,ds_aa8808303afa,1465af7161a9053ca7df7d4d04572789911a5480,e41f63ef47ea066f14e5effb41bf9f4b7ebd8d79641604b69a10323837e09474
00670,4,False,B2_W100,0.3297577443,0.0944745962,6,0,199,167.8992366,EXP-001,ds_16b6be697acb,ds_aa8808303afa,1465af7161a9053ca7df7d4d04572789911a5480,e41f63ef47ea066f14e5effb41bf9f4b7ebd8d79641604b69a10323837e09474
00671,4,False,B2_W100,0.341880498,0.0971760281,6,0,170,168.8061069,EXP-001,ds_16b6be697acb,ds_aa8808303afa,1465af7161a9053ca7df7d4d04572789911a5480,e41f63ef47ea066f14e5effb41bf9f4b7ebd8d79641604b69a10323837e09474
00672,4,False,B2_W100,0.3311299999,0.09481685216,6,0,145,169.1816794,EXP-001,ds_16b6be697acb,ds_aa8808303afa,1465af7161a9053ca7df7d4d04572789911a5480,e41f63ef47ea066f14e5effb41bf9f4b7ebd8d79641604b69a10323837e09474
00673,4,False,B2_W100,0.3406371169,0.09650067012,6,0,228,169.0992366,EXP-001,ds_16b6be697acb,ds_aa8808303afa,1465af7161a9053ca7df7d4d04572789911a5480,e41f63ef47ea066f14e5effb41bf9f4b7ebd8d79641604b69a10323837e09474
00674,4,False,B2_W100,0.3305905992,0.09413539156,6,0,154,170.0061069,EXP-001,ds_16b6be697acb,ds_aa8808303afa,1465af7161a9053ca7df7d4d04572789911a5480,e41f63ef47ea066f14e5effb41bf9f4b7ebd8d79641604b69a10323837e09474
00675,4,False,B2_W100,0.3359079242,0.09515300549,6,0,182,169.3465649,EXP-001,ds_16b6be697acb,ds_aa8808303afa,1465af7161a9053ca7df7d4d04572789911a5480,e41f63ef47ea066f14e5effb41bf9f4b7ebd8d79641604b69a10323837e09474
00676,4,False,B2_W100,0.35308845,0.0985175901,6,0,132,169.3099237,EXP-001,ds_16b6be697acb,ds_aa8808303afa,1465af7161a9053ca7df7d4d04572789911a5480,e41f63ef47ea066f14e5effb41bf9f4b7ebd8d79641604b69a10323837e09474
00677,4,False,B2_W100,0.34248546,0.09718518205,6,0,137,168.751145,EXP-001,ds_16b6be697acb,ds_aa8808303afa,1465af7161a9053ca7df7d4d04572789911a5480,e41f63ef47ea066f14e5effb41bf9f4b7ebd8d79641604b69a10323837e09474
00678,4,False,B2_W100,0.366521222,0.1005314588,6,0,180,168.1832061,EXP-001,ds_16b6be697acb,ds_aa8808303afa,1465af7161a9053ca7df7d4d04572789911a5480,e41f63ef47ea066f14e5effb41bf9f4b7ebd8d79641604b69a10323837e09474
00679,4,False,B2_W100,0.3371744397,0.09551356935,6,0,119,168.210687,EXP-001,ds_16b6be697acb,ds_aa8808303afa,1465af7161a9053ca7df7d4d04572789911a5480,e41f63ef47ea066f14e5effb41bf9f4b7ebd8d79641604b69a10323837e09474
00680,4,False,B2_W100,0.3582767299,0.09889951317,6,0,173,168.6137405,EXP-001,ds_16b6be697acb,ds_aa8808303afa,1465af7161a9053ca7df7d4d04572789911a5480,e41f63ef47ea066f14e5effb41bf9f4b7ebd8d79641604b69a10323837e09474
00681,4,False,B2_W100,0.3687989191,0.1008554068,6,0,159,168.8061069,EXP-001,ds_16b6be697acb,ds_aa8808303afa,1465af7161a9053ca7df7d4d04572789911a5480,e41f63ef47ea066f14e5effb41bf9f4b7ebd8d79641604b69a10323837e09474
00682,4,False,B2_W100,0.3513132375,0.09886289737,6,0,148,168.9435115,EXP-001,ds_16b6be697acb,ds_aa8808303afa,1465af7161a9053ca7df7d4d04572789911a5480,e41f63ef47ea066f14e5effb41bf9f4b7ebd8d79641604b69a10323837e09474
00683,4,False,B2_W100,0.3607804445,0.09954740929,6,0,174,168.2656489,EXP-001,ds_16b6be697acb,ds_aa8808303afa,1465af7161a9053ca7df7d4d04572789911a5480,e41f63ef47ea066f14e5effb41bf9f4b7ebd8d79641604b69a10323837e09474
00684,4,False,B2_W100,0.3382181597,0.09653728592,6,0,161,168.3664122,EXP-001,ds_16b6be697acb,ds_aa8808303afa,1465af7161a9053ca7df7d4d04572789911a5480,e41f63ef47ea066f14e5effb41bf9f4b7ebd8d79641604b69a10323837e09474
00685,4,False,B2_W100,0.3683319915,0.1015246622,6,0,115,168.5954198,EXP-001,ds_16b6be697acb,ds_aa8808303afa,1465af7161a9053ca7df7d4d04572789911a5480,e41f63ef47ea066f14e5effb41bf9f4b7ebd8d79641604b69a10323837e09474
00686,4,False,B2_W100,0.347130207,0.09782087291,6,0,211,168.0091603,EXP-001,ds_16b6be697acb,ds_aa8808303afa,1465af7161a9053ca7df7d4d04572789911a5480,e41f63ef47ea066f14e5effb41bf9f4b7ebd8d79641604b69a10323837e09474
00687,4,False,B2_W100,0.3618944451,0.1001617409,6,0,153,168.5954198,EXP-001,ds_16b6be697acb,ds_aa8808303afa,1465af7161a9053ca7df7d4d04572789911a5480,e41f63ef47ea066f14e5effb41bf9f4b7ebd8d79641604b69a10323837e09474
00688,4,False,B2_W100,0.3512900673,0.0987927171,6,0,131,168.8061069,EXP-001,ds_16b6be697acb,ds_aa8808303afa,1465af7161a9053ca7df7d4d04572789911a5480,e41f63ef47ea066f14e5effb41bf9f4b7ebd8d79641604b69a10323837e09474
00689,4,False,B2_W100,0.3431029396,0.09711805309,6,0,135,168.2381679,EXP-001,ds_16b6be697acb,ds_aa8808303afa,1465af7161a9053ca7df7d4d04572789911a5480,e41f63ef47ea066f14e5effb41bf9f4b7ebd8d79641604b69a10323837e09474
00690,4,False,B2_W100,0.3384199057,0.0961095931,6,0,179,167.5145038,EXP-001,ds_16b6be697acb,ds_aa8808303afa,1465af7161a9053ca7df7d4d04572789911a5480,e41f63ef47ea066f14e5effb41bf9f4b7ebd8d79641604b69a10323837e09474
00691,4,False,B2_W100,0.3476585205,0.09779035975,6,0,205,167.4961832,EXP-001,ds_16b6be697acb,ds_aa8808303afa,1465af7161a9053ca7df7d4d04572789911a5480,e41f63ef47ea066f14e5effb41bf9f4b7ebd8d79641604b69a10323837e09474
00692,4,False,B2_W100,0.3372948019,0.09578259372,6,0,124,168.2015267,EXP-001,ds_16b6be697acb,ds_aa8808303afa,1465af7161a9053ca7df7d4d04572789911a5480,e41f63ef47ea066f14e5effb41bf9f4b7ebd8d79641604b69a10323837e09474
00693,4,False,B2_W100,0.3331908018,0.09513774891,6,0,148,167.8992366,EXP-001,ds_16b6be697acb,ds_aa8808303afa,1465af7161a9053ca7df7d4d04572789911a5480,e41f63ef47ea066f14e5effb41bf9f4b7ebd8d79641604b69a10323837e09474
00694,4,False,B2_W100,0.3447656711,0.09717907941,6,0,185,167.248855,EXP-001,ds_16b6be697acb,ds_aa8808303afa,1465af7161a9053ca7df7d4d04572789911a5480,e41f63ef47ea066f14e5effb41bf9f4b7ebd8d79641604b69a10323837e09474
00695,4,False,B2_W100,0.3560307171,0.09922651255,6,0,83,168.0549618,EXP-001,ds_16b6be697acb,ds_aa8808303afa,1465af7161a9053ca7df7d4d04572789911a5480,e41f63ef47ea066f14e5effb41bf9f4b7ebd8d79641604b69a10323837e09474
00696,4,False,B2_W100,0.3491535499,0.09786054002,6,0,147,167.340458,EXP-001,ds_16b6be697acb,ds_aa8808303afa,1465af7161a9053ca7df7d4d04572789911a5480,e41f63ef47ea066f14e5effb41bf9f4b7ebd8d79641604b69a10323837e09474
00697,4,False,B2_W100,0.3551754013,0.09882628158,6,0,157,167.3587786,EXP-001,ds_16b6be697acb,ds_aa8808303afa,1465af7161a9053ca7df7d4d04572789911a5480,e41f63ef47ea066f14e5effb41bf9f4b7ebd8d79641604b69a10323837e09474
00698,4,False,B2_W100,0.3440762001,0.0971394123,6,0,126,167.3312977,EXP-001,ds_16b6be697acb,ds_aa8808303afa,1465af7161a9053ca7df7d4d04572789911a5480,e41f63ef47ea066f14e5effb41bf9f4b7ebd8d79641604b69a10323837e09474
00699,4,False,B2_W100,0.3355609482,0.09550746672,6,0,195,166.8549618,EXP-001,ds_16b6be697acb,ds_aa8808303afa,1465af7161a9053ca7df7d4d04572789911a5480,e41f63ef47ea066f14e5effb41bf9f4b7ebd8d79641604b69a10323837e09474
00700,4,False,B2_W100,0.3671778923,0.1015338161,6,0,157,167.010687,EXP-001,ds_16b6be697acb,ds_aa8808303afa,1465af7161a9053ca7df7d4d04572789911a5480,e41f63ef47ea066f14e5effb41bf9f4b7ebd8d79641604b69a10323837e09474
00701,5,False,B2_W100,0.3536243587,0.09883543553,6,0,156,166.5984733,EXP-001,ds_16b6be697acb,ds_aa8808303afa,1465af7161a9053ca7df7d4d04572789911a5480,e41f63ef47ea066f14e5effb41bf9f4b7ebd8d79641604b69a10323837e09474
00702,5,False,B2_W100,0.3503067642,0.09816312887,6,0,142,166.4977099,EXP-001,ds_16b6be697acb,ds_aa8808303afa,1465af7161a9053ca7df7d4d04572789911a5480,e41f63ef47ea066f14e5effb41bf9f4b7ebd8d79641604b69a10323837e09474
00703,5,False,B2_W100,0.3675862678,0.1011976628,6,0,175,165.8839695,EXP-001,ds_16b6be697acb,ds_aa8808303afa,1465af7161a9053ca7df7d4d04572789911a5480,e41f63ef47ea066f14e5effb41bf9f4b7ebd8d79641604b69a10323837e09474
00704,5,False,B2_W100,0.3430778655,0.09715466888,6,0,193,165.9847328,EXP-001,ds_16b6be697acb,ds_aa8808303afa,1465af7161a9053ca7df7d4d04572789911a5480,e41f63ef47ea066f14e5effb41bf9f4b7ebd8d79641604b69a10323837e09474
00705,5,False,B2_W100,0.3606494934,0.1005192535,6,0,258,166.4885496,EXP-001,ds_16b6be697acb,ds_aa8808303afa,1465af7161a9053ca7df7d4d04572789911a5480,e41f63ef47ea066f14e5effb41bf9f4b7ebd8d79641604b69a10323837e09474
00706,5,False,B2_W100,0.3437325663,0.09716687415,6,0,172,167.7984733,EXP-001,ds_16b6be697acb,ds_aa8808303afa,1465af7161a9053ca7df7d4d04572789911a5480,e41f63ef47ea066f14e5effb41bf9f4b7ebd8d79641604b69a10323837e09474
00707,5,False,B2_W100,0.3325789453,0.09452341726,6,0,121,168.329771,EXP-001,ds_16b6be697acb,ds_aa8808303afa,1465af7161a9053ca7df7d4d04572789911a5480,e41f63ef47ea066f14e5effb41bf9f4b7ebd8d79641604b69a10323837e09474
00708,5,False,B2_W100,0.3569982176,0.09990492184,6,0,139,168.7328244,EXP-001,ds_16b6be697acb,ds_aa8808303afa,1465af7161a9053ca7df7d4d04572789911a5480,e41f63ef47ea066f14e5effb41bf9f4b7ebd8d79641604b69a10323837e09474
00709,5,False,B2_W100,0.3476830559,0.09757015643,6,0,136,168.3206107,EXP-001,ds_16b6be697acb,ds_aa8808303afa,1465af7161a9053ca7df7d4d04572789911a5480,e41f63ef47ea066f14e5effb41bf9f4b7ebd8d79641604b69a10323837e09474
00710,5,False,B2_W100,0.3585759868,0.1002227673,6,0,131,168.2839695,EXP-001,ds_16b6be697acb,ds_aa8808303afa,1465af7161a9053ca7df7d4d04572789911a5480,e41f63ef47ea066f14e5effb41bf9f4b7ebd8d79641604b69a10323837e09474
00711,5,False,B2_W100,0.3553927989,0.09955656324,6,0,200,167.6885496,EXP-001,ds_16b6be697acb,ds_aa8808303afa,1465af7161a9053ca7df7d4d04572789911a5480,e41f63ef47ea066f14e5effb41bf9f4b7ebd8d79641604b69a10323837e09474
00712,5,False,B2_W100,0.3787617061,0.1029180965,6,0,113,168.6412214,EXP-001,ds_16b6be697acb,ds_aa8808303afa,1465af7161a9053ca7df7d4d04572789911a5480,e41f63ef47ea066f14e5effb41bf9f4b7ebd8d79641604b69a10323837e09474
00713,5,False,B2_W100,0.3649177273,0.1009225358,6,0,186,167.8167939,EXP-001,ds_16b6be697acb,ds_aa8808303afa,1465af7161a9053ca7df7d4d04572789911a5480,e41f63ef47ea066f14e5effb41bf9f4b7ebd8d79641604b69a10323837e09474
00714,5,False,B2_W100,0.3559949018,0.09925397439,6,0,211,168.0458015,EXP-001,ds_16b6be697acb,ds_aa8808303afa,1465af7161a9053ca7df7d4d04572789911a5480,e41f63ef47ea066f14e5effb41bf9f4b7ebd8d79641604b69a10323837e09474
00715,5,False,B2_W100,0.3192704837,0.09195014065,6,0,177,168.0091603,EXP-001,ds_16b6be697acb,ds_aa8808303afa,1465af7161a9053ca7df7d4d04572789911a5480,e41f63ef47ea066f14e5effb41bf9f4b7ebd8d79641604b69a10323837e09474
00716,5,False,B2_W100,0.3160585447,0.09132970636,6,0,170,168.5312977,EXP-001,ds_16b6be697acb,ds_aa8808303afa,1465af7161a9053ca7df7d4d04572789911a5480,e41f63ef47ea066f14e5effb41bf9f4b7ebd8d79641604b69a10323837e09474
00717,5,False,B2_W100,0.393454472,0.1050357099,6,0,244,168.3389313,EXP-001,ds_16b6be697acb,ds_aa8808303afa,1465af7161a9053ca7df7d4d04572789911a5480,e41f63ef47ea066f14e5effb41bf9f4b7ebd8d79641604b69a10323837e09474
00718,5,False,B2_W100,0.3519436632,0.09866710459,6,0,211,168.4763359,EXP-001,ds_16b6be697acb,ds_aa8808303afa,1465af7161a9053ca7df7d4d04572789911a5480,e41f63ef47ea066f14e5effb41bf9f4b7ebd8d79641604b69a10323837e09474
00719,5,False,B2_W100,0.3690292421,0.1019828681,6,0,228,169.2183206,EXP-001,ds_16b6be697acb,ds_aa8808303afa,1465af7161a9053ca7df7d4d04572789911a5480,e41f63ef47ea066f14e5effb41bf9f4b7ebd8d79641604b69a10323837e09474
00720,5,False,B2_W100,0.3283308389,0.09430931658,6,0,205,169.8045802,EXP-001,ds_16b6be697acb,ds_aa8808303afa,1465af7161a9053ca7df7d4d04572789911a5480,e41f63ef47ea066f14e5effb41bf9f4b7ebd8d79641604b69a10323837e09474
00721,5,False,B2_W100,0.345036261,0.09767390118,6,0,212,169.8870229,EXP-001,ds_16b6be697acb,ds_aa8808303afa,1465af7161a9053ca7df7d4d04572789911a5480,e41f63ef47ea066f14e5effb41bf9f4b7ebd8d79641604b69a10323837e09474
00722,5,False,B2_W100,0.3441350101,0.09768000381,6,0,188,169.9969466,EXP-001,ds_16b6be697acb,ds_aa8808303afa,1465af7161a9053ca7df7d4d04572789911a5480,e41f63ef47ea066f14e5effb41bf9f4b7ebd8d79641604b69a10323837e09474
00723,5,False,B2_W100,0.3504183557,0.09871897696,6,0,202,170.3267176,EXP-001,ds_16b6be697acb,ds_aa8808303afa,1465af7161a9053ca7df7d4d04572789911a5480,e41f63ef47ea066f14e5effb41bf9f4b7ebd8d79641604b69a10323837e09474
00724,5,False,B2_W100,0.3453351559,0.09701074847,6,0,175,170.3816794,EXP-001,ds_16b6be697acb,ds_aa8808303afa,1465af7161a9053ca7df7d4d04572789911a5480,e41f63ef47ea066f14e5effb41bf9f4b7ebd8d79641604b69a10323837e09474
00725,5,False,B2_W100,0.3583728203,0.09964810273,6,0,181,170.7480916,EXP-001,ds_16b6be697acb,ds_aa8808303afa,1465af7161a9053ca7df7d4d04572789911a5480,e41f63ef47ea066f14e5effb41bf9f4b7ebd8d79641604b69a10323837e09474
00726,5,False,B2_W100,0.3443859012,0.09766779855,6,0,222,170.610687,EXP-001,ds_16b6be697acb,ds_aa8808303afa,1465af7161a9053ca7df7d4d04572789911a5480,e41f63ef47ea066f14e5effb41bf9f4b7ebd8d79641604b69a10323837e09474
00727,5,False,B2_W100,0.3426649237,0.09631403129,6,0,229,170.8763359,EXP-001,ds_16b6be697acb,ds_aa8808303afa,1465af7161a9053ca7df7d4d04572789911a5480,e41f63ef47ea066f14e5effb41bf9f4b7ebd8d79641604b69a10323837e09474
00728,5,False,B2_W100,0.3427530248,0.09694972215,6,0,199,171.1969466,EXP-001,ds_16b6be697acb,ds_aa8808303afa,1465af7161a9053ca7df7d4d04572789911a5480,e41f63ef47ea066f14e5effb41bf9f4b7ebd8d79641604b69a10323837e09474
00729,5,False,B2_W100,0.3296015639,0.09459054622,6,0,238,171.5633588,EXP-001,ds_16b6be697acb,ds_aa8808303afa,1465af7161a9053ca7df7d4d04572789911a5480,e41f63ef47ea066f14e5effb41bf9f4b7ebd8d79641604b69a10323837e09474
00730,5,False,B2_W100,0.3639325844,0.1009591516,6,0,143,172.4244275,EXP-001,ds_16b6be697acb,ds_aa8808303afa,1465af7161a9053ca7df7d4d04572789911a5480,e41f63ef47ea066f14e5effb41bf9f4b7ebd8d79641604b69a10323837e09474
00731,5,False,B2_W100,0.3528594069,0.09859692432,6,0,159,172.2137405,EXP-001,ds_16b6be697acb,ds_aa8808303afa,1465af7161a9053ca7df7d4d04572789911a5480,e41f63ef47ea066f14e5effb41bf9f4b7ebd8d79641604b69a10323837e09474
00732,5,False,B2_W100,0.3571411667,0.09960233299,6,0,160,172.0305344,EXP-001,ds_16b6be697acb,ds_aa8808303afa,1465af7161a9053ca7df7d4d04572789911a5480,e41f63ef47ea066f14e5effb41bf9f4b7ebd8d79641604b69a10323837e09474
00733,5,False,B2_W100,0.3443061461,0.0975823617,6,0,171,171.7832061,EXP-001,ds_16b6be697acb,ds_aa8808303afa,1465af7161a9053ca7df7d4d04572789911a5480,e41f63ef47ea066f14e5effb41bf9f4b7ebd8d79641604b69a10323837e09474
00734,5,False,B2_W100,0.3412597397,0.09691005504,6,0,237,171.8015267,EXP-001,ds_16b6be697acb,ds_aa8808303afa,1465af7161a9053ca7df7d4d04572789911a5480,e41f63ef47ea066f14e5effb41bf9f4b7ebd8d79641604b69a10323837e09474
00735,5,False,B2_W100,0.3513428808,0.09825771967,6,0,168,172.3145038,EXP-001,ds_16b6be697acb,ds_aa8808303afa,1465af7161a9053ca7df7d4d04572789911a5480,e41f63ef47ea066f14e5effb41bf9f4b7ebd8d79641604b69a10323837e09474
00736,5,False,B2_W100,0.3478577835,0.09789105318,6,0,146,172.3694656,EXP-001,ds_16b6be697acb,ds_aa8808303afa,1465af7161a9053ca7df7d4d04572789911a5480,e41f63ef47ea066f14e5effb41bf9f4b7ebd8d79641604b69a10323837e09474
00737,5,False,B2_W100,0.3813803084,0.1031901722,6,0,188,172.0396947,EXP-001,ds_16b6be697acb,ds_aa8808303afa,1465af7161a9053ca7df7d4d04572789911a5480,e41f63ef47ea066f14e5effb41bf9f4b7ebd8d79641604b69a10323837e09474
00738,5,False,B2_W100,0.3464426557,0.09747251432,6,0,212,172.6442748,EXP-001,ds_16b6be697acb,ds_aa8808303afa,1465af7161a9053ca7df7d4d04572789911a5480,e41f63ef47ea066f14e5effb41bf9f4b7ebd8d79641604b69a10323837e09474
00739,5,False,B2_W100,0.3680046066,0.1014910977,6,0,147,172.7541985,EXP-001,ds_16b6be697acb,ds_aa8808303afa,1465af7161a9053ca7df7d4d04572789911a5480,e41f63ef47ea066f14e5effb41bf9f4b7ebd8d79641604b69a10323837e09474
00740,5,False,B2_W100,0.3611702027,0.1001495357,6,0,189,173.2671756,EXP-001,ds_16b6be697acb,ds_aa8808303afa,1465af7161a9053ca7df7d4d04572789911a5480,e41f63ef47ea066f14e5effb41bf9f4b7ebd8d79641604b69a10323837e09474
00741,5,False,B2_W100,0.3542396053,0.09948028034,6,0,174,172.6717557,EXP-001,ds_16b6be697acb,ds_aa8808303afa,1465af7161a9053ca7df7d4d04572789911a5480,e41f63ef47ea066f14e5effb41bf9f4b7ebd8d79641604b69a10323837e09474
00742,5,False,B2_W100,0.3429773629,0.09680020766,6,0,182,171.8381679,EXP-001,ds_16b6be697acb,ds_aa8808303afa,1465af7161a9053ca7df7d4d04572789911a5480,e41f63ef47ea066f14e5effb41bf9f4b7ebd8d79641604b69a10323837e09474
00743,5,False,B2_W100,0.3525400685,0.09913802438,6,0,110,172.1954198,EXP-001,ds_16b6be697acb,ds_aa8808303afa,1465af7161a9053ca7df7d4d04572789911a5480,e41f63ef47ea066f14e5effb41bf9f4b7ebd8d79641604b69a10323837e09474
00744,5,False,B2_W100,0.3309940818,0.09476497979,6,0,204,170.9770992,EXP-001,ds_16b6be697acb,ds_aa8808303afa,1465af7161a9053ca7df7d4d04572789911a5480,e41f63ef47ea066f14e5effb41bf9f4b7ebd8d79641604b69a10323837e09474
00745,5,False,B2_W100,0.3529034842,0.09911361385,6,0,123,170.8854962,EXP-001,ds_16b6be697acb,ds_aa8808303afa,1465af7161a9053ca7df7d4d04572789911a5480,e41f63ef47ea066f14e5effb41bf9f4b7ebd8d79641604b69a10323837e09474
00746,5,False,B2_W100,0.3259140392,0.09344782832,6,0,220,170.0885496,EXP-001,ds_16b6be697acb,ds_aa8808303afa,1465af7161a9053ca7df7d4d04572789911a5480,e41f63ef47ea066f14e5effb41bf9f4b7ebd8d79641604b69a10323837e09474
00747,5,False,B2_W100,0.3506160363,0.09845656377,6,0,204,170.3083969,EXP-001,ds_16b6be697acb,ds_aa8808303afa,1465af7161a9053ca7df7d4d04572789911a5480,e41f63ef47ea066f14e5effb41bf9f4b7ebd8d79641604b69a10323837e09474
00748,5,False,B2_W100,0.3436485545,0.09645490038,6,0,154,170.4824427,EXP-001,ds_16b6be697acb,ds_aa8808303afa,1465af7161a9053ca7df7d4d04572789911a5480,e41f63ef47ea066f14e5effb41bf9f4b7ebd8d79641604b69a10323837e09474
00749,5,False,B2_W100,0.3473285299,0.09743894984,6,0,193,170.0977099,EXP-001,ds_16b6be697acb,ds_aa8808303afa,1465af7161a9053ca7df7d4d04572789911a5480,e41f63ef47ea066f14e5effb41bf9f4b7ebd8d79641604b69a10323837e09474
00750,5,False,B2_W100,0.3553686243,0.09877135789,6,0,144,170.4274809,EXP-001,ds_16b6be697acb,ds_aa8808303afa,1465af7161a9053ca7df7d4d04572789911a5480,e41f63ef47ea066f14e5effb41bf9f4b7ebd8d79641604b69a10323837e09474
00751,6,False,B2_W100,0.354596349,0.09944061323,6,0,171,170.4458015,EXP-001,ds_16b6be697acb,ds_aa8808303afa,1465af7161a9053ca7df7d4d04572789911a5480,e41f63ef47ea066f14e5effb41bf9f4b7ebd8d79641604b69a10323837e09474
00752,6,False,B2_W100,0.367466604,0.1010695075,6,0,206,170.5374046,EXP-001,ds_16b6be697acb,ds_aa8808303afa,1465af7161a9053ca7df7d4d04572789911a5480,e41f63ef47ea066f14e5effb41bf9f4b7ebd8d79641604b69a10323837e09474
00753,6,False,B2_W100,0.3524406804,0.09873474209,6,0,217,171.480916,EXP-001,ds_16b6be697acb,ds_aa8808303afa,1465af7161a9053ca7df7d4d04572789911a5480,e41f63ef47ea066f14e5effb41bf9f4b7ebd8d79641604b69a10323837e09474
00754,6,False,B2_W100,0.349682232,0.09837722955,6,0,96,171.9755725,EXP-001,ds_16b6be697acb,ds_aa8808303afa,1465af7161a9053ca7df7d4d04572789911a5480,e41f63ef47ea066f14e5effb41bf9f4b7ebd8d79641604b69a10323837e09474
00755,6,False,B2_W100,0.3254949797,0.09370464743,6,0,124,171.2061069,EXP-001,ds_16b6be697acb,ds_aa8808303afa,1465af7161a9053ca7df7d4d04572789911a5480,e41f63ef47ea066f14e5effb41bf9f4b7ebd8d79641604b69a10323837e09474
00756,6,False,B2_W100,0.3491705392,0.09841994798,6,0,155,170.8396947,EXP-001,ds_16b6be697acb,ds_aa8808303afa,1465af7161a9053ca7df7d4d04572789911a5480,e41f63ef47ea066f14e5effb41bf9f4b7ebd8d79641604b69a10323837e09474
00757,6,False,B2_W100,0.3315025309,0.09474972321,6,0,170,170.8763359,EXP-001,ds_16b6be697acb,ds_aa8808303afa,1465af7161a9053ca7df7d4d04572789911a5480,e41f63ef47ea066f14e5effb41bf9f4b7ebd8d79641604b69a10323837e09474
00758,6,False,B2_W100,0.3591520458,0.09979202314,6,0,180,170.7755725,EXP-001,ds_16b6be697acb,ds_aa8808303afa,1465af7161a9053ca7df7d4d04572789911a5480,e41f63ef47ea066f14e5effb41bf9f4b7ebd8d79641604b69a10323837e09474
00759,6,False,B2_W100,0.3567203044,0.09945586981,6,0,199,171.0229008,EXP-001,ds_16b6be697acb,ds_aa8808303afa,1465af7161a9053ca7df7d4d04572789911a5480,e41f63ef47ea066f14e5effb41bf9f4b7ebd8d79641604b69a10323837e09474
00760,6,False,B2_W100,0.3567361282,0.09946502376,6,0,202,171.3984733,EXP-001,ds_16b6be697acb,ds_aa8808303afa,1465af7161a9053ca7df7d4d04572789911a5480,e41f63ef47ea066f14e5effb41bf9f4b7ebd8d79641604b69a10323837e09474
00761,6,False,B2_W100,0.3446418098,0.09776594922,6,0,171,171.3618321,EXP-001,ds_16b6be697acb,ds_aa8808303afa,1465af7161a9053ca7df7d4d04572789911a5480,e41f63ef47ea066f14e5effb41bf9f4b7ebd8d79641604b69a10323837e09474
00762,6,False,B2_W100,0.3432267904,0.09711805309,6,0,175,171.7007634,EXP-001,ds_16b6be697acb,ds_aa8808303afa,1465af7161a9053ca7df7d4d04572789911a5480,e41f63ef47ea066f14e5effb41bf9f4b7ebd8d79641604b69a10323837e09474
00763,6,False,B2_W100,0.350998732,0.09811735913,6,0,213,171.1877863,EXP-001,ds_16b6be697acb,ds_aa8808303afa,1465af7161a9053ca7df7d4d04572789911a5480,e41f63ef47ea066f14e5effb41bf9f4b7ebd8d79641604b69a10323837e09474
00764,6,False,B2_W100,0.3710652616,0.1024476853,6,0,198,171.2977099,EXP-001,ds_16b6be697acb,ds_aa8808303afa,1465af7161a9053ca7df7d4d04572789911a5480,e41f63ef47ea066f14e5effb41bf9f4b7ebd8d79641604b69a10323837e09474
00765,6,False,B2_W100,0.3258468871,0.09372295533,6,0,176,171.9206107,EXP-001,ds_16b6be697acb,ds_aa8808303afa,1465af7161a9053ca7df7d4d04572789911a5480,e41f63ef47ea066f14e5effb41bf9f4b7ebd8d79641604b69a10323837e09474
00766,6,False,B2_W100,0.3578410113,0.100094612,6,0,195,172.140458,EXP-001,ds_16b6be697acb,ds_aa8808303afa,1465af7161a9053ca7df7d4d04572789911a5480,e41f63ef47ea066f14e5effb41bf9f4b7ebd8d79641604b69a10323837e09474
00767,6,False,B2_W100,0.3578564982,0.1000427396,6,0,226,172.3145038,EXP-001,ds_16b6be697acb,ds_aa8808303afa,1465af7161a9053ca7df7d4d04572789911a5480,e41f63ef47ea066f14e5effb41bf9f4b7ebd8d79641604b69a10323837e09474
00768,6,False,B2_W100,0.3507254433,0.09732605114,6,0,96,172.7633588,EXP-001,ds_16b6be697acb,ds_aa8808303afa,1465af7161a9053ca7df7d4d04572789911a5480,e41f63ef47ea066f14e5effb41bf9f4b7ebd8d79641604b69a10323837e09474
00769,6,False,B2_W100,0.3434528832,0.09701125703,6,0,125,172.1221374,EXP-001,ds_16b6be697acb,ds_aa8808303afa,1465af7161a9053ca7df7d4d04572789911a5480,e41f63ef47ea066f14e5effb41bf9f4b7ebd8d79641604b69a10323837e09474
00770,6,False,B2_W100,0.369123179,0.1017082497,6,0,178,172.1129771,EXP-001,ds_16b6be697acb,ds_aa8808303afa,1465af7161a9053ca7df7d4d04572789911a5480,e41f63ef47ea066f14e5effb41bf9f4b7ebd8d79641604b69a10323837e09474
00771,6,False,B2_W100,0.3545579695,0.0990098691,6,0,183,171.9206107,EXP-001,ds_16b6be697acb,ds_aa8808303afa,1465af7161a9053ca7df7d4d04572789911a5480,e41f63ef47ea066f14e5effb41bf9f4b7ebd8d79641604b69a10323837e09474
00772,6,False,B2_W100,0.3454841895,0.09697464123,6,0,182,172.0396947,EXP-001,ds_16b6be697acb,ds_aa8808303afa,1465af7161a9053ca7df7d4d04572789911a5480,e41f63ef47ea066f14e5effb41bf9f4b7ebd8d79641604b69a10323837e09474
00773,6,False,B2_W100,0.3517377915,0.09868592104,6,0,165,172.378626,EXP-001,ds_16b6be697acb,ds_aa8808303afa,1465af7161a9053ca7df7d4d04572789911a5480,e41f63ef47ea066f14e5effb41bf9f4b7ebd8d79641604b69a10323837e09474
00774,6,False,B2_W100,0.3569646309,0.1000183291,6,0,117,171.8015267,EXP-001,ds_16b6be697acb,ds_aa8808303afa,1465af7161a9053ca7df7d4d04572789911a5480,e41f63ef47ea066f14e5effb41bf9f4b7ebd8d79641604b69a10323837e09474
00775,6,False,B2_W100,0.3476898089,0.09798615253,6,0,169,171.4625954,EXP-001,ds_16b6be697acb,ds_aa8808303afa,1465af7161a9053ca7df7d4d04572789911a5480,e41f63ef47ea066f14e5effb41bf9f4b7ebd8d79641604b69a10323837e09474
00776,6,False,B2_W100,0.3543082595,0.09930635532,6,0,153,171.3435115,EXP-001,ds_16b6be697acb,ds_aa8808303afa,1465af7161a9053ca7df7d4d04572789911a5480,e41f63ef47ea066f14e5effb41bf9f4b7ebd8d79641604b69a10323837e09474
00777,6,False,B2_W100,0.3304055705,0.09430067118,6,0,155,171.5358779,EXP-001,ds_16b6be697acb,ds_aa8808303afa,1465af7161a9053ca7df7d4d04572789911a5480,e41f63ef47ea066f14e5effb41bf9f4b7ebd8d79641604b69a10323837e09474
00778,6,False,B2_W100,0.3385060878,0.09603636152,6,0,217,171.7007634,EXP-001,ds_16b6be697acb,ds_aa8808303afa,1465af7161a9053ca7df7d4d04572789911a5480,e41f63ef47ea066f14e5effb41bf9f4b7ebd8d79641604b69a10323837e09474
00779,6,False,B2_W100,0.337699516,0.09605772073,6,0,165,172.0396947,EXP-001,ds_16b6be697acb,ds_aa8808303afa,1465af7161a9053ca7df7d4d04572789911a5480,e41f63ef47ea066f14e5effb41bf9f4b7ebd8d79641604b69a10323837e09474
00780,6,False,B2_W100,0.3405849917,0.09577038846,6,0,116,172.4610687,EXP-001,ds_16b6be697acb,ds_aa8808303afa,1465af7161a9053ca7df7d4d04572789911a5480,e41f63ef47ea066f14e5effb41bf9f4b7ebd8d79641604b69a10323837e09474
00781,6,False,B2_W100,0.3594445887,0.1001281765,6,0,154,171.9389313,EXP-001,ds_16b6be697acb,ds_aa8808303afa,1465af7161a9053ca7df7d4d04572789911a5480,e41f63ef47ea066f14e5effb41bf9f4b7ebd8d79641604b69a10323837e09474
00782,6,False,B2_W100,0.3468801847,0.09778730843,6,0,213,171.8931298,EXP-001,ds_16b6be697acb,ds_aa8808303afa,1465af7161a9053ca7df7d4d04572789911a5480,e41f63ef47ea066f14e5effb41bf9f4b7ebd8d79641604b69a10323837e09474
00783,6,False,B2_W100,0.3614824005,0.1004307653,6,0,119,172.4885496,EXP-001,ds_16b6be697acb,ds_aa8808303afa,1465af7161a9053ca7df7d4d04572789911a5480,e41f63ef47ea066f14e5effb41bf9f4b7ebd8d79641604b69a10323837e09474
00784,6,False,B2_W100,0.3415505488,0.09610043916,6,0,138,171.9847328,EXP-001,ds_16b6be697acb,ds_aa8808303afa,1465af7161a9053ca7df7d4d04572789911a5480,e41f63ef47ea066f14e5effb41bf9f4b7ebd8d79641604b69a10323837e09474
00785,6,False,B2_W100,0.34656245,0.09679715634,6,0,153,171.7740458,EXP-001,ds_16b6be697acb,ds_aa8808303afa,1465af7161a9053ca7df7d4d04572789911a5480,e41f63ef47ea066f14e5effb41bf9f4b7ebd8d79641604b69a10323837e09474
00786,6,False,B2_W100,0.3526828966,0.09912581911,6,0,177,172.1221374,EXP-001,ds_16b6be697acb,ds_aa8808303afa,1465af7161a9053ca7df7d4d04572789911a5480,e41f63ef47ea066f14e5effb41bf9f4b7ebd8d79641604b69a10323837e09474
00787,6,False,B2_W100,0.3523206621,0.09876525526,6,0,209,171.810687,EXP-001,ds_16b6be697acb,ds_aa8808303afa,1465af7161a9053ca7df7d4d04572789911a5480,e41f63ef47ea066f14e5effb41bf9f4b7ebd8d79641604b69a10323837e09474
00788,6,False,B2_W100,0.3374964517,0.09610043916,6,0,219,172.3236641,EXP-001,ds_16b6be697acb,ds_aa8808303afa,1465af7161a9053ca7df7d4d04572789911a5480,e41f63ef47ea066f14e5effb41bf9f4b7ebd8d79641604b69a10323837e09474
00789,6,False,B2_W100,0.3383983506,0.0964396438,6,0,174,173.129771,EXP-001,ds_16b6be697acb,ds_aa8808303afa,1465af7161a9053ca7df7d4d04572789911a5480,e41f63ef47ea066f14e5effb41bf9f4b7ebd8d79641604b69a10323837e09474
00790,6,False,B2_W100,0.3433824746,0.09744200115,6,0,201,173.4870229,EXP-001,ds_16b6be697acb,ds_aa8808303afa,1465af7161a9053ca7df7d4d04572789911a5480,e41f63ef47ea066f14e5effb41bf9f4b7ebd8d79641604b69a10323837e09474
00791,6,False,B2_W100,0.3416846122,0.09707838598,6,0,187,173.6885496,EXP-001,ds_16b6be697acb,ds_aa8808303afa,1465af7161a9053ca7df7d4d04572789911a5480,e41f63ef47ea066f14e5effb41bf9f4b7ebd8d79641604b69a10323837e09474
00792,6,False,B2_W100,0.3492904093,0.0984046914,6,0,216,173.5236641,EXP-001,ds_16b6be697acb,ds_aa8808303afa,1465af7161a9053ca7df7d4d04572789911a5480,e41f63ef47ea066f14e5effb41bf9f4b7ebd8d79641604b69a10323837e09474
00793,6,False,B2_W100,0.3623469426,0.1004338166,6,0,156,174.3664122,EXP-001,ds_16b6be697acb,ds_aa8808303afa,1465af7161a9053ca7df7d4d04572789911a5480,e41f63ef47ea066f14e5effb41bf9f4b7ebd8d79641604b69a10323837e09474
00794,6,False,B2_W100,0.3679016906,0.1007211489,6,0,84,174.4396947,EXP-001,ds_16b6be697acb,ds_aa8808303afa,1465af7161a9053ca7df7d4d04572789911a5480,e41f63ef47ea066f14e5effb41bf9f4b7ebd8d79641604b69a10323837e09474
00795,6,False,B2_W100,0.3737712902,0.1023652998,6,0,62,173.5145038,EXP-001,ds_16b6be697acb,ds_aa8808303afa,1465af7161a9053ca7df7d4d04572789911a5480,e41f63ef47ea066f14e5effb41bf9f4b7ebd8d79641604b69a10323837e09474
00796,6,False,B2_W100,0.3781673602,0.1033340926,6,0,140,173.3221374,EXP-001,ds_16b6be697acb,ds_aa8808303afa,1465af7161a9053ca7df7d4d04572789911a5480,e41f63ef47ea066f14e5effb41bf9f4b7ebd8d79641604b69a10323837e09474
00797,6,False,B2_W100,0.3347566893,0.09565138713,6,0,135,173.2580153,EXP-001,ds_16b6be697acb,ds_aa8808303afa,1465af7161a9053ca7df7d4d04572789911a5480,e41f63ef47ea066f14e5effb41bf9f4b7ebd8d79641604b69a10323837e09474
00798,6,False,B2_W100,0.3424497246,0.09667205238,6,0,176,173.0564885,EXP-001,ds_16b6be697acb,ds_aa8808303afa,1465af7161a9053ca7df7d4d04572789911a5480,e41f63ef47ea066f14e5effb41bf9f4b7ebd8d79641604b69a10323837e09474
00799,6,False,B2_W100,0.3589217476,0.1000427396,6,0,214,173.5145038,EXP-001,ds_16b6be697acb,ds_aa8808303afa,1465af7161a9053ca7df7d4d04572789911a5480,e41f63ef47ea066f14e5effb41bf9f4b7ebd8d79641604b69a10323837e09474
00800,6,False,B2_W100,0.3462327471,0.09770187158,6,0,143,173.6885496,EXP-001,ds_16b6be697acb,ds_aa8808303afa,1465af7161a9053ca7df7d4d04572789911a5480,e41f63ef47ea066f14e5effb41bf9f4b7ebd8d79641604b69a10323837e09474
00801,7,False,B2_W100,0.3417660773,0.09704177019,6,0,156,173.5603053,EXP-001,ds_16b6be697acb,ds_aa8808303afa,1465af7161a9053ca7df7d4d04572789911a5480,e41f63ef47ea066f14e5effb41bf9f4b7ebd8d79641604b69a10323837e09474
00802,7,False,B2_W100,0.3686113135,0.1007180976,6,0,184,173.5603053,EXP-001,ds_16b6be697acb,ds_aa8808303afa,1465af7161a9053ca7df7d4d04572789911a5480,e41f63ef47ea066f14e5effb41bf9f4b7ebd8d79641604b69a10323837e09474
00803,7,False,B2_W100,0.3396271342,0.09637556616,6,0,152,173.9450382,EXP-001,ds_16b6be697acb,ds_aa8808303afa,1465af7161a9053ca7df7d4d04572789911a5480,e41f63ef47ea066f14e5effb41bf9f4b7ebd8d79641604b69a10323837e09474
00804,7,False,B2_W100,0.3509293574,0.09869202367,6,0,173,173.7343511,EXP-001,ds_16b6be697acb,ds_aa8808303afa,1465af7161a9053ca7df7d4d04572789911a5480,e41f63ef47ea066f14e5effb41bf9f4b7ebd8d79641604b69a10323837e09474
00805,7,False,B2_W100,0.3660527157,0.1013446345,6,0,116,173.551145,EXP-001,ds_16b6be697acb,ds_aa8808303afa,1465af7161a9053ca7df7d4d04572789911a5480,e41f63ef47ea066f14e5effb41bf9f4b7ebd8d79641604b69a10323837e09474
00806,7,False,B2_W100,0.3418280316,0.09663238527,6,0,160,172.2503817,EXP-001,ds_16b6be697acb,ds_aa8808303afa,1465af7161a9053ca7df7d4d04572789911a5480,e41f63ef47ea066f14e5effb41bf9f4b7ebd8d79641604b69a10323837e09474
00807,7,False,B2_W100,0.3494283908,0.0979800499,6,0,204,172.140458,EXP-001,ds_16b6be697acb,ds_aa8808303afa,1465af7161a9053ca7df7d4d04572789911a5480,e41f63ef47ea066f14e5effb41bf9f4b7ebd8d79641604b69a10323837e09474
00808,7,False,B2_W100,0.3570900037,0.09931245795,6,0,132,172.9007634,EXP-001,ds_16b6be697acb,ds_aa8808303afa,1465af7161a9053ca7df7d4d04572789911a5480,e41f63ef47ea066f14e5effb41bf9f4b7ebd8d79641604b69a10323837e09474
00809,7,False,B2_W100,0.3481879551,0.09797699859,6,0,191,172.8366412,EXP-001,ds_16b6be697acb,ds_aa8808303afa,1465af7161a9053ca7df7d4d04572789911a5480,e41f63ef47ea066f14e5effb41bf9f4b7ebd8d79641604b69a10323837e09474
00810,7,False,B2_W100,0.3341519959,0.09465208109,6,0,213,173.340458,EXP-001,ds_16b6be697acb,ds_aa8808303afa,1465af7161a9053ca7df7d4d04572789911a5480,e41f63ef47ea066f14e5effb41bf9f4b7ebd8d79641604b69a10323837e09474
00811,7,False,B2_W100,0.3552960335,0.09969438102,6,0,172,174.0916031,EXP-001,ds_16b6be697acb,ds_aa8808303afa,1465af7161a9053ca7df7d4d04572789911a5480,e41f63ef47ea066f14e5effb41bf9f4b7ebd8d79641604b69a10323837e09474
00812,7,False,B2_W100,0.3586170832,0.1000030725,6,0,217,173.8351145,EXP-001,ds_16b6be697acb,ds_aa8808303afa,1465af7161a9053ca7df7d4d04572789911a5480,e41f63ef47ea066f14e5effb41bf9f4b7ebd8d79641604b69a10323837e09474
00813,7,False,B2_W100,0.3531645719,0.09900681778,6,0,122,174.7877863,EXP-001,ds_16b6be697acb,ds_aa8808303afa,1465af7161a9053ca7df7d4d04572789911a5480,e41f63ef47ea066f14e5effb41bf9f4b7ebd8d79641604b69a10323837e09474
00814,7,False,B2_W100,0.3484788022,0.09800140911,6,0,193,174.2015267,EXP-001,ds_16b6be697acb,ds_aa8808303afa,1465af7161a9053ca7df7d4d04572789911a5480,e41f63ef47ea066f14e5effb41bf9f4b7ebd8d79641604b69a10323837e09474
00815,7,False,B2_W100,0.3643791483,0.1010145838,6,0,221,174.0366412,EXP-001,ds_16b6be697acb,ds_aa8808303afa,1465af7161a9053ca7df7d4d04572789911a5480,e41f63ef47ea066f14e5effb41bf9f4b7ebd8d79641604b69a10323837e09474
00816,7,False,B2_W100,0.3452880034,0.097686615,6,0,149,174.4396947,EXP-001,ds_16b6be697acb,ds_aa8808303afa,1465af7161a9053ca7df7d4d04572789911a5480,e41f63ef47ea066f14e5effb41bf9f4b7ebd8d79641604b69a10323837e09474
00817,7,False,B2_W100,0.3557594398,0.09970353497,6,0,103,174.2473282,EXP-001,ds_16b6be697acb,ds_aa8808303afa,1465af7161a9053ca7df7d4d04572789911a5480,e41f63ef47ea066f14e5effb41bf9f4b7ebd8d79641604b69a10323837e09474
00818,7,False,B2_W100,0.3555001632,0.09899461252,6,0,211,172.9557252,EXP-001,ds_16b6be697acb,ds_aa8808303afa,1465af7161a9053ca7df7d4d04572789911a5480,e41f63ef47ea066f14e5effb41bf9f4b7ebd8d79641604b69a10323837e09474
00819,7,False,B2_W100,0.3353644889,0.09566969503,6,0,143,172.9557252,EXP-001,ds_16b6be697acb,ds_aa8808303afa,1465af7161a9053ca7df7d4d04572789911a5480,e41f63ef47ea066f14e5effb41bf9f4b7ebd8d79641604b69a10323837e09474
00820,7,False,B2_W100,0.3509650784,0.09864930524,6,0,128,172.1770992,EXP-001,ds_16b6be697acb,ds_aa8808303afa,1465af7161a9053ca7df7d4d04572789911a5480,e41f63ef47ea066f14e5effb41bf9f4b7ebd8d79641604b69a10323837e09474
00821,7,False,B2_W100,0.3488409674,0.09798310122,6,0,173,171.4717557,EXP-001,ds_16b6be697acb,ds_aa8808303afa,1465af7161a9053ca7df7d4d04572789911a5480,e41f63ef47ea066f14e5effb41bf9f4b7ebd8d79641604b69a10323837e09474
00822,7,False,B2_W100,0.3473875297,0.09795258806,6,0,200,171.1145038,EXP-001,ds_16b6be697acb,ds_aa8808303afa,1465af7161a9053ca7df7d4d04572789911a5480,e41f63ef47ea066f14e5effb41bf9f4b7ebd8d79641604b69a10323837e09474
00823,7,False,B2_W100,0.3368036677,0.09530913117,6,0,184,171.2244275,EXP-001,ds_16b6be697acb,ds_aa8808303afa,1465af7161a9053ca7df7d4d04572789911a5480,e41f63ef47ea066f14e5effb41bf9f4b7ebd8d79641604b69a10323837e09474
00824,7,False,B2_W100,0.3567851934,0.09900681778,6,0,184,171.059542,EXP-001,ds_16b6be697acb,ds_aa8808303afa,1465af7161a9053ca7df7d4d04572789911a5480,e41f63ef47ea066f14e5effb41bf9f4b7ebd8d79641604b69a10323837e09474
00825,7,False,B2_W100,0.3604217584,0.1003178666,6,0,118,171.1419847,EXP-001,ds_16b6be697acb,ds_aa8808303afa,1465af7161a9053ca7df7d4d04572789911a5480,e41f63ef47ea066f14e5effb41bf9f4b7ebd8d79641604b69a10323837e09474
00826,7,False,B2_W100,0.3329735538,0.09496077258,6,0,147,170.5648855,EXP-001,ds_16b6be697acb,ds_aa8808303afa,1465af7161a9053ca7df7d4d04572789911a5480,e41f63ef47ea066f14e5effb41bf9f4b7ebd8d79641604b69a10323837e09474
00827,7,False,B2_W100,0.3416986675,0.09664459054,6,0,203,169.8778626,EXP-001,ds_16b6be697acb,ds_aa8808303afa,1465af7161a9053ca7df7d4d04572789911a5480,e41f63ef47ea066f14e5effb41bf9f4b7ebd8d79641604b69a10323837e09474
00828,7,False,B2_W100,0.3420467622,0.09666594975,6,0,172,169.6396947,EXP-001,ds_16b6be697acb,ds_aa8808303afa,1465af7161a9053ca7df7d4d04572789911a5480,e41f63ef47ea066f14e5effb41bf9f4b7ebd8d79641604b69a10323837e09474
00829,7,False,B2_W100,0.3620375937,0.1006845331,6,0,160,169.3923664,EXP-001,ds_16b6be697acb,ds_aa8808303afa,1465af7161a9053ca7df7d4d04572789911a5480,e41f63ef47ea066f14e5effb41bf9f4b7ebd8d79641604b69a10323837e09474
00830,7,False,B2_W100,0.3618719697,0.1003453285,6,0,179,168.6778626,EXP-001,ds_16b6be697acb,ds_aa8808303afa,1465af7161a9053ca7df7d4d04572789911a5480,e41f63ef47ea066f14e5effb41bf9f4b7ebd8d79641604b69a10323837e09474
00831,7,False,B2_W100,0.3353062273,0.0953335417,6,0,89,169.0076336,EXP-001,ds_16b6be697acb,ds_aa8808303afa,1465af7161a9053ca7df7d4d04572789911a5480,e41f63ef47ea066f14e5effb41bf9f4b7ebd8d79641604b69a10323837e09474
00832,7,False,B2_W100,0.3419472161,0.09706007808,6,0,135,168.3664122,EXP-001,ds_16b6be697acb,ds_aa8808303afa,1465af7161a9053ca7df7d4d04572789911a5480,e41f63ef47ea066f14e5effb41bf9f4b7ebd8d79641604b69a10323837e09474
00833,7,False,B2_W100,0.3317368276,0.09474972321,6,0,168,168.1374046,EXP-001,ds_16b6be697acb,ds_aa8808303afa,1465af7161a9053ca7df7d4d04572789911a5480,e41f63ef47ea066f14e5effb41bf9f4b7ebd8d79641604b69a10323837e09474
00834,7,False,B2_W100,0.3460481166,0.09783918081,6,0,174,168.1099237,EXP-001,ds_16b6be697acb,ds_aa8808303afa,1465af7161a9053ca7df7d4d04572789911a5480,e41f63ef47ea066f14e5effb41bf9f4b7ebd8d79641604b69a10323837e09474
00835,7,False,B2_W100,0.3391764148,0.09652202934,6,0,152,167.5328244,EXP-001,ds_16b6be697acb,ds_aa8808303afa,1465af7161a9053ca7df7d4d04572789911a5480,e41f63ef47ea066f14e5effb41bf9f4b7ebd8d79641604b69a10323837e09474
00836,7,False,B2_W100,0.331007026,0.09486262191,6,0,130,167.3862595,EXP-001,ds_16b6be697acb,ds_aa8808303afa,1465af7161a9053ca7df7d4d04572789911a5480,e41f63ef47ea066f14e5effb41bf9f4b7ebd8d79641604b69a10323837e09474
00837,7,False,B2_W100,0.3266272503,0.0935942915,6,0,185,167.2396947,EXP-001,ds_16b6be697acb,ds_aa8808303afa,1465af7161a9053ca7df7d4d04572789911a5480,e41f63ef47ea066f14e5effb41bf9f4b7ebd8d79641604b69a10323837e09474
00838,7,False,B2_W100,0.3598435283,0.09928753887,6,0,169,167.2122137,EXP-001,ds_16b6be697acb,ds_aa8808303afa,1465af7161a9053ca7df7d4d04572789911a5480,e41f63ef47ea066f14e5effb41bf9f4b7ebd8d79641604b69a10323837e09474
00839,7,False,B2_W100,0.3434535411,0.09659526092,6,0,216,166.8183206,EXP-001,ds_16b6be697acb,ds_aa8808303afa,1465af7161a9053ca7df7d4d04572789911a5480,e41f63ef47ea066f14e5effb41bf9f4b7ebd8d79641604b69a10323837e09474
00840,7,False,B2_W100,0.3450082981,0.09791546371,6,0,168,167.4503817,EXP-001,ds_16b6be697acb,ds_aa8808303afa,1465af7161a9053ca7df7d4d04572789911a5480,e41f63ef47ea066f14e5effb41bf9f4b7ebd8d79641604b69a10323837e09474
00841,7,False,B2_W100,0.3460132963,0.09592295427,6,0,63,167.2580153,EXP-001,ds_16b6be697acb,ds_aa8808303afa,1465af7161a9053ca7df7d4d04572789911a5480,e41f63ef47ea066f14e5effb41bf9f4b7ebd8d79641604b69a10323837e09474
00842,7,False,B2_W100,0.3544871617,0.09864269406,6,0,182,166.2412214,EXP-001,ds_16b6be697acb,ds_aa8808303afa,1465af7161a9053ca7df7d4d04572789911a5480,e41f63ef47ea066f14e5effb41bf9f4b7ebd8d79641604b69a10323837e09474
00843,7,False,B2_W100,0.3566591985,0.09996289684,6,0,126,166.2412214,EXP-001,ds_16b6be697acb,ds_aa8808303afa,1465af7161a9053ca7df7d4d04572789911a5480,e41f63ef47ea066f14e5effb41bf9f4b7ebd8d79641604b69a10323837e09474
00844,7,False,B2_W100,0.3479691532,0.09723705442,6,0,175,166.3877863,EXP-001,ds_16b6be697acb,ds_aa8808303afa,1465af7161a9053ca7df7d4d04572789911a5480,e41f63ef47ea066f14e5effb41bf9f4b7ebd8d79641604b69a10323837e09474
00845,7,False,B2_W100,0.3489051478,0.09859997563,6,0,127,166.1221374,EXP-001,ds_16b6be697acb,ds_aa8808303afa,1465af7161a9053ca7df7d4d04572789911a5480,e41f63ef47ea066f14e5effb41bf9f4b7ebd8d79641604b69a10323837e09474
00846,7,False,B2_W100,0.3387732689,0.09659831224,6,0,157,166.1587786,EXP-001,ds_16b6be697acb,ds_aa8808303afa,1465af7161a9053ca7df7d4d04572789911a5480,e41f63ef47ea066f14e5effb41bf9f4b7ebd8d79641604b69a10323837e09474
00847,7,False,B2_W100,0.3422744986,0.09696803005,6,0,142,165.5816794,EXP-001,ds_16b6be697acb,ds_aa8808303afa,1465af7161a9053ca7df7d4d04572789911a5480,e41f63ef47ea066f14e5effb41bf9f4b7ebd8d79641604b69a10323837e09474
00848,7,False,B2_W100,0.3389726105,0.09629877471,6,0,173,165.0137405,EXP-001,ds_16b6be697acb,ds_aa8808303afa,1465af7161a9053ca7df7d4d04572789911a5480,e41f63ef47ea066f14e5effb41bf9f4b7ebd8d79641604b69a10323837e09474
00849,7,False,B2_W100,0.3510944806,0.09799174661,6,0,171,165.1877863,EXP-001,ds_16b6be697acb,ds_aa8808303afa,1465af7161a9053ca7df7d4d04572789911a5480,e41f63ef47ea066f14e5effb41bf9f4b7ebd8d79641604b69a10323837e09474
00850,7,False,B2_W100,0.3536133713,0.09931500072,6,0,203,164.9862595,EXP-001,ds_16b6be697acb,ds_aa8808303afa,1465af7161a9053ca7df7d4d04572789911a5480,e41f63ef47ea066f14e5effb41bf9f4b7ebd8d79641604b69a10323837e09474
00851,8,False,B2_W100,0.3438334277,0.09696803005,6,0,170,165.5267176,EXP-001,ds_16b6be697acb,ds_aa8808303afa,1465af7161a9053ca7df7d4d04572789911a5480,e41f63ef47ea066f14e5effb41bf9f4b7ebd8d79641604b69a10323837e09474
00852,8,False,B2_W100,0.3460972538,0.09793987424,6,0,129,165.5175573,EXP-001,ds_16b6be697acb,ds_aa8808303afa,1465af7161a9053ca7df7d4d04572789911a5480,e41f63ef47ea066f14e5effb41bf9f4b7ebd8d79641604b69a10323837e09474
00853,8,False,B2_W100,0.3485609067,0.0979520795,6,0,216,164.8122137,EXP-001,ds_16b6be697acb,ds_aa8808303afa,1465af7161a9053ca7df7d4d04572789911a5480,e41f63ef47ea066f14e5effb41bf9f4b7ebd8d79641604b69a10323837e09474
00854,8,False,B2_W100,0.3596407181,0.1002990502,6,0,211,164.8030534,EXP-001,ds_16b6be697acb,ds_aa8808303afa,1465af7161a9053ca7df7d4d04572789911a5480,e41f63ef47ea066f14e5effb41bf9f4b7ebd8d79641604b69a10323837e09474
00855,8,False,B2_W100,0.3859558,0.1038899407,6,0,192,165.8564885,EXP-001,ds_16b6be697acb,ds_aa8808303afa,1465af7161a9053ca7df7d4d04572789911a5480,e41f63ef47ea066f14e5effb41bf9f4b7ebd8d79641604b69a10323837e09474
00856,8,False,B2_W100,0.3811750311,0.1031901722,6,0,155,166.4793893,EXP-001,ds_16b6be697acb,ds_aa8808303afa,1465af7161a9053ca7df7d4d04572789911a5480,e41f63ef47ea066f14e5effb41bf9f4b7ebd8d79641604b69a10323837e09474
00857,8,False,B2_W100,0.3810999552,0.1038289144,6,0,206,166.4793893,EXP-001,ds_16b6be697acb,ds_aa8808303afa,1465af7161a9053ca7df7d4d04572789911a5480,e41f63ef47ea066f14e5effb41bf9f4b7ebd8d79641604b69a10323837e09474
00858,8,False,B2_W100,0.3544523607,0.09913192175,6,0,195,166.8091603,EXP-001,ds_16b6be697acb,ds_aa8808303afa,1465af7161a9053ca7df7d4d04572789911a5480,e41f63ef47ea066f14e5effb41bf9f4b7ebd8d79641604b69a10323837e09474
00859,8,False,B2_W100,0.340324183,0.09676054055,6,0,114,166.9465649,EXP-001,ds_16b6be697acb,ds_aa8808303afa,1465af7161a9053ca7df7d4d04572789911a5480,e41f63ef47ea066f14e5effb41bf9f4b7ebd8d79641604b69a10323837e09474
00860,8,False,B2_W100,0.3620725345,0.1007425081,6,0,233,166.1679389,EXP-001,ds_16b6be697acb,ds_aa8808303afa,1465af7161a9053ca7df7d4d04572789911a5480,e41f63ef47ea066f14e5effb41bf9f4b7ebd8d79641604b69a10323837e09474
00861,8,False,B2_W100,0.3536025126,0.09873474209,6,0,222,166.4519084,EXP-001,ds_16b6be697acb,ds_aa8808303afa,1465af7161a9053ca7df7d4d04572789911a5480,e41f63ef47ea066f14e5effb41bf9f4b7ebd8d79641604b69a10323837e09474
00862,8,False,B2_W100,0.3459367102,0.09706007808,6,0,168,166.919084,EXP-001,ds_16b6be697acb,ds_aa8808303afa,1465af7161a9053ca7df7d4d04572789911a5480,e41f63ef47ea066f14e5effb41bf9f4b7ebd8d79641604b69a10323837e09474
00863,8,False,B2_W100,0.351763976,0.09839553745,6,0,234,166.8549618,EXP-001,ds_16b6be697acb,ds_aa8808303afa,1465af7161a9053ca7df7d4d04572789911a5480,e41f63ef47ea066f14e5effb41bf9f4b7ebd8d79641604b69a10323837e09474
00864,8,False,B2_W100,0.3572588213,0.09975235603,6,0,144,167.0473282,EXP-001,ds_16b6be697acb,ds_aa8808303afa,1465af7161a9053ca7df7d4d04572789911a5480,e41f63ef47ea066f14e5effb41bf9f4b7ebd8d79641604b69a10323837e09474
00865,8,False,B2_W100,0.3766685444,0.1020596596,6,0,200,166.5526718,EXP-001,ds_16b6be697acb,ds_aa8808303afa,1465af7161a9053ca7df7d4d04572789911a5480,e41f63ef47ea066f14e5effb41bf9f4b7ebd8d79641604b69a10323837e09474
00866,8,False,B2_W100,0.3493182498,0.09837417824,6,0,191,166.7725191,EXP-001,ds_16b6be697acb,ds_aa8808303afa,1465af7161a9053ca7df7d4d04572789911a5480,e41f63ef47ea066f14e5effb41bf9f4b7ebd8d79641604b69a10323837e09474
00867,8,False,B2_W100,0.3580266457,0.09971268892,6,0,211,166.7358779,EXP-001,ds_16b6be697acb,ds_aa8808303afa,1465af7161a9053ca7df7d4d04572789911a5480,e41f63ef47ea066f14e5effb41bf9f4b7ebd8d79641604b69a10323837e09474
00868,8,False,B2_W100,0.3589117314,0.1000305344,6,0,178,166.5984733,EXP-001,ds_16b6be697acb,ds_aa8808303afa,1465af7161a9053ca7df7d4d04572789911a5480,e41f63ef47ea066f14e5effb41bf9f4b7ebd8d79641604b69a10323837e09474
00869,8,False,B2_W100,0.3303824839,0.09402554418,6,0,174,167.3496183,EXP-001,ds_16b6be697acb,ds_aa8808303afa,1465af7161a9053ca7df7d4d04572789911a5480,e41f63ef47ea066f14e5effb41bf9f4b7ebd8d79641604b69a10323837e09474
00870,8,False,B2_W100,0.3583561237,0.09904648489,6,0,111,167.7984733,EXP-001,ds_16b6be697acb,ds_aa8808303afa,1465af7161a9053ca7df7d4d04572789911a5480,e41f63ef47ea066f14e5effb41bf9f4b7ebd8d79641604b69a10323837e09474
00871,8,False,B2_W100,0.3568700398,0.09938568954,6,0,199,167.1847328,EXP-001,ds_16b6be697acb,ds_aa8808303afa,1465af7161a9053ca7df7d4d04572789911a5480,e41f63ef47ea066f14e5effb41bf9f4b7ebd8d79641604b69a10323837e09474
00872,8,False,B2_W100,0.3456878917,0.09772323079,6,0,141,167.3312977,EXP-001,ds_16b6be697acb,ds_aa8808303afa,1465af7161a9053ca7df7d4d04572789911a5480,e41f63ef47ea066f14e5effb41bf9f4b7ebd8d79641604b69a10323837e09474
00873,8,False,B2_W100,0.3538564314,0.09902512568,6,0,136,166.9557252,EXP-001,ds_16b6be697acb,ds_aa8808303afa,1465af7161a9053ca7df7d4d04572789911a5480,e41f63ef47ea066f14e5effb41bf9f4b7ebd8d79641604b69a10323837e09474
00874,8,False,B2_W100,0.3336554402,0.09498823442,6,0,207,166.6900763,EXP-001,ds_16b6be697acb,ds_aa8808303afa,1465af7161a9053ca7df7d4d04572789911a5480,e41f63ef47ea066f14e5effb41bf9f4b7ebd8d79641604b69a10323837e09474
00875,8,False,B2_W100,0.3395736936,0.09634200168,6,0,138,167.5145038,EXP-001,ds_16b6be697acb,ds_aa8808303afa,1465af7161a9053ca7df7d4d04572789911a5480,e41f63ef47ea066f14e5effb41bf9f4b7ebd8d79641604b69a10323837e09474
00876,8,False,B2_W100,0.3477460533,0.0977049229,6,0,142,167.2305344,EXP-001,ds_16b6be697acb,ds_aa8808303afa,1465af7161a9053ca7df7d4d04572789911a5480,e41f63ef47ea066f14e5effb41bf9f4b7ebd8d79641604b69a10323837e09474
00877,8,False,B2_W100,0.3354744178,0.09567579766,6,0,141,167.129771,EXP-001,ds_16b6be697acb,ds_aa8808303afa,1465af7161a9053ca7df7d4d04572789911a5480,e41f63ef47ea066f14e5effb41bf9f4b7ebd8d79641604b69a10323837e09474
00878,8,False,B2_W100,0.3376929926,0.0960516181,6,0,223,167.0015267,EXP-001,ds_16b6be697acb,ds_aa8808303afa,1465af7161a9053ca7df7d4d04572789911a5480,e41f63ef47ea066f14e5effb41bf9f4b7ebd8d79641604b69a10323837e09474
00879,8,False,B2_W100,0.3585845932,0.0993978948,6,0,191,167.0564885,EXP-001,ds_16b6be697acb,ds_aa8808303afa,1465af7161a9053ca7df7d4d04572789911a5480,e41f63ef47ea066f14e5effb41bf9f4b7ebd8d79641604b69a10323837e09474
00880,8,False,B2_W100,0.3300652507,0.09404690339,6,0,142,167.2946565,EXP-001,ds_16b6be697acb,ds_aa8808303afa,1465af7161a9053ca7df7d4d04572789911a5480,e41f63ef47ea066f14e5effb41bf9f4b7ebd8d79641604b69a10323837e09474
00881,8,False,B2_W100,0.3447375863,0.09743284721,6,0,173,167.5328244,EXP-001,ds_16b6be697acb,ds_aa8808303afa,1465af7161a9053ca7df7d4d04572789911a5480,e41f63ef47ea066f14e5effb41bf9f4b7ebd8d79641604b69a10323837e09474
00882,8,False,B2_W100,0.3657610894,0.1014026095,6,0,225,167.7068702,EXP-001,ds_16b6be697acb,ds_aa8808303afa,1465af7161a9053ca7df7d4d04572789911a5480,e41f63ef47ea066f14e5effb41bf9f4b7ebd8d79641604b69a10323837e09474
00883,8,False,B2_W100,0.3676422334,0.1013873529,6,0,160,167.8167939,EXP-001,ds_16b6be697acb,ds_aa8808303afa,1465af7161a9053ca7df7d4d04572789911a5480,e41f63ef47ea066f14e5effb41bf9f4b7ebd8d79641604b69a10323837e09474
00884,8,False,B2_W100,0.3462426909,0.09767440973,6,0,118,168.1923664,EXP-001,ds_16b6be697acb,ds_aa8808303afa,1465af7161a9053ca7df7d4d04572789911a5480,e41f63ef47ea066f14e5effb41bf9f4b7ebd8d79641604b69a10323837e09474
00885,8,False,B2_W100,0.3580735318,0.0993216119,6,0,153,168.0091603,EXP-001,ds_16b6be697acb,ds_aa8808303afa,1465af7161a9053ca7df7d4d04572789911a5480,e41f63ef47ea066f14e5effb41bf9f4b7ebd8d79641604b69a10323837e09474
00886,8,False,B2_W100,0.3557468733,0.09931245795,6,0,195,168.0091603,EXP-001,ds_16b6be697acb,ds_aa8808303afa,1465af7161a9053ca7df7d4d04572789911a5480,e41f63ef47ea066f14e5effb41bf9f4b7ebd8d79641604b69a10323837e09474
00887,8,False,B2_W100,0.3454159735,0.09761643473,6,0,195,168.1740458,EXP-001,ds_16b6be697acb,ds_aa8808303afa,1465af7161a9053ca7df7d4d04572789911a5480,e41f63ef47ea066f14e5effb41bf9f4b7ebd8d79641604b69a10323837e09474
00888,8,False,B2_W100,0.3285481892,0.0939736718,6,0,159,168.0458015,EXP-001,ds_16b6be697acb,ds_aa8808303afa,1465af7161a9053ca7df7d4d04572789911a5480,e41f63ef47ea066f14e5effb41bf9f4b7ebd8d79641604b69a10323837e09474
00889,8,False,B2_W100,0.3424342044,0.09730469193,6,0,224,167.4961832,EXP-001,ds_16b6be697acb,ds_aa8808303afa,1465af7161a9053ca7df7d4d04572789911a5480,e41f63ef47ea066f14e5effb41bf9f4b7ebd8d79641604b69a10323837e09474
00890,8,False,B2_W100,0.3498702103,0.09832840849,6,0,162,167.9541985,EXP-001,ds_16b6be697acb,ds_aa8808303afa,1465af7161a9053ca7df7d4d04572789911a5480,e41f63ef47ea066f14e5effb41bf9f4b7ebd8d79641604b69a10323837e09474
00891,8,False,B2_W100,0.3382395267,0.09599364309,6,0,160,167.5969466,EXP-001,ds_16b6be697acb,ds_aa8808303afa,1465af7161a9053ca7df7d4d04572789911a5480,e41f63ef47ea066f14e5effb41bf9f4b7ebd8d79641604b69a10323837e09474
00892,8,False,B2_W100,0.3637408767,0.1010328917,6,0,186,167.3496183,EXP-001,ds_16b6be697acb,ds_aa8808303afa,1465af7161a9053ca7df7d4d04572789911a5480,e41f63ef47ea066f14e5effb41bf9f4b7ebd8d79641604b69a10323837e09474
00893,8,False,B2_W100,0.3498867777,0.09767746105,6,0,155,167.0748092,EXP-001,ds_16b6be697acb,ds_aa8808303afa,1465af7161a9053ca7df7d4d04572789911a5480,e41f63ef47ea066f14e5effb41bf9f4b7ebd8d79641604b69a10323837e09474
00894,8,False,B2_W100,0.3550246328,0.09867676709,6,0,175,167.0656489,EXP-001,ds_16b6be697acb,ds_aa8808303afa,1465af7161a9053ca7df7d4d04572789911a5480,e41f63ef47ea066f14e5effb41bf9f4b7ebd8d79641604b69a10323837e09474
00895,8,False,B2_W100,0.3356657501,0.09566969503,6,0,156,167.8992366,EXP-001,ds_16b6be697acb,ds_aa8808303afa,1465af7161a9053ca7df7d4d04572789911a5480,e41f63ef47ea066f14e5effb41bf9f4b7ebd8d79641604b69a10323837e09474
00896,8,False,B2_W100,0.3626201226,0.1003514311,6,0,156,168.7603053,EXP-001,ds_16b6be697acb,ds_aa8808303afa,1465af7161a9053ca7df7d4d04572789911a5480,e41f63ef47ea066f14e5effb41bf9f4b7ebd8d79641604b69a10323837e09474
00897,8,False,B2_W100,0.36162688,0.1003331232,6,0,100,168.9068702,EXP-001,ds_16b6be697acb,ds_aa8808303afa,1465af7161a9053ca7df7d4d04572789911a5480,e41f63ef47ea066f14e5effb41bf9f4b7ebd8d79641604b69a10323837e09474
00898,8,False,B2_W100,0.3423959234,0.0969685386,6,0,152,168.5862595,EXP-001,ds_16b6be697acb,ds_aa8808303afa,1465af7161a9053ca7df7d4d04572789911a5480,e41f63ef47ea066f14e5effb41bf9f4b7ebd8d79641604b69a10323837e09474
00899,8,False,B2_W100,0.3298138539,0.09465818373,6,0,215,168.3664122,EXP-001,ds_16b6be697acb,ds_aa8808303afa,1465af7161a9053ca7df7d4d04572789911a5480,e41f63ef47ea066f14e5effb41bf9f4b7ebd8d79641604b69a10323837e09474
00900,8,False,B2_W100,0.3186334522,0.09166331693,6,0,137,168.3755725,EXP-001,ds_16b6be697acb,ds_aa8808303afa,1465af7161a9053ca7df7d4d04572789911a5480,e41f63ef47ea066f14e5effb41bf9f4b7ebd8d79641604b69a10323837e09474
00901,9,False,B2_W100,0.3576183747,0.1000152778,6,0,188,168.3206107,EXP-001,ds_16b6be697acb,ds_aa8808303afa,1465af7161a9053ca7df7d4d04572789911a5480,e41f63ef47ea066f14e5effb41bf9f4b7ebd8d79641604b69a10323837e09474
00902,9,False,B2_W100,0.3333476381,0.09496992652,6,0,177,168.6137405,EXP-001,ds_16b6be697acb,ds_aa8808303afa,1465af7161a9053ca7df7d4d04572789911a5480,e41f63ef47ea066f14e5effb41bf9f4b7ebd8d79641604b69a10323837e09474
00903,9,False,B2_W100,0.3595956387,0.1003666877,6,0,250,168.5496183,EXP-001,ds_16b6be697acb,ds_aa8808303afa,1465af7161a9053ca7df7d4d04572789911a5480,e41f63ef47ea066f14e5effb41bf9f4b7ebd8d79641604b69a10323837e09474
00904,9,False,B2_W100,0.3481591906,0.0983680756,6,0,156,169.4473282,EXP-001,ds_16b6be697acb,ds_aa8808303afa,1465af7161a9053ca7df7d4d04572789911a5480,e41f63ef47ea066f14e5effb41bf9f4b7ebd8d79641604b69a10323837e09474
00905,9,False,B2_W100,0.3628316915,0.1007089436,6,0,172,169.2916031,EXP-001,ds_16b6be697acb,ds_aa8808303afa,1465af7161a9053ca7df7d4d04572789911a5480,e41f63ef47ea066f14e5effb41bf9f4b7ebd8d79641604b69a10323837e09474
00906,9,False,B2_W100,0.3615326852,0.1003819443,6,0,157,169.8045802,EXP-001,ds_16b6be697acb,ds_aa8808303afa,1465af7161a9053ca7df7d4d04572789911a5480,e41f63ef47ea066f14e5effb41bf9f4b7ebd8d79641604b69a10323837e09474
00907,9,False,B2_W100,0.3425695704,0.09702651361,6,0,210,169.7770992,EXP-001,ds_16b6be697acb,ds_aa8808303afa,1465af7161a9053ca7df7d4d04572789911a5480,e41f63ef47ea066f14e5effb41bf9f4b7ebd8d79641604b69a10323837e09474
00908,9,False,B2_W100,0.3491880218,0.09768051237,6,0,133,169.8320611,EXP-001,ds_16b6be697acb,ds_aa8808303afa,1465af7161a9053ca7df7d4d04572789911a5480,e41f63ef47ea066f14e5effb41bf9f4b7ebd8d79641604b69a10323837e09474
00909,9,False,B2_W100,0.3334503435,0.09468869689,6,0,224,169.8412214,EXP-001,ds_16b6be697acb,ds_aa8808303afa,1465af7161a9053ca7df7d4d04572789911a5480,e41f63ef47ea066f14e5effb41bf9f4b7ebd8d79641604b69a10323837e09474
00910,9,False,B2_W100,0.3381458001,0.09604246415,6,0,136,170.1435115,EXP-001,ds_16b6be697acb,ds_aa8808303afa,1465af7161a9053ca7df7d4d04572789911a5480,e41f63ef47ea066f14e5effb41bf9f4b7ebd8d79641604b69a10323837e09474
00911,9,False,B2_W100,0.3699538612,0.1007577647,6,0,159,169.4381679,EXP-001,ds_16b6be697acb,ds_aa8808303afa,1465af7161a9053ca7df7d4d04572789911a5480,e41f63ef47ea066f14e5effb41bf9f4b7ebd8d79641604b69a10323837e09474
00912,9,False,B2_W100,0.3446680108,0.09739012878,6,0,150,169.319084,EXP-001,ds_16b6be697acb,ds_aa8808303afa,1465af7161a9053ca7df7d4d04572789911a5480,e41f63ef47ea066f14e5effb41bf9f4b7ebd8d79641604b69a10323837e09474
00913,9,False,B2_W100,0.3514263351,0.09873169078,6,0,138,168.7053435,EXP-001,ds_16b6be697acb,ds_aa8808303afa,1465af7161a9053ca7df7d4d04572789911a5480,e41f63ef47ea066f14e5effb41bf9f4b7ebd8d79641604b69a10323837e09474
00914,9,False,B2_W100,0.3403883695,0.09668730896,6,0,243,168.8519084,EXP-001,ds_16b6be697acb,ds_aa8808303afa,1465af7161a9053ca7df7d4d04572789911a5480,e41f63ef47ea066f14e5effb41bf9f4b7ebd8d79641604b69a10323837e09474
00915,9,False,B2_W100,0.3725397076,0.1023744537,6,0,135,169.3099237,EXP-001,ds_16b6be697acb,ds_aa8808303afa,1465af7161a9053ca7df7d4d04572789911a5480,e41f63ef47ea066f14e5effb41bf9f4b7ebd8d79641604b69a10323837e09474
00916,9,False,B2_W100,0.3487344961,0.09800751175,6,0,187,168.5221374,EXP-001,ds_16b6be697acb,ds_aa8808303afa,1465af7161a9053ca7df7d4d04572789911a5480,e41f63ef47ea066f14e5effb41bf9f4b7ebd8d79641604b69a10323837e09474
00917,9,False,B2_W100,0.3352104809,0.09568190029,6,0,216,168.870229,EXP-001,ds_16b6be697acb,ds_aa8808303afa,1465af7161a9053ca7df7d4d04572789911a5480,e41f63ef47ea066f14e5effb41bf9f4b7ebd8d79641604b69a10323837e09474
00918,9,False,B2_W100,0.3472921242,0.0980746407,6,0,174,169.9053435,EXP-001,ds_16b6be697acb,ds_aa8808303afa,1465af7161a9053ca7df7d4d04572789911a5480,e41f63ef47ea066f14e5effb41bf9f4b7ebd8d79641604b69a10323837e09474
00919,9,False,B2_W100,0.3486348461,0.09839553745,6,0,166,169.5664122,EXP-001,ds_16b6be697acb,ds_aa8808303afa,1465af7161a9053ca7df7d4d04572789911a5480,e41f63ef47ea066f14e5effb41bf9f4b7ebd8d79641604b69a10323837e09474
00920,9,False,B2_W100,0.3477225246,0.09804107622,6,0,120,169.7770992,EXP-001,ds_16b6be697acb,ds_aa8808303afa,1465af7161a9053ca7df7d4d04572789911a5480,e41f63ef47ea066f14e5effb41bf9f4b7ebd8d79641604b69a10323837e09474
00921,9,False,B2_W100,0.351375056,0.09865235656,6,0,116,169.7038168,EXP-001,ds_16b6be697acb,ds_aa8808303afa,1465af7161a9053ca7df7d4d04572789911a5480,e41f63ef47ea066f14e5effb41bf9f4b7ebd8d79641604b69a10323837e09474
00922,9,False,B2_W100,0.3524439401,0.09865235656,6,0,164,169.1816794,EXP-001,ds_16b6be697acb,ds_aa8808303afa,1465af7161a9053ca7df7d4d04572789911a5480,e41f63ef47ea066f14e5effb41bf9f4b7ebd8d79641604b69a10323837e09474
00923,9,False,B2_W100,0.3420827684,0.09698989781,6,0,176,168.8519084,EXP-001,ds_16b6be697acb,ds_aa8808303afa,1465af7161a9053ca7df7d4d04572789911a5480,e41f63ef47ea066f14e5effb41bf9f4b7ebd8d79641604b69a10323837e09474
00924,9,False,B2_W100,0.3498750987,0.09830704928,6,0,142,168.778626,EXP-001,ds_16b6be697acb,ds_aa8808303afa,1465af7161a9053ca7df7d4d04572789911a5480,e41f63ef47ea066f14e5effb41bf9f4b7ebd8d79641604b69a10323837e09474
00925,9,False,B2_W100,0.3348862875,0.09463682451,6,0,227,168.3938931,EXP-001,ds_16b6be697acb,ds_aa8808303afa,1465af7161a9053ca7df7d4d04572789911a5480,e41f63ef47ea066f14e5effb41bf9f4b7ebd8d79641604b69a10323837e09474
00926,9,False,B2_W100,0.3524630448,0.0986798184,6,0,200,169.3923664,EXP-001,ds_16b6be697acb,ds_aa8808303afa,1465af7161a9053ca7df7d4d04572789911a5480,e41f63ef47ea066f14e5effb41bf9f4b7ebd8d79641604b69a10323837e09474
00927,9,False,B2_W100,0.3631876191,0.1006662252,6,0,138,169.8778626,EXP-001,ds_16b6be697acb,ds_aa8808303afa,1465af7161a9053ca7df7d4d04572789911a5480,e41f63ef47ea066f14e5effb41bf9f4b7ebd8d79641604b69a10323837e09474
00928,9,False,B2_W100,0.3447560032,0.09733825641,6,0,182,169.2824427,EXP-001,ds_16b6be697acb,ds_aa8808303afa,1465af7161a9053ca7df7d4d04572789911a5480,e41f63ef47ea066f14e5effb41bf9f4b7ebd8d79641604b69a10323837e09474
00929,9,False,B2_W100,0.3563403113,0.09936433033,6,0,194,169.3740458,EXP-001,ds_16b6be697acb,ds_aa8808303afa,1465af7161a9053ca7df7d4d04572789911a5480,e41f63ef47ea066f14e5effb41bf9f4b7ebd8d79641604b69a10323837e09474
00930,9,False,B2_W100,0.3694643666,0.1013385319,6,0,228,169.6854962,EXP-001,ds_16b6be697acb,ds_aa8808303afa,1465af7161a9053ca7df7d4d04572789911a5480,e41f63ef47ea066f14e5effb41bf9f4b7ebd8d79641604b69a10323837e09474
00931,9,False,B2_W100,0.3455975838,0.09764999921,6,0,160,170.1343511,EXP-001,ds_16b6be697acb,ds_aa8808303afa,1465af7161a9053ca7df7d4d04572789911a5480,e41f63ef47ea066f14e5effb41bf9f4b7ebd8d79641604b69a10323837e09474
00932,9,False,B2_W100,0.3528342764,0.09900376647,6,0,254,170.7847328,EXP-001,ds_16b6be697acb,ds_aa8808303afa,1465af7161a9053ca7df7d4d04572789911a5480,e41f63ef47ea066f14e5effb41bf9f4b7ebd8d79641604b69a10323837e09474
00933,9,False,B2_W100,0.3516549317,0.09835281902,6,0,224,171.8748092,EXP-001,ds_16b6be697acb,ds_aa8808303afa,1465af7161a9053ca7df7d4d04572789911a5480,e41f63ef47ea066f14e5effb41bf9f4b7ebd8d79641604b69a10323837e09474
00934,9,False,B2_W100,0.3508773116,0.0979983578,6,0,193,172.3877863,EXP-001,ds_16b6be697acb,ds_aa8808303afa,1465af7161a9053ca7df7d4d04572789911a5480,e41f63ef47ea066f14e5effb41bf9f4b7ebd8d79641604b69a10323837e09474
00935,9,False,B2_W100,0.3377478954,0.0960150023,6,0,218,172.5618321,EXP-001,ds_16b6be697acb,ds_aa8808303afa,1465af7161a9053ca7df7d4d04572789911a5480,e41f63ef47ea066f14e5effb41bf9f4b7ebd8d79641604b69a10323837e09474
00936,9,False,B2_W100,0.3432000424,0.09735351299,6,0,170,173.1664122,EXP-001,ds_16b6be697acb,ds_aa8808303afa,1465af7161a9053ca7df7d4d04572789911a5480,e41f63ef47ea066f14e5effb41bf9f4b7ebd8d79641604b69a10323837e09474
00937,9,False,B2_W100,0.3192364108,0.09204524,6,0,205,173.5328244,EXP-001,ds_16b6be697acb,ds_aa8808303afa,1465af7161a9053ca7df7d4d04572789911a5480,e41f63ef47ea066f14e5effb41bf9f4b7ebd8d79641604b69a10323837e09474
00938,9,False,B2_W100,0.3555983321,0.09944366455,6,0,147,173.7160305,EXP-001,ds_16b6be697acb,ds_aa8808303afa,1465af7161a9053ca7df7d4d04572789911a5480,e41f63ef47ea066f14e5effb41bf9f4b7ebd8d79641604b69a10323837e09474
00939,9,False,B2_W100,0.3731250916,0.1024293774,6,0,159,173.5145038,EXP-001,ds_16b6be697acb,ds_aa8808303afa,1465af7161a9053ca7df7d4d04572789911a5480,e41f63ef47ea066f14e5effb41bf9f4b7ebd8d79641604b69a10323837e09474
00940,9,False,B2_W100,0.3461080114,0.09737792352,6,0,201,172.9923664,EXP-001,ds_16b6be697acb,ds_aa8808303afa,1465af7161a9053ca7df7d4d04572789911a5480,e41f63ef47ea066f14e5effb41bf9f4b7ebd8d79641604b69a10323837e09474
00941,9,False,B2_W100,0.3280020426,0.09403164681,6,0,188,173.2946565,EXP-001,ds_16b6be697acb,ds_aa8808303afa,1465af7161a9053ca7df7d4d04572789911a5480,e41f63ef47ea066f14e5effb41bf9f4b7ebd8d79641604b69a10323837e09474
00942,9,False,B2_W100,0.3515584396,0.0980929486,6,0,182,174.4396947,EXP-001,ds_16b6be697acb,ds_aa8808303afa,1465af7161a9053ca7df7d4d04572789911a5480,e41f63ef47ea066f14e5effb41bf9f4b7ebd8d79641604b69a10323837e09474
00943,9,False,B2_W100,0.3671075421,0.1007364055,6,0,128,174.4396947,EXP-001,ds_16b6be697acb,ds_aa8808303afa,1465af7161a9053ca7df7d4d04572789911a5480,e41f63ef47ea066f14e5effb41bf9f4b7ebd8d79641604b69a10323837e09474
00944,9,False,B2_W100,0.333587067,0.09474362058,6,0,180,174.4580153,EXP-001,ds_16b6be697acb,ds_aa8808303afa,1465af7161a9053ca7df7d4d04572789911a5480,e41f63ef47ea066f14e5effb41bf9f4b7ebd8d79641604b69a10323837e09474
00945,9,False,B2_W100,0.3243547398,0.0934813928,6,0,202,174.5038168,EXP-001,ds_16b6be697acb,ds_aa8808303afa,1465af7161a9053ca7df7d4d04572789911a5480,e41f63ef47ea066f14e5effb41bf9f4b7ebd8d79641604b69a10323837e09474
00946,9,False,B2_W100,0.3467492353,0.09686123398,6,0,196,175.1908397,EXP-001,ds_16b6be697acb,ds_aa8808303afa,1465af7161a9053ca7df7d4d04572789911a5480,e41f63ef47ea066f14e5effb41bf9f4b7ebd8d79641604b69a10323837e09474
00947,9,False,B2_W100,0.3409398714,0.09654033723,6,0,184,175.5480916,EXP-001,ds_16b6be697acb,ds_aa8808303afa,1465af7161a9053ca7df7d4d04572789911a5480,e41f63ef47ea066f14e5effb41bf9f4b7ebd8d79641604b69a10323837e09474
00948,9,False,B2_W100,0.3418251196,0.09685513135,6,0,175,175.9328244,EXP-001,ds_16b6be697acb,ds_aa8808303afa,1465af7161a9053ca7df7d4d04572789911a5480,e41f63ef47ea066f14e5effb41bf9f4b7ebd8d79641604b69a10323837e09474
00949,9,False,B2_W100,0.3472565494,0.09817228282,6,0,196,175.951145,EXP-001,ds_16b6be697acb,ds_aa8808303afa,1465af7161a9053ca7df7d4d04572789911a5480,e41f63ef47ea066f14e5effb41bf9f4b7ebd8d79641604b69a10323837e09474
00950,9,False,B2_W100,0.3257182846,0.09382975139,6,0,187,176.1801527,EXP-001,ds_16b6be697acb,ds_aa8808303afa,1465af7161a9053ca7df7d4d04572789911a5480,e41f63ef47ea066f14e5effb41bf9f4b7ebd8d79641604b69a10323837e09474
00951,10,False,B2_W100,0.3682664011,0.1018577642,6,0,150,176.0335878,EXP-001,ds_16b6be697acb,ds_aa8808303afa,1465af7161a9053ca7df7d4d04572789911a5480,e41f63ef47ea066f14e5effb41bf9f4b7ebd8d79641604b69a10323837e09474
00952,10,False,B2_W100,0.3845776527,0.103786196,6,0,124,175.8503817,EXP-001,ds_16b6be697acb,ds_aa8808303afa,1465af7161a9053ca7df7d4d04572789911a5480,e41f63ef47ea066f14e5effb41bf9f4b7ebd8d79641604b69a10323837e09474
00953,10,False,B2_W100,0.3295789614,0.09441967251,6,0,231,175.8045802,EXP-001,ds_16b6be697acb,ds_aa8808303afa,1465af7161a9053ca7df7d4d04572789911a5480,e41f63ef47ea066f14e5effb41bf9f4b7ebd8d79641604b69a10323837e09474
00954,10,False,B2_W100,0.3444066895,0.0977628979,6,0,165,175.9419847,EXP-001,ds_16b6be697acb,ds_aa8808303afa,1465af7161a9053ca7df7d4d04572789911a5480,e41f63ef47ea066f14e5effb41bf9f4b7ebd8d79641604b69a10323837e09474
00955,10,False,B2_W100,0.353260998,0.09908920332,6,0,170,175.5206107,EXP-001,ds_16b6be697acb,ds_aa8808303afa,1465af7161a9053ca7df7d4d04572789911a5480,e41f63ef47ea066f14e5effb41bf9f4b7ebd8d79641604b69a10323837e09474
00956,10,False,B2_W100,0.3610562716,0.100436868,6,0,111,175.319084,EXP-001,ds_16b6be697acb,ds_aa8808303afa,1465af7161a9053ca7df7d4d04572789911a5480,e41f63ef47ea066f14e5effb41bf9f4b7ebd8d79641604b69a10323837e09474
00957,10,False,B2_W100,0.3607687882,0.1004155087,6,0,100,174.9160305,EXP-001,ds_16b6be697acb,ds_aa8808303afa,1465af7161a9053ca7df7d4d04572789911a5480,e41f63ef47ea066f14e5effb41bf9f4b7ebd8d79641604b69a10323837e09474
00958,10,False,B2_W100,0.3689313949,0.1017601221,6,0,129,173.9450382,EXP-001,ds_16b6be697acb,ds_aa8808303afa,1465af7161a9053ca7df7d4d04572789911a5480,e41f63ef47ea066f14e5effb41bf9f4b7ebd8d79641604b69a10323837e09474
00959,10,False,B2_W100,0.3526772558,0.09875304999,6,0,89,173.340458,EXP-001,ds_16b6be697acb,ds_aa8808303afa,1465af7161a9053ca7df7d4d04572789911a5480,e41f63ef47ea066f14e5effb41bf9f4b7ebd8d79641604b69a10323837e09474
00960,10,False,B2_W100,0.3473700041,0.09812346176,6,0,153,173.1114504,EXP-001,ds_16b6be697acb,ds_aa8808303afa,1465af7161a9053ca7df7d4d04572789911a5480,e41f63ef47ea066f14e5effb41bf9f4b7ebd8d79641604b69a10323837e09474
00961,10,False,B2_W100,0.3587621585,0.09979202314,6,0,176,172.378626,EXP-001,ds_16b6be697acb,ds_aa8808303afa,1465af7161a9053ca7df7d4d04572789911a5480,e41f63ef47ea066f14e5effb41bf9f4b7ebd8d79641604b69a10323837e09474
00962,10,False,B2_W100,0.3637525455,0.1010664562,6,0,121,171.9572519,EXP-001,ds_16b6be697acb,ds_aa8808303afa,1465af7161a9053ca7df7d4d04572789911a5480,e41f63ef47ea066f14e5effb41bf9f4b7ebd8d79641604b69a10323837e09474
00963,10,False,B2_W100,0.342055386,0.09671782212,6,0,236,171.5267176,EXP-001,ds_16b6be697acb,ds_aa8808303afa,1465af7161a9053ca7df7d4d04572789911a5480,e41f63ef47ea066f14e5effb41bf9f4b7ebd8d79641604b69a10323837e09474
00964,10,False,B2_W100,0.3702936066,0.1010389943,6,0,175,171.5450382,EXP-001,ds_16b6be697acb,ds_aa8808303afa,1465af7161a9053ca7df7d4d04572789911a5480,e41f63ef47ea066f14e5effb41bf9f4b7ebd8d79641604b69a10323837e09474
00965,10,False,B2_W100,0.3315702805,0.09503095285,6,0,167,171.8290076,EXP-001,ds_16b6be697acb,ds_aa8808303afa,1465af7161a9053ca7df7d4d04572789911a5480,e41f63ef47ea066f14e5effb41bf9f4b7ebd8d79641604b69a10323837e09474
00966,10,False,B2_W100,0.3571084768,0.09971879155,6,0,131,171.5267176,EXP-001,ds_16b6be697acb,ds_aa8808303afa,1465af7161a9053ca7df7d4d04572789911a5480,e41f63ef47ea066f14e5effb41bf9f4b7ebd8d79641604b69a10323837e09474
00967,10,False,B2_W100,0.3351455457,0.09566664371,6,0,186,170.9770992,EXP-001,ds_16b6be697acb,ds_aa8808303afa,1465af7161a9053ca7df7d4d04572789911a5480,e41f63ef47ea066f14e5effb41bf9f4b7ebd8d79641604b69a10323837e09474
00968,10,False,B2_W100,0.3376119879,0.09572461872,6,0,149,170.7480916,EXP-001,ds_16b6be697acb,ds_aa8808303afa,1465af7161a9053ca7df7d4d04572789911a5480,e41f63ef47ea066f14e5effb41bf9f4b7ebd8d79641604b69a10323837e09474
00969,10,False,B2_W100,0.3603749525,0.09975540735,6,0,134,170.4824427,EXP-001,ds_16b6be697acb,ds_aa8808303afa,1465af7161a9053ca7df7d4d04572789911a5480,e41f63ef47ea066f14e5effb41bf9f4b7ebd8d79641604b69a10323837e09474
00970,10,False,B2_W100,0.3305718762,0.09473446663,6,0,179,170.1160305,EXP-001,ds_16b6be697acb,ds_aa8808303afa,1465af7161a9053ca7df7d4d04572789911a5480,e41f63ef47ea066f14e5effb41bf9f4b7ebd8d79641604b69a10323837e09474
00971,10,False,B2_W100,0.3498020427,0.09775069264,6,0,144,170.7389313,EXP-001,ds_16b6be697acb,ds_aa8808303afa,1465af7161a9053ca7df7d4d04572789911a5480,e41f63ef47ea066f14e5effb41bf9f4b7ebd8d79641604b69a10323837e09474
00972,10,False,B2_W100,0.3417668537,0.09676664318,6,0,151,170.2351145,EXP-001,ds_16b6be697acb,ds_aa8808303afa,1465af7161a9053ca7df7d4d04572789911a5480,e41f63ef47ea066f14e5effb41bf9f4b7ebd8d79641604b69a10323837e09474
00973,10,False,B2_W100,0.3478514882,0.09746336037,6,0,215,170.3267176,EXP-001,ds_16b6be697acb,ds_aa8808303afa,1465af7161a9053ca7df7d4d04572789911a5480,e41f63ef47ea066f14e5effb41bf9f4b7ebd8d79641604b69a10323837e09474
00974,10,False,B2_W100,0.3543201203,0.09913802438,6,0,236,171.0503817,EXP-001,ds_16b6be697acb,ds_aa8808303afa,1465af7161a9053ca7df7d4d04572789911a5480,e41f63ef47ea066f14e5effb41bf9f4b7ebd8d79641604b69a10323837e09474
00975,10,False,B2_W100,0.3527692332,0.09880797368,6,0,137,171.3160305,EXP-001,ds_16b6be697acb,ds_aa8808303afa,1465af7161a9053ca7df7d4d04572789911a5480,e41f63ef47ea066f14e5effb41bf9f4b7ebd8d79641604b69a10323837e09474
00976,10,False,B2_W100,0.3565780104,0.09945281849,6,0,215,171.3068702,EXP-001,ds_16b6be697acb,ds_aa8808303afa,1465af7161a9053ca7df7d4d04572789911a5480,e41f63ef47ea066f14e5effb41bf9f4b7ebd8d79641604b69a10323837e09474
00977,10,False,B2_W100,0.3618467383,0.1007455594,6,0,177,171.9755725,EXP-001,ds_16b6be697acb,ds_aa8808303afa,1465af7161a9053ca7df7d4d04572789911a5480,e41f63ef47ea066f14e5effb41bf9f4b7ebd8d79641604b69a10323837e09474
00978,10,False,B2_W100,0.377503721,0.1030315038,6,0,138,172.3053435,EXP-001,ds_16b6be697acb,ds_aa8808303afa,1465af7161a9053ca7df7d4d04572789911a5480,e41f63ef47ea066f14e5effb41bf9f4b7ebd8d79641604b69a10323837e09474
00979,10,False,B2_W100,0.3482801891,0.09734435904,6,0,227,171.5267176,EXP-001,ds_16b6be697acb,ds_aa8808303afa,1465af7161a9053ca7df7d4d04572789911a5480,e41f63ef47ea066f14e5effb41bf9f4b7ebd8d79641604b69a10323837e09474
00980,10,False,B2_W100,0.3534538072,0.09869507499,6,0,157,171.8564885,EXP-001,ds_16b6be697acb,ds_aa8808303afa,1465af7161a9053ca7df7d4d04572789911a5480,e41f63ef47ea066f14e5effb41bf9f4b7ebd8d79641604b69a10323837e09474
00981,10,True,B2_W100,0.3407156464,0.09669951423,6,0,248,171.9938931,EXP-001,ds_16b6be697acb,ds_aa8808303afa,1465af7161a9053ca7df7d4d04572789911a5480,e41f63ef47ea066f14e5effb41bf9f4b7ebd8d79641604b69a10323837e09474
00982,10,True,B2_W100,0.3380383463,0.09603941283,6,0,204,172.680916,EXP-001,ds_16b6be697acb,ds_aa8808303afa,1465af7161a9053ca7df7d4d04572789911a5480,e41f63ef47ea066f14e5effb41bf9f4b7ebd8d79641604b69a10323837e09474
00983,10,True,B2_W100,0.3501123775,0.09838333219,6,0,113,172.4885496,EXP-001,ds_16b6be697acb,ds_aa8808303afa,1465af7161a9053ca7df7d4d04572789911a5480,e41f63ef47ea066f14e5effb41bf9f4b7ebd8d79641604b69a10323837e09474
00984,10,True,B2_W100,0.3394163243,0.09640607932,6,0,131,172.0580153,EXP-001,ds_16b6be697acb,ds_aa8808303afa,1465af7161a9053ca7df7d4d04572789911a5480,e41f63ef47ea066f14e5effb41bf9f4b7ebd8d79641604b69a10323837e09474
00985,10,True,B2_W100,0.3290616457,0.09444408304,6,0,195,172.1770992,EXP-001,ds_16b6be697acb,ds_aa8808303afa,1465af7161a9053ca7df7d4d04572789911a5480,e41f63ef47ea066f14e5effb41bf9f4b7ebd8d79641604b69a10323837e09474
00986,10,True,B2_W100,0.3649937222,0.1004582272,6,0,197,172.5618321,EXP-001,ds_16b6be697acb,ds_aa8808303afa,1465af7161a9053ca7df7d4d04572789911a5480,e41f63ef47ea066f14e5effb41bf9f4b7ebd8d79641604b69a10323837e09474
00987,10,True,B2_W100,0.3372221471,0.09610654179,6,0,220,172.5801527,EXP-001,ds_16b6be697acb,ds_aa8808303afa,1465af7161a9053ca7df7d4d04572789911a5480,e41f63ef47ea066f14e5effb41bf9f4b7ebd8d79641604b69a10323837e09474
00988,10,True,B2_W100,0.3403742597,0.09679410503,6,0,193,172.8091603,EXP-001,ds_16b6be697acb,ds_aa8808303afa,1465af7161a9053ca7df7d4d04572789911a5480,e41f63ef47ea066f14e5effb41bf9f4b7ebd8d79641604b69a10323837e09474
00989,10,True,B2_W100,0.3591258494,0.1001007146,6,0,198,173.1206107,EXP-001,ds_16b6be697acb,ds_aa8808303afa,1465af7161a9053ca7df7d4d04572789911a5480,e41f63ef47ea066f14e5effb41bf9f4b7ebd8d79641604b69a10323837e09474
00990,10,True,B2_W100,0.3337063908,0.09508587654,6,0,167,172.8824427,EXP-001,ds_16b6be697acb,ds_aa8808303afa,1465af7161a9053ca7df7d4d04572789911a5480,e41f63ef47ea066f14e5effb41bf9f4b7ebd8d79641604b69a10323837e09474
00991,10,True,B2_W100,0.3484872116,0.09845351246,6,0,113,172.9282443,EXP-001,ds_16b6be697acb,ds_aa8808303afa,1465af7161a9053ca7df7d4d04572789911a5480,e41f63ef47ea066f14e5effb41bf9f4b7ebd8d79641604b69a10323837e09474
00992,10,True,B2_W100,0.354098754,0.0987744092,6,0,74,172.4977099,EXP-001,ds_16b6be697acb,ds_aa8808303afa,1465af7161a9053ca7df7d4d04572789911a5480,e41f63ef47ea066f14e5effb41bf9f4b7ebd8d79641604b69a10323837e09474
00993,10,True,B2_W100,0.3484491951,0.0974511551,6,0,185,171.4717557,EXP-001,ds_16b6be697acb,ds_aa8808303afa,1465af7161a9053ca7df7d4d04572789911a5480,e41f63ef47ea066f14e5effb41bf9f4b7ebd8d79641604b69a10323837e09474
00994,10,True,B2_W100,0.355781117,0.09973404813,6,0,204,171.7465649,EXP-001,ds_16b6be697acb,ds_aa8808303afa,1465af7161a9053ca7df7d4d04572789911a5480,e41f63ef47ea066f14e5effb41bf9f4b7ebd8d79641604b69a10323837e09474
00995,10,True,B2_W100,0.3537688955,0.09873779341,6,0,161,172.0122137,EXP-001,ds_16b6be697acb,ds_aa8808303afa,1465af7161a9053ca7df7d4d04572789911a5480,e41f63ef47ea066f14e5effb41bf9f4b7ebd8d79641604b69a10323837e09474
00996,10,True,B2_W100,0.3745622871,0.1027441715,6,0,83,172.0580153,EXP-001,ds_16b6be697acb,ds_aa8808303afa,1465af7161a9053ca7df7d4d04572789911a5480,e41f63ef47ea066f14e5effb41bf9f4b7ebd8d79641604b69a10323837e09474
00997,10,True,B2_W100,0.3512143045,0.09870728025,6,0,157,171.389313,EXP-001,ds_16b6be697acb,ds_aa8808303afa,1465af7161a9053ca7df7d4d04572789911a5480,e41f63ef47ea066f14e5effb41bf9f4b7ebd8d79641604b69a10323837e09474
00998,10,True,B2_W100,0.3198105885,0.09173044588,6,0,288,171.9114504,EXP-001,ds_16b6be697acb,ds_aa8808303afa,1465af7161a9053ca7df7d4d04572789911a5480,e41f63ef47ea066f14e5effb41bf9f4b7ebd8d79641604b69a10323837e09474
00999,10,True,B2_W100,0.3689920471,0.1021511991,6,0,172,173.1572519,EXP-001,ds_16b6be697acb,ds_aa8808303afa,1465af7161a9053ca7df7d4d04572789911a5480,e41f63ef47ea066f14e5effb41bf9f4b7ebd8d79641604b69a10323837e09474
01000,10,True,B2_W100,0.3378162104,0.09643048985,6,0,131,172.7633588,EXP-001,ds_16b6be697acb,ds_aa8808303afa,1465af7161a9053ca7df7d4d04572789911a5480,e41f63ef47ea066f14e5effb41bf9f4b7ebd8d79641604b69a10323837e09474
01001,11,True,B2_W100,0.3459310576,0.09810210255,6,0,78,172.7083969,EXP-001,ds_16b6be697acb,ds_aa8808303afa,1465af7161a9053ca7df7d4d04572789911a5480,e41f63ef47ea066f14e5effb41bf9f4b7ebd8d79641604b69a10323837e09474
01002,11,True,B2_W100,0.3426885883,0.09611874705,6,0,178,171.7007634,EXP-001,ds_16b6be697acb,ds_aa8808303afa,1465af7161a9053ca7df7d4d04572789911a5480,e41f63ef47ea066f14e5effb41bf9f4b7ebd8d79641604b69a10323837e09474
01003,11,True,B2_W100,0.36216459,0.1008096371,6,0,177,171.7099237,EXP-001,ds_16b6be697acb,ds_aa8808303afa,1465af7161a9053ca7df7d4d04572789911a5480,e41f63ef47ea066f14e5effb41bf9f4b7ebd8d79641604b69a10323837e09474
01004,11,True,B2_W100,0.3754368737,0.1027746847,6,0,157,171.0412214,EXP-001,ds_16b6be697acb,ds_aa8808303afa,1465af7161a9053ca7df7d4d04572789911a5480,e41f63ef47ea066f14e5effb41bf9f4b7ebd8d79641604b69a10323837e09474
01005,11,True,B2_W100,0.3457922215,0.09707533466,6,0,220,171.0503817,EXP-001,ds_16b6be697acb,ds_aa8808303afa,1465af7161a9053ca7df7d4d04572789911a5480,e41f63ef47ea066f14e5effb41bf9f4b7ebd8d79641604b69a10323837e09474
01006,11,True,B2_W100,0.353064985,0.09875915262,6,0,177,171.4900763,EXP-001,ds_16b6be697acb,ds_aa8808303afa,1465af7161a9053ca7df7d4d04572789911a5480,e41f63ef47ea066f14e5effb41bf9f4b7ebd8d79641604b69a10323837e09474
01007,11,True,B2_W100,0.3565160539,0.0991044599,6,0,128,171.6732824,EXP-001,ds_16b6be697acb,ds_aa8808303afa,1465af7161a9053ca7df7d4d04572789911a5480,e41f63ef47ea066f14e5effb41bf9f4b7ebd8d79641604b69a10323837e09474
01008,11,True,B2_W100,0.3549930185,0.09940399744,6,0,193,170.9221374,EXP-001,ds_16b6be697acb,ds_aa8808303afa,1465af7161a9053ca7df7d4d04572789911a5480,e41f63ef47ea066f14e5effb41bf9f4b7ebd8d79641604b69a10323837e09474
01009,11,True,B2_W100,0.3532669798,0.09937958691,6,0,228,171.4717557,EXP-001,ds_16b6be697acb,ds_aa8808303afa,1465af7161a9053ca7df7d4d04572789911a5480,e41f63ef47ea066f14e5effb41bf9f4b7ebd8d79641604b69a10323837e09474
01010,11,True,B2_W100,0.3444997828,0.09767440973,6,0,216,171.5083969,EXP-001,ds_16b6be697acb,ds_aa8808303afa,1465af7161a9053ca7df7d4d04572789911a5480,e41f63ef47ea066f14e5effb41bf9f4b7ebd8d79641604b69a10323837e09474
01011,11,True,B2_W100,0.3461732199,0.09769271763,6,0,216,172.2412214,EXP-001,ds_16b6be697acb,ds_aa8808303afa,1465af7161a9053ca7df7d4d04572789911a5480,e41f63ef47ea066f14e5effb41bf9f4b7ebd8d79641604b69a10323837e09474
01012,11,True,B2_W100,0.347522354,0.0960516181,6,0,148,172.7633588,EXP-001,ds_16b6be697acb,ds_aa8808303afa,1465af7161a9053ca7df7d4d04572789911a5480,e41f63ef47ea066f14e5effb41bf9f4b7ebd8d79641604b69a10323837e09474
01013,11,True,B2_W100,0.3435426599,0.09673918134,6,0,120,172.7450382,EXP-001,ds_16b6be697acb,ds_aa8808303afa,1465af7161a9053ca7df7d4d04572789911a5480,e41f63ef47ea066f14e5effb41bf9f4b7ebd8d79641604b69a10323837e09474
01014,11,True,B2_W100,0.3462201214,0.09775374395,6,0,139,172.5801527,EXP-001,ds_16b6be697acb,ds_aa8808303afa,1465af7161a9053ca7df7d4d04572789911a5480,e41f63ef47ea066f14e5effb41bf9f4b7ebd8d79641604b69a10323837e09474
01015,11,True,B2_W100,0.3460926422,0.09772017948,6,0,205,171.6274809,EXP-001,ds_16b6be697acb,ds_aa8808303afa,1465af7161a9053ca7df7d4d04572789911a5480,e41f63ef47ea066f14e5effb41bf9f4b7ebd8d79641604b69a10323837e09474
01016,11,True,B2_W100,0.3215086553,0.0920635479,6,0,154,172.2687023,EXP-001,ds_16b6be697acb,ds_aa8808303afa,1465af7161a9053ca7df7d4d04572789911a5480,e41f63ef47ea066f14e5effb41bf9f4b7ebd8d79641604b69a10323837e09474
01017,11,True,B2_W100,0.3399906423,0.09680020766,6,0,143,171.9664122,EXP-001,ds_16b6be697acb,ds_aa8808303afa,1465af7161a9053ca7df7d4d04572789911a5480,e41f63ef47ea066f14e5effb41bf9f4b7ebd8d79641604b69a10323837e09474
01018,11,True,B2_W100,0.3558607184,0.09811735913,6,0,165,171.2977099,EXP-001,ds_16b6be697acb,ds_aa8808303afa,1465af7161a9053ca7df7d4d04572789911a5480,e41f63ef47ea066f14e5effb41bf9f4b7ebd8d79641604b69a10323837e09474
01019,11,True,B2_W100,0.3351005397,0.09581920952,6,0,184,171.2152672,EXP-001,ds_16b6be697acb,ds_aa8808303afa,1465af7161a9053ca7df7d4d04572789911a5480,e41f63ef47ea066f14e5effb41bf9f4b7ebd8d79641604b69a10323837e09474
01020,11,True,B2_W100,0.3601253273,0.1004826377,6,0,125,171.3801527,EXP-001,ds_16b6be697acb,ds_aa8808303afa,1465af7161a9053ca7df7d4d04572789911a5480,e41f63ef47ea066f14e5effb41bf9f4b7ebd8d79641604b69a10323837e09474
01021,11,True,B2_W100,0.3474374845,0.0981112565,6,0,222,171.4259542,EXP-001,ds_16b6be697acb,ds_aa8808303afa,1465af7161a9053ca7df7d4d04572789911a5480,e41f63ef47ea066f14e5effb41bf9f4b7ebd8d79641604b69a10323837e09474
01022,11,True,B2_W100,0.3515896882,0.09844435851,6,0,176,172.3969466,EXP-001,ds_16b6be697acb,ds_aa8808303afa,1465af7161a9053ca7df7d4d04572789911a5480,e41f63ef47ea066f14e5effb41bf9f4b7ebd8d79641604b69a10323837e09474
01023,11,True,B2_W100,0.3487907597,0.0984229993,6,0,175,172.5068702,EXP-001,ds_16b6be697acb,ds_aa8808303afa,1465af7161a9053ca7df7d4d04572789911a5480,e41f63ef47ea066f14e5effb41bf9f4b7ebd8d79641604b69a10323837e09474
01024,11,True,B2_W100,0.350543959,0.09841994798,6,0,178,172.4977099,EXP-001,ds_16b6be697acb,ds_aa8808303afa,1465af7161a9053ca7df7d4d04572789911a5480,e41f63ef47ea066f14e5effb41bf9f4b7ebd8d79641604b69a10323837e09474
01025,11,True,B2_W100,0.3452108375,0.09740538536,6,0,216,172.8274809,EXP-001,ds_16b6be697acb,ds_aa8808303afa,1465af7161a9053ca7df7d4d04572789911a5480,e41f63ef47ea066f14e5effb41bf9f4b7ebd8d79641604b69a10323837e09474
01026,11,True,B2_W100,0.3397702028,0.09607297731,6,0,192,172.7267176,EXP-001,ds_16b6be697acb,ds_aa8808303afa,1465af7161a9053ca7df7d4d04572789911a5480,e41f63ef47ea066f14e5effb41bf9f4b7ebd8d79641604b69a10323837e09474
01027,11,True,B2_W100,0.3259969234,0.09375957112,6,0,203,172.6534351,EXP-001,ds_16b6be697acb,ds_aa8808303afa,1465af7161a9053ca7df7d4d04572789911a5480,e41f63ef47ea066f14e5effb41bf9f4b7ebd8d79641604b69a10323837e09474
01028,11,True,B2_W100,0.3377482766,0.09580090162,6,0,204,173.248855,EXP-001,ds_16b6be697acb,ds_aa8808303afa,1465af7161a9053ca7df7d4d04572789911a5480,e41f63ef47ea066f14e5effb41bf9f4b7ebd8d79641604b69a10323837e09474
01029,11,True,B2_W100,0.364507483,0.1008340476,6,0,221,173.4503817,EXP-001,ds_16b6be697acb,ds_aa8808303afa,1465af7161a9053ca7df7d4d04572789911a5480,e41f63ef47ea066f14e5effb41bf9f4b7ebd8d79641604b69a10323837e09474
01030,11,True,B2_W100,0.3543834078,0.09876830657,6,0,216,173.6977099,EXP-001,ds_16b6be697acb,ds_aa8808303afa,1465af7161a9053ca7df7d4d04572789911a5480,e41f63ef47ea066f14e5effb41bf9f4b7ebd8d79641604b69a10323837e09474
01031,11,True,B2_W100,0.3354893071,0.09545254303,6,0,219,173.5877863,EXP-001,ds_16b6be697acb,ds_aa8808303afa,1465af7161a9053ca7df7d4d04572789911a5480,e41f63ef47ea066f14e5effb41bf9f4b7ebd8d79641604b69a10323837e09474
01032,11,True,B2_W100,0.3452543714,0.0977812058,6,0,153,174.1282443,EXP-001,ds_16b6be697acb,ds_aa8808303afa,1465af7161a9053ca7df7d4d04572789911a5480,e41f63ef47ea066f14e5effb41bf9f4b7ebd8d79641604b69a10323837e09474
01033,11,True,B2_W100,0.3557101666,0.09945586981,6,0,210,173.2030534,EXP-001,ds_16b6be697acb,ds_aa8808303afa,1465af7161a9053ca7df7d4d04572789911a5480,e41f63ef47ea066f14e5effb41bf9f4b7ebd8d79641604b69a10323837e09474
01034,11,True,B2_W100,0.3474585664,0.09775679527,6,0,194,173.0748092,EXP-001,ds_16b6be697acb,ds_aa8808303afa,1465af7161a9053ca7df7d4d04572789911a5480,e41f63ef47ea066f14e5effb41bf9f4b7ebd8d79641604b69a10323837e09474
01035,11,True,B2_W100,0.3490690028,0.09808989728,6,0,211,173.0839695,EXP-001,ds_16b6be697acb,ds_aa8808303afa,1465af7161a9053ca7df7d4d04572789911a5480,e41f63ef47ea066f14e5effb41bf9f4b7ebd8d79641604b69a10323837e09474
01036,11,True,B2_W100,0.3293615652,0.09407131392,6,0,154,173.0198473,EXP-001,ds_16b6be697acb,ds_aa8808303afa,1465af7161a9053ca7df7d4d04572789911a5480,e41f63ef47ea066f14e5effb41bf9f4b7ebd8d79641604b69a10323837e09474
01037,11,True,B2_W100,0.3632609796,0.1007791239,6,0,123,172.8732824,EXP-001,ds_16b6be697acb,ds_aa8808303afa,1465af7161a9053ca7df7d4d04572789911a5480,e41f63ef47ea066f14e5effb41bf9f4b7ebd8d79641604b69a10323837e09474
01038,11,True,B2_W100,0.3329588356,0.09478328769,6,0,212,172.1221374,EXP-001,ds_16b6be697acb,ds_aa8808303afa,1465af7161a9053ca7df7d4d04572789911a5480,e41f63ef47ea066f14e5effb41bf9f4b7ebd8d79641604b69a10323837e09474
01039,11,True,B2_W100,0.3524941739,0.09880492237,6,0,210,172.7175573,EXP-001,ds_16b6be697acb,ds_aa8808303afa,1465af7161a9053ca7df7d4d04572789911a5480,e41f63ef47ea066f14e5effb41bf9f4b7ebd8d79641604b69a10323837e09474
01040,11,True,B2_W100,0.3434380908,0.0971394123,6,0,186,173.1847328,EXP-001,ds_16b6be697acb,ds_aa8808303afa,1465af7161a9053ca7df7d4d04572789911a5480,e41f63ef47ea066f14e5effb41bf9f4b7ebd8d79641604b69a10323837e09474
01041,11,True,B2_W100,0.353084131,0.09878966579,6,0,85,173.0473282,EXP-001,ds_16b6be697acb,ds_aa8808303afa,1465af7161a9053ca7df7d4d04572789911a5480,e41f63ef47ea066f14e5effb41bf9f4b7ebd8d79641604b69a10323837e09474
01042,11,True,B2_W100,0.370760954,0.1017387628,6,0,187,172.1038168,EXP-001,ds_16b6be697acb,ds_aa8808303afa,1465af7161a9053ca7df7d4d04572789911a5480,e41f63ef47ea066f14e5effb41bf9f4b7ebd8d79641604b69a10323837e09474
01043,11,True,B2_W100,0.3448514902,0.0970448215,6,0,52,172.1496183,EXP-001,ds_16b6be697acb,ds_aa8808303afa,1465af7161a9053ca7df7d4d04572789911a5480,e41f63ef47ea066f14e5effb41bf9f4b7ebd8d79641604b69a10323837e09474
01044,11,True,B2_W100,0.3359684765,0.0957398753,6,0,219,171.4534351,EXP-001,ds_16b6be697acb,ds_aa8808303afa,1465af7161a9053ca7df7d4d04572789911a5480,e41f63ef47ea066f14e5effb41bf9f4b7ebd8d79641604b69a10323837e09474
01045,11,True,B2_W100,0.3398846634,0.09641828459,6,0,172,171.810687,EXP-001,ds_16b6be697acb,ds_aa8808303afa,1465af7161a9053ca7df7d4d04572789911a5480,e41f63ef47ea066f14e5effb41bf9f4b7ebd8d79641604b69a10323837e09474
01046,11,True,B2_W100,0.3497104152,0.09775069264,6,0,151,171.5358779,EXP-001,ds_16b6be697acb,ds_aa8808303afa,1465af7161a9053ca7df7d4d04572789911a5480,e41f63ef47ea066f14e5effb41bf9f4b7ebd8d79641604b69a10323837e09474
01047,11,True,B2_W100,0.34415155,0.09742674457,6,0,239,171.1236641,EXP-001,ds_16b6be697acb,ds_aa8808303afa,1465af7161a9053ca7df7d4d04572789911a5480,e41f63ef47ea066f14e5effb41bf9f4b7ebd8d79641604b69a10323837e09474
01048,11,True,B2_W100,0.3501758937,0.09843825588,6,0,126,171.6274809,EXP-001,ds_16b6be697acb,ds_aa8808303afa,1465af7161a9053ca7df7d4d04572789911a5480,e41f63ef47ea066f14e5effb41bf9f4b7ebd8d79641604b69a10323837e09474
01049,11,True,B2_W100,0.3512549995,0.09808989728,6,0,188,171.178626,EXP-001,ds_16b6be697acb,ds_aa8808303afa,1465af7161a9053ca7df7d4d04572789911a5480,e41f63ef47ea066f14e5effb41bf9f4b7ebd8d79641604b69a10323837e09474
01050,11,True,B2_W100,0.3381541201,0.09609128521,6,0,172,171.1053435,EXP-001,ds_16b6be697acb,ds_aa8808303afa,1465af7161a9053ca7df7d4d04572789911a5480,e41f63ef47ea066f14e5effb41bf9f4b7ebd8d79641604b69a10323837e09474
01051,12,True,B2_W100,0.356385205,0.09981033104,6,0,191,170.9679389,EXP-001,ds_16b6be697acb,ds_aa8808303afa,1465af7161a9053ca7df7d4d04572789911a5480,e41f63ef47ea066f14e5effb41bf9f4b7ebd8d79641604b69a10323837e09474
01052,12,True,B2_W100,0.3324368365,0.09449595542,6,0,73,171.3435115,EXP-001,ds_16b6be697acb,ds_aa8808303afa,1465af7161a9053ca7df7d4d04572789911a5480,e41f63ef47ea066f14e5effb41bf9f4b7ebd8d79641604b69a10323837e09474
01053,12,True,B2_W100,0.3419569676,0.09721569521,6,0,180,170.8763359,EXP-001,ds_16b6be697acb,ds_aa8808303afa,1465af7161a9053ca7df7d4d04572789911a5480,e41f63ef47ea066f14e5effb41bf9f4b7ebd8d79641604b69a10323837e09474
01054,12,True,B2_W100,0.3624999307,0.09991102447,6,0,186,170.4091603,EXP-001,ds_16b6be697acb,ds_aa8808303afa,1465af7161a9053ca7df7d4d04572789911a5480,e41f63ef47ea066f14e5effb41bf9f4b7ebd8d79641604b69a10323837e09474
01055,12,True,B2_W100,0.3357165479,0.09554408251,6,0,224,170.6015267,EXP-001,ds_16b6be697acb,ds_aa8808303afa,1465af7161a9053ca7df7d4d04572789911a5480,e41f63ef47ea066f14e5effb41bf9f4b7ebd8d79641604b69a10323837e09474
01056,12,True,B2_W100,0.347476422,0.09823025783,6,0,153,171.0961832,EXP-001,ds_16b6be697acb,ds_aa8808303afa,1465af7161a9053ca7df7d4d04572789911a5480,e41f63ef47ea066f14e5effb41bf9f4b7ebd8d79641604b69a10323837e09474
01057,12,True,B2_W100,0.3304212519,0.09493890481,6,0,132,171.480916,EXP-001,ds_16b6be697acb,ds_aa8808303afa,1465af7161a9053ca7df7d4d04572789911a5480,e41f63ef47ea066f14e5effb41bf9f4b7ebd8d79641604b69a10323837e09474
01058,12,True,B2_W100,0.3624952979,0.1006382548,6,0,137,171.7740458,EXP-001,ds_16b6be697acb,ds_aa8808303afa,1465af7161a9053ca7df7d4d04572789911a5480,e41f63ef47ea066f14e5effb41bf9f4b7ebd8d79641604b69a10323837e09474
01059,12,True,B2_W100,0.3619290727,0.09997205079,6,0,80,171.8473282,EXP-001,ds_16b6be697acb,ds_aa8808303afa,1465af7161a9053ca7df7d4d04572789911a5480,e41f63ef47ea066f14e5effb41bf9f4b7ebd8d79641604b69a10323837e09474
01060,12,True,B2_W100,0.3373577323,0.09496636666,6,0,156,171.7648855,EXP-001,ds_16b6be697acb,ds_aa8808303afa,1465af7161a9053ca7df7d4d04572789911a5480,e41f63ef47ea066f14e5effb41bf9f4b7ebd8d79641604b69a10323837e09474
01061,12,True,B2_W100,0.335455324,0.09535439236,6,0,220,171.7923664,EXP-001,ds_16b6be697acb,ds_aa8808303afa,1465af7161a9053ca7df7d4d04572789911a5480,e41f63ef47ea066f14e5effb41bf9f4b7ebd8d79641604b69a10323837e09474
01062,12,True,B2_W100,0.3453964456,0.09669900567,6,0,168,172.1954198,EXP-001,ds_16b6be697acb,ds_aa8808303afa,1465af7161a9053ca7df7d4d04572789911a5480,e41f63ef47ea066f14e5effb41bf9f4b7ebd8d79641604b69a10323837e09474
01063,12,True,B2_W100,0.3324366818,0.09538795684,6,0,206,172.6259542,EXP-001,ds_16b6be697acb,ds_aa8808303afa,1465af7161a9053ca7df7d4d04572789911a5480,e41f63ef47ea066f14e5effb41bf9f4b7ebd8d79641604b69a10323837e09474
01064,12,True,B2_W100,0.3296911598,0.09474006071,6,0,264,172.351145,EXP-001,ds_16b6be697acb,ds_aa8808303afa,1465af7161a9053ca7df7d4d04572789911a5480,e41f63ef47ea066f14e5effb41bf9f4b7ebd8d79641604b69a10323837e09474
01065,12,True,B2_W100,0.3320587156,0.09510062457,6,0,148,173.1664122,EXP-001,ds_16b6be697acb,ds_aa8808303afa,1465af7161a9053ca7df7d4d04572789911a5480,e41f63ef47ea066f14e5effb41bf9f4b7ebd8d79641604b69a10323837e09474
01066,12,True,B2_W100,0.3499478198,0.09812295321,6,0,182,172.9923664,EXP-001,ds_16b6be697acb,ds_aa8808303afa,1465af7161a9053ca7df7d4d04572789911a5480,e41f63ef47ea066f14e5effb41bf9f4b7ebd8d79641604b69a10323837e09474
01067,12,True,B2_W100,0.3417813818,0.0971480577,6,0,142,173.459542,EXP-001,ds_16b6be697acb,ds_aa8808303afa,1465af7161a9053ca7df7d4d04572789911a5480,e41f63ef47ea066f14e5effb41bf9f4b7ebd8d79641604b69a10323837e09474
01068,12,True,B2_W100,0.3485808962,0.09851708154,6,0,203,173.0564885,EXP-001,ds_16b6be697acb,ds_aa8808303afa,1465af7161a9053ca7df7d4d04572789911a5480,e41f63ef47ea066f14e5effb41bf9f4b7ebd8d79641604b69a10323837e09474
01069,12,True,B2_W100,0.3329857565,0.09551916343,6,0,184,173.551145,EXP-001,ds_16b6be697acb,ds_aa8808303afa,1465af7161a9053ca7df7d4d04572789911a5480,e41f63ef47ea066f14e5effb41bf9f4b7ebd8d79641604b69a10323837e09474
01070,12,True,B2_W100,0.3297425117,0.09455342187,6,0,255,174.0091603,EXP-001,ds_16b6be697acb,ds_aa8808303afa,1465af7161a9053ca7df7d4d04572789911a5480,e41f63ef47ea066f14e5effb41bf9f4b7ebd8d79641604b69a10323837e09474
01071,12,True,B2_W100,0.3339741134,0.09587362466,6,0,192,174.7053435,EXP-001,ds_16b6be697acb,ds_aa8808303afa,1465af7161a9053ca7df7d4d04572789911a5480,e41f63ef47ea066f14e5effb41bf9f4b7ebd8d79641604b69a10323837e09474
01072,12,True,B2_W100,0.3482162525,0.09821449269,6,0,205,175.1450382,EXP-001,ds_16b6be697acb,ds_aa8808303afa,1465af7161a9053ca7df7d4d04572789911a5480,e41f63ef47ea066f14e5effb41bf9f4b7ebd8d79641604b69a10323837e09474
01073,12,True,B2_W100,0.3709381974,0.1019487951,6,0,214,175.6396947,EXP-001,ds_16b6be697acb,ds_aa8808303afa,1465af7161a9053ca7df7d4d04572789911a5480,e41f63ef47ea066f14e5effb41bf9f4b7ebd8d79641604b69a10323837e09474
01074,12,True,B2_W100,0.3446643866,0.0969492136,6,0,151,175.6305344,EXP-001,ds_16b6be697acb,ds_aa8808303afa,1465af7161a9053ca7df7d4d04572789911a5480,e41f63ef47ea066f14e5effb41bf9f4b7ebd8d79641604b69a10323837e09474
01075,12,True,B2_W100,0.3710955531,0.1012734371,6,0,189,174.8519084,EXP-001,ds_16b6be697acb,ds_aa8808303afa,1465af7161a9053ca7df7d4d04572789911a5480,e41f63ef47ea066f14e5effb41bf9f4b7ebd8d79641604b69a10323837e09474
01076,12,True,B2_W100,0.3737416357,0.1022544353,6,0,165,175.3282443,EXP-001,ds_16b6be697acb,ds_aa8808303afa,1465af7161a9053ca7df7d4d04572789911a5480,e41f63ef47ea066f14e5effb41bf9f4b7ebd8d79641604b69a10323837e09474
01077,12,True,B2_W100,0.343090584,0.09688513596,6,0,168,174.870229,EXP-001,ds_16b6be697acb,ds_aa8808303afa,1465af7161a9053ca7df7d4d04572789911a5480,e41f63ef47ea066f14e5effb41bf9f4b7ebd8d79641604b69a10323837e09474
01078,12,True,B2_W100,0.339700506,0.09689123859,6,0,105,174.7877863,EXP-001,ds_16b6be697acb,ds_aa8808303afa,1465af7161a9053ca7df7d4d04572789911a5480,e41f63ef47ea066f14e5effb41bf9f4b7ebd8d79641604b69a10323837e09474
01079,12,True,B2_W100,0.3807291354,0.1042805092,6,0,156,174.4854962,EXP-001,ds_16b6be697acb,ds_aa8808303afa,1465af7161a9053ca7df7d4d04572789911a5480,e41f63ef47ea066f14e5effb41bf9f4b7ebd8d79641604b69a10323837e09474
01080,12,True,B2_W100,0.3307648146,0.09387501258,6,0,162,173.8351145,EXP-001,ds_16b6be697acb,ds_aa8808303afa,1465af7161a9053ca7df7d4d04572789911a5480,e41f63ef47ea066f14e5effb41bf9f4b7ebd8d79641604b69a10323837e09474
01081,12,True,B2_W100,0.3394189914,0.09527149827,6,0,228,173.880916,EXP-001,ds_16b6be697acb,ds_aa8808303afa,1465af7161a9053ca7df7d4d04572789911a5480,e41f63ef47ea066f14e5effb41bf9f4b7ebd8d79641604b69a10323837e09474
01082,12,True,B2_W100,0.347614115,0.09700413729,6,0,129,173.6977099,EXP-001,ds_16b6be697acb,ds_aa8808303afa,1465af7161a9053ca7df7d4d04572789911a5480,e41f63ef47ea066f14e5effb41bf9f4b7ebd8d79641604b69a10323837e09474
01083,12,True,B2_W100,0.3519279127,0.09768864921,6,0,167,173.010687,EXP-001,ds_16b6be697acb,ds_aa8808303afa,1465af7161a9053ca7df7d4d04572789911a5480,e41f63ef47ea066f14e5effb41bf9f4b7ebd8d79641604b69a10323837e09474
01084,12,True,B2_W100,0.3451081892,0.09736164983,6,0,174,173.5053435,EXP-001,ds_16b6be697acb,ds_aa8808303afa,1465af7161a9053ca7df7d4d04572789911a5480,e41f63ef47ea066f14e5effb41bf9f4b7ebd8d79641604b69a10323837e09474
01085,12,True,B2_W100,0.3659106073,0.1000386712,6,0,207,173.8992366,EXP-001,ds_16b6be697acb,ds_aa8808303afa,1465af7161a9053ca7df7d4d04572789911a5480,e41f63ef47ea066f14e5effb41bf9f4b7ebd8d79641604b69a10323837e09474
01086,12,True,B2_W100,0.3501530225,0.09861472366,6,0,164,174.0091603,EXP-001,ds_16b6be697acb,ds_aa8808303afa,1465af7161a9053ca7df7d4d04572789911a5480,e41f63ef47ea066f14e5effb41bf9f4b7ebd8d79641604b69a10323837e09474
01087,12,True,B2_W100,0.3348208478,0.0959377023,6,0,176,173.7068702,EXP-001,ds_16b6be697acb,ds_aa8808303afa,1465af7161a9053ca7df7d4d04572789911a5480,e41f63ef47ea066f14e5effb41bf9f4b7ebd8d79641604b69a10323837e09474
01088,12,True,B2_W100,0.3540471705,0.09925956847,6,0,222,173.3038168,EXP-001,ds_16b6be697acb,ds_aa8808303afa,1465af7161a9053ca7df7d4d04572789911a5480,e41f63ef47ea066f14e5effb41bf9f4b7ebd8d79641604b69a10323837e09474
01089,12,True,B2_W100,0.3791591202,0.1028901261,6,0,158,173.5694656,EXP-001,ds_16b6be697acb,ds_aa8808303afa,1465af7161a9053ca7df7d4d04572789911a5480,e41f63ef47ea066f14e5effb41bf9f4b7ebd8d79641604b69a10323837e09474
01090,12,True,B2_W100,0.3365437806,0.09512198378,6,0,123,173.2030534,EXP-001,ds_16b6be697acb,ds_aa8808303afa,1465af7161a9053ca7df7d4d04572789911a5480,e41f63ef47ea066f14e5effb41bf9f4b7ebd8d79641604b69a10323837e09474
01091,12,True,B2_W100,0.3640376342,0.1011330766,6,0,90,172.8,EXP-001,ds_16b6be697acb,ds_aa8808303afa,1465af7161a9053ca7df7d4d04572789911a5480,e41f63ef47ea066f14e5effb41bf9f4b7ebd8d79641604b69a10323837e09474
01092,12,True,B2_W100,0.3503368569,0.09910395135,6,0,179,172.589313,EXP-001,ds_16b6be697acb,ds_aa8808303afa,1465af7161a9053ca7df7d4d04572789911a5480,e41f63ef47ea066f14e5effb41bf9f4b7ebd8d79641604b69a10323837e09474
01093,12,True,B2_W100,0.3474350507,0.09844995259,6,0,147,173.551145,EXP-001,ds_16b6be697acb,ds_aa8808303afa,1465af7161a9053ca7df7d4d04572789911a5480,e41f63ef47ea066f14e5effb41bf9f4b7ebd8d79641604b69a10323837e09474
01094,12,True,B2_W100,0.3409214176,0.09707787743,6,0,171,173.2030534,EXP-001,ds_16b6be697acb,ds_aa8808303afa,1465af7161a9053ca7df7d4d04572789911a5480,e41f63ef47ea066f14e5effb41bf9f4b7ebd8d79641604b69a10323837e09474
01095,12,True,B2_W100,0.3343630654,0.09574241806,6,0,208,172.9007634,EXP-001,ds_16b6be697acb,ds_aa8808303afa,1465af7161a9053ca7df7d4d04572789911a5480,e41f63ef47ea066f14e5effb41bf9f4b7ebd8d79641604b69a10323837e09474
01096,12,True,B2_W100,0.3699938322,0.1024105609,6,0,158,173.3312977,EXP-001,ds_16b6be697acb,ds_aa8808303afa,1465af7161a9053ca7df7d4d04572789911a5480,e41f63ef47ea066f14e5effb41bf9f4b7ebd8d79641604b69a10323837e09474
01097,12,True,B2_W100,0.3743805301,0.1030248926,6,0,139,174.0183206,EXP-001,ds_16b6be697acb,ds_aa8808303afa,1465af7161a9053ca7df7d4d04572789911a5480,e41f63ef47ea066f14e5effb41bf9f4b7ebd8d79641604b69a10323837e09474
01098,12,True,B2_W100,0.3682514293,0.1019248931,6,0,120,173.8534351,EXP-001,ds_16b6be697acb,ds_aa8808303afa,1465af7161a9053ca7df7d4d04572789911a5480,e41f63ef47ea066f14e5effb41bf9f4b7ebd8d79641604b69a10323837e09474
01099,12,True,B2_W100,0.3442000315,0.09720959258,6,0,237,172.3145038,EXP-001,ds_16b6be697acb,ds_aa8808303afa,1465af7161a9053ca7df7d4d04572789911a5480,e41f63ef47ea066f14e5effb41bf9f4b7ebd8d79641604b69a10323837e09474
01100,12,True,B2_W100,0.3434500443,0.09723705442,6,0,210,172.9099237,EXP-001,ds_16b6be697acb,ds_aa8808303afa,1465af7161a9053ca7df7d4d04572789911a5480,e41f63ef47ea066f14e5effb41bf9f4b7ebd8d79641604b69a10323837e09474
01101,13,True,B2_W100,0.3551787718,0.09853589799,6,0,145,173.6335878,EXP-001,ds_16b6be697acb,ds_aa8808303afa,1465af7161a9053ca7df7d4d04572789911a5480,e41f63ef47ea066f14e5effb41bf9f4b7ebd8d79641604b69a10323837e09474
01102,13,True,B2_W100,0.3440457832,0.09722484916,6,0,195,174.2473282,EXP-001,ds_16b6be697acb,ds_aa8808303afa,1465af7161a9053ca7df7d4d04572789911a5480,e41f63ef47ea066f14e5effb41bf9f4b7ebd8d79641604b69a10323837e09474
01103,13,True,B2_W100,0.3481311723,0.09788495055,6,0,159,174.4030534,EXP-001,ds_16b6be697acb,ds_aa8808303afa,1465af7161a9053ca7df7d4d04572789911a5480,e41f63ef47ea066f14e5effb41bf9f4b7ebd8d79641604b69a10323837e09474
01104,13,True,B2_W100,0.3450729158,0.0975640538,6,0,191,174.2381679,EXP-001,ds_16b6be697acb,ds_aa8808303afa,1465af7161a9053ca7df7d4d04572789911a5480,e41f63ef47ea066f14e5effb41bf9f4b7ebd8d79641604b69a10323837e09474
01105,13,True,B2_W100,0.3650938993,0.1009164331,6,0,169,174.5496183,EXP-001,ds_16b6be697acb,ds_aa8808303afa,1465af7161a9053ca7df7d4d04572789911a5480,e41f63ef47ea066f14e5effb41bf9f4b7ebd8d79641604b69a10323837e09474
01106,13,True,B2_W100,0.3840191582,0.1032023775,6,0,176,174.0824427,EXP-001,ds_16b6be697acb,ds_aa8808303afa,1465af7161a9053ca7df7d4d04572789911a5480,e41f63ef47ea066f14e5effb41bf9f4b7ebd8d79641604b69a10323837e09474
01107,13,True,B2_W100,0.3582048586,0.09948333166,6,0,131,174.0732824,EXP-001,ds_16b6be697acb,ds_aa8808303afa,1465af7161a9053ca7df7d4d04572789911a5480,e41f63ef47ea066f14e5effb41bf9f4b7ebd8d79641604b69a10323837e09474
01108,13,True,B2_W100,0.3486335893,0.09779341106,6,0,138,174.1007634,EXP-001,ds_16b6be697acb,ds_aa8808303afa,1465af7161a9053ca7df7d4d04572789911a5480,e41f63ef47ea066f14e5effb41bf9f4b7ebd8d79641604b69a10323837e09474
01109,13,True,B2_W100,0.3432183147,0.09709364256,6,0,225,173.5969466,EXP-001,ds_16b6be697acb,ds_aa8808303afa,1465af7161a9053ca7df7d4d04572789911a5480,e41f63ef47ea066f14e5effb41bf9f4b7ebd8d79641604b69a10323837e09474
01110,13,True,B2_W100,0.3494742228,0.09808989728,6,0,188,173.5694656,EXP-001,ds_16b6be697acb,ds_aa8808303afa,1465af7161a9053ca7df7d4d04572789911a5480,e41f63ef47ea066f14e5effb41bf9f4b7ebd8d79641604b69a10323837e09474
01111,13,True,B2_W100,0.3584437122,0.09940094612,6,0,160,173.3129771,EXP-001,ds_16b6be697acb,ds_aa8808303afa,1465af7161a9053ca7df7d4d04572789911a5480,e41f63ef47ea066f14e5effb41bf9f4b7ebd8d79641604b69a10323837e09474
01112,13,True,B2_W100,0.3430606454,0.09705092414,6,0,172,172.8,EXP-001,ds_16b6be697acb,ds_aa8808303afa,1465af7161a9053ca7df7d4d04572789911a5480,e41f63ef47ea066f14e5effb41bf9f4b7ebd8d79641604b69a10323837e09474
01113,13,True,B2_W100,0.3517077118,0.09874694736,6,0,215,173.0198473,EXP-001,ds_16b6be697acb,ds_aa8808303afa,1465af7161a9053ca7df7d4d04572789911a5480,e41f63ef47ea066f14e5effb41bf9f4b7ebd8d79641604b69a10323837e09474
01114,13,True,B2_W100,0.3478182018,0.09740843668,6,0,198,173.8900763,EXP-001,ds_16b6be697acb,ds_aa8808303afa,1465af7161a9053ca7df7d4d04572789911a5480,e41f63ef47ea066f14e5effb41bf9f4b7ebd8d79641604b69a10323837e09474
01115,13,True,B2_W100,0.3395289292,0.09641828459,6,0,156,174.4305344,EXP-001,ds_16b6be697acb,ds_aa8808303afa,1465af7161a9053ca7df7d4d04572789911a5480,e41f63ef47ea066f14e5effb41bf9f4b7ebd8d79641604b69a10323837e09474
01116,13,True,B2_W100,0.334442917,0.09508892785,6,0,201,173.9816794,EXP-001,ds_16b6be697acb,ds_aa8808303afa,1465af7161a9053ca7df7d4d04572789911a5480,e41f63ef47ea066f14e5effb41bf9f4b7ebd8d79641604b69a10323837e09474
01117,13,True,B2_W100,0.3313347651,0.09409267313,6,0,179,174.4122137,EXP-001,ds_16b6be697acb,ds_aa8808303afa,1465af7161a9053ca7df7d4d04572789911a5480,e41f63ef47ea066f14e5effb41bf9f4b7ebd8d79641604b69a10323837e09474
01118,13,True,B2_W100,0.3389475276,0.09612484969,6,0,150,174.7419847,EXP-001,ds_16b6be697acb,ds_aa8808303afa,1465af7161a9053ca7df7d4d04572789911a5480,e41f63ef47ea066f14e5effb41bf9f4b7ebd8d79641604b69a10323837e09474
01119,13,True,B2_W100,0.3769146296,0.1024598906,6,0,160,174.6045802,EXP-001,ds_16b6be697acb,ds_aa8808303afa,1465af7161a9053ca7df7d4d04572789911a5480,e41f63ef47ea066f14e5effb41bf9f4b7ebd8d79641604b69a10323837e09474
01120,13,True,B2_W100,0.3344698527,0.09509503049,6,0,150,174.3847328,EXP-001,ds_16b6be697acb,ds_aa8808303afa,1465af7161a9053ca7df7d4d04572789911a5480,e41f63ef47ea066f14e5effb41bf9f4b7ebd8d79641604b69a10323837e09474
01121,13,True,B2_W100,0.3444366189,0.0971394123,6,0,202,174.6137405,EXP-001,ds_16b6be697acb,ds_aa8808303afa,1465af7161a9053ca7df7d4d04572789911a5480,e41f63ef47ea066f14e5effb41bf9f4b7ebd8d79641604b69a10323837e09474
01122,13,True,B2_W100,0.3329716396,0.09513164628,6,0,196,174.4305344,EXP-001,ds_16b6be697acb,ds_aa8808303afa,1465af7161a9053ca7df7d4d04572789911a5480,e41f63ef47ea066f14e5effb41bf9f4b7ebd8d79641604b69a10323837e09474
01123,13,True,B2_W100,0.3497230864,0.09849012825,6,0,145,174.6137405,EXP-001,ds_16b6be697acb,ds_aa8808303afa,1465af7161a9053ca7df7d4d04572789911a5480,e41f63ef47ea066f14e5effb41bf9f4b7ebd8d79641604b69a10323837e09474
01124,13,True,B2_W100,0.3596553125,0.1004612785,6,0,204,174.3389313,EXP-001,ds_16b6be697acb,ds_aa8808303afa,1465af7161a9053ca7df7d4d04572789911a5480,e41f63ef47ea066f14e5effb41bf9f4b7ebd8d79641604b69a10323837e09474
01125,13,True,B2_W100,0.3597800862,0.1004612785,6,0,121,174.5770992,EXP-001,ds_16b6be697acb,ds_aa8808303afa,1465af7161a9053ca7df7d4d04572789911a5480,e41f63ef47ea066f14e5effb41bf9f4b7ebd8d79641604b69a10323837e09474
01126,13,True,B2_W100,0.3551501336,0.09907699806,6,0,97,173.7068702,EXP-001,ds_16b6be697acb,ds_aa8808303afa,1465af7161a9053ca7df7d4d04572789911a5480,e41f63ef47ea066f14e5effb41bf9f4b7ebd8d79641604b69a10323837e09474
01127,13,True,B2_W100,0.3716644229,0.1020566083,6,0,180,172.8366412,EXP-001,ds_16b6be697acb,ds_aa8808303afa,1465af7161a9053ca7df7d4d04572789911a5480,e41f63ef47ea066f14e5effb41bf9f4b7ebd8d79641604b69a10323837e09474
01128,13,True,B2_W100,0.3354362352,0.09502790153,6,0,200,172.6259542,EXP-001,ds_16b6be697acb,ds_aa8808303afa,1465af7161a9053ca7df7d4d04572789911a5480,e41f63ef47ea066f14e5effb41bf9f4b7ebd8d79641604b69a10323837e09474
01129,13,True,B2_W100,0.3556336056,0.09839248613,6,0,165,172.589313,EXP-001,ds_16b6be697acb,ds_aa8808303afa,1465af7161a9053ca7df7d4d04572789911a5480,e41f63ef47ea066f14e5effb41bf9f4b7ebd8d79641604b69a10323837e09474
01130,13,True,B2_W100,0.3306534455,0.0940865705,6,0,191,172.0763359,EXP-001,ds_16b6be697acb,ds_aa8808303afa,1465af7161a9053ca7df7d4d04572789911a5480,e41f63ef47ea066f14e5effb41bf9f4b7ebd8d79641604b69a10323837e09474
01131,13,True,B2_W100,0.3454957272,0.09749387353,6,0,184,171.8473282,EXP-001,ds_16b6be697acb,ds_aa8808303afa,1465af7161a9053ca7df7d4d04572789911a5480,e41f63ef47ea066f14e5effb41bf9f4b7ebd8d79641604b69a10323837e09474
01132,13,True,B2_W100,0.3653187091,0.1015002516,6,0,211,171.5267176,EXP-001,ds_16b6be697acb,ds_aa8808303afa,1465af7161a9053ca7df7d4d04572789911a5480,e41f63ef47ea066f14e5effb41bf9f4b7ebd8d79641604b69a10323837e09474
01133,13,True,B2_W100,0.3475105488,0.09782697554,6,0,171,172.0580153,EXP-001,ds_16b6be697acb,ds_aa8808303afa,1465af7161a9053ca7df7d4d04572789911a5480,e41f63ef47ea066f14e5effb41bf9f4b7ebd8d79641604b69a10323837e09474
01134,13,True,B2_W100,0.3432956812,0.09683682345,6,0,140,171.7007634,EXP-001,ds_16b6be697acb,ds_aa8808303afa,1465af7161a9053ca7df7d4d04572789911a5480,e41f63ef47ea066f14e5effb41bf9f4b7ebd8d79641604b69a10323837e09474
01135,13,True,B2_W100,0.3640112249,0.1008737147,6,0,173,171.2061069,EXP-001,ds_16b6be697acb,ds_aa8808303afa,1465af7161a9053ca7df7d4d04572789911a5480,e41f63ef47ea066f14e5effb41bf9f4b7ebd8d79641604b69a10323837e09474
01136,13,True,B2_W100,0.3370551337,0.09584056873,6,0,95,170.8580153,EXP-001,ds_16b6be697acb,ds_aa8808303afa,1465af7161a9053ca7df7d4d04572789911a5480,e41f63ef47ea066f14e5effb41bf9f4b7ebd8d79641604b69a10323837e09474
01137,13,True,B2_W100,0.3387639539,0.09587718453,6,0,212,170.3175573,EXP-001,ds_16b6be697acb,ds_aa8808303afa,1465af7161a9053ca7df7d4d04572789911a5480,e41f63ef47ea066f14e5effb41bf9f4b7ebd8d79641604b69a10323837e09474
01138,13,True,B2_W100,0.341991067,0.09688869583,6,0,173,171.1328244,EXP-001,ds_16b6be697acb,ds_aa8808303afa,1465af7161a9053ca7df7d4d04572789911a5480,e41f63ef47ea066f14e5effb41bf9f4b7ebd8d79641604b69a10323837e09474
01139,13,True,B2_W100,0.3592684816,0.100219716,6,0,123,170.7755725,EXP-001,ds_16b6be697acb,ds_aa8808303afa,1465af7161a9053ca7df7d4d04572789911a5480,e41f63ef47ea066f14e5effb41bf9f4b7ebd8d79641604b69a10323837e09474
01140,13,True,B2_W100,0.3465695954,0.09783918081,6,0,192,169.978626,EXP-001,ds_16b6be697acb,ds_aa8808303afa,1465af7161a9053ca7df7d4d04572789911a5480,e41f63ef47ea066f14e5effb41bf9f4b7ebd8d79641604b69a10323837e09474
01141,13,True,B2_W100,0.3426849561,0.0968276695,6,0,139,170.0335878,EXP-001,ds_16b6be697acb,ds_aa8808303afa,1465af7161a9053ca7df7d4d04572789911a5480,e41f63ef47ea066f14e5effb41bf9f4b7ebd8d79641604b69a10323837e09474
01142,13,True,B2_W100,0.3443497254,0.09619197864,6,0,182,170.5282443,EXP-001,ds_16b6be697acb,ds_aa8808303afa,1465af7161a9053ca7df7d4d04572789911a5480,e41f63ef47ea066f14e5effb41bf9f4b7ebd8d79641604b69a10323837e09474
01143,13,True,B2_W100,0.3337079376,0.09424523894,6,0,201,170.4824427,EXP-001,ds_16b6be697acb,ds_aa8808303afa,1465af7161a9053ca7df7d4d04572789911a5480,e41f63ef47ea066f14e5effb41bf9f4b7ebd8d79641604b69a10323837e09474
01144,13,True,B2_W100,0.3290874057,0.09398536852,6,0,216,171.8473282,EXP-001,ds_16b6be697acb,ds_aa8808303afa,1465af7161a9053ca7df7d4d04572789911a5480,e41f63ef47ea066f14e5effb41bf9f4b7ebd8d79641604b69a10323837e09474
01145,13,True,B2_W100,0.3553894097,0.09929974413,6,0,151,171.8198473,EXP-001,ds_16b6be697acb,ds_aa8808303afa,1465af7161a9053ca7df7d4d04572789911a5480,e41f63ef47ea066f14e5effb41bf9f4b7ebd8d79641604b69a10323837e09474
01146,13,True,B2_W100,0.3393757209,0.09632318524,6,0,185,171.6274809,EXP-001,ds_16b6be697acb,ds_aa8808303afa,1465af7161a9053ca7df7d4d04572789911a5480,e41f63ef47ea066f14e5effb41bf9f4b7ebd8d79641604b69a10323837e09474
01147,13,True,B2_W100,0.340301112,0.09535134104,6,0,211,171.9389313,EXP-001,ds_16b6be697acb,ds_aa8808303afa,1465af7161a9053ca7df7d4d04572789911a5480,e41f63ef47ea066f14e5effb41bf9f4b7ebd8d79641604b69a10323837e09474
01148,13,True,B2_W100,0.3371976328,0.09635980103,6,0,188,171.6824427,EXP-001,ds_16b6be697acb,ds_aa8808303afa,1465af7161a9053ca7df7d4d04572789911a5480,e41f63ef47ea066f14e5effb41bf9f4b7ebd8d79641604b69a10323837e09474
01149,13,True,B2_W100,0.3499158633,0.0976769525,6,0,202,172.2503817,EXP-001,ds_16b6be697acb,ds_aa8808303afa,1465af7161a9053ca7df7d4d04572789911a5480,e41f63ef47ea066f14e5effb41bf9f4b7ebd8d79641604b69a10323837e09474
01150,13,True,B2_W100,0.3407804684,0.09671426225,6,0,124,172.378626,EXP-001,ds_16b6be697acb,ds_aa8808303afa,1465af7161a9053ca7df7d4d04572789911a5480,e41f63ef47ea066f14e5effb41bf9f4b7ebd8d79641604b69a10323837e09474
01151,14,True,B2_W100,0.3544278298,0.09969082115,6,0,148,171.9389313,EXP-001,ds_16b6be697acb,ds_aa8808303afa,1465af7161a9053ca7df7d4d04572789911a5480,e41f63ef47ea066f14e5effb41bf9f4b7ebd8d79641604b69a10323837e09474
01152,14,True,B2_W100,0.3245493421,0.09300437037,6,0,250,171.5450382,EXP-001,ds_16b6be697acb,ds_aa8808303afa,1465af7161a9053ca7df7d4d04572789911a5480,e41f63ef47ea066f14e5effb41bf9f4b7ebd8d79641604b69a10323837e09474
01153,14,True,B2_W100,0.3662587538,0.1007450509,6,0,180,173.1664122,EXP-001,ds_16b6be697acb,ds_aa8808303afa,1465af7161a9053ca7df7d4d04572789911a5480,e41f63ef47ea066f14e5effb41bf9f4b7ebd8d79641604b69a10323837e09474
01154,14,True,B2_W100,0.3689366773,0.1013746391,6,0,167,173.1664122,EXP-001,ds_16b6be697acb,ds_aa8808303afa,1465af7161a9053ca7df7d4d04572789911a5480,e41f63ef47ea066f14e5effb41bf9f4b7ebd8d79641604b69a10323837e09474
01155,14,True,B2_W100,0.3574301584,0.09933330861,6,0,101,172.9923664,EXP-001,ds_16b6be697acb,ds_aa8808303afa,1465af7161a9053ca7df7d4d04572789911a5480,e41f63ef47ea066f14e5effb41bf9f4b7ebd8d79641604b69a10323837e09474
01156,14,True,B2_W100,0.3512609342,0.09768305513,6,0,102,171.8656489,EXP-001,ds_16b6be697acb,ds_aa8808303afa,1465af7161a9053ca7df7d4d04572789911a5480,e41f63ef47ea066f14e5effb41bf9f4b7ebd8d79641604b69a10323837e09474
01157,14,True,B2_W100,0.345766962,0.09798259267,6,0,162,171.3984733,EXP-001,ds_16b6be697acb,ds_aa8808303afa,1465af7161a9053ca7df7d4d04572789911a5480,e41f63ef47ea066f14e5effb41bf9f4b7ebd8d79641604b69a10323837e09474
01158,14,True,B2_W100,0.3439858114,0.09698633794,6,0,187,171.6732824,EXP-001,ds_16b6be697acb,ds_aa8808303afa,1465af7161a9053ca7df7d4d04572789911a5480,e41f63ef47ea066f14e5effb41bf9f4b7ebd8d79641604b69a10323837e09474
01159,14,True,B2_W100,0.369964885,0.1023556373,6,0,187,172.1312977,EXP-001,ds_16b6be697acb,ds_aa8808303afa,1465af7161a9053ca7df7d4d04572789911a5480,e41f63ef47ea066f14e5effb41bf9f4b7ebd8d79641604b69a10323837e09474
01160,14,True,B2_W100,0.3316430509,0.09462105938,6,0,156,173.1114504,EXP-001,ds_16b6be697acb,ds_aa8808303afa,1465af7161a9053ca7df7d4d04572789911a5480,e41f63ef47ea066f14e5effb41bf9f4b7ebd8d79641604b69a10323837e09474
01161,14,True,B2_W100,0.3323090532,0.0953818542,6,0,225,173.1114504,EXP-001,ds_16b6be697acb,ds_aa8808303afa,1465af7161a9053ca7df7d4d04572789911a5480,e41f63ef47ea066f14e5effb41bf9f4b7ebd8d79641604b69a10323837e09474
01162,14,True,B2_W100,0.3525650631,0.09907038687,6,0,140,173.1572519,EXP-001,ds_16b6be697acb,ds_aa8808303afa,1465af7161a9053ca7df7d4d04572789911a5480,e41f63ef47ea066f14e5effb41bf9f4b7ebd8d79641604b69a10323837e09474
01163,14,True,B2_W100,0.3689709515,0.1014295628,6,0,189,172.9007634,EXP-001,ds_16b6be697acb,ds_aa8808303afa,1465af7161a9053ca7df7d4d04572789911a5480,e41f63ef47ea066f14e5effb41bf9f4b7ebd8d79641604b69a10323837e09474
01164,14,True,B2_W100,0.3273785723,0.09404029221,6,0,206,172.7450382,EXP-001,ds_16b6be697acb,ds_aa8808303afa,1465af7161a9053ca7df7d4d04572789911a5480,e41f63ef47ea066f14e5effb41bf9f4b7ebd8d79641604b69a10323837e09474
01165,14,True,B2_W100,0.3544139911,0.09937297572,6,0,174,172.2137405,EXP-001,ds_16b6be697acb,ds_aa8808303afa,1465af7161a9053ca7df7d4d04572789911a5480,e41f63ef47ea066f14e5effb41bf9f4b7ebd8d79641604b69a10323837e09474
01166,14,True,B2_W100,0.3576443158,0.09905207897,6,0,153,172.4519084,EXP-001,ds_16b6be697acb,ds_aa8808303afa,1465af7161a9053ca7df7d4d04572789911a5480,e41f63ef47ea066f14e5effb41bf9f4b7ebd8d79641604b69a10323837e09474
01167,14,True,B2_W100,0.3578034073,0.1003814357,6,0,223,172.1862595,EXP-001,ds_16b6be697acb,ds_aa8808303afa,1465af7161a9053ca7df7d4d04572789911a5480,e41f63ef47ea066f14e5effb41bf9f4b7ebd8d79641604b69a10323837e09474
01168,14,True,B2_W100,0.3597981388,0.09966641062,6,0,171,172.9282443,EXP-001,ds_16b6be697acb,ds_aa8808303afa,1465af7161a9053ca7df7d4d04572789911a5480,e41f63ef47ea066f14e5effb41bf9f4b7ebd8d79641604b69a10323837e09474
01169,14,True,B2_W100,0.3670315957,0.1009744081,6,0,200,172.6351145,EXP-001,ds_16b6be697acb,ds_aa8808303afa,1465af7161a9053ca7df7d4d04572789911a5480,e41f63ef47ea066f14e5effb41bf9f4b7ebd8d79641604b69a10323837e09474
01170,14,True,B2_W100,0.345573243,0.09761592618,6,0,152,172.7816794,EXP-001,ds_16b6be697acb,ds_aa8808303afa,1465af7161a9053ca7df7d4d04572789911a5480,e41f63ef47ea066f14e5effb41bf9f4b7ebd8d79641604b69a10323837e09474
01171,14,True,B2_W100,0.3462612782,0.09696497873,6,0,177,171.8381679,EXP-001,ds_16b6be697acb,ds_aa8808303afa,1465af7161a9053ca7df7d4d04572789911a5480,e41f63ef47ea066f14e5effb41bf9f4b7ebd8d79641604b69a10323837e09474
01172,14,True,B2_W100,0.3207963105,0.09261939599,6,0,227,171.7007634,EXP-001,ds_16b6be697acb,ds_aa8808303afa,1465af7161a9053ca7df7d4d04572789911a5480,e41f63ef47ea066f14e5effb41bf9f4b7ebd8d79641604b69a10323837e09474
01173,14,True,B2_W100,0.3359269408,0.09502739298,6,0,180,171.9022901,EXP-001,ds_16b6be697acb,ds_aa8808303afa,1465af7161a9053ca7df7d4d04572789911a5480,e41f63ef47ea066f14e5effb41bf9f4b7ebd8d79641604b69a10323837e09474
01174,14,True,B2_W100,0.3462031684,0.09706567216,6,0,181,171.5908397,EXP-001,ds_16b6be697acb,ds_aa8808303afa,1465af7161a9053ca7df7d4d04572789911a5480,e41f63ef47ea066f14e5effb41bf9f4b7ebd8d79641604b69a10323837e09474
01175,14,True,B2_W100,0.352312287,0.09940348888,6,0,179,171.8656489,EXP-001,ds_16b6be697acb,ds_aa8808303afa,1465af7161a9053ca7df7d4d04572789911a5480,e41f63ef47ea066f14e5effb41bf9f4b7ebd8d79641604b69a10323837e09474
01176,14,True,B2_W100,0.3563545928,0.09975489879,6,0,170,171.7740458,EXP-001,ds_16b6be697acb,ds_aa8808303afa,1465af7161a9053ca7df7d4d04572789911a5480,e41f63ef47ea066f14e5effb41bf9f4b7ebd8d79641604b69a10323837e09474
01177,14,True,B2_W100,0.3579964536,0.099718283,6,0,173,171.8198473,EXP-001,ds_16b6be697acb,ds_aa8808303afa,1465af7161a9053ca7df7d4d04572789911a5480,e41f63ef47ea066f14e5effb41bf9f4b7ebd8d79641604b69a10323837e09474
01178,14,True,B2_W100,0.3320611059,0.09502434166,6,0,169,171.8656489,EXP-001,ds_16b6be697acb,ds_aa8808303afa,1465af7161a9053ca7df7d4d04572789911a5480,e41f63ef47ea066f14e5effb41bf9f4b7ebd8d79641604b69a10323837e09474
01179,14,True,B2_W100,0.3450092371,0.09738046628,6,0,154,172.4519084,EXP-001,ds_16b6be697acb,ds_aa8808303afa,1465af7161a9053ca7df7d4d04572789911a5480,e41f63ef47ea066f14e5effb41bf9f4b7ebd8d79641604b69a10323837e09474
01180,14,True,B2_W100,0.3393734736,0.09603585296,6,0,201,172.4335878,EXP-001,ds_16b6be697acb,ds_aa8808303afa,1465af7161a9053ca7df7d4d04572789911a5480,e41f63ef47ea066f14e5effb41bf9f4b7ebd8d79641604b69a10323837e09474
01181,14,True,B2_W100,0.334805327,0.09569054569,6,0,144,172.7908397,EXP-001,ds_16b6be697acb,ds_aa8808303afa,1465af7161a9053ca7df7d4d04572789911a5480,e41f63ef47ea066f14e5effb41bf9f4b7ebd8d79641604b69a10323837e09474
01182,14,True,B2_W100,0.3447903992,0.09799784925,6,0,165,172.021374,EXP-001,ds_16b6be697acb,ds_aa8808303afa,1465af7161a9053ca7df7d4d04572789911a5480,e41f63ef47ea066f14e5effb41bf9f4b7ebd8d79641604b69a10323837e09474
01183,14,True,B2_W100,0.3677685375,0.1016497661,6,0,131,172.351145,EXP-001,ds_16b6be697acb,ds_aa8808303afa,1465af7161a9053ca7df7d4d04572789911a5480,e41f63ef47ea066f14e5effb41bf9f4b7ebd8d79641604b69a10323837e09474
01184,14,True,B2_W100,0.3401654953,0.09628962076,6,0,175,172.021374,EXP-001,ds_16b6be697acb,ds_aa8808303afa,1465af7161a9053ca7df7d4d04572789911a5480,e41f63ef47ea066f14e5effb41bf9f4b7ebd8d79641604b69a10323837e09474
01185,14,True,B2_W100,0.334220723,0.09564477595,6,0,170,172.0305344,EXP-001,ds_16b6be697acb,ds_aa8808303afa,1465af7161a9053ca7df7d4d04572789911a5480,e41f63ef47ea066f14e5effb41bf9f4b7ebd8d79641604b69a10323837e09474
01186,14,True,B2_W100,0.3672963545,0.1013532799,6,0,150,171.6916031,EXP-001,ds_16b6be697acb,ds_aa8808303afa,1465af7161a9053ca7df7d4d04572789911a5480,e41f63ef47ea066f14e5effb41bf9f4b7ebd8d79641604b69a10323837e09474
01187,14,True,B2_W100,0.329093078,0.09432152184,6,0,177,171.5633588,EXP-001,ds_16b6be697acb,ds_aa8808303afa,1465af7161a9053ca7df7d4d04572789911a5480,e41f63ef47ea066f14e5effb41bf9f4b7ebd8d79641604b69a10323837e09474
01188,14,True,B2_W100,0.3465270813,0.09737741496,6,0,155,171.5725191,EXP-001,ds_16b6be697acb,ds_aa8808303afa,1465af7161a9053ca7df7d4d04572789911a5480,e41f63ef47ea066f14e5effb41bf9f4b7ebd8d79641604b69a10323837e09474
01189,14,True,B2_W100,0.3544012556,0.09902461713,6,0,182,170.9587786,EXP-001,ds_16b6be697acb,ds_aa8808303afa,1465af7161a9053ca7df7d4d04572789911a5480,e41f63ef47ea066f14e5effb41bf9f4b7ebd8d79641604b69a10323837e09474
01190,14,True,B2_W100,0.3827806679,0.1043664546,6,0,175,171.178626,EXP-001,ds_16b6be697acb,ds_aa8808303afa,1465af7161a9053ca7df7d4d04572789911a5480,e41f63ef47ea066f14e5effb41bf9f4b7ebd8d79641604b69a10323837e09474
00501,1,False,B2_W200,0.3419417701,0.09692195939,6,0,161,169.3386454,EXP-001,ds_16b6be697acb,ds_aa8808303afa,1465af7161a9053ca7df7d4d04572789911a5480,e41f63ef47ea066f14e5effb41bf9f4b7ebd8d79641604b69a10323837e09474
00502,1,False,B2_W200,0.3549211153,0.0993625094,6,0,157,169.1139442,EXP-001,ds_16b6be697acb,ds_aa8808303afa,1465af7161a9053ca7df7d4d04572789911a5480,e41f63ef47ea066f14e5effb41bf9f4b7ebd8d79641604b69a10323837e09474
00503,1,False,B2_W200,0.3628551449,0.1007533098,6,0,171,169.0087649,EXP-001,ds_16b6be697acb,ds_aa8808303afa,1465af7161a9053ca7df7d4d04572789911a5480,e41f63ef47ea066f14e5effb41bf9f4b7ebd8d79641604b69a10323837e09474
00504,1,False,B2_W200,0.3607033644,0.09987824147,6,0,171,169.2095618,EXP-001,ds_16b6be697acb,ds_aa8808303afa,1465af7161a9053ca7df7d4d04572789911a5480,e41f63ef47ea066f14e5effb41bf9f4b7ebd8d79641604b69a10323837e09474
00505,1,False,B2_W200,0.3348661488,0.09552450971,6,0,161,169.0517928,EXP-001,ds_16b6be697acb,ds_aa8808303afa,1465af7161a9053ca7df7d4d04572789911a5480,e41f63ef47ea066f14e5effb41bf9f4b7ebd8d79641604b69a10323837e09474
00506,1,False,B2_W200,0.3322258062,0.09483077181,6,0,125,169.1569721,EXP-001,ds_16b6be697acb,ds_aa8808303afa,1465af7161a9053ca7df7d4d04572789911a5480,e41f63ef47ea066f14e5effb41bf9f4b7ebd8d79641604b69a10323837e09474
00507,1,False,B2_W200,0.3359059192,0.0953722697,6,0,185,168.9513944,EXP-001,ds_16b6be697acb,ds_aa8808303afa,1465af7161a9053ca7df7d4d04572789911a5480,e41f63ef47ea066f14e5effb41bf9f4b7ebd8d79641604b69a10323837e09474
00508,1,False,B2_W200,0.3466454692,0.09781614433,6,0,195,168.9561753,EXP-001,ds_16b6be697acb,ds_aa8808303afa,1465af7161a9053ca7df7d4d04572789911a5480,e41f63ef47ea066f14e5effb41bf9f4b7ebd8d79641604b69a10323837e09474
00509,1,False,B2_W200,0.3448672984,0.0972921007,6,0,129,169.1282869,EXP-001,ds_16b6be697acb,ds_aa8808303afa,1465af7161a9053ca7df7d4d04572789911a5480,e41f63ef47ea066f14e5effb41bf9f4b7ebd8d79641604b69a10323837e09474
00510,1,False,B2_W200,0.3452238239,0.09746262613,6,0,184,168.7219124,EXP-001,ds_16b6be697acb,ds_aa8808303afa,1465af7161a9053ca7df7d4d04572789911a5480,e41f63ef47ea066f14e5effb41bf9f4b7ebd8d79641604b69a10323837e09474
00511,1,False,B2_W200,0.3574467143,0.09937830135,6,0,172,168.850996,EXP-001,ds_16b6be697acb,ds_aa8808303afa,1465af7161a9053ca7df7d4d04572789911a5480,e41f63ef47ea066f14e5effb41bf9f4b7ebd8d79641604b69a10323837e09474
00512,1,False,B2_W200,0.3530512666,0.09900732889,6,0,167,169.0661355,EXP-001,ds_16b6be697acb,ds_aa8808303afa,1465af7161a9053ca7df7d4d04572789911a5480,e41f63ef47ea066f14e5effb41bf9f4b7ebd8d79641604b69a10323837e09474
00513,1,False,B2_W200,0.3432324828,0.09708500442,6,0,202,168.9083665,EXP-001,ds_16b6be697acb,ds_aa8808303afa,1465af7161a9053ca7df7d4d04572789911a5480,e41f63ef47ea066f14e5effb41bf9f4b7ebd8d79641604b69a10323837e09474
00514,1,False,B2_W200,0.3516556808,0.09832107138,6,0,172,169.1808765,EXP-001,ds_16b6be697acb,ds_aa8808303afa,1465af7161a9053ca7df7d4d04572789911a5480,e41f63ef47ea066f14e5effb41bf9f4b7ebd8d79641604b69a10323837e09474
00515,1,False,B2_W200,0.3503864389,0.09830860405,6,0,156,169.3960159,EXP-001,ds_16b6be697acb,ds_aa8808303afa,1465af7161a9053ca7df7d4d04572789911a5480,e41f63ef47ea066f14e5effb41bf9f4b7ebd8d79641604b69a10323837e09474
00516,1,False,B2_W200,0.3678576381,0.1016092616,6,0,190,169.6446215,EXP-001,ds_16b6be697acb,ds_aa8808303afa,1465af7161a9053ca7df7d4d04572789911a5480,e41f63ef47ea066f14e5effb41bf9f4b7ebd8d79641604b69a10323837e09474
00517,1,False,B2_W200,0.3451514303,0.09707918633,6,0,186,169.6207171,EXP-001,ds_16b6be697acb,ds_aa8808303afa,1465af7161a9053ca7df7d4d04572789911a5480,e41f63ef47ea066f14e5effb41bf9f4b7ebd8d79641604b69a10323837e09474
00518,1,False,B2_W200,0.342627995,0.09691863477,6,0,139,169.9027888,EXP-001,ds_16b6be697acb,ds_aa8808303afa,1465af7161a9053ca7df7d4d04572789911a5480,e41f63ef47ea066f14e5effb41bf9f4b7ebd8d79641604b69a10323837e09474
00519,1,False,B2_W200,0.3332816684,0.09518429,6,0,197,169.6446215,EXP-001,ds_16b6be697acb,ds_aa8808303afa,1465af7161a9053ca7df7d4d04572789911a5480,e41f63ef47ea066f14e5effb41bf9f4b7ebd8d79641604b69a10323837e09474
00520,1,False,B2_W200,0.3479517672,0.09814555902,6,0,193,169.8167331,EXP-001,ds_16b6be697acb,ds_aa8808303afa,1465af7161a9053ca7df7d4d04572789911a5480,e41f63ef47ea066f14e5effb41bf9f4b7ebd8d79641604b69a10323837e09474
00521,1,False,B2_W200,0.3548275319,0.09917203623,6,0,96,169.6159363,EXP-001,ds_16b6be697acb,ds_aa8808303afa,1465af7161a9053ca7df7d4d04572789911a5480,e41f63ef47ea066f14e5effb41bf9f4b7ebd8d79641604b69a10323837e09474
00522,1,False,B2_W200,0.3681335396,0.101442892,6,0,157,169.5346614,EXP-001,ds_16b6be697acb,ds_aa8808303afa,1465af7161a9053ca7df7d4d04572789911a5480,e41f63ef47ea066f14e5effb41bf9f4b7ebd8d79641604b69a10323837e09474
00523,1,False,B2_W200,0.3548723819,0.09915125734,6,0,155,169.2669323,EXP-001,ds_16b6be697acb,ds_aa8808303afa,1465af7161a9053ca7df7d4d04572789911a5480,e41f63ef47ea066f14e5effb41bf9f4b7ebd8d79641604b69a10323837e09474
00524,1,False,B2_W200,0.3447855754,0.09741358795,6,0,139,169.085259,EXP-001,ds_16b6be697acb,ds_aa8808303afa,1465af7161a9053ca7df7d4d04572789911a5480,e41f63ef47ea066f14e5effb41bf9f4b7ebd8d79641604b69a10323837e09474
00525,1,False,B2_W200,0.3356736543,0.0956734251,6,0,177,169.123506,EXP-001,ds_16b6be697acb,ds_aa8808303afa,1465af7161a9053ca7df7d4d04572789911a5480,e41f63ef47ea066f14e5effb41bf9f4b7ebd8d79641604b69a10323837e09474
00526,1,False,B2_W200,0.3499295464,0.09777541771,6,0,176,169.0565737,EXP-001,ds_16b6be697acb,ds_aa8808303afa,1465af7161a9053ca7df7d4d04572789911a5480,e41f63ef47ea066f14e5effb41bf9f4b7ebd8d79641604b69a10323837e09474
00527,1,False,B2_W200,0.3351648773,0.09516849805,6,0,202,169.0039841,EXP-001,ds_16b6be697acb,ds_aa8808303afa,1465af7161a9053ca7df7d4d04572789911a5480,e41f63ef47ea066f14e5effb41bf9f4b7ebd8d79641604b69a10323837e09474
00528,1,False,B2_W200,0.3563208351,0.09936084709,6,0,187,169.1139442,EXP-001,ds_16b6be697acb,ds_aa8808303afa,1465af7161a9053ca7df7d4d04572789911a5480,e41f63ef47ea066f14e5effb41bf9f4b7ebd8d79641604b69a10323837e09474
00529,1,False,B2_W200,0.3564831183,0.09937165211,6,0,161,169.1760956,EXP-001,ds_16b6be697acb,ds_aa8808303afa,1465af7161a9053ca7df7d4d04572789911a5480,e41f63ef47ea066f14e5effb41bf9f4b7ebd8d79641604b69a10323837e09474
00530,1,False,B2_W200,0.3382212361,0.09605603374,6,0,196,169.0996016,EXP-001,ds_16b6be697acb,ds_aa8808303afa,1465af7161a9053ca7df7d4d04572789911a5480,e41f63ef47ea066f14e5effb41bf9f4b7ebd8d79641604b69a10323837e09474
00531,1,False,B2_W200,0.3426596647,0.09692777748,6,0,181,169.0517928,EXP-001,ds_16b6be697acb,ds_aa8808303afa,1465af7161a9053ca7df7d4d04572789911a5480,e41f63ef47ea066f14e5effb41bf9f4b7ebd8d79641604b69a10323837e09474
00532,1,False,B2_W200,0.3503818022,0.09814555902,6,0,223,168.812749,EXP-001,ds_16b6be697acb,ds_aa8808303afa,1465af7161a9053ca7df7d4d04572789911a5480,e41f63ef47ea066f14e5effb41bf9f4b7ebd8d79641604b69a10323837e09474
00533,1,False,B2_W200,0.3490465469,0.09813558515,6,0,188,169.0613546,EXP-001,ds_16b6be697acb,ds_aa8808303afa,1465af7161a9053ca7df7d4d04572789911a5480,e41f63ef47ea066f14e5effb41bf9f4b7ebd8d79641604b69a10323837e09474
00534,1,False,B2_W200,0.3478968762,0.09795841047,6,0,152,169.2621514,EXP-001,ds_16b6be697acb,ds_aa8808303afa,1465af7161a9053ca7df7d4d04572789911a5480,e41f63ef47ea066f14e5effb41bf9f4b7ebd8d79641604b69a10323837e09474
00535,1,False,B2_W200,0.3454464573,0.09727464643,6,0,94,169.2860558,EXP-001,ds_16b6be697acb,ds_aa8808303afa,1465af7161a9053ca7df7d4d04572789911a5480,e41f63ef47ea066f14e5effb41bf9f4b7ebd8d79641604b69a10323837e09474
00536,1,False,B2_W200,0.3552326486,0.09918450356,6,0,178,168.659761,EXP-001,ds_16b6be697acb,ds_aa8808303afa,1465af7161a9053ca7df7d4d04572789911a5480,e41f63ef47ea066f14e5effb41bf9f4b7ebd8d79641604b69a10323837e09474
00537,1,False,B2_W200,0.3362224496,0.09568921705,6,0,269,168.5258964,EXP-001,ds_16b6be697acb,ds_aa8808303afa,1465af7161a9053ca7df7d4d04572789911a5480,e41f63ef47ea066f14e5effb41bf9f4b7ebd8d79641604b69a10323837e09474
00538,1,False,B2_W200,0.3431298639,0.09692445286,6,0,181,169.1474104,EXP-001,ds_16b6be697acb,ds_aa8808303afa,1465af7161a9053ca7df7d4d04572789911a5480,e41f63ef47ea066f14e5effb41bf9f4b7ebd8d79641604b69a10323837e09474
00539,1,False,B2_W200,0.3403743249,0.09657093466,6,0,157,169.047012,EXP-001,ds_16b6be697acb,ds_aa8808303afa,1465af7161a9053ca7df7d4d04572789911a5480,e41f63ef47ea066f14e5effb41bf9f4b7ebd8d79641604b69a10323837e09474
00540,1,False,B2_W200,0.3376051309,0.09606517645,6,0,135,169.1952191,EXP-001,ds_16b6be697acb,ds_aa8808303afa,1465af7161a9053ca7df7d4d04572789911a5480,e41f63ef47ea066f14e5effb41bf9f4b7ebd8d79641604b69a10323837e09474
00541,1,False,B2_W200,0.3425643664,0.09677470632,6,0,113,168.9418327,EXP-001,ds_16b6be697acb,ds_aa8808303afa,1465af7161a9053ca7df7d4d04572789911a5480,e41f63ef47ea066f14e5effb41bf9f4b7ebd8d79641604b69a10323837e09474
00542,1,False,B2_W200,0.3412161423,0.09678800481,6,0,112,168.4111554,EXP-001,ds_16b6be697acb,ds_aa8808303afa,1465af7161a9053ca7df7d4d04572789911a5480,e41f63ef47ea066f14e5effb41bf9f4b7ebd8d79641604b69a10323837e09474
00543,1,False,B2_W200,0.3474584078,0.09783442976,6,0,112,167.885259,EXP-001,ds_16b6be697acb,ds_aa8808303afa,1465af7161a9053ca7df7d4d04572789911a5480,e41f63ef47ea066f14e5effb41bf9f4b7ebd8d79641604b69a10323837e09474
00544,1,False,B2_W200,0.3495521179,0.09800495519,6,0,157,167.1442231,EXP-001,ds_16b6be697acb,ds_aa8808303afa,1465af7161a9053ca7df7d4d04572789911a5480,e41f63ef47ea066f14e5effb41bf9f4b7ebd8d79641604b69a10323837e09474
00545,1,False,B2_W200,0.3435506101,0.09695603677,6,0,196,166.952988,EXP-001,ds_16b6be697acb,ds_aa8808303afa,1465af7161a9053ca7df7d4d04572789911a5480,e41f63ef47ea066f14e5effb41bf9f4b7ebd8d79641604b69a10323837e09474
00546,1,False,B2_W200,0.3475293177,0.09798916323,6,0,173,167.0868526,EXP-001,ds_16b6be697acb,ds_aa8808303afa,1465af7161a9053ca7df7d4d04572789911a5480,e41f63ef47ea066f14e5effb41bf9f4b7ebd8d79641604b69a10323837e09474
00547,1,False,B2_W200,0.3642149925,0.1005994075,6,0,243,167.2302789,EXP-001,ds_16b6be697acb,ds_aa8808303afa,1465af7161a9053ca7df7d4d04572789911a5480,e41f63ef47ea066f14e5effb41bf9f4b7ebd8d79641604b69a10323837e09474
00548,1,False,B2_W200,0.346486195,0.09782113127,6,0,129,167.689243,EXP-001,ds_16b6be697acb,ds_aa8808303afa,1465af7161a9053ca7df7d4d04572789911a5480,e41f63ef47ea066f14e5effb41bf9f4b7ebd8d79641604b69a10323837e09474
00549,1,False,B2_W200,0.3561121509,0.09886755621,6,0,216,167.4358566,EXP-001,ds_16b6be697acb,ds_aa8808303afa,1465af7161a9053ca7df7d4d04572789911a5480,e41f63ef47ea066f14e5effb41bf9f4b7ebd8d79641604b69a10323837e09474
00550,1,False,B2_W200,0.3282600424,0.09397648234,6,0,198,167.4454183,EXP-001,ds_16b6be697acb,ds_aa8808303afa,1465af7161a9053ca7df7d4d04572789911a5480,e41f63ef47ea066f14e5effb41bf9f4b7ebd8d79641604b69a10323837e09474
00551,2,False,B2_W200,0.3419062877,0.09678218672,6,0,133,167.5697211,EXP-001,ds_16b6be697acb,ds_aa8808303afa,1465af7161a9053ca7df7d4d04572789911a5480,e41f63ef47ea066f14e5effb41bf9f4b7ebd8d79641604b69a10323837e09474
00552,2,False,B2_W200,0.3407479848,0.09642617505,6,0,160,167.2924303,EXP-001,ds_16b6be697acb,ds_aa8808303afa,1465af7161a9053ca7df7d4d04572789911a5480,e41f63ef47ea066f14e5effb41bf9f4b7ebd8d79641604b69a10323837e09474
00553,2,False,B2_W200,0.3500439157,0.09799830594,6,0,228,167.1776892,EXP-001,ds_16b6be697acb,ds_aa8808303afa,1465af7161a9053ca7df7d4d04572789911a5480,e41f63ef47ea066f14e5effb41bf9f4b7ebd8d79641604b69a10323837e09474
00554,2,False,B2_W200,0.3544600933,0.09870118656,6,0,220,167.6175299,EXP-001,ds_16b6be697acb,ds_aa8808303afa,1465af7161a9053ca7df7d4d04572789911a5480,e41f63ef47ea066f14e5effb41bf9f4b7ebd8d79641604b69a10323837e09474
00555,2,False,B2_W200,0.3446450305,0.09712489989,6,0,150,167.8804781,EXP-001,ds_16b6be697acb,ds_aa8808303afa,1465af7161a9053ca7df7d4d04572789911a5480,e41f63ef47ea066f14e5effb41bf9f4b7ebd8d79641604b69a10323837e09474
00556,2,False,B2_W200,0.35402804,0.09886506275,6,0,159,168.0956175,EXP-001,ds_16b6be697acb,ds_aa8808303afa,1465af7161a9053ca7df7d4d04572789911a5480,e41f63ef47ea066f14e5effb41bf9f4b7ebd8d79641604b69a10323837e09474
00557,2,False,B2_W200,0.337699788,0.09557604136,6,0,167,168.1243028,EXP-001,ds_16b6be697acb,ds_aa8808303afa,1465af7161a9053ca7df7d4d04572789911a5480,e41f63ef47ea066f14e5effb41bf9f4b7ebd8d79641604b69a10323837e09474
00558,2,False,B2_W200,0.3607646344,0.09941071642,6,0,116,168.114741,EXP-001,ds_16b6be697acb,ds_aa8808303afa,1465af7161a9053ca7df7d4d04572789911a5480,e41f63ef47ea066f14e5effb41bf9f4b7ebd8d79641604b69a10323837e09474
00559,2,False,B2_W200,0.3334036549,0.0947084534,6,0,147,167.9282869,EXP-001,ds_16b6be697acb,ds_aa8808303afa,1465af7161a9053ca7df7d4d04572789911a5480,e41f63ef47ea066f14e5effb41bf9f4b7ebd8d79641604b69a10323837e09474
00560,2,False,B2_W200,0.33195049,0.09454125259,6,0,181,167.7418327,EXP-001,ds_16b6be697acb,ds_aa8808303afa,1465af7161a9053ca7df7d4d04572789911a5480,e41f63ef47ea066f14e5effb41bf9f4b7ebd8d79641604b69a10323837e09474
00561,2,False,B2_W200,0.3348226281,0.09559682025,6,0,174,167.6175299,EXP-001,ds_16b6be697acb,ds_aa8808303afa,1465af7161a9053ca7df7d4d04572789911a5480,e41f63ef47ea066f14e5effb41bf9f4b7ebd8d79641604b69a10323837e09474
00562,2,False,B2_W200,0.3552897642,0.09908878214,6,0,226,167.4167331,EXP-001,ds_16b6be697acb,ds_aa8808303afa,1465af7161a9053ca7df7d4d04572789911a5480,e41f63ef47ea066f14e5effb41bf9f4b7ebd8d79641604b69a10323837e09474
00563,2,False,B2_W200,0.351927002,0.09855227118,6,0,115,167.5697211,EXP-001,ds_16b6be697acb,ds_aa8808303afa,1465af7161a9053ca7df7d4d04572789911a5480,e41f63ef47ea066f14e5effb41bf9f4b7ebd8d79641604b69a10323837e09474
00564,2,False,B2_W200,0.3609286397,0.1001111036,6,0,132,167.2541833,EXP-001,ds_16b6be697acb,ds_aa8808303afa,1465af7161a9053ca7df7d4d04572789911a5480,e41f63ef47ea066f14e5effb41bf9f4b7ebd8d79641604b69a10323837e09474
00565,2,False,B2_W200,0.3579472487,0.09992894196,6,0,246,167.1537849,EXP-001,ds_16b6be697acb,ds_aa8808303afa,1465af7161a9053ca7df7d4d04572789911a5480,e41f63ef47ea066f14e5effb41bf9f4b7ebd8d79641604b69a10323837e09474
00566,2,False,B2_W200,0.3532411232,0.09887753008,6,0,180,167.2350598,EXP-001,ds_16b6be697acb,ds_aa8808303afa,1465af7161a9053ca7df7d4d04572789911a5480,e41f63ef47ea066f14e5effb41bf9f4b7ebd8d79641604b69a10323837e09474
00567,2,False,B2_W200,0.3577387835,0.09975259844,6,0,152,167.4358566,EXP-001,ds_16b6be697acb,ds_aa8808303afa,1465af7161a9053ca7df7d4d04572789911a5480,e41f63ef47ea066f14e5effb41bf9f4b7ebd8d79641604b69a10323837e09474
00568,2,False,B2_W200,0.3372775227,0.09591210529,6,0,222,167.1920319,EXP-001,ds_16b6be697acb,ds_aa8808303afa,1465af7161a9053ca7df7d4d04572789911a5480,e41f63ef47ea066f14e5effb41bf9f4b7ebd8d79641604b69a10323837e09474
00569,2,False,B2_W200,0.3488284285,0.09800412403,6,0,145,167.3354582,EXP-001,ds_16b6be697acb,ds_aa8808303afa,1465af7161a9053ca7df7d4d04572789911a5480,e41f63ef47ea066f14e5effb41bf9f4b7ebd8d79641604b69a10323837e09474
00570,2,False,B2_W200,0.3385833019,0.09628141545,6,0,100,167.2350598,EXP-001,ds_16b6be697acb,ds_aa8808303afa,1465af7161a9053ca7df7d4d04572789911a5480,e41f63ef47ea066f14e5effb41bf9f4b7ebd8d79641604b69a10323837e09474
00571,2,False,B2_W200,0.3570243855,0.09923852868,6,0,129,166.8191235,EXP-001,ds_16b6be697acb,ds_aa8808303afa,1465af7161a9053ca7df7d4d04572789911a5480,e41f63ef47ea066f14e5effb41bf9f4b7ebd8d79641604b69a10323837e09474
00572,2,False,B2_W200,0.3500121926,0.09835514876,6,0,154,166.952988,EXP-001,ds_16b6be697acb,ds_aa8808303afa,1465af7161a9053ca7df7d4d04572789911a5480,e41f63ef47ea066f14e5effb41bf9f4b7ebd8d79641604b69a10323837e09474
00573,2,False,B2_W200,0.3478556643,0.09799082554,6,0,129,166.9434263,EXP-001,ds_16b6be697acb,ds_aa8808303afa,1465af7161a9053ca7df7d4d04572789911a5480,e41f63ef47ea066f14e5effb41bf9f4b7ebd8d79641604b69a10323837e09474
00574,2,False,B2_W200,0.3462910936,0.09782196242,6,0,226,166.8621514,EXP-001,ds_16b6be697acb,ds_aa8808303afa,1465af7161a9053ca7df7d4d04572789911a5480,e41f63ef47ea066f14e5effb41bf9f4b7ebd8d79641604b69a10323837e09474
00575,2,False,B2_W200,0.3327005796,0.09487149843,6,0,186,167.0438247,EXP-001,ds_16b6be697acb,ds_aa8808303afa,1465af7161a9053ca7df7d4d04572789911a5480,e41f63ef47ea066f14e5effb41bf9f4b7ebd8d79641604b69a10323837e09474
00576,2,False,B2_W200,0.3694364805,0.1014819563,6,0,193,167.3689243,EXP-001,ds_16b6be697acb,ds_aa8808303afa,1465af7161a9053ca7df7d4d04572789911a5480,e41f63ef47ea066f14e5effb41bf9f4b7ebd8d79641604b69a10323837e09474
00577,2,False,B2_W200,0.3403431311,0.09642949968,6,0,199,167.612749,EXP-001,ds_16b6be697acb,ds_aa8808303afa,1465af7161a9053ca7df7d4d04572789911a5480,e41f63ef47ea066f14e5effb41bf9f4b7ebd8d79641604b69a10323837e09474
00578,2,False,B2_W200,0.3521472405,0.09887088084,6,0,177,167.7179283,EXP-001,ds_16b6be697acb,ds_aa8808303afa,1465af7161a9053ca7df7d4d04572789911a5480,e41f63ef47ea066f14e5effb41bf9f4b7ebd8d79641604b69a10323837e09474
00579,2,False,B2_W200,0.3639240404,0.1009579126,6,0,75,167.8278884,EXP-001,ds_16b6be697acb,ds_aa8808303afa,1465af7161a9053ca7df7d4d04572789911a5480,e41f63ef47ea066f14e5effb41bf9f4b7ebd8d79641604b69a10323837e09474
00580,2,False,B2_W200,0.3418350444,0.09677470632,6,0,152,167.301992,EXP-001,ds_16b6be697acb,ds_aa8808303afa,1465af7161a9053ca7df7d4d04572789911a5480,e41f63ef47ea066f14e5effb41bf9f4b7ebd8d79641604b69a10323837e09474
00581,2,False,B2_W200,0.335659988,0.09521421161,6,0,144,167.2972112,EXP-001,ds_16b6be697acb,ds_aa8808303afa,1465af7161a9053ca7df7d4d04572789911a5480,e41f63ef47ea066f14e5effb41bf9f4b7ebd8d79641604b69a10323837e09474
00582,2,False,B2_W200,0.3721414363,0.102174863,6,0,222,167.0629482,EXP-001,ds_16b6be697acb,ds_aa8808303afa,1465af7161a9053ca7df7d4d04572789911a5480,e41f63ef47ea066f14e5effb41bf9f4b7ebd8d79641604b69a10323837e09474
00583,2,False,B2_W200,0.3562583264,0.09971187182,6,0,163,167.5171315,EXP-001,ds_16b6be697acb,ds_aa8808303afa,1465af7161a9053ca7df7d4d04572789911a5480,e41f63ef47ea066f14e5effb41bf9f4b7ebd8d79641604b69a10323837e09474
00584,2,False,B2_W200,0.3454579742,0.09727797106,6,0,136,167.5123506,EXP-001,ds_16b6be697acb,ds_aa8808303afa,1465af7161a9053ca7df7d4d04572789911a5480,e41f63ef47ea066f14e5effb41bf9f4b7ebd8d79641604b69a10323837e09474
00585,2,False,B2_W200,0.3551530931,0.09901979622,6,0,179,167.3498008,EXP-001,ds_16b6be697acb,ds_aa8808303afa,1465af7161a9053ca7df7d4d04572789911a5480,e41f63ef47ea066f14e5effb41bf9f4b7ebd8d79641604b69a10323837e09474
00586,2,False,B2_W200,0.3503173149,0.0984824541,6,0,147,167.498008,EXP-001,ds_16b6be697acb,ds_aa8808303afa,1465af7161a9053ca7df7d4d04572789911a5480,e41f63ef47ea066f14e5effb41bf9f4b7ebd8d79641604b69a10323837e09474
00587,2,False,B2_W200,0.3512952441,0.09829863018,6,0,130,167.0390438,EXP-001,ds_16b6be697acb,ds_aa8808303afa,1465af7161a9053ca7df7d4d04572789911a5480,e41f63ef47ea066f14e5effb41bf9f4b7ebd8d79641604b69a10323837e09474
00588,2,False,B2_W200,0.3475337813,0.0979484366,6,0,193,166.9577689,EXP-001,ds_16b6be697acb,ds_aa8808303afa,1465af7161a9053ca7df7d4d04572789911a5480,e41f63ef47ea066f14e5effb41bf9f4b7ebd8d79641604b69a10323837e09474
00589,2,False,B2_W200,0.3540662226,0.09882184265,6,0,214,167.0533865,EXP-001,ds_16b6be697acb,ds_aa8808303afa,1465af7161a9053ca7df7d4d04572789911a5480,e41f63ef47ea066f14e5effb41bf9f4b7ebd8d79641604b69a10323837e09474
00590,2,False,B2_W200,0.3300567491,0.09429924778,6,0,181,167.1920319,EXP-001,ds_16b6be697acb,ds_aa8808303afa,1465af7161a9053ca7df7d4d04572789911a5480,e41f63ef47ea066f14e5effb41bf9f4b7ebd8d79641604b69a10323837e09474
00591,2,False,B2_W200,0.3512225391,0.09830112365,6,0,128,167.4454183,EXP-001,ds_16b6be697acb,ds_aa8808303afa,1465af7161a9053ca7df7d4d04572789911a5480,e41f63ef47ea066f14e5effb41bf9f4b7ebd8d79641604b69a10323837e09474
00592,2,False,B2_W200,0.3370089805,0.09569420399,6,0,157,167.149004,EXP-001,ds_16b6be697acb,ds_aa8808303afa,1465af7161a9053ca7df7d4d04572789911a5480,e41f63ef47ea066f14e5effb41bf9f4b7ebd8d79641604b69a10323837e09474
00593,2,False,B2_W200,0.3366306991,0.0957033467,6,0,219,166.9673307,EXP-001,ds_16b6be697acb,ds_aa8808303afa,1465af7161a9053ca7df7d4d04572789911a5480,e41f63ef47ea066f14e5effb41bf9f4b7ebd8d79641604b69a10323837e09474
00594,2,False,B2_W200,0.3522246079,0.09882433612,6,0,97,167.2494024,EXP-001,ds_16b6be697acb,ds_aa8808303afa,1465af7161a9053ca7df7d4d04572789911a5480,e41f63ef47ea066f14e5effb41bf9f4b7ebd8d79641604b69a10323837e09474
00595,2,False,B2_W200,0.3377797284,0.09602195636,6,0,161,167.0342629,EXP-001,ds_16b6be697acb,ds_aa8808303afa,1465af7161a9053ca7df7d4d04572789911a5480,e41f63ef47ea066f14e5effb41bf9f4b7ebd8d79641604b69a10323837e09474
00596,2,False,B2_W200,0.3383750245,0.09569004821,6,0,145,166.8812749,EXP-001,ds_16b6be697acb,ds_aa8808303afa,1465af7161a9053ca7df7d4d04572789911a5480,e41f63ef47ea066f14e5effb41bf9f4b7ebd8d79641604b69a10323837e09474
00597,2,False,B2_W200,0.3590889129,0.1000645589,6,0,160,166.4844622,EXP-001,ds_16b6be697acb,ds_aa8808303afa,1465af7161a9053ca7df7d4d04572789911a5480,e41f63ef47ea066f14e5effb41bf9f4b7ebd8d79641604b69a10323837e09474
00598,2,False,B2_W200,0.3372929676,0.09589049524,6,0,178,166.1641434,EXP-001,ds_16b6be697acb,ds_aa8808303afa,1465af7161a9053ca7df7d4d04572789911a5480,e41f63ef47ea066f14e5effb41bf9f4b7ebd8d79641604b69a10323837e09474
00599,2,False,B2_W200,0.3537749868,0.0991969709,6,0,178,166.3266932,EXP-001,ds_16b6be697acb,ds_aa8808303afa,1465af7161a9053ca7df7d4d04572789911a5480,e41f63ef47ea066f14e5effb41bf9f4b7ebd8d79641604b69a10323837e09474
00600,2,False,B2_W200,0.3525677198,0.09865796647,6,0,202,166.140239,EXP-001,ds_16b6be697acb,ds_aa8808303afa,1465af7161a9053ca7df7d4d04572789911a5480,e41f63ef47ea066f14e5effb41bf9f4b7ebd8d79641604b69a10323837e09474
00601,3,False,B2_W200,0.3327605055,0.09483742105,6,0,167,166.3314741,EXP-001,ds_16b6be697acb,ds_aa8808303afa,1465af7161a9053ca7df7d4d04572789911a5480,e41f63ef47ea066f14e5effb41bf9f4b7ebd8d79641604b69a10323837e09474
00602,3,False,B2_W200,0.3313218744,0.09449304556,6,0,209,166.336255,EXP-001,ds_16b6be697acb,ds_aa8808303afa,1465af7161a9053ca7df7d4d04572789911a5480,e41f63ef47ea066f14e5effb41bf9f4b7ebd8d79641604b69a10323837e09474
00603,3,False,B2_W200,0.3669837677,0.1011259446,6,0,164,166.4749004,EXP-001,ds_16b6be697acb,ds_aa8808303afa,1465af7161a9053ca7df7d4d04572789911a5480,e41f63ef47ea066f14e5effb41bf9f4b7ebd8d79641604b69a10323837e09474
00604,3,False,B2_W200,0.3327085451,0.09503703693,6,0,138,166.3410359,EXP-001,ds_16b6be697acb,ds_aa8808303afa,1465af7161a9053ca7df7d4d04572789911a5480,e41f63ef47ea066f14e5effb41bf9f4b7ebd8d79641604b69a10323837e09474
00605,3,False,B2_W200,0.3431212885,0.09679132943,6,0,115,166.1115538,EXP-001,ds_16b6be697acb,ds_aa8808303afa,1465af7161a9053ca7df7d4d04572789911a5480,e41f63ef47ea066f14e5effb41bf9f4b7ebd8d79641604b69a10323837e09474
00606,3,False,B2_W200,0.3434346543,0.09714567878,6,0,114,165.9203187,EXP-001,ds_16b6be697acb,ds_aa8808303afa,1465af7161a9053ca7df7d4d04572789911a5480,e41f63ef47ea066f14e5effb41bf9f4b7ebd8d79641604b69a10323837e09474
00607,3,False,B2_W200,0.3596986525,0.09976922156,6,0,77,165.4565737,EXP-001,ds_16b6be697acb,ds_aa8808303afa,1465af7161a9053ca7df7d4d04572789911a5480,e41f63ef47ea066f14e5effb41bf9f4b7ebd8d79641604b69a10323837e09474
00608,3,False,B2_W200,0.3381844919,0.09592291031,6,0,184,165.250996,EXP-001,ds_16b6be697acb,ds_aa8808303afa,1465af7161a9053ca7df7d4d04572789911a5480,e41f63ef47ea066f14e5effb41bf9f4b7ebd8d79641604b69a10323837e09474
00609,3,False,B2_W200,0.338754833,0.09628557122,6,0,140,165.2988048,EXP-001,ds_16b6be697acb,ds_aa8808303afa,1465af7161a9053ca7df7d4d04572789911a5480,e41f63ef47ea066f14e5effb41bf9f4b7ebd8d79641604b69a10323837e09474
00610,3,False,B2_W200,0.3451805632,0.09699593224,6,0,196,165.1314741,EXP-001,ds_16b6be697acb,ds_aa8808303afa,1465af7161a9053ca7df7d4d04572789911a5480,e41f63ef47ea066f14e5effb41bf9f4b7ebd8d79641604b69a10323837e09474
00611,3,False,B2_W200,0.3355630476,0.09560845643,6,0,96,165.0501992,EXP-001,ds_16b6be697acb,ds_aa8808303afa,1465af7161a9053ca7df7d4d04572789911a5480,e41f63ef47ea066f14e5effb41bf9f4b7ebd8d79641604b69a10323837e09474
00612,3,False,B2_W200,0.3311851499,0.09457616113,6,0,203,164.863745,EXP-001,ds_16b6be697acb,ds_aa8808303afa,1465af7161a9053ca7df7d4d04572789911a5480,e41f63ef47ea066f14e5effb41bf9f4b7ebd8d79641604b69a10323837e09474
00613,3,False,B2_W200,0.3563921646,0.09963111119,6,0,161,165.174502,EXP-001,ds_16b6be697acb,ds_aa8808303afa,1465af7161a9053ca7df7d4d04572789911a5480,e41f63ef47ea066f14e5effb41bf9f4b7ebd8d79641604b69a10323837e09474
00614,3,False,B2_W200,0.3384170518,0.09580225422,6,0,215,165.3322709,EXP-001,ds_16b6be697acb,ds_aa8808303afa,1465af7161a9053ca7df7d4d04572789911a5480,e41f63ef47ea066f14e5effb41bf9f4b7ebd8d79641604b69a10323837e09474
00615,3,False,B2_W200,0.3635875473,0.100855542,6,0,120,165.8007968,EXP-001,ds_16b6be697acb,ds_aa8808303afa,1465af7161a9053ca7df7d4d04572789911a5480,e41f63ef47ea066f14e5effb41bf9f4b7ebd8d79641604b69a10323837e09474
00616,3,False,B2_W200,0.3366184219,0.09579228035,6,0,191,165.3800797,EXP-001,ds_16b6be697acb,ds_aa8808303afa,1465af7161a9053ca7df7d4d04572789911a5480,e41f63ef47ea066f14e5effb41bf9f4b7ebd8d79641604b69a10323837e09474
00617,3,False,B2_W200,0.3432473235,0.09717560039,6,0,229,165.4135458,EXP-001,ds_16b6be697acb,ds_aa8808303afa,1465af7161a9053ca7df7d4d04572789911a5480,e41f63ef47ea066f14e5effb41bf9f4b7ebd8d79641604b69a10323837e09474
00618,3,False,B2_W200,0.3607388802,0.100140194,6,0,130,165.9729084,EXP-001,ds_16b6be697acb,ds_aa8808303afa,1465af7161a9053ca7df7d4d04572789911a5480,e41f63ef47ea066f14e5effb41bf9f4b7ebd8d79641604b69a10323837e09474
00619,3,False,B2_W200,0.350739184,0.09804568181,6,0,164,165.6956175,EXP-001,ds_16b6be697acb,ds_aa8808303afa,1465af7161a9053ca7df7d4d04572789911a5480,e41f63ef47ea066f14e5effb41bf9f4b7ebd8d79641604b69a10323837e09474
00620,3,False,B2_W200,0.3496384345,0.0971772627,6,0,196,165.8629482,EXP-001,ds_16b6be697acb,ds_aa8808303afa,1465af7161a9053ca7df7d4d04572789911a5480,e41f63ef47ea066f14e5effb41bf9f4b7ebd8d79641604b69a10323837e09474
00621,3,False,B2_W200,0.3670457604,0.1011749828,6,0,200,166.4605578,EXP-001,ds_16b6be697acb,ds_aa8808303afa,1465af7161a9053ca7df7d4d04572789911a5480,e41f63ef47ea066f14e5effb41bf9f4b7ebd8d79641604b69a10323837e09474
00622,3,False,B2_W200,0.3459781412,0.09768052744,6,0,152,166.5944223,EXP-001,ds_16b6be697acb,ds_aa8808303afa,1465af7161a9053ca7df7d4d04572789911a5480,e41f63ef47ea066f14e5effb41bf9f4b7ebd8d79641604b69a10323837e09474
00623,3,False,B2_W200,0.3680720502,0.1011608531,6,0,196,166.3792829,EXP-001,ds_16b6be697acb,ds_aa8808303afa,1465af7161a9053ca7df7d4d04572789911a5480,e41f63ef47ea066f14e5effb41bf9f4b7ebd8d79641604b69a10323837e09474
00624,3,False,B2_W200,0.3520956486,0.09888002355,6,0,135,166.5992032,EXP-001,ds_16b6be697acb,ds_aa8808303afa,1465af7161a9053ca7df7d4d04572789911a5480,e41f63ef47ea066f14e5effb41bf9f4b7ebd8d79641604b69a10323837e09474
00625,3,False,B2_W200,0.3308091134,0.094700973,6,0,196,166.2310757,EXP-001,ds_16b6be697acb,ds_aa8808303afa,1465af7161a9053ca7df7d4d04572789911a5480,e41f63ef47ea066f14e5effb41bf9f4b7ebd8d79641604b69a10323837e09474
00626,3,False,B2_W200,0.3572823356,0.09906717209,6,0,193,165.9824701,EXP-001,ds_16b6be697acb,ds_aa8808303afa,1465af7161a9053ca7df7d4d04572789911a5480,e41f63ef47ea066f14e5effb41bf9f4b7ebd8d79641604b69a10323837e09474
00627,3,False,B2_W200,0.3599475053,0.1002832913,6,0,194,166.1450199,EXP-001,ds_16b6be697acb,ds_aa8808303afa,1465af7161a9053ca7df7d4d04572789911a5480,e41f63ef47ea066f14e5effb41bf9f4b7ebd8d79641604b69a10323837e09474
00628,3,False,B2_W200,0.3434079104,0.0969668418,6,0,159,166.4031873,EXP-001,ds_16b6be697acb,ds_aa8808303afa,1465af7161a9053ca7df7d4d04572789911a5480,e41f63ef47ea066f14e5effb41bf9f4b7ebd8d79641604b69a10323837e09474
00629,3,False,B2_W200,0.3349687422,0.09541382749,6,0,144,166.2262948,EXP-001,ds_16b6be697acb,ds_aa8808303afa,1465af7161a9053ca7df7d4d04572789911a5480,e41f63ef47ea066f14e5effb41bf9f4b7ebd8d79641604b69a10323837e09474
00630,3,False,B2_W200,0.3487956027,0.09819210373,6,0,166,166.1928287,EXP-001,ds_16b6be697acb,ds_aa8808303afa,1465af7161a9053ca7df7d4d04572789911a5480,e41f63ef47ea066f14e5effb41bf9f4b7ebd8d79641604b69a10323837e09474
00631,3,False,B2_W200,0.3437813495,0.09679880983,6,0,179,166.3792829,EXP-001,ds_16b6be697acb,ds_aa8808303afa,1465af7161a9053ca7df7d4d04572789911a5480,e41f63ef47ea066f14e5effb41bf9f4b7ebd8d79641604b69a10323837e09474
00632,3,False,B2_W200,0.3635009756,0.1009745358,6,0,187,166.2358566,EXP-001,ds_16b6be697acb,ds_aa8808303afa,1465af7161a9053ca7df7d4d04572789911a5480,e41f63ef47ea066f14e5effb41bf9f4b7ebd8d79641604b69a10323837e09474
00633,3,False,B2_W200,0.3371724332,0.09557521021,6,0,169,166.1784861,EXP-001,ds_16b6be697acb,ds_aa8808303afa,1465af7161a9053ca7df7d4d04572789911a5480,e41f63ef47ea066f14e5effb41bf9f4b7ebd8d79641604b69a10323837e09474
00634,3,False,B2_W200,0.3555526831,0.09906550978,6,0,181,166.2167331,EXP-001,ds_16b6be697acb,ds_aa8808303afa,1465af7161a9053ca7df7d4d04572789911a5480,e41f63ef47ea066f14e5effb41bf9f4b7ebd8d79641604b69a10323837e09474
00635,3,False,B2_W200,0.3545103509,0.09923271059,6,0,162,166.3075697,EXP-001,ds_16b6be697acb,ds_aa8808303afa,1465af7161a9053ca7df7d4d04572789911a5480,e41f63ef47ea066f14e5effb41bf9f4b7ebd8d79641604b69a10323837e09474
00636,3,False,B2_W200,0.3365021547,0.0957482291,6,0,182,166.489243,EXP-001,ds_16b6be697acb,ds_aa8808303afa,1465af7161a9053ca7df7d4d04572789911a5480,e41f63ef47ea066f14e5effb41bf9f4b7ebd8d79641604b69a10323837e09474
00637,3,False,B2_W200,0.3397549093,0.09628141545,6,0,122,166.5561753,EXP-001,ds_16b6be697acb,ds_aa8808303afa,1465af7161a9053ca7df7d4d04572789911a5480,e41f63ef47ea066f14e5effb41bf9f4b7ebd8d79641604b69a10323837e09474
00638,3,False,B2_W200,0.3429484516,0.09697182873,6,0,200,166.4079681,EXP-001,ds_16b6be697acb,ds_aa8808303afa,1465af7161a9053ca7df7d4d04572789911a5480,e41f63ef47ea066f14e5effb41bf9f4b7ebd8d79641604b69a10323837e09474
00639,3,False,B2_W200,0.3600689437,0.1002857848,6,0,91,166.6804781,EXP-001,ds_16b6be697acb,ds_aa8808303afa,1465af7161a9053ca7df7d4d04572789911a5480,e41f63ef47ea066f14e5effb41bf9f4b7ebd8d79641604b69a10323837e09474
00640,3,False,B2_W200,0.3539404462,0.0985331546,6,0,254,166.1641434,EXP-001,ds_16b6be697acb,ds_aa8808303afa,1465af7161a9053ca7df7d4d04572789911a5480,e41f63ef47ea066f14e5effb41bf9f4b7ebd8d79641604b69a10323837e09474
00641,3,False,B2_W200,0.3570283642,0.09956960568,6,0,265,166.4988048,EXP-001,ds_16b6be697acb,ds_aa8808303afa,1465af7161a9053ca7df7d4d04572789911a5480,e41f63ef47ea066f14e5effb41bf9f4b7ebd8d79641604b69a10323837e09474
00642,3,False,B2_W200,0.3536971946,0.09921691863,6,0,143,166.8095618,EXP-001,ds_16b6be697acb,ds_aa8808303afa,1465af7161a9053ca7df7d4d04572789911a5480,e41f63ef47ea066f14e5effb41bf9f4b7ebd8d79641604b69a10323837e09474
00643,3,False,B2_W200,0.3480407416,0.09800495519,6,0,243,166.9338645,EXP-001,ds_16b6be697acb,ds_aa8808303afa,1465af7161a9053ca7df7d4d04572789911a5480,e41f63ef47ea066f14e5effb41bf9f4b7ebd8d79641604b69a10323837e09474
00644,3,False,B2_W200,0.3394911307,0.09643531777,6,0,214,167.1585657,EXP-001,ds_16b6be697acb,ds_aa8808303afa,1465af7161a9053ca7df7d4d04572789911a5480,e41f63ef47ea066f14e5effb41bf9f4b7ebd8d79641604b69a10323837e09474
00645,3,False,B2_W200,0.3500144064,0.09816135097,6,0,210,167.7322709,EXP-001,ds_16b6be697acb,ds_aa8808303afa,1465af7161a9053ca7df7d4d04572789911a5480,e41f63ef47ea066f14e5effb41bf9f4b7ebd8d79641604b69a10323837e09474
00646,3,False,B2_W200,0.3422043137,0.09675891436,6,0,196,167.9091633,EXP-001,ds_16b6be697acb,ds_aa8808303afa,1465af7161a9053ca7df7d4d04572789911a5480,e41f63ef47ea066f14e5effb41bf9f4b7ebd8d79641604b69a10323837e09474
00647,3,False,B2_W200,0.3457497766,0.09746345729,6,0,185,168.3011952,EXP-001,ds_16b6be697acb,ds_aa8808303afa,1465af7161a9053ca7df7d4d04572789911a5480,e41f63ef47ea066f14e5effb41bf9f4b7ebd8d79641604b69a10323837e09474
00648,3,False,B2_W200,0.3676610661,0.1014628397,6,0,196,168.2486056,EXP-001,ds_16b6be697acb,ds_aa8808303afa,1465af7161a9053ca7df7d4d04572789911a5480,e41f63ef47ea066f14e5effb41bf9f4b7ebd8d79641604b69a10323837e09474
00649,3,False,B2_W200,0.3479317933,0.09796256625,6,0,157,168.6071713,EXP-001,ds_16b6be697acb,ds_aa8808303afa,1465af7161a9053ca7df7d4d04572789911a5480,e41f63ef47ea066f14e5effb41bf9f4b7ebd8d79641604b69a10323837e09474
00650,3,False,B2_W200,0.3501113933,0.0983019548,6,0,142,168.9513944,EXP-001,ds_16b6be697acb,ds_aa8808303afa,1465af7161a9053ca7df7d4d04572789911a5480,e41f63ef47ea066f14e5effb41bf9f4b7ebd8d79641604b69a10323837e09474
00651,4,False,B2_W200,0.3383978055,0.09601946289,6,0,161,168.736255,EXP-001,ds_16b6be697acb,ds_aa8808303afa,1465af7161a9053ca7df7d4d04572789911a5480,e41f63ef47ea066f14e5effb41bf9f4b7ebd8d79641604b69a10323837e09474
00652,4,False,B2_W200,0.343052272,0.09705591398,6,0,103,169.0565737,EXP-001,ds_16b6be697acb,ds_aa8808303afa,1465af7161a9053ca7df7d4d04572789911a5480,e41f63ef47ea066f14e5effb41bf9f4b7ebd8d79641604b69a10323837e09474
00653,4,False,B2_W200,0.3508564893,0.098618071,6,0,163,168.8366534,EXP-001,ds_16b6be697acb,ds_aa8808303afa,1465af7161a9053ca7df7d4d04572789911a5480,e41f63ef47ea066f14e5effb41bf9f4b7ebd8d79641604b69a10323837e09474
00654,4,False,B2_W200,0.3448942817,0.09721979016,6,0,180,168.8031873,EXP-001,ds_16b6be697acb,ds_aa8808303afa,1465af7161a9053ca7df7d4d04572789911a5480,e41f63ef47ea066f14e5effb41bf9f4b7ebd8d79641604b69a10323837e09474
00655,4,False,B2_W200,0.349868258,0.09826870858,6,0,164,168.7314741,EXP-001,ds_16b6be697acb,ds_aa8808303afa,1465af7161a9053ca7df7d4d04572789911a5480,e41f63ef47ea066f14e5effb41bf9f4b7ebd8d79641604b69a10323837e09474
00656,4,False,B2_W200,0.3365504425,0.09565597083,6,0,151,168.6310757,EXP-001,ds_16b6be697acb,ds_aa8808303afa,1465af7161a9053ca7df7d4d04572789911a5480,e41f63ef47ea066f14e5effb41bf9f4b7ebd8d79641604b69a10323837e09474
00657,4,False,B2_W200,0.354084955,0.09877779141,6,0,181,168.5593625,EXP-001,ds_16b6be697acb,ds_aa8808303afa,1465af7161a9053ca7df7d4d04572789911a5480,e41f63ef47ea066f14e5effb41bf9f4b7ebd8d79641604b69a10323837e09474
00658,4,False,B2_W200,0.3451185934,0.0968637785,6,0,153,168.7649402,EXP-001,ds_16b6be697acb,ds_aa8808303afa,1465af7161a9053ca7df7d4d04572789911a5480,e41f63ef47ea066f14e5effb41bf9f4b7ebd8d79641604b69a10323837e09474
00659,4,False,B2_W200,0.3523606492,0.098618071,6,0,158,168.6501992,EXP-001,ds_16b6be697acb,ds_aa8808303afa,1465af7161a9053ca7df7d4d04572789911a5480,e41f63ef47ea066f14e5effb41bf9f4b7ebd8d79641604b69a10323837e09474
00660,4,False,B2_W200,0.3309923686,0.09443735814,6,0,206,168.6932271,EXP-001,ds_16b6be697acb,ds_aa8808303afa,1465af7161a9053ca7df7d4d04572789911a5480,e41f63ef47ea066f14e5effb41bf9f4b7ebd8d79641604b69a10323837e09474
00661,4,False,B2_W200,0.3379952453,0.09584228822,6,0,134,169.1760956,EXP-001,ds_16b6be697acb,ds_aa8808303afa,1465af7161a9053ca7df7d4d04572789911a5480,e41f63ef47ea066f14e5effb41bf9f4b7ebd8d79641604b69a10323837e09474
00662,4,False,B2_W200,0.3555604138,0.0994997886,6,0,231,169.1282869,EXP-001,ds_16b6be697acb,ds_aa8808303afa,1465af7161a9053ca7df7d4d04572789911a5480,e41f63ef47ea066f14e5effb41bf9f4b7ebd8d79641604b69a10323837e09474
00663,4,False,B2_W200,0.3418404789,0.09654433768,6,0,201,169.3195219,EXP-001,ds_16b6be697acb,ds_aa8808303afa,1465af7161a9053ca7df7d4d04572789911a5480,e41f63ef47ea066f14e5effb41bf9f4b7ebd8d79641604b69a10323837e09474
00664,4,False,B2_W200,0.3554533931,0.09949729514,6,0,130,169.3099602,EXP-001,ds_16b6be697acb,ds_aa8808303afa,1465af7161a9053ca7df7d4d04572789911a5480,e41f63ef47ea066f14e5effb41bf9f4b7ebd8d79641604b69a10323837e09474
00665,4,False,B2_W200,0.3524196464,0.0984375717,6,0,152,169.1521912,EXP-001,ds_16b6be697acb,ds_aa8808303afa,1465af7161a9053ca7df7d4d04572789911a5480,e41f63ef47ea066f14e5effb41bf9f4b7ebd8d79641604b69a10323837e09474
00666,4,False,B2_W200,0.3536470922,0.09910554378,6,0,176,168.6549801,EXP-001,ds_16b6be697acb,ds_aa8808303afa,1465af7161a9053ca7df7d4d04572789911a5480,e41f63ef47ea066f14e5effb41bf9f4b7ebd8d79641604b69a10323837e09474
00667,4,False,B2_W200,0.3459670791,0.09771391219,6,0,177,168.7266932,EXP-001,ds_16b6be697acb,ds_aa8808303afa,1465af7161a9053ca7df7d4d04572789911a5480,e41f63ef47ea066f14e5effb41bf9f4b7ebd8d79641604b69a10323837e09474
00668,4,False,B2_W200,0.3356125869,0.09528499836,6,0,166,168.8223108,EXP-001,ds_16b6be697acb,ds_aa8808303afa,1465af7161a9053ca7df7d4d04572789911a5480,e41f63ef47ea066f14e5effb41bf9f4b7ebd8d79641604b69a10323837e09474
00669,4,False,B2_W200,0.3497147424,0.09842593552,6,0,126,168.5593625,EXP-001,ds_16b6be697acb,ds_aa8808303afa,1465af7161a9053ca7df7d4d04572789911a5480,e41f63ef47ea066f14e5effb41bf9f4b7ebd8d79641604b69a10323837e09474
00670,4,False,B2_W200,0.3427969472,0.09686959659,6,0,199,168.5163347,EXP-001,ds_16b6be697acb,ds_aa8808303afa,1465af7161a9053ca7df7d4d04572789911a5480,e41f63ef47ea066f14e5effb41bf9f4b7ebd8d79641604b69a10323837e09474
00671,4,False,B2_W200,0.3484347513,0.09807075501,6,0,170,168.4828685,EXP-001,ds_16b6be697acb,ds_aa8808303afa,1465af7161a9053ca7df7d4d04572789911a5480,e41f63ef47ea066f14e5effb41bf9f4b7ebd8d79641604b69a10323837e09474
00672,4,False,B2_W200,0.3442404597,0.09719734896,6,0,145,168.6023904,EXP-001,ds_16b6be697acb,ds_aa8808303afa,1465af7161a9053ca7df7d4d04572789911a5480,e41f63ef47ea066f14e5effb41bf9f4b7ebd8d79641604b69a10323837e09474
00673,4,False,B2_W200,0.337430802,0.09579740581,6,0,228,168.6310757,EXP-001,ds_16b6be697acb,ds_aa8808303afa,1465af7161a9053ca7df7d4d04572789911a5480,e41f63ef47ea066f14e5effb41bf9f4b7ebd8d79641604b69a10323837e09474
00674,4,False,B2_W200,0.3376712338,0.09580571737,6,0,154,168.3968127,EXP-001,ds_16b6be697acb,ds_aa8808303afa,1465af7161a9053ca7df7d4d04572789911a5480,e41f63ef47ea066f14e5effb41bf9f4b7ebd8d79641604b69a10323837e09474
00675,4,False,B2_W200,0.333177067,0.0949514279,6,0,182,168.1673307,EXP-001,ds_16b6be697acb,ds_aa8808303afa,1465af7161a9053ca7df7d4d04572789911a5480,e41f63ef47ea066f14e5effb41bf9f4b7ebd8d79641604b69a10323837e09474
00676,4,False,B2_W200,0.3524379361,0.09895413493,6,0,132,168.2247012,EXP-001,ds_16b6be697acb,ds_aa8808303afa,1465af7161a9053ca7df7d4d04572789911a5480,e41f63ef47ea066f14e5effb41bf9f4b7ebd8d79641604b69a10323837e09474
00677,4,False,B2_W200,0.339935481,0.09652605226,6,0,137,168.1960159,EXP-001,ds_16b6be697acb,ds_aa8808303afa,1465af7161a9053ca7df7d4d04572789911a5480,e41f63ef47ea066f14e5effb41bf9f4b7ebd8d79641604b69a10323837e09474
00678,4,False,B2_W200,0.3671041707,0.1010544652,6,0,180,168.0191235,EXP-001,ds_16b6be697acb,ds_aa8808303afa,1465af7161a9053ca7df7d4d04572789911a5480,e41f63ef47ea066f14e5effb41bf9f4b7ebd8d79641604b69a10323837e09474
00679,4,False,B2_W200,0.3385677894,0.09615591095,6,0,119,168.3059761,EXP-001,ds_16b6be697acb,ds_aa8808303afa,1465af7161a9053ca7df7d4d04572789911a5480,e41f63ef47ea066f14e5effb41bf9f4b7ebd8d79641604b69a10323837e09474
00680,4,False,B2_W200,0.3548119973,0.0987836095,6,0,173,168.2677291,EXP-001,ds_16b6be697acb,ds_aa8808303afa,1465af7161a9053ca7df7d4d04572789911a5480,e41f63ef47ea066f14e5effb41bf9f4b7ebd8d79641604b69a10323837e09474
00681,4,False,B2_W200,0.347642433,0.09756582796,6,0,159,168.0047809,EXP-001,ds_16b6be697acb,ds_aa8808303afa,1465af7161a9053ca7df7d4d04572789911a5480,e41f63ef47ea066f14e5effb41bf9f4b7ebd8d79641604b69a10323837e09474
00682,4,False,B2_W200,0.3580869531,0.09984000831,6,0,148,168.1290837,EXP-001,ds_16b6be697acb,ds_aa8808303afa,1465af7161a9053ca7df7d4d04572789911a5480,e41f63ef47ea066f14e5effb41bf9f4b7ebd8d79641604b69a10323837e09474
00683,4,False,B2_W200,0.3635060434,0.1005395643,6,0,174,168.3011952,EXP-001,ds_16b6be697acb,ds_aa8808303afa,1465af7161a9053ca7df7d4d04572789911a5480,e41f63ef47ea066f14e5effb41bf9f4b7ebd8d79641604b69a10323837e09474
00684,4,False,B2_W200,0.3370715937,0.09582317164,6,0,161,168.5258964,EXP-001,ds_16b6be697acb,ds_aa8808303afa,1465af7161a9053ca7df7d4d04572789911a5480,e41f63ef47ea066f14e5effb41bf9f4b7ebd8d79641604b69a10323837e09474
00685,4,False,B2_W200,0.3496447139,0.09825956587,6,0,115,168.5593625,EXP-001,ds_16b6be697acb,ds_aa8808303afa,1465af7161a9053ca7df7d4d04572789911a5480,e41f63ef47ea066f14e5effb41bf9f4b7ebd8d79641604b69a10323837e09474
00686,4,False,B2_W200,0.3458424695,0.09739031559,6,0,211,168.349004,EXP-001,ds_16b6be697acb,ds_aa8808303afa,1465af7161a9053ca7df7d4d04572789911a5480,e41f63ef47ea066f14e5effb41bf9f4b7ebd8d79641604b69a10323837e09474
00687,4,False,B2_W200,0.3487914321,0.09774217148,6,0,153,168.659761,EXP-001,ds_16b6be697acb,ds_aa8808303afa,1465af7161a9053ca7df7d4d04572789911a5480,e41f63ef47ea066f14e5effb41bf9f4b7ebd8d79641604b69a10323837e09474
00688,4,False,B2_W200,0.3460752496,0.09758328223,6,0,131,168.3442231,EXP-001,ds_16b6be697acb,ds_aa8808303afa,1465af7161a9053ca7df7d4d04572789911a5480,e41f63ef47ea066f14e5effb41bf9f4b7ebd8d79641604b69a10323837e09474
00689,4,False,B2_W200,0.3448459983,0.09742106835,6,0,135,168.0478088,EXP-001,ds_16b6be697acb,ds_aa8808303afa,1465af7161a9053ca7df7d4d04572789911a5480,e41f63ef47ea066f14e5effb41bf9f4b7ebd8d79641604b69a10323837e09474
00690,4,False,B2_W200,0.347506427,0.09795176123,6,0,179,167.5649402,EXP-001,ds_16b6be697acb,ds_aa8808303afa,1465af7161a9053ca7df7d4d04572789911a5480,e41f63ef47ea066f14e5effb41bf9f4b7ebd8d79641604b69a10323837e09474
00691,4,False,B2_W200,0.3376335912,0.09586722289,6,0,205,167.5505976,EXP-001,ds_16b6be697acb,ds_aa8808303afa,1465af7161a9053ca7df7d4d04572789911a5480,e41f63ef47ea066f14e5effb41bf9f4b7ebd8d79641604b69a10323837e09474
00692,4,False,B2_W200,0.3421199618,0.09675143396,6,0,124,167.4358566,EXP-001,ds_16b6be697acb,ds_aa8808303afa,1465af7161a9053ca7df7d4d04572789911a5480,e41f63ef47ea066f14e5effb41bf9f4b7ebd8d79641604b69a10323837e09474
00693,4,False,B2_W200,0.3354767404,0.09553863936,6,0,148,167.5505976,EXP-001,ds_16b6be697acb,ds_aa8808303afa,1465af7161a9053ca7df7d4d04572789911a5480,e41f63ef47ea066f14e5effb41bf9f4b7ebd8d79641604b69a10323837e09474
00694,4,False,B2_W200,0.3409978418,0.09659005124,6,0,185,167.4310757,EXP-001,ds_16b6be697acb,ds_aa8808303afa,1465af7161a9053ca7df7d4d04572789911a5480,e41f63ef47ea066f14e5effb41bf9f4b7ebd8d79641604b69a10323837e09474
00695,4,False,B2_W200,0.3523956406,0.09868622576,6,0,83,167.4549801,EXP-001,ds_16b6be697acb,ds_aa8808303afa,1465af7161a9053ca7df7d4d04572789911a5480,e41f63ef47ea066f14e5effb41bf9f4b7ebd8d79641604b69a10323837e09474
00696,4,False,B2_W200,0.3524883478,0.09903475702,6,0,147,167.4023904,EXP-001,ds_16b6be697acb,ds_aa8808303afa,1465af7161a9053ca7df7d4d04572789911a5480,e41f63ef47ea066f14e5effb41bf9f4b7ebd8d79641604b69a10323837e09474
00697,4,False,B2_W200,0.356520758,0.09920195783,6,0,157,167.3306773,EXP-001,ds_16b6be697acb,ds_aa8808303afa,1465af7161a9053ca7df7d4d04572789911a5480,e41f63ef47ea066f14e5effb41bf9f4b7ebd8d79641604b69a10323837e09474
00698,4,False,B2_W200,0.3561818834,0.09954134639,6,0,126,167.1394422,EXP-001,ds_16b6be697acb,ds_aa8808303afa,1465af7161a9053ca7df7d4d04572789911a5480,e41f63ef47ea066f14e5effb41bf9f4b7ebd8d79641604b69a10323837e09474
00699,4,False,B2_W200,0.3418577798,0.09675392743,6,0,195,167.2063745,EXP-001,ds_16b6be697acb,ds_aa8808303afa,1465af7161a9053ca7df7d4d04572789911a5480,e41f63ef47ea066f14e5effb41bf9f4b7ebd8d79641604b69a10323837e09474
00700,4,False,B2_W200,0.3638089597,0.100943783,6,0,157,167.1824701,EXP-001,ds_16b6be697acb,ds_aa8808303afa,1465af7161a9053ca7df7d4d04572789911a5480,e41f63ef47ea066f14e5effb41bf9f4b7ebd8d79641604b69a10323837e09474
00701,5,False,B2_W200,0.3476355493,0.09780284584,6,0,156,167.1394422,EXP-001,ds_16b6be697acb,ds_aa8808303afa,1465af7161a9053ca7df7d4d04572789911a5480,e41f63ef47ea066f14e5effb41bf9f4b7ebd8d79641604b69a10323837e09474
00702,5,False,B2_W200,0.3488330035,0.09813475399,6,0,142,167.1155378,EXP-001,ds_16b6be697acb,ds_aa8808303afa,1465af7161a9053ca7df7d4d04572789911a5480,e41f63ef47ea066f14e5effb41bf9f4b7ebd8d79641604b69a10323837e09474
00703,5,False,B2_W200,0.3626834896,0.1002101496,6,0,175,167.0438247,EXP-001,ds_16b6be697acb,ds_aa8808303afa,1465af7161a9053ca7df7d4d04572789911a5480,e41f63ef47ea066f14e5effb41bf9f4b7ebd8d79641604b69a10323837e09474
00704,5,False,B2_W200,0.3379986051,0.09602112521,6,0,193,167.0629482,EXP-001,ds_16b6be697acb,ds_aa8808303afa,1465af7161a9053ca7df7d4d04572789911a5480,e41f63ef47ea066f14e5effb41bf9f4b7ebd8d79641604b69a10323837e09474
00705,5,False,B2_W200,0.339789859,0.0963821238,6,0,258,167.1681275,EXP-001,ds_16b6be697acb,ds_aa8808303afa,1465af7161a9053ca7df7d4d04572789911a5480,e41f63ef47ea066f14e5effb41bf9f4b7ebd8d79641604b69a10323837e09474
00706,5,False,B2_W200,0.3401436407,0.09638544843,6,0,172,167.6318725,EXP-001,ds_16b6be697acb,ds_aa8808303afa,1465af7161a9053ca7df7d4d04572789911a5480,e41f63ef47ea066f14e5effb41bf9f4b7ebd8d79641604b69a10323837e09474
00707,5,False,B2_W200,0.3387815102,0.09604107294,6,0,121,167.8565737,EXP-001,ds_16b6be697acb,ds_aa8808303afa,1465af7161a9053ca7df7d4d04572789911a5480,e41f63ef47ea066f14e5effb41bf9f4b7ebd8d79641604b69a10323837e09474
00708,5,False,B2_W200,0.3454848878,0.09762733348,6,0,139,167.5505976,EXP-001,ds_16b6be697acb,ds_aa8808303afa,1465af7161a9053ca7df7d4d04572789911a5480,e41f63ef47ea066f14e5effb41bf9f4b7ebd8d79641604b69a10323837e09474
00709,5,False,B2_W200,0.3410281722,0.09641537003,6,0,136,167.2828685,EXP-001,ds_16b6be697acb,ds_aa8808303afa,1465af7161a9053ca7df7d4d04572789911a5480,e41f63ef47ea066f14e5effb41bf9f4b7ebd8d79641604b69a10323837e09474
00710,5,False,B2_W200,0.3532686464,0.09902561431,6,0,131,167.3163347,EXP-001,ds_16b6be697acb,ds_aa8808303afa,1465af7161a9053ca7df7d4d04572789911a5480,e41f63ef47ea066f14e5effb41bf9f4b7ebd8d79641604b69a10323837e09474
00711,5,False,B2_W200,0.3491725476,0.09813226053,6,0,200,167.0629482,EXP-001,ds_16b6be697acb,ds_aa8808303afa,1465af7161a9053ca7df7d4d04572789911a5480,e41f63ef47ea066f14e5effb41bf9f4b7ebd8d79641604b69a10323837e09474
00712,5,False,B2_W200,0.3572727529,0.09970688488,6,0,113,167.1968127,EXP-001,ds_16b6be697acb,ds_aa8808303afa,1465af7161a9053ca7df7d4d04572789911a5480,e41f63ef47ea066f14e5effb41bf9f4b7ebd8d79641604b69a10323837e09474
00713,5,False,B2_W200,0.3438222449,0.09708832905,6,0,186,166.9386454,EXP-001,ds_16b6be697acb,ds_aa8808303afa,1465af7161a9053ca7df7d4d04572789911a5480,e41f63ef47ea066f14e5effb41bf9f4b7ebd8d79641604b69a10323837e09474
00714,5,False,B2_W200,0.3458812251,0.0974426784,6,0,211,166.8621514,EXP-001,ds_16b6be697acb,ds_aa8808303afa,1465af7161a9053ca7df7d4d04572789911a5480,e41f63ef47ea066f14e5effb41bf9f4b7ebd8d79641604b69a10323837e09474
00715,5,False,B2_W200,0.3252259092,0.09309060895,6,0,177,167.0486056,EXP-001,ds_16b6be697acb,ds_aa8808303afa,1465af7161a9053ca7df7d4d04572789911a5480,e41f63ef47ea066f14e5effb41bf9f4b7ebd8d79641604b69a10323837e09474
00716,5,False,B2_W200,0.3232942108,0.09277947969,6,0,170,167.149004,EXP-001,ds_16b6be697acb,ds_aa8808303afa,1465af7161a9053ca7df7d4d04572789911a5480,e41f63ef47ea066f14e5effb41bf9f4b7ebd8d79641604b69a10323837e09474
00717,5,False,B2_W200,0.3624397387,0.1001094413,6,0,244,167.0533865,EXP-001,ds_16b6be697acb,ds_aa8808303afa,1465af7161a9053ca7df7d4d04572789911a5480,e41f63ef47ea066f14e5effb41bf9f4b7ebd8d79641604b69a10323837e09474
00718,5,False,B2_W200,0.3500871167,0.09836262916,6,0,211,167.3306773,EXP-001,ds_16b6be697acb,ds_aa8808303afa,1465af7161a9053ca7df7d4d04572789911a5480,e41f63ef47ea066f14e5effb41bf9f4b7ebd8d79641604b69a10323837e09474
00719,5,False,B2_W200,0.3561919191,0.09976091,6,0,228,167.6749004,EXP-001,ds_16b6be697acb,ds_aa8808303afa,1465af7161a9053ca7df7d4d04572789911a5480,e41f63ef47ea066f14e5effb41bf9f4b7ebd8d79641604b69a10323837e09474
00720,5,False,B2_W200,0.3395841153,0.09626229887,6,0,205,167.8231076,EXP-001,ds_16b6be697acb,ds_aa8808303afa,1465af7161a9053ca7df7d4d04572789911a5480,e41f63ef47ea066f14e5effb41bf9f4b7ebd8d79641604b69a10323837e09474
00721,5,False,B2_W200,0.3375942962,0.09590296258,6,0,212,167.8804781,EXP-001,ds_16b6be697acb,ds_aa8808303afa,1465af7161a9053ca7df7d4d04572789911a5480,e41f63ef47ea066f14e5effb41bf9f4b7ebd8d79641604b69a10323837e09474
00722,5,False,B2_W200,0.3384151458,0.09572994368,6,0,188,168.4350598,EXP-001,ds_16b6be697acb,ds_aa8808303afa,1465af7161a9053ca7df7d4d04572789911a5480,e41f63ef47ea066f14e5effb41bf9f4b7ebd8d79641604b69a10323837e09474
00723,5,False,B2_W200,0.3386252883,0.09608429303,6,0,202,168.5832669,EXP-001,ds_16b6be697acb,ds_aa8808303afa,1465af7161a9053ca7df7d4d04572789911a5480,e41f63ef47ea066f14e5effb41bf9f4b7ebd8d79641604b69a10323837e09474
00724,5,False,B2_W200,0.3376276326,0.09592623494,6,0,175,168.8079681,EXP-001,ds_16b6be697acb,ds_aa8808303afa,1465af7161a9053ca7df7d4d04572789911a5480,e41f63ef47ea066f14e5effb41bf9f4b7ebd8d79641604b69a10323837e09474
00725,5,False,B2_W200,0.3536680954,0.09905886054,6,0,181,168.9800797,EXP-001,ds_16b6be697acb,ds_aa8808303afa,1465af7161a9053ca7df7d4d04572789911a5480,e41f63ef47ea066f14e5effb41bf9f4b7ebd8d79641604b69a10323837e09474
00726,5,False,B2_W200,0.3520126265,0.09887254315,6,0,222,168.9992032,EXP-001,ds_16b6be697acb,ds_aa8808303afa,1465af7161a9053ca7df7d4d04572789911a5480,e41f63ef47ea066f14e5effb41bf9f4b7ebd8d79641604b69a10323837e09474
00727,5,False,B2_W200,0.3524529146,0.09834268143,6,0,229,169.2191235,EXP-001,ds_16b6be697acb,ds_aa8808303afa,1465af7161a9053ca7df7d4d04572789911a5480,e41f63ef47ea066f14e5effb41bf9f4b7ebd8d79641604b69a10323837e09474
00728,5,False,B2_W200,0.3380872031,0.09608096841,6,0,199,169.3482072,EXP-001,ds_16b6be697acb,ds_aa8808303afa,1465af7161a9053ca7df7d4d04572789911a5480,e41f63ef47ea066f14e5effb41bf9f4b7ebd8d79641604b69a10323837e09474
00729,5,False,B2_W200,0.3372764921,0.09573659293,6,0,238,169.4055777,EXP-001,ds_16b6be697acb,ds_aa8808303afa,1465af7161a9053ca7df7d4d04572789911a5480,e41f63ef47ea066f14e5effb41bf9f4b7ebd8d79641604b69a10323837e09474
00730,5,False,B2_W200,0.3507678103,0.09818379218,6,0,143,169.7737052,EXP-001,ds_16b6be697acb,ds_aa8808303afa,1465af7161a9053ca7df7d4d04572789911a5480,e41f63ef47ea066f14e5effb41bf9f4b7ebd8d79641604b69a10323837e09474
00731,5,False,B2_W200,0.3483280134,0.09816384444,6,0,159,169.5203187,EXP-001,ds_16b6be697acb,ds_aa8808303afa,1465af7161a9053ca7df7d4d04572789911a5480,e41f63ef47ea066f14e5effb41bf9f4b7ebd8d79641604b69a10323837e09474
00732,5,False,B2_W200,0.3420400154,0.09695437446,6,0,160,169.4151394,EXP-001,ds_16b6be697acb,ds_aa8808303afa,1465af7161a9053ca7df7d4d04572789911a5480,e41f63ef47ea066f14e5effb41bf9f4b7ebd8d79641604b69a10323837e09474
00733,5,False,B2_W200,0.3425471022,0.09695769908,6,0,171,169.1139442,EXP-001,ds_16b6be697acb,ds_aa8808303afa,1465af7161a9053ca7df7d4d04572789911a5480,e41f63ef47ea066f14e5effb41bf9f4b7ebd8d79641604b69a10323837e09474
00734,5,False,B2_W200,0.3511456651,0.09833686334,6,0,237,169.0326693,EXP-001,ds_16b6be697acb,ds_aa8808303afa,1465af7161a9053ca7df7d4d04572789911a5480,e41f63ef47ea066f14e5effb41bf9f4b7ebd8d79641604b69a10323837e09474
00735,5,False,B2_W200,0.3481290723,0.09763647619,6,0,168,169.4390438,EXP-001,ds_16b6be697acb,ds_aa8808303afa,1465af7161a9053ca7df7d4d04572789911a5480,e41f63ef47ea066f14e5effb41bf9f4b7ebd8d79641604b69a10323837e09474
00736,5,False,B2_W200,0.3585877802,0.09989902036,6,0,146,169.7928287,EXP-001,ds_16b6be697acb,ds_aa8808303afa,1465af7161a9053ca7df7d4d04572789911a5480,e41f63ef47ea066f14e5effb41bf9f4b7ebd8d79641604b69a10323837e09474
00737,5,False,B2_W200,0.3681659151,0.1013006258,6,0,188,169.6398406,EXP-001,ds_16b6be697acb,ds_aa8808303afa,1465af7161a9053ca7df7d4d04572789911a5480,e41f63ef47ea066f14e5effb41bf9f4b7ebd8d79641604b69a10323837e09474
00738,5,False,B2_W200,0.3347282595,0.0953647893,6,0,212,169.2525896,EXP-001,ds_16b6be697acb,ds_aa8808303afa,1465af7161a9053ca7df7d4d04572789911a5480,e41f63ef47ea066f14e5effb41bf9f4b7ebd8d79641604b69a10323837e09474
00739,5,False,B2_W200,0.3562696859,0.09937165211,6,0,147,169.4007968,EXP-001,ds_16b6be697acb,ds_aa8808303afa,1465af7161a9053ca7df7d4d04572789911a5480,e41f63ef47ea066f14e5effb41bf9f4b7ebd8d79641604b69a10323837e09474
00740,5,False,B2_W200,0.3513906235,0.09832772063,6,0,189,169.352988,EXP-001,ds_16b6be697acb,ds_aa8808303afa,1465af7161a9053ca7df7d4d04572789911a5480,e41f63ef47ea066f14e5effb41bf9f4b7ebd8d79641604b69a10323837e09474
00741,5,False,B2_W200,0.3617396431,0.1004147524,6,0,174,169.6111554,EXP-001,ds_16b6be697acb,ds_aa8808303afa,1465af7161a9053ca7df7d4d04572789911a5480,e41f63ef47ea066f14e5effb41bf9f4b7ebd8d79641604b69a10323837e09474
00742,5,False,B2_W200,0.334153206,0.0953647893,6,0,182,169.9027888,EXP-001,ds_16b6be697acb,ds_aa8808303afa,1465af7161a9053ca7df7d4d04572789911a5480,e41f63ef47ea066f14e5effb41bf9f4b7ebd8d79641604b69a10323837e09474
00743,5,False,B2_W200,0.3527454152,0.0990314324,6,0,110,170.2374502,EXP-001,ds_16b6be697acb,ds_aa8808303afa,1465af7161a9053ca7df7d4d04572789911a5480,e41f63ef47ea066f14e5effb41bf9f4b7ebd8d79641604b69a10323837e09474
00744,5,False,B2_W200,0.33817016,0.09607847494,6,0,204,170.2278884,EXP-001,ds_16b6be697acb,ds_aa8808303afa,1465af7161a9053ca7df7d4d04572789911a5480,e41f63ef47ea066f14e5effb41bf9f4b7ebd8d79641604b69a10323837e09474
00745,5,False,B2_W200,0.3475163643,0.09799747479,6,0,123,170.4525896,EXP-001,ds_16b6be697acb,ds_aa8808303afa,1465af7161a9053ca7df7d4d04572789911a5480,e41f63ef47ea066f14e5effb41bf9f4b7ebd8d79641604b69a10323837e09474
00746,5,False,B2_W200,0.3269215958,0.09364872996,6,0,220,170.1035857,EXP-001,ds_16b6be697acb,ds_aa8808303afa,1465af7161a9053ca7df7d4d04572789911a5480,e41f63ef47ea066f14e5effb41bf9f4b7ebd8d79641604b69a10323837e09474
00747,5,False,B2_W200,0.3450301878,0.09679714752,6,0,204,170.3282869,EXP-001,ds_16b6be697acb,ds_aa8808303afa,1465af7161a9053ca7df7d4d04572789911a5480,e41f63ef47ea066f14e5effb41bf9f4b7ebd8d79641604b69a10323837e09474
00748,5,False,B2_W200,0.335464102,0.09488313461,6,0,154,170.1418327,EXP-001,ds_16b6be697acb,ds_aa8808303afa,1465af7161a9053ca7df7d4d04572789911a5480,e41f63ef47ea066f14e5effb41bf9f4b7ebd8d79641604b69a10323837e09474
00749,5,False,B2_W200,0.3503360831,0.09785853327,6,0,193,170.2613546,EXP-001,ds_16b6be697acb,ds_aa8808303afa,1465af7161a9053ca7df7d4d04572789911a5480,e41f63ef47ea066f14e5effb41bf9f4b7ebd8d79641604b69a10323837e09474
00750,5,False,B2_W200,0.346191691,0.09749421005,6,0,144,170.1513944,EXP-001,ds_16b6be697acb,ds_aa8808303afa,1465af7161a9053ca7df7d4d04572789911a5480,e41f63ef47ea066f14e5effb41bf9f4b7ebd8d79641604b69a10323837e09474
00751,6,False,B2_W200,0.3668573423,0.1013330409,6,0,171,169.8932271,EXP-001,ds_16b6be697acb,ds_aa8808303afa,1465af7161a9053ca7df7d4d04572789911a5480,e41f63ef47ea066f14e5effb41bf9f4b7ebd8d79641604b69a10323837e09474
00752,6,False,B2_W200,0.3500620526,0.09834101912,6,0,206,170.0749004,EXP-001,ds_16b6be697acb,ds_aa8808303afa,1465af7161a9053ca7df7d4d04572789911a5480,e41f63ef47ea066f14e5effb41bf9f4b7ebd8d79641604b69a10323837e09474
00753,6,False,B2_W200,0.3567418881,0.09974096226,6,0,217,170.2948207,EXP-001,ds_16b6be697acb,ds_aa8808303afa,1465af7161a9053ca7df7d4d04572789911a5480,e41f63ef47ea066f14e5effb41bf9f4b7ebd8d79641604b69a10323837e09474
00754,6,False,B2_W200,0.3527578632,0.09886256928,6,0,96,170.2422311,EXP-001,ds_16b6be697acb,ds_aa8808303afa,1465af7161a9053ca7df7d4d04572789911a5480,e41f63ef47ea066f14e5effb41bf9f4b7ebd8d79641604b69a10323837e09474
00755,6,False,B2_W200,0.3319578138,0.09484490145,6,0,124,169.6494024,EXP-001,ds_16b6be697acb,ds_aa8808303afa,1465af7161a9053ca7df7d4d04572789911a5480,e41f63ef47ea066f14e5effb41bf9f4b7ebd8d79641604b69a10323837e09474
00756,6,False,B2_W200,0.3493516697,0.09781780664,6,0,155,169.5250996,EXP-001,ds_16b6be697acb,ds_aa8808303afa,1465af7161a9053ca7df7d4d04572789911a5480,e41f63ef47ea066f14e5effb41bf9f4b7ebd8d79641604b69a10323837e09474
00757,6,False,B2_W200,0.3417996698,0.09678135556,6,0,170,169.5059761,EXP-001,ds_16b6be697acb,ds_aa8808303afa,1465af7161a9053ca7df7d4d04572789911a5480,e41f63ef47ea066f14e5effb41bf9f4b7ebd8d79641604b69a10323837e09474
00758,6,False,B2_W200,0.3571355764,0.09957459261,6,0,180,169.5203187,EXP-001,ds_16b6be697acb,ds_aa8808303afa,1465af7161a9053ca7df7d4d04572789911a5480,e41f63ef47ea066f14e5effb41bf9f4b7ebd8d79641604b69a10323837e09474
00759,6,False,B2_W200,0.3389074198,0.09608595535,6,0,199,169.8262948,EXP-001,ds_16b6be697acb,ds_aa8808303afa,1465af7161a9053ca7df7d4d04572789911a5480,e41f63ef47ea066f14e5effb41bf9f4b7ebd8d79641604b69a10323837e09474
00760,6,False,B2_W200,0.3523514747,0.09835182414,6,0,202,170.0749004,EXP-001,ds_16b6be697acb,ds_aa8808303afa,1465af7161a9053ca7df7d4d04572789911a5480,e41f63ef47ea066f14e5effb41bf9f4b7ebd8d79641604b69a10323837e09474
00761,6,False,B2_W200,0.3531933729,0.0990538736,6,0,171,170.1752988,EXP-001,ds_16b6be697acb,ds_aa8808303afa,1465af7161a9053ca7df7d4d04572789911a5480,e41f63ef47ea066f14e5effb41bf9f4b7ebd8d79641604b69a10323837e09474
00762,6,False,B2_W200,0.3518403339,0.09870451118,6,0,175,170.1609562,EXP-001,ds_16b6be697acb,ds_aa8808303afa,1465af7161a9053ca7df7d4d04572789911a5480,e41f63ef47ea066f14e5effb41bf9f4b7ebd8d79641604b69a10323837e09474
00763,6,False,B2_W200,0.345581296,0.09748257387,6,0,213,169.9171315,EXP-001,ds_16b6be697acb,ds_aa8808303afa,1465af7161a9053ca7df7d4d04572789911a5480,e41f63ef47ea066f14e5effb41bf9f4b7ebd8d79641604b69a10323837e09474
00764,6,False,B2_W200,0.3537791964,0.09921359401,6,0,198,170.3856574,EXP-001,ds_16b6be697acb,ds_aa8808303afa,1465af7161a9053ca7df7d4d04572789911a5480,e41f63ef47ea066f14e5effb41bf9f4b7ebd8d79641604b69a10323837e09474
00765,6,False,B2_W200,0.328849723,0.0941669555,6,0,176,170.7011952,EXP-001,ds_16b6be697acb,ds_aa8808303afa,1465af7161a9053ca7df7d4d04572789911a5480,e41f63ef47ea066f14e5effb41bf9f4b7ebd8d79641604b69a10323837e09474
00766,6,False,B2_W200,0.348093369,0.09782445589,6,0,195,170.3665339,EXP-001,ds_16b6be697acb,ds_aa8808303afa,1465af7161a9053ca7df7d4d04572789911a5480,e41f63ef47ea066f14e5effb41bf9f4b7ebd8d79641604b69a10323837e09474
00767,6,False,B2_W200,0.356916801,0.09972184568,6,0,226,170.438247,EXP-001,ds_16b6be697acb,ds_aa8808303afa,1465af7161a9053ca7df7d4d04572789911a5480,e41f63ef47ea066f14e5effb41bf9f4b7ebd8d79641604b69a10323837e09474
00768,6,False,B2_W200,0.3457955891,0.09710661447,6,0,96,170.7920319,EXP-001,ds_16b6be697acb,ds_aa8808303afa,1465af7161a9053ca7df7d4d04572789911a5480,e41f63ef47ea066f14e5effb41bf9f4b7ebd8d79641604b69a10323837e09474
00769,6,False,B2_W200,0.3546041746,0.09900483542,6,0,125,170.1896414,EXP-001,ds_16b6be697acb,ds_aa8808303afa,1465af7161a9053ca7df7d4d04572789911a5480,e41f63ef47ea066f14e5effb41bf9f4b7ebd8d79641604b69a10323837e09474
00770,6,False,B2_W200,0.3592227153,0.1002026692,6,0,178,170.0940239,EXP-001,ds_16b6be697acb,ds_aa8808303afa,1465af7161a9053ca7df7d4d04572789911a5480,e41f63ef47ea066f14e5effb41bf9f4b7ebd8d79641604b69a10323837e09474
00771,6,False,B2_W200,0.340017494,0.0965327015,6,0,183,170.4669323,EXP-001,ds_16b6be697acb,ds_aa8808303afa,1465af7161a9053ca7df7d4d04572789911a5480,e41f63ef47ea066f14e5effb41bf9f4b7ebd8d79641604b69a10323837e09474
00772,6,False,B2_W200,0.3560070552,0.09896743342,6,0,182,170.7250996,EXP-001,ds_16b6be697acb,ds_aa8808303afa,1465af7161a9053ca7df7d4d04572789911a5480,e41f63ef47ea066f14e5effb41bf9f4b7ebd8d79641604b69a10323837e09474
00773,6,False,B2_W200,0.3640531622,0.1007017782,6,0,165,170.8589641,EXP-001,ds_16b6be697acb,ds_aa8808303afa,1465af7161a9053ca7df7d4d04572789911a5480,e41f63ef47ea066f14e5effb41bf9f4b7ebd8d79641604b69a10323837e09474
00774,6,False,B2_W200,0.3644053286,0.1010336863,6,0,117,171.0310757,EXP-001,ds_16b6be697acb,ds_aa8808303afa,1465af7161a9053ca7df7d4d04572789911a5480,e41f63ef47ea066f14e5effb41bf9f4b7ebd8d79641604b69a10323837e09474
00775,6,False,B2_W200,0.3473060769,0.09771391219,6,0,169,170.5099602,EXP-001,ds_16b6be697acb,ds_aa8808303afa,1465af7161a9053ca7df7d4d04572789911a5480,e41f63ef47ea066f14e5effb41bf9f4b7ebd8d79641604b69a10323837e09474
00776,6,False,B2_W200,0.3449134359,0.09719236203,6,0,153,170.4286853,EXP-001,ds_16b6be697acb,ds_aa8808303afa,1465af7161a9053ca7df7d4d04572789911a5480,e41f63ef47ea066f14e5effb41bf9f4b7ebd8d79641604b69a10323837e09474
00777,6,False,B2_W200,0.3411457874,0.09667995458,6,0,155,170.2374502,EXP-001,ds_16b6be697acb,ds_aa8808303afa,1465af7161a9053ca7df7d4d04572789911a5480,e41f63ef47ea066f14e5effb41bf9f4b7ebd8d79641604b69a10323837e09474
00778,6,False,B2_W200,0.3399339945,0.0959912036,6,0,217,170.0270916,EXP-001,ds_16b6be697acb,ds_aa8808303afa,1465af7161a9053ca7df7d4d04572789911a5480,e41f63ef47ea066f14e5effb41bf9f4b7ebd8d79641604b69a10323837e09474
00779,6,False,B2_W200,0.3511068492,0.09859978557,6,0,165,170.2183267,EXP-001,ds_16b6be697acb,ds_aa8808303afa,1465af7161a9053ca7df7d4d04572789911a5480,e41f63ef47ea066f14e5effb41bf9f4b7ebd8d79641604b69a10323837e09474
00780,6,False,B2_W200,0.346410088,0.09755585409,6,0,116,170.6486056,EXP-001,ds_16b6be697acb,ds_aa8808303afa,1465af7161a9053ca7df7d4d04572789911a5480,e41f63ef47ea066f14e5effb41bf9f4b7ebd8d79641604b69a10323837e09474
00781,6,False,B2_W200,0.3522114989,0.09841679281,6,0,154,170.476494,EXP-001,ds_16b6be697acb,ds_aa8808303afa,1465af7161a9053ca7df7d4d04572789911a5480,e41f63ef47ea066f14e5effb41bf9f4b7ebd8d79641604b69a10323837e09474
00782,6,False,B2_W200,0.3492273823,0.09808156003,6,0,213,170.5243028,EXP-001,ds_16b6be697acb,ds_aa8808303afa,1465af7161a9053ca7df7d4d04572789911a5480,e41f63ef47ea066f14e5effb41bf9f4b7ebd8d79641604b69a10323837e09474
00783,6,False,B2_W200,0.3556743936,0.09947900971,6,0,119,170.4812749,EXP-001,ds_16b6be697acb,ds_aa8808303afa,1465af7161a9053ca7df7d4d04572789911a5480,e41f63ef47ea066f14e5effb41bf9f4b7ebd8d79641604b69a10323837e09474
00784,6,False,B2_W200,0.3373889709,0.09564682812,6,0,138,170.2709163,EXP-001,ds_16b6be697acb,ds_aa8808303afa,1465af7161a9053ca7df7d4d04572789911a5480,e41f63ef47ea066f14e5effb41bf9f4b7ebd8d79641604b69a10323837e09474
00785,6,False,B2_W200,0.3451122361,0.09722228363,6,0,153,170.2804781,EXP-001,ds_16b6be697acb,ds_aa8808303afa,1465af7161a9053ca7df7d4d04572789911a5480,e41f63ef47ea066f14e5effb41bf9f4b7ebd8d79641604b69a10323837e09474
00786,6,False,B2_W200,0.3398125227,0.0963522022,6,0,177,170.1561753,EXP-001,ds_16b6be697acb,ds_aa8808303afa,1465af7161a9053ca7df7d4d04572789911a5480,e41f63ef47ea066f14e5effb41bf9f4b7ebd8d79641604b69a10323837e09474
00787,6,False,B2_W200,0.3502352756,0.09844255863,6,0,209,170.2996016,EXP-001,ds_16b6be697acb,ds_aa8808303afa,1465af7161a9053ca7df7d4d04572789911a5480,e41f63ef47ea066f14e5effb41bf9f4b7ebd8d79641604b69a10323837e09474
00788,6,False,B2_W200,0.3458794512,0.09721646554,6,0,219,170.6772908,EXP-001,ds_16b6be697acb,ds_aa8808303afa,1465af7161a9053ca7df7d4d04572789911a5480,e41f63ef47ea066f14e5effb41bf9f4b7ebd8d79641604b69a10323837e09474
00789,6,False,B2_W200,0.3424904696,0.09686876543,6,0,174,170.8015936,EXP-001,ds_16b6be697acb,ds_aa8808303afa,1465af7161a9053ca7df7d4d04572789911a5480,e41f63ef47ea066f14e5effb41bf9f4b7ebd8d79641604b69a10323837e09474
00790,6,False,B2_W200,0.3364441808,0.09565264621,6,0,201,170.6103586,EXP-001,ds_16b6be697acb,ds_aa8808303afa,1465af7161a9053ca7df7d4d04572789911a5480,e41f63ef47ea066f14e5effb41bf9f4b7ebd8d79641604b69a10323837e09474
00791,6,False,B2_W200,0.3531714436,0.09913546538,6,0,187,170.7059761,EXP-001,ds_16b6be697acb,ds_aa8808303afa,1465af7161a9053ca7df7d4d04572789911a5480,e41f63ef47ea066f14e5effb41bf9f4b7ebd8d79641604b69a10323837e09474
00792,6,False,B2_W200,0.3468813413,0.09756998374,6,0,216,170.9880478,EXP-001,ds_16b6be697acb,ds_aa8808303afa,1465af7161a9053ca7df7d4d04572789911a5480,e41f63ef47ea066f14e5effb41bf9f4b7ebd8d79641604b69a10323837e09474
00793,6,False,B2_W200,0.3465291113,0.09756832143,6,0,156,171.2701195,EXP-001,ds_16b6be697acb,ds_aa8808303afa,1465af7161a9053ca7df7d4d04572789911a5480,e41f63ef47ea066f14e5effb41bf9f4b7ebd8d79641604b69a10323837e09474
00794,6,False,B2_W200,0.3532106167,0.09861640869,6,0,84,170.9689243,EXP-001,ds_16b6be697acb,ds_aa8808303afa,1465af7161a9053ca7df7d4d04572789911a5480,e41f63ef47ea066f14e5effb41bf9f4b7ebd8d79641604b69a10323837e09474
00795,6,False,B2_W200,0.3730182527,0.1024535772,6,0,62,170.9067729,EXP-001,ds_16b6be697acb,ds_aa8808303afa,1465af7161a9053ca7df7d4d04572789911a5480,e41f63ef47ea066f14e5effb41bf9f4b7ebd8d79641604b69a10323837e09474
00796,6,False,B2_W200,0.3655317744,0.1012033806,6,0,140,170.4334661,EXP-001,ds_16b6be697acb,ds_aa8808303afa,1465af7161a9053ca7df7d4d04572789911a5480,e41f63ef47ea066f14e5effb41bf9f4b7ebd8d79641604b69a10323837e09474
00797,6,False,B2_W200,0.3406022359,0.09648865025,6,0,135,170.4095618,EXP-001,ds_16b6be697acb,ds_aa8808303afa,1465af7161a9053ca7df7d4d04572789911a5480,e41f63ef47ea066f14e5effb41bf9f4b7ebd8d79641604b69a10323837e09474
00798,6,False,B2_W200,0.3419312891,0.09666998071,6,0,176,170.2900398,EXP-001,ds_16b6be697acb,ds_aa8808303afa,1465af7161a9053ca7df7d4d04572789911a5480,e41f63ef47ea066f14e5effb41bf9f4b7ebd8d79641604b69a10323837e09474
00799,6,False,B2_W200,0.3495968076,0.09841762396,6,0,214,170.2804781,EXP-001,ds_16b6be697acb,ds_aa8808303afa,1465af7161a9053ca7df7d4d04572789911a5480,e41f63ef47ea066f14e5effb41bf9f4b7ebd8d79641604b69a10323837e09474
00800,6,False,B2_W200,0.3573613169,0.09946155544,6,0,143,170.4525896,EXP-001,ds_16b6be697acb,ds_aa8808303afa,1465af7161a9053ca7df7d4d04572789911a5480,e41f63ef47ea066f14e5effb41bf9f4b7ebd8d79641604b69a10323837e09474
00801,7,False,B2_W200,0.3421014664,0.09667746111,6,0,156,170.1705179,EXP-001,ds_16b6be697acb,ds_aa8808303afa,1465af7161a9053ca7df7d4d04572789911a5480,e41f63ef47ea066f14e5effb41bf9f4b7ebd8d79641604b69a10323837e09474
00802,7,False,B2_W200,0.3544723452,0.09877197332,6,0,184,170.1179283,EXP-001,ds_16b6be697acb,ds_aa8808303afa,1465af7161a9053ca7df7d4d04572789911a5480,e41f63ef47ea066f14e5effb41bf9f4b7ebd8d79641604b69a10323837e09474
00803,7,False,B2_W200,0.344820221,0.09720732283,6,0,152,169.9984064,EXP-001,ds_16b6be697acb,ds_aa8808303afa,1465af7161a9053ca7df7d4d04572789911a5480,e41f63ef47ea066f14e5effb41bf9f4b7ebd8d79641604b69a10323837e09474
00804,7,False,B2_W200,0.3430647369,0.09702848584,6,0,173,169.9410359,EXP-001,ds_16b6be697acb,ds_aa8808303afa,1465af7161a9053ca7df7d4d04572789911a5480,e41f63ef47ea066f14e5effb41bf9f4b7ebd8d79641604b69a10323837e09474
00805,7,False,B2_W200,0.3525334473,0.09893668066,6,0,116,170.1083665,EXP-001,ds_16b6be697acb,ds_aa8808303afa,1465af7161a9053ca7df7d4d04572789911a5480,e41f63ef47ea066f14e5effb41bf9f4b7ebd8d79641604b69a10323837e09474
00806,7,False,B2_W200,0.3559020169,0.09929103001,6,0,160,170.1131474,EXP-001,ds_16b6be697acb,ds_aa8808303afa,1465af7161a9053ca7df7d4d04572789911a5480,e41f63ef47ea066f14e5effb41bf9f4b7ebd8d79641604b69a10323837e09474
00807,7,False,B2_W200,0.3410075524,0.09651275377,6,0,204,170.3330677,EXP-001,ds_16b6be697acb,ds_aa8808303afa,1465af7161a9053ca7df7d4d04572789911a5480,e41f63ef47ea066f14e5effb41bf9f4b7ebd8d79641604b69a10323837e09474
00808,7,False,B2_W200,0.3572476805,0.09965285977,6,0,132,170.940239,EXP-001,ds_16b6be697acb,ds_aa8808303afa,1465af7161a9053ca7df7d4d04572789911a5480,e41f63ef47ea066f14e5effb41bf9f4b7ebd8d79641604b69a10323837e09474
00809,7,False,B2_W200,0.3643778517,0.1008648232,6,0,191,170.6916335,EXP-001,ds_16b6be697acb,ds_aa8808303afa,1465af7161a9053ca7df7d4d04572789911a5480,e41f63ef47ea066f14e5effb41bf9f4b7ebd8d79641604b69a10323837e09474
00810,7,False,B2_W200,0.3452725146,0.09753923098,6,0,213,170.9354582,EXP-001,ds_16b6be697acb,ds_aa8808303afa,1465af7161a9053ca7df7d4d04572789911a5480,e41f63ef47ea066f14e5effb41bf9f4b7ebd8d79641604b69a10323837e09474
00811,7,False,B2_W200,0.3426878894,0.09684549307,6,0,172,171.0167331,EXP-001,ds_16b6be697acb,ds_aa8808303afa,1465af7161a9053ca7df7d4d04572789911a5480,e41f63ef47ea066f14e5effb41bf9f4b7ebd8d79641604b69a10323837e09474
00812,7,False,B2_W200,0.3415296698,0.09669574653,6,0,217,171.3800797,EXP-001,ds_16b6be697acb,ds_aa8808303afa,1465af7161a9053ca7df7d4d04572789911a5480,e41f63ef47ea066f14e5effb41bf9f4b7ebd8d79641604b69a10323837e09474
00813,7,False,B2_W200,0.360234011,0.1001860461,6,0,122,171.447012,EXP-001,ds_16b6be697acb,ds_aa8808303afa,1465af7161a9053ca7df7d4d04572789911a5480,e41f63ef47ea066f14e5effb41bf9f4b7ebd8d79641604b69a10323837e09474
00814,7,False,B2_W200,0.3504608189,0.09844255863,6,0,193,171.2605578,EXP-001,ds_16b6be697acb,ds_aa8808303afa,1465af7161a9053ca7df7d4d04572789911a5480,e41f63ef47ea066f14e5effb41bf9f4b7ebd8d79641604b69a10323837e09474
00815,7,False,B2_W200,0.3528919597,0.09844920788,6,0,221,171.1553785,EXP-001,ds_16b6be697acb,ds_aa8808303afa,1465af7161a9053ca7df7d4d04572789911a5480,e41f63ef47ea066f14e5effb41bf9f4b7ebd8d79641604b69a10323837e09474
00816,7,False,B2_W200,0.3473208744,0.09775214535,6,0,149,171.638247,EXP-001,ds_16b6be697acb,ds_aa8808303afa,1465af7161a9053ca7df7d4d04572789911a5480,e41f63ef47ea066f14e5effb41bf9f4b7ebd8d79641604b69a10323837e09474
00817,7,False,B2_W200,0.357075594,0.09930599081,6,0,103,171.4374502,EXP-001,ds_16b6be697acb,ds_aa8808303afa,1465af7161a9053ca7df7d4d04572789911a5480,e41f63ef47ea066f14e5effb41bf9f4b7ebd8d79641604b69a10323837e09474
00818,7,False,B2_W200,0.3525056765,0.09877114216,6,0,211,170.8350598,EXP-001,ds_16b6be697acb,ds_aa8808303afa,1465af7161a9053ca7df7d4d04572789911a5480,e41f63ef47ea066f14e5effb41bf9f4b7ebd8d79641604b69a10323837e09474
00819,7,False,B2_W200,0.3347307734,0.09545635495,6,0,143,171.2223108,EXP-001,ds_16b6be697acb,ds_aa8808303afa,1465af7161a9053ca7df7d4d04572789911a5480,e41f63ef47ea066f14e5effb41bf9f4b7ebd8d79641604b69a10323837e09474
00820,7,False,B2_W200,0.3611251029,0.1005146296,6,0,128,171.1219124,EXP-001,ds_16b6be697acb,ds_aa8808303afa,1465af7161a9053ca7df7d4d04572789911a5480,e41f63ef47ea066f14e5effb41bf9f4b7ebd8d79641604b69a10323837e09474
00821,7,False,B2_W200,0.3355156271,0.09527751796,6,0,173,170.7968127,EXP-001,ds_16b6be697acb,ds_aa8808303afa,1465af7161a9053ca7df7d4d04572789911a5480,e41f63ef47ea066f14e5effb41bf9f4b7ebd8d79641604b69a10323837e09474
00822,7,False,B2_W200,0.3570303779,0.09963706781,6,0,200,170.6677291,EXP-001,ds_16b6be697acb,ds_aa8808303afa,1465af7161a9053ca7df7d4d04572789911a5480,e41f63ef47ea066f14e5effb41bf9f4b7ebd8d79641604b69a10323837e09474
00823,7,False,B2_W200,0.3399995606,0.09650527337,6,0,184,170.8972112,EXP-001,ds_16b6be697acb,ds_aa8808303afa,1465af7161a9053ca7df7d4d04572789911a5480,e41f63ef47ea066f14e5effb41bf9f4b7ebd8d79641604b69a10323837e09474
00824,7,False,B2_W200,0.3437468344,0.09720067358,6,0,184,170.8398406,EXP-001,ds_16b6be697acb,ds_aa8808303afa,1465af7161a9053ca7df7d4d04572789911a5480,e41f63ef47ea066f14e5effb41bf9f4b7ebd8d79641604b69a10323837e09474
00825,7,False,B2_W200,0.3608599469,0.1001552934,6,0,118,171.0741036,EXP-001,ds_16b6be697acb,ds_aa8808303afa,1465af7161a9053ca7df7d4d04572789911a5480,e41f63ef47ea066f14e5effb41bf9f4b7ebd8d79641604b69a10323837e09474
00826,7,False,B2_W200,0.3318146179,0.09458710468,6,0,147,170.7011952,EXP-001,ds_16b6be697acb,ds_aa8808303afa,1465af7161a9053ca7df7d4d04572789911a5480,e41f63ef47ea066f14e5effb41bf9f4b7ebd8d79641604b69a10323837e09474
00827,7,False,B2_W200,0.3432653827,0.09704344664,6,0,203,170.4812749,EXP-001,ds_16b6be697acb,ds_aa8808303afa,1465af7161a9053ca7df7d4d04572789911a5480,e41f63ef47ea066f14e5effb41bf9f4b7ebd8d79641604b69a10323837e09474
00828,7,False,B2_W200,0.3361739394,0.09565098389,6,0,172,170.5243028,EXP-001,ds_16b6be697acb,ds_aa8808303afa,1465af7161a9053ca7df7d4d04572789911a5480,e41f63ef47ea066f14e5effb41bf9f4b7ebd8d79641604b69a10323837e09474
00829,7,False,B2_W200,0.3640171606,0.1006893108,6,0,160,170.5864542,EXP-001,ds_16b6be697acb,ds_aa8808303afa,1465af7161a9053ca7df7d4d04572789911a5480,e41f63ef47ea066f14e5effb41bf9f4b7ebd8d79641604b69a10323837e09474
00830,7,False,B2_W200,0.3488054783,0.09806992385,6,0,179,170.6629482,EXP-001,ds_16b6be697acb,ds_aa8808303afa,1465af7161a9053ca7df7d4d04572789911a5480,e41f63ef47ea066f14e5effb41bf9f4b7ebd8d79641604b69a10323837e09474
00831,7,False,B2_W200,0.3416218341,0.09650361105,6,0,89,170.7250996,EXP-001,ds_16b6be697acb,ds_aa8808303afa,1465af7161a9053ca7df7d4d04572789911a5480,e41f63ef47ea066f14e5effb41bf9f4b7ebd8d79641604b69a10323837e09474
00832,7,False,B2_W200,0.3418850032,0.09634389065,6,0,135,170.2948207,EXP-001,ds_16b6be697acb,ds_aa8808303afa,1465af7161a9053ca7df7d4d04572789911a5480,e41f63ef47ea066f14e5effb41bf9f4b7ebd8d79641604b69a10323837e09474
00833,7,False,B2_W200,0.3398242658,0.09635137105,6,0,168,170.0462151,EXP-001,ds_16b6be697acb,ds_aa8808303afa,1465af7161a9053ca7df7d4d04572789911a5480,e41f63ef47ea066f14e5effb41bf9f4b7ebd8d79641604b69a10323837e09474
00834,7,False,B2_W200,0.3505731936,0.09843674054,6,0,174,170.0414343,EXP-001,ds_16b6be697acb,ds_aa8808303afa,1465af7161a9053ca7df7d4d04572789911a5480,e41f63ef47ea066f14e5effb41bf9f4b7ebd8d79641604b69a10323837e09474
00835,7,False,B2_W200,0.3457263388,0.09757164605,6,0,152,170.0079681,EXP-001,ds_16b6be697acb,ds_aa8808303afa,1465af7161a9053ca7df7d4d04572789911a5480,e41f63ef47ea066f14e5effb41bf9f4b7ebd8d79641604b69a10323837e09474
00836,7,False,B2_W200,0.3318733898,0.09461037704,6,0,130,169.9601594,EXP-001,ds_16b6be697acb,ds_aa8808303afa,1465af7161a9053ca7df7d4d04572789911a5480,e41f63ef47ea066f14e5effb41bf9f4b7ebd8d79641604b69a10323837e09474
00837,7,False,B2_W200,0.3320759744,0.0947858894,6,0,185,169.7115538,EXP-001,ds_16b6be697acb,ds_aa8808303afa,1465af7161a9053ca7df7d4d04572789911a5480,e41f63ef47ea066f14e5effb41bf9f4b7ebd8d79641604b69a10323837e09474
00838,7,False,B2_W200,0.349635937,0.09809652083,6,0,169,170.012749,EXP-001,ds_16b6be697acb,ds_aa8808303afa,1465af7161a9053ca7df7d4d04572789911a5480,e41f63ef47ea066f14e5effb41bf9f4b7ebd8d79641604b69a10323837e09474
00839,7,False,B2_W200,0.3559061802,0.09931264006,6,0,216,169.8645418,EXP-001,ds_16b6be697acb,ds_aa8808303afa,1465af7161a9053ca7df7d4d04572789911a5480,e41f63ef47ea066f14e5effb41bf9f4b7ebd8d79641604b69a10323837e09474
00840,7,False,B2_W200,0.3389937425,0.09635552682,6,0,168,170.4621514,EXP-001,ds_16b6be697acb,ds_aa8808303afa,1465af7161a9053ca7df7d4d04572789911a5480,e41f63ef47ea066f14e5effb41bf9f4b7ebd8d79641604b69a10323837e09474
00841,7,False,B2_W200,0.355438464,0.098286994,6,0,63,170.050996,EXP-001,ds_16b6be697acb,ds_aa8808303afa,1465af7161a9053ca7df7d4d04572789911a5480,e41f63ef47ea066f14e5effb41bf9f4b7ebd8d79641604b69a10323837e09474
00842,7,False,B2_W200,0.3483884921,0.09776128806,6,0,182,169.085259,EXP-001,ds_16b6be697acb,ds_aa8808303afa,1465af7161a9053ca7df7d4d04572789911a5480,e41f63ef47ea066f14e5effb41bf9f4b7ebd8d79641604b69a10323837e09474
00843,7,False,B2_W200,0.3532742452,0.09897574497,6,0,126,169.2717131,EXP-001,ds_16b6be697acb,ds_aa8808303afa,1465af7161a9053ca7df7d4d04572789911a5480,e41f63ef47ea066f14e5effb41bf9f4b7ebd8d79641604b69a10323837e09474
00844,7,False,B2_W200,0.3410361648,0.0965252211,6,0,175,168.7123506,EXP-001,ds_16b6be697acb,ds_aa8808303afa,1465af7161a9053ca7df7d4d04572789911a5480,e41f63ef47ea066f14e5effb41bf9f4b7ebd8d79641604b69a10323837e09474
00845,7,False,B2_W200,0.3538765241,0.09913546538,6,0,127,168.5258964,EXP-001,ds_16b6be697acb,ds_aa8808303afa,1465af7161a9053ca7df7d4d04572789911a5480,e41f63ef47ea066f14e5effb41bf9f4b7ebd8d79641604b69a10323837e09474
00846,7,False,B2_W200,0.3461342577,0.09757081489,6,0,157,168.1290837,EXP-001,ds_16b6be697acb,ds_aa8808303afa,1465af7161a9053ca7df7d4d04572789911a5480,e41f63ef47ea066f14e5effb41bf9f4b7ebd8d79641604b69a10323837e09474
00847,7,False,B2_W200,0.3380424083,0.0959912036,6,0,142,167.9426295,EXP-001,ds_16b6be697acb,ds_aa8808303afa,1465af7161a9053ca7df7d4d04572789911a5480,e41f63ef47ea066f14e5effb41bf9f4b7ebd8d79641604b69a10323837e09474
00848,7,False,B2_W200,0.3533104623,0.0989433299,6,0,173,167.7370518,EXP-001,ds_16b6be697acb,ds_aa8808303afa,1465af7161a9053ca7df7d4d04572789911a5480,e41f63ef47ea066f14e5effb41bf9f4b7ebd8d79641604b69a10323837e09474
00849,7,False,B2_W200,0.3460509545,0.09737119901,6,0,171,167.6270916,EXP-001,ds_16b6be697acb,ds_aa8808303afa,1465af7161a9053ca7df7d4d04572789911a5480,e41f63ef47ea066f14e5effb41bf9f4b7ebd8d79641604b69a10323837e09474
00850,7,False,B2_W200,0.3535186029,0.09909972569,6,0,203,167.6940239,EXP-001,ds_16b6be697acb,ds_aa8808303afa,1465af7161a9053ca7df7d4d04572789911a5480,e41f63ef47ea066f14e5effb41bf9f4b7ebd8d79641604b69a10323837e09474
00851,8,False,B2_W200,0.3397795583,0.09631895598,6,0,170,167.9856574,EXP-001,ds_16b6be697acb,ds_aa8808303afa,1465af7161a9053ca7df7d4d04572789911a5480,e41f63ef47ea066f14e5effb41bf9f4b7ebd8d79641604b69a10323837e09474
00852,8,False,B2_W200,0.3587345953,0.09997230058,6,0,129,168.0286853,EXP-001,ds_16b6be697acb,ds_aa8808303afa,1465af7161a9053ca7df7d4d04572789911a5480,e41f63ef47ea066f14e5effb41bf9f4b7ebd8d79641604b69a10323837e09474
00853,8,False,B2_W200,0.3424931906,0.09667247417,6,0,216,168.152988,EXP-001,ds_16b6be697acb,ds_aa8808303afa,1465af7161a9053ca7df7d4d04572789911a5480,e41f63ef47ea066f14e5effb41bf9f4b7ebd8d79641604b69a10323837e09474
00854,8,False,B2_W200,0.3426798538,0.09702100544,6,0,211,168.4063745,EXP-001,ds_16b6be697acb,ds_aa8808303afa,1465af7161a9053ca7df7d4d04572789911a5480,e41f63ef47ea066f14e5effb41bf9f4b7ebd8d79641604b69a10323837e09474
00855,8,False,B2_W200,0.365140392,0.1003208318,6,0,192,168.5545817,EXP-001,ds_16b6be697acb,ds_aa8808303afa,1465af7161a9053ca7df7d4d04572789911a5480,e41f63ef47ea066f14e5effb41bf9f4b7ebd8d79641604b69a10323837e09474
00856,8,False,B2_W200,0.3674458585,0.1008440443,6,0,155,168.6884462,EXP-001,ds_16b6be697acb,ds_aa8808303afa,1465af7161a9053ca7df7d4d04572789911a5480,e41f63ef47ea066f14e5effb41bf9f4b7ebd8d79641604b69a10323837e09474
00857,8,False,B2_W200,0.3570013208,0.09978432088,6,0,206,168.7075697,EXP-001,ds_16b6be697acb,ds_aa8808303afa,1465af7161a9053ca7df7d4d04572789911a5480,e41f63ef47ea066f14e5effb41bf9f4b7ebd8d79641604b69a10323837e09474
00858,8,False,B2_W200,0.3515197523,0.09856238357,6,0,195,168.8270916,EXP-001,ds_16b6be697acb,ds_aa8808303afa,1465af7161a9053ca7df7d4d04572789911a5480,e41f63ef47ea066f14e5effb41bf9f4b7ebd8d79641604b69a10323837e09474
00859,8,False,B2_W200,0.3387661839,0.09611684663,6,0,114,169.0278884,EXP-001,ds_16b6be697acb,ds_aa8808303afa,1465af7161a9053ca7df7d4d04572789911a5480,e41f63ef47ea066f14e5effb41bf9f4b7ebd8d79641604b69a10323837e09474
00860,8,False,B2_W200,0.3503864321,0.09857152628,6,0,233,168.8175299,EXP-001,ds_16b6be697acb,ds_aa8808303afa,1465af7161a9053ca7df7d4d04572789911a5480,e41f63ef47ea066f14e5effb41bf9f4b7ebd8d79641604b69a10323837e09474
00861,8,False,B2_W200,0.3406561238,0.09664421488,6,0,222,168.9466135,EXP-001,ds_16b6be697acb,ds_aa8808303afa,1465af7161a9053ca7df7d4d04572789911a5480,e41f63ef47ea066f14e5effb41bf9f4b7ebd8d79641604b69a10323837e09474
00862,8,False,B2_W200,0.3594142784,0.09943745193,6,0,168,169.3673307,EXP-001,ds_16b6be697acb,ds_aa8808303afa,1465af7161a9053ca7df7d4d04572789911a5480,e41f63ef47ea066f14e5effb41bf9f4b7ebd8d79641604b69a10323837e09474
00863,8,False,B2_W200,0.3489259703,0.09803418416,6,0,234,169.0661355,EXP-001,ds_16b6be697acb,ds_aa8808303afa,1465af7161a9053ca7df7d4d04572789911a5480,e41f63ef47ea066f14e5effb41bf9f4b7ebd8d79641604b69a10323837e09474
00864,8,False,B2_W200,0.3573215516,0.09975938621,6,0,144,169.2239044,EXP-001,ds_16b6be697acb,ds_aa8808303afa,1465af7161a9053ca7df7d4d04572789911a5480,e41f63ef47ea066f14e5effb41bf9f4b7ebd8d79641604b69a10323837e09474
00865,8,False,B2_W200,0.3513362005,0.09851833232,6,0,200,169.2908367,EXP-001,ds_16b6be697acb,ds_aa8808303afa,1465af7161a9053ca7df7d4d04572789911a5480,e41f63ef47ea066f14e5effb41bf9f4b7ebd8d79641604b69a10323837e09474
00866,8,False,B2_W200,0.3431801706,0.09694703259,6,0,191,169.5203187,EXP-001,ds_16b6be697acb,ds_aa8808303afa,1465af7161a9053ca7df7d4d04572789911a5480,e41f63ef47ea066f14e5effb41bf9f4b7ebd8d79641604b69a10323837e09474
00867,8,False,B2_W200,0.341940398,0.09677235138,6,0,211,169.5920319,EXP-001,ds_16b6be697acb,ds_aa8808303afa,1465af7161a9053ca7df7d4d04572789911a5480,e41f63ef47ea066f14e5effb41bf9f4b7ebd8d79641604b69a10323837e09474
00868,8,False,B2_W200,0.3545422836,0.09869135122,6,0,178,169.7545817,EXP-001,ds_16b6be697acb,ds_aa8808303afa,1465af7161a9053ca7df7d4d04572789911a5480,e41f63ef47ea066f14e5effb41bf9f4b7ebd8d79641604b69a10323837e09474
00869,8,False,B2_W200,0.3357748577,0.0955628814,6,0,174,169.8119522,EXP-001,ds_16b6be697acb,ds_aa8808303afa,1465af7161a9053ca7df7d4d04572789911a5480,e41f63ef47ea066f14e5effb41bf9f4b7ebd8d79641604b69a10323837e09474
00870,8,False,B2_W200,0.3436979564,0.09713999922,6,0,111,170.0414343,EXP-001,ds_16b6be697acb,ds_aa8808303afa,1465af7161a9053ca7df7d4d04572789911a5480,e41f63ef47ea066f14e5effb41bf9f4b7ebd8d79641604b69a10323837e09474
00871,8,False,B2_W200,0.3471740141,0.09783706175,6,0,199,169.6207171,EXP-001,ds_16b6be697acb,ds_aa8808303afa,1465af7161a9053ca7df7d4d04572789911a5480,e41f63ef47ea066f14e5effb41bf9f4b7ebd8d79641604b69a10323837e09474
00872,8,False,B2_W200,0.3450543476,0.09748936164,6,0,141,169.7593625,EXP-001,ds_16b6be697acb,ds_aa8808303afa,1465af7161a9053ca7df7d4d04572789911a5480,e41f63ef47ea066f14e5effb41bf9f4b7ebd8d79641604b69a10323837e09474
00873,8,False,B2_W200,0.3481814552,0.09785617833,6,0,136,169.740239,EXP-001,ds_16b6be697acb,ds_aa8808303afa,1465af7161a9053ca7df7d4d04572789911a5480,e41f63ef47ea066f14e5effb41bf9f4b7ebd8d79641604b69a10323837e09474
00874,8,False,B2_W200,0.3332874845,0.09507873324,6,0,207,169.3003984,EXP-001,ds_16b6be697acb,ds_aa8808303afa,1465af7161a9053ca7df7d4d04572789911a5480,e41f63ef47ea066f14e5effb41bf9f4b7ebd8d79641604b69a10323837e09474
00875,8,False,B2_W200,0.3407129386,0.09664837066,6,0,138,169.5537849,EXP-001,ds_16b6be697acb,ds_aa8808303afa,1465af7161a9053ca7df7d4d04572789911a5480,e41f63ef47ea066f14e5effb41bf9f4b7ebd8d79641604b69a10323837e09474
00876,8,False,B2_W200,0.352524485,0.09838936467,6,0,142,169.3434263,EXP-001,ds_16b6be697acb,ds_aa8808303afa,1465af7161a9053ca7df7d4d04572789911a5480,e41f63ef47ea066f14e5effb41bf9f4b7ebd8d79641604b69a10323837e09474
00877,8,False,B2_W200,0.3380664077,0.09595546391,6,0,141,169.3912351,EXP-001,ds_16b6be697acb,ds_aa8808303afa,1465af7161a9053ca7df7d4d04572789911a5480,e41f63ef47ea066f14e5effb41bf9f4b7ebd8d79641604b69a10323837e09474
00878,8,False,B2_W200,0.3412425527,0.09667662995,6,0,223,169.4103586,EXP-001,ds_16b6be697acb,ds_aa8808303afa,1465af7161a9053ca7df7d4d04572789911a5480,e41f63ef47ea066f14e5effb41bf9f4b7ebd8d79641604b69a10323837e09474
00879,8,False,B2_W200,0.3384490694,0.09617502752,6,0,191,169.6159363,EXP-001,ds_16b6be697acb,ds_aa8808303afa,1465af7161a9053ca7df7d4d04572789911a5480,e41f63ef47ea066f14e5effb41bf9f4b7ebd8d79641604b69a10323837e09474
00880,8,False,B2_W200,0.3371741765,0.0958389636,6,0,142,169.9601594,EXP-001,ds_16b6be697acb,ds_aa8808303afa,1465af7161a9053ca7df7d4d04572789911a5480,e41f63ef47ea066f14e5effb41bf9f4b7ebd8d79641604b69a10323837e09474
00881,8,False,B2_W200,0.3412987585,0.09670488924,6,0,173,169.8119522,EXP-001,ds_16b6be697acb,ds_aa8808303afa,1465af7161a9053ca7df7d4d04572789911a5480,e41f63ef47ea066f14e5effb41bf9f4b7ebd8d79641604b69a10323837e09474
00882,8,False,B2_W200,0.3560470709,0.09931014659,6,0,225,169.8788845,EXP-001,ds_16b6be697acb,ds_aa8808303afa,1465af7161a9053ca7df7d4d04572789911a5480,e41f63ef47ea066f14e5effb41bf9f4b7ebd8d79641604b69a10323837e09474
00883,8,False,B2_W200,0.3577557483,0.09965369092,6,0,160,170.247012,EXP-001,ds_16b6be697acb,ds_aa8808303afa,1465af7161a9053ca7df7d4d04572789911a5480,e41f63ef47ea066f14e5effb41bf9f4b7ebd8d79641604b69a10323837e09474
00884,8,False,B2_W200,0.3403722013,0.0963447218,6,0,118,170.1800797,EXP-001,ds_16b6be697acb,ds_aa8808303afa,1465af7161a9053ca7df7d4d04572789911a5480,e41f63ef47ea066f14e5effb41bf9f4b7ebd8d79641604b69a10323837e09474
00885,8,False,B2_W200,0.3438995697,0.09721895901,6,0,153,169.974502,EXP-001,ds_16b6be697acb,ds_aa8808303afa,1465af7161a9053ca7df7d4d04572789911a5480,e41f63ef47ea066f14e5effb41bf9f4b7ebd8d79641604b69a10323837e09474
00886,8,False,B2_W200,0.3442671241,0.09722145247,6,0,195,170.1561753,EXP-001,ds_16b6be697acb,ds_aa8808303afa,1465af7161a9053ca7df7d4d04572789911a5480,e41f63ef47ea066f14e5effb41bf9f4b7ebd8d79641604b69a10323837e09474
00887,8,False,B2_W200,0.3445524284,0.09739862715,6,0,195,170.0796813,EXP-001,ds_16b6be697acb,ds_aa8808303afa,1465af7161a9053ca7df7d4d04572789911a5480,e41f63ef47ea066f14e5effb41bf9f4b7ebd8d79641604b69a10323837e09474
00888,8,False,B2_W200,0.3417353536,0.09669491538,6,0,159,170.2804781,EXP-001,ds_16b6be697acb,ds_aa8808303afa,1465af7161a9053ca7df7d4d04572789911a5480,e41f63ef47ea066f14e5effb41bf9f4b7ebd8d79641604b69a10323837e09474
00889,8,False,B2_W200,0.34248985,0.09687209005,6,0,224,170.4143426,EXP-001,ds_16b6be697acb,ds_aa8808303afa,1465af7161a9053ca7df7d4d04572789911a5480,e41f63ef47ea066f14e5effb41bf9f4b7ebd8d79641604b69a10323837e09474
00890,8,False,B2_W200,0.3485905201,0.09809652083,6,0,162,170.8398406,EXP-001,ds_16b6be697acb,ds_aa8808303afa,1465af7161a9053ca7df7d4d04572789911a5480,e41f63ef47ea066f14e5effb41bf9f4b7ebd8d79641604b69a10323837e09474
00891,8,False,B2_W200,0.3429703891,0.09669325307,6,0,160,170.7585657,EXP-001,ds_16b6be697acb,ds_aa8808303afa,1465af7161a9053ca7df7d4d04572789911a5480,e41f63ef47ea066f14e5effb41bf9f4b7ebd8d79641604b69a10323837e09474
00892,8,False,B2_W200,0.3522612784,0.09895829071,6,0,186,170.5434263,EXP-001,ds_16b6be697acb,ds_aa8808303afa,1465af7161a9053ca7df7d4d04572789911a5480,e41f63ef47ea066f14e5effb41bf9f4b7ebd8d79641604b69a10323837e09474
00893,8,False,B2_W200,0.3521012829,0.09827452667,6,0,155,170.8398406,EXP-001,ds_16b6be697acb,ds_aa8808303afa,1465af7161a9053ca7df7d4d04572789911a5480,e41f63ef47ea066f14e5effb41bf9f4b7ebd8d79641604b69a10323837e09474
00894,8,False,B2_W200,0.3676670292,0.1008764594,6,0,175,170.8733068,EXP-001,ds_16b6be697acb,ds_aa8808303afa,1465af7161a9053ca7df7d4d04572789911a5480,e41f63ef47ea066f14e5effb41bf9f4b7ebd8d79641604b69a10323837e09474
00895,8,False,B2_W200,0.3379496943,0.09598787898,6,0,156,170.825498,EXP-001,ds_16b6be697acb,ds_aa8808303afa,1465af7161a9053ca7df7d4d04572789911a5480,e41f63ef47ea066f14e5effb41bf9f4b7ebd8d79641604b69a10323837e09474
00896,8,False,B2_W200,0.3618687784,0.1001744099,6,0,156,171.174502,EXP-001,ds_16b6be697acb,ds_aa8808303afa,1465af7161a9053ca7df7d4d04572789911a5480,e41f63ef47ea066f14e5effb41bf9f4b7ebd8d79641604b69a10323837e09474
00897,8,False,B2_W200,0.3600236288,0.09999557294,6,0,100,171.2175299,EXP-001,ds_16b6be697acb,ds_aa8808303afa,1465af7161a9053ca7df7d4d04572789911a5480,e41f63ef47ea066f14e5effb41bf9f4b7ebd8d79641604b69a10323837e09474
00898,8,False,B2_W200,0.3436693754,0.09719319318,6,0,152,170.9450199,EXP-001,ds_16b6be697acb,ds_aa8808303afa,1465af7161a9053ca7df7d4d04572789911a5480,e41f63ef47ea066f14e5effb41bf9f4b7ebd8d79641604b69a10323837e09474
00899,8,False,B2_W200,0.3435651148,0.09720316705,6,0,215,171.0693227,EXP-001,ds_16b6be697acb,ds_aa8808303afa,1465af7161a9053ca7df7d4d04572789911a5480,e41f63ef47ea066f14e5effb41bf9f4b7ebd8d79641604b69a10323837e09474
00900,8,False,B2_W200,0.3398064968,0.0961717029,6,0,137,171.1649402,EXP-001,ds_16b6be697acb,ds_aa8808303afa,1465af7161a9053ca7df7d4d04572789911a5480,e41f63ef47ea066f14e5effb41bf9f4b7ebd8d79641604b69a10323837e09474
00901,9,False,B2_W200,0.3548989364,0.09912466036,6,0,188,171.0693227,EXP-001,ds_16b6be697acb,ds_aa8808303afa,1465af7161a9053ca7df7d4d04572789911a5480,e41f63ef47ea066f14e5effb41bf9f4b7ebd8d79641604b69a10323837e09474
00902,9,False,B2_W200,0.3283075351,0.09407968416,6,0,177,171.2223108,EXP-001,ds_16b6be697acb,ds_aa8808303afa,1465af7161a9053ca7df7d4d04572789911a5480,e41f63ef47ea066f14e5effb41bf9f4b7ebd8d79641604b69a10323837e09474
00903,9,False,B2_W200,0.3477350982,0.09792267078,6,0,250,171.3896414,EXP-001,ds_16b6be697acb,ds_aa8808303afa,1465af7161a9053ca7df7d4d04572789911a5480,e41f63ef47ea066f14e5effb41bf9f4b7ebd8d79641604b69a10323837e09474
00904,9,False,B2_W200,0.3549050846,0.09913214076,6,0,156,171.7482072,EXP-001,ds_16b6be697acb,ds_aa8808303afa,1465af7161a9053ca7df7d4d04572789911a5480,e41f63ef47ea066f14e5effb41bf9f4b7ebd8d79641604b69a10323837e09474
00905,9,False,B2_W200,0.3677229335,0.1012158479,6,0,172,171.5713147,EXP-001,ds_16b6be697acb,ds_aa8808303afa,1465af7161a9053ca7df7d4d04572789911a5480,e41f63ef47ea066f14e5effb41bf9f4b7ebd8d79641604b69a10323837e09474
00906,9,False,B2_W200,0.3429845735,0.09702599237,6,0,157,171.1601594,EXP-001,ds_16b6be697acb,ds_aa8808303afa,1465af7161a9053ca7df7d4d04572789911a5480,e41f63ef47ea066f14e5effb41bf9f4b7ebd8d79641604b69a10323837e09474
00907,9,False,B2_W200,0.3402002711,0.0965102603,6,0,210,171.0884462,EXP-001,ds_16b6be697acb,ds_aa8808303afa,1465af7161a9053ca7df7d4d04572789911a5480,e41f63ef47ea066f14e5effb41bf9f4b7ebd8d79641604b69a10323837e09474
00908,9,False,B2_W200,0.3388993316,0.095998684,6,0,133,171.5139442,EXP-001,ds_16b6be697acb,ds_aa8808303afa,1465af7161a9053ca7df7d4d04572789911a5480,e41f63ef47ea066f14e5effb41bf9f4b7ebd8d79641604b69a10323837e09474
00909,9,False,B2_W200,0.3364780281,0.09566760701,6,0,224,171.485259,EXP-001,ds_16b6be697acb,ds_aa8808303afa,1465af7161a9053ca7df7d4d04572789911a5480,e41f63ef47ea066f14e5effb41bf9f4b7ebd8d79641604b69a10323837e09474
00910,9,False,B2_W200,0.3420575128,0.0967281616,6,0,136,171.9059761,EXP-001,ds_16b6be697acb,ds_aa8808303afa,1465af7161a9053ca7df7d4d04572789911a5480,e41f63ef47ea066f14e5effb41bf9f4b7ebd8d79641604b69a10323837e09474
00911,9,False,B2_W200,0.3640210955,0.1000362996,6,0,159,171.9298805,EXP-001,ds_16b6be697acb,ds_aa8808303afa,1465af7161a9053ca7df7d4d04572789911a5480,e41f63ef47ea066f14e5effb41bf9f4b7ebd8d79641604b69a10323837e09474
00912,9,False,B2_W200,0.3447405231,0.09724555599,6,0,150,171.7338645,EXP-001,ds_16b6be697acb,ds_aa8808303afa,1465af7161a9053ca7df7d4d04572789911a5480,e41f63ef47ea066f14e5effb41bf9f4b7ebd8d79641604b69a10323837e09474
00913,9,False,B2_W200,0.3570267128,0.09968195021,6,0,138,171.910757,EXP-001,ds_16b6be697acb,ds_aa8808303afa,1465af7161a9053ca7df7d4d04572789911a5480,e41f63ef47ea066f14e5effb41bf9f4b7ebd8d79641604b69a10323837e09474
00914,9,False,B2_W200,0.3374798061,0.09584976862,6,0,243,171.6812749,EXP-001,ds_16b6be697acb,ds_aa8808303afa,1465af7161a9053ca7df7d4d04572789911a5480,e41f63ef47ea066f14e5effb41bf9f4b7ebd8d79641604b69a10323837e09474
00915,9,False,B2_W200,0.3574890955,0.09968943062,6,0,135,171.8342629,EXP-001,ds_16b6be697acb,ds_aa8808303afa,1465af7161a9053ca7df7d4d04572789911a5480,e41f63ef47ea066f14e5effb41bf9f4b7ebd8d79641604b69a10323837e09474
00916,9,False,B2_W200,0.3545091573,0.09898655,6,0,187,171.6334661,EXP-001,ds_16b6be697acb,ds_aa8808303afa,1465af7161a9053ca7df7d4d04572789911a5480,e41f63ef47ea066f14e5effb41bf9f4b7ebd8d79641604b69a10323837e09474
00917,9,False,B2_W200,0.3347036005,0.09534151695,6,0,216,171.714741,EXP-001,ds_16b6be697acb,ds_aa8808303afa,1465af7161a9053ca7df7d4d04572789911a5480,e41f63ef47ea066f14e5effb41bf9f4b7ebd8d79641604b69a10323837e09474
00918,9,False,B2_W200,0.3443420403,0.09742273066,6,0,174,171.5808765,EXP-001,ds_16b6be697acb,ds_aa8808303afa,1465af7161a9053ca7df7d4d04572789911a5480,e41f63ef47ea066f14e5effb41bf9f4b7ebd8d79641604b69a10323837e09474
00919,9,False,B2_W200,0.3410916059,0.09672733045,6,0,166,171.4039841,EXP-001,ds_16b6be697acb,ds_aa8808303afa,1465af7161a9053ca7df7d4d04572789911a5480,e41f63ef47ea066f14e5effb41bf9f4b7ebd8d79641604b69a10323837e09474
00920,9,False,B2_W200,0.3468161416,0.09741026333,6,0,120,171.1075697,EXP-001,ds_16b6be697acb,ds_aa8808303afa,1465af7161a9053ca7df7d4d04572789911a5480,e41f63ef47ea066f14e5effb41bf9f4b7ebd8d79641604b69a10323837e09474
00921,9,False,B2_W200,0.3518457876,0.09880106376,6,0,116,170.7011952,EXP-001,ds_16b6be697acb,ds_aa8808303afa,1465af7161a9053ca7df7d4d04572789911a5480,e41f63ef47ea066f14e5effb41bf9f4b7ebd8d79641604b69a10323837e09474
00922,9,False,B2_W200,0.3525874441,0.09877779141,6,0,164,170.2422311,EXP-001,ds_16b6be697acb,ds_aa8808303afa,1465af7161a9053ca7df7d4d04572789911a5480,e41f63ef47ea066f14e5effb41bf9f4b7ebd8d79641604b69a10323837e09474
00923,9,False,B2_W200,0.3435890187,0.09720649167,6,0,176,170.12749,EXP-001,ds_16b6be697acb,ds_aa8808303afa,1465af7161a9053ca7df7d4d04572789911a5480,e41f63ef47ea066f14e5effb41bf9f4b7ebd8d79641604b69a10323837e09474
00924,9,False,B2_W200,0.3478905321,0.09790937229,6,0,142,170.0031873,EXP-001,ds_16b6be697acb,ds_aa8808303afa,1465af7161a9053ca7df7d4d04572789911a5480,e41f63ef47ea066f14e5effb41bf9f4b7ebd8d79641604b69a10323837e09474
00925,9,False,B2_W200,0.3392557544,0.09599535938,6,0,227,169.8454183,EXP-001,ds_16b6be697acb,ds_aa8808303afa,1465af7161a9053ca7df7d4d04572789911a5480,e41f63ef47ea066f14e5effb41bf9f4b7ebd8d79641604b69a10323837e09474
00926,9,False,B2_W200,0.3456604598,0.09757081489,6,0,200,170.0653386,EXP-001,ds_16b6be697acb,ds_aa8808303afa,1465af7161a9053ca7df7d4d04572789911a5480,e41f63ef47ea066f14e5effb41bf9f4b7ebd8d79641604b69a10323837e09474
00927,9,False,B2_W200,0.3427586091,0.09704843357,6,0,138,169.9601594,EXP-001,ds_16b6be697acb,ds_aa8808303afa,1465af7161a9053ca7df7d4d04572789911a5480,e41f63ef47ea066f14e5effb41bf9f4b7ebd8d79641604b69a10323837e09474
00928,9,False,B2_W200,0.3492395201,0.09826953973,6,0,182,169.5250996,EXP-001,ds_16b6be697acb,ds_aa8808303afa,1465af7161a9053ca7df7d4d04572789911a5480,e41f63ef47ea066f14e5effb41bf9f4b7ebd8d79641604b69a10323837e09474
00929,9,False,B2_W200,0.3572175223,0.0993118089,6,0,194,169.4438247,EXP-001,ds_16b6be697acb,ds_aa8808303afa,1465af7161a9053ca7df7d4d04572789911a5480,e41f63ef47ea066f14e5effb41bf9f4b7ebd8d79641604b69a10323837e09474
00930,9,False,B2_W200,0.3662601003,0.1010395044,6,0,228,169.2334661,EXP-001,ds_16b6be697acb,ds_aa8808303afa,1465af7161a9053ca7df7d4d04572789911a5480,e41f63ef47ea066f14e5effb41bf9f4b7ebd8d79641604b69a10323837e09474
00931,9,False,B2_W200,0.3446981228,0.09737867941,6,0,160,169.6398406,EXP-001,ds_16b6be697acb,ds_aa8808303afa,1465af7161a9053ca7df7d4d04572789911a5480,e41f63ef47ea066f14e5effb41bf9f4b7ebd8d79641604b69a10323837e09474
00932,9,False,B2_W200,0.3470220997,0.09773136646,6,0,254,169.6446215,EXP-001,ds_16b6be697acb,ds_aa8808303afa,1465af7161a9053ca7df7d4d04572789911a5480,e41f63ef47ea066f14e5effb41bf9f4b7ebd8d79641604b69a10323837e09474
00933,9,False,B2_W200,0.3388458397,0.095998684,6,0,224,170.0940239,EXP-001,ds_16b6be697acb,ds_aa8808303afa,1465af7161a9053ca7df7d4d04572789911a5480,e41f63ef47ea066f14e5effb41bf9f4b7ebd8d79641604b69a10323837e09474
00934,9,False,B2_W200,0.3558801869,0.09881020648,6,0,193,170.3474104,EXP-001,ds_16b6be697acb,ds_aa8808303afa,1465af7161a9053ca7df7d4d04572789911a5480,e41f63ef47ea066f14e5effb41bf9f4b7ebd8d79641604b69a10323837e09474
00935,9,False,B2_W200,0.3362326075,0.0956734251,6,0,218,170.1370518,EXP-001,ds_16b6be697acb,ds_aa8808303afa,1465af7161a9053ca7df7d4d04572789911a5480,e41f63ef47ea066f14e5effb41bf9f4b7ebd8d79641604b69a10323837e09474
00936,9,False,B2_W200,0.3429686329,0.09706173206,6,0,170,170.3760956,EXP-001,ds_16b6be697acb,ds_aa8808303afa,1465af7161a9053ca7df7d4d04572789911a5480,e41f63ef47ea066f14e5effb41bf9f4b7ebd8d79641604b69a10323837e09474
00937,9,False,B2_W200,0.3380989398,0.09586389826,6,0,205,170.4908367,EXP-001,ds_16b6be697acb,ds_aa8808303afa,1465af7161a9053ca7df7d4d04572789911a5480,e41f63ef47ea066f14e5effb41bf9f4b7ebd8d79641604b69a10323837e09474
00938,9,False,B2_W200,0.3435998381,0.09708500442,6,0,147,170.5721116,EXP-001,ds_16b6be697acb,ds_aa8808303afa,1465af7161a9053ca7df7d4d04572789911a5480,e41f63ef47ea066f14e5effb41bf9f4b7ebd8d79641604b69a10323837e09474
00939,9,False,B2_W200,0.3493321175,0.09811646857,6,0,159,170.2613546,EXP-001,ds_16b6be697acb,ds_aa8808303afa,1465af7161a9053ca7df7d4d04572789911a5480,e41f63ef47ea066f14e5effb41bf9f4b7ebd8d79641604b69a10323837e09474
00940,9,False,B2_W200,0.3418849729,0.09654101306,6,0,201,170.3187251,EXP-001,ds_16b6be697acb,ds_aa8808303afa,1465af7161a9053ca7df7d4d04572789911a5480,e41f63ef47ea066f14e5effb41bf9f4b7ebd8d79641604b69a10323837e09474
00941,9,False,B2_W200,0.3341947501,0.09514855031,6,0,188,170.3760956,EXP-001,ds_16b6be697acb,ds_aa8808303afa,1465af7161a9053ca7df7d4d04572789911a5480,e41f63ef47ea066f14e5effb41bf9f4b7ebd8d79641604b69a10323837e09474
00942,9,False,B2_W200,0.3527337586,0.09847580486,6,0,182,170.4430279,EXP-001,ds_16b6be697acb,ds_aa8808303afa,1465af7161a9053ca7df7d4d04572789911a5480,e41f63ef47ea066f14e5effb41bf9f4b7ebd8d79641604b69a10323837e09474
00943,9,False,B2_W200,0.3433038513,0.09726134794,6,0,128,170.4430279,EXP-001,ds_16b6be697acb,ds_aa8808303afa,1465af7161a9053ca7df7d4d04572789911a5480,e41f63ef47ea066f14e5effb41bf9f4b7ebd8d79641604b69a10323837e09474
00944,9,False,B2_W200,0.3275519896,0.0937909961,6,0,180,170.5290837,EXP-001,ds_16b6be697acb,ds_aa8808303afa,1465af7161a9053ca7df7d4d04572789911a5480,e41f63ef47ea066f14e5effb41bf9f4b7ebd8d79641604b69a10323837e09474
00945,9,False,B2_W200,0.3256530329,0.0934657372,6,0,202,170.4143426,EXP-001,ds_16b6be697acb,ds_aa8808303afa,1465af7161a9053ca7df7d4d04572789911a5480,e41f63ef47ea066f14e5effb41bf9f4b7ebd8d79641604b69a10323837e09474
00946,9,False,B2_W200,0.3339419297,0.0948889527,6,0,196,170.7920319,EXP-001,ds_16b6be697acb,ds_aa8808303afa,1465af7161a9053ca7df7d4d04572789911a5480,e41f63ef47ea066f14e5effb41bf9f4b7ebd8d79641604b69a10323837e09474
00947,9,False,B2_W200,0.3423153233,0.09647438208,6,0,184,170.6772908,EXP-001,ds_16b6be697acb,ds_aa8808303afa,1465af7161a9053ca7df7d4d04572789911a5480,e41f63ef47ea066f14e5effb41bf9f4b7ebd8d79641604b69a10323837e09474
00948,9,False,B2_W200,0.3505835892,0.09822119418,6,0,175,170.5816733,EXP-001,ds_16b6be697acb,ds_aa8808303afa,1465af7161a9053ca7df7d4d04572789911a5480,e41f63ef47ea066f14e5effb41bf9f4b7ebd8d79641604b69a10323837e09474
00949,9,False,B2_W200,0.344074087,0.09734446351,6,0,196,170.6820717,EXP-001,ds_16b6be697acb,ds_aa8808303afa,1465af7161a9053ca7df7d4d04572789911a5480,e41f63ef47ea066f14e5effb41bf9f4b7ebd8d79641604b69a10323837e09474
00950,9,False,B2_W200,0.3389031334,0.09630385665,6,0,187,170.6964143,EXP-001,ds_16b6be697acb,ds_aa8808303afa,1465af7161a9053ca7df7d4d04572789911a5480,e41f63ef47ea066f14e5effb41bf9f4b7ebd8d79641604b69a10323837e09474
00951,10,False,B2_W200,0.3695774056,0.1018620715,6,0,150,170.901992,EXP-001,ds_16b6be697acb,ds_aa8808303afa,1465af7161a9053ca7df7d4d04572789911a5480,e41f63ef47ea066f14e5effb41bf9f4b7ebd8d79641604b69a10323837e09474
00952,10,False,B2_W200,0.3737646606,0.1023495442,6,0,124,170.8015936,EXP-001,ds_16b6be697acb,ds_aa8808303afa,1465af7161a9053ca7df7d4d04572789911a5480,e41f63ef47ea066f14e5effb41bf9f4b7ebd8d79641604b69a10323837e09474
00953,10,False,B2_W200,0.3346216491,0.09537310086,6,0,231,170.4095618,EXP-001,ds_16b6be697acb,ds_aa8808303afa,1465af7161a9053ca7df7d4d04572789911a5480,e41f63ef47ea066f14e5effb41bf9f4b7ebd8d79641604b69a10323837e09474
00954,10,False,B2_W200,0.3457530338,0.09765060583,6,0,165,170.476494,EXP-001,ds_16b6be697acb,ds_aa8808303afa,1465af7161a9053ca7df7d4d04572789911a5480,e41f63ef47ea066f14e5effb41bf9f4b7ebd8d79641604b69a10323837e09474
00955,10,False,B2_W200,0.3493625316,0.09815553288,6,0,170,170.8063745,EXP-001,ds_16b6be697acb,ds_aa8808303afa,1465af7161a9053ca7df7d4d04572789911a5480,e41f63ef47ea066f14e5effb41bf9f4b7ebd8d79641604b69a10323837e09474
00956,10,False,B2_W200,0.3511424736,0.09868955038,6,0,111,171.0262948,EXP-001,ds_16b6be697acb,ds_aa8808303afa,1465af7161a9053ca7df7d4d04572789911a5480,e41f63ef47ea066f14e5effb41bf9f4b7ebd8d79641604b69a10323837e09474
00957,10,False,B2_W200,0.3473831918,0.09798251399,6,0,100,170.8159363,EXP-001,ds_16b6be697acb,ds_aa8808303afa,1465af7161a9053ca7df7d4d04572789911a5480,e41f63ef47ea066f14e5effb41bf9f4b7ebd8d79641604b69a10323837e09474
00958,10,False,B2_W200,0.3575938352,0.09989735805,6,0,129,170.4812749,EXP-001,ds_16b6be697acb,ds_aa8808303afa,1465af7161a9053ca7df7d4d04572789911a5480,e41f63ef47ea066f14e5effb41bf9f4b7ebd8d79641604b69a10323837e09474
00959,10,False,B2_W200,0.3520654513,0.09832024023,6,0,89,170.2374502,EXP-001,ds_16b6be697acb,ds_aa8808303afa,1465af7161a9053ca7df7d4d04572789911a5480,e41f63ef47ea066f14e5effb41bf9f4b7ebd8d79641604b69a10323837e09474
00960,10,False,B2_W200,0.3634361722,0.1005777975,6,0,153,169.7115538,EXP-001,ds_16b6be697acb,ds_aa8808303afa,1465af7161a9053ca7df7d4d04572789911a5480,e41f63ef47ea066f14e5effb41bf9f4b7ebd8d79641604b69a10323837e09474
00961,10,False,B2_W200,0.3567850522,0.0991745297,6,0,176,169.4772908,EXP-001,ds_16b6be697acb,ds_aa8808303afa,1465af7161a9053ca7df7d4d04572789911a5480,e41f63ef47ea066f14e5effb41bf9f4b7ebd8d79641604b69a10323837e09474
00962,10,False,B2_W200,0.3631991757,0.1007333621,6,0,121,169.5011952,EXP-001,ds_16b6be697acb,ds_aa8808303afa,1465af7161a9053ca7df7d4d04572789911a5480,e41f63ef47ea066f14e5effb41bf9f4b7ebd8d79641604b69a10323837e09474
00963,10,False,B2_W200,0.3433740197,0.09671818773,6,0,236,169.2430279,EXP-001,ds_16b6be697acb,ds_aa8808303afa,1465af7161a9053ca7df7d4d04572789911a5480,e41f63ef47ea066f14e5effb41bf9f4b7ebd8d79641604b69a10323837e09474
00964,10,False,B2_W200,0.3613135755,0.1000313126,6,0,175,169.352988,EXP-001,ds_16b6be697acb,ds_aa8808303afa,1465af7161a9053ca7df7d4d04572789911a5480,e41f63ef47ea066f14e5effb41bf9f4b7ebd8d79641604b69a10323837e09474
00965,10,False,B2_W200,0.3333490866,0.095146888,6,0,167,169.2430279,EXP-001,ds_16b6be697acb,ds_aa8808303afa,1465af7161a9053ca7df7d4d04572789911a5480,e41f63ef47ea066f14e5effb41bf9f4b7ebd8d79641604b69a10323837e09474
00966,10,False,B2_W200,0.3575230306,0.09986161836,6,0,131,169.2,EXP-001,ds_16b6be697acb,ds_aa8808303afa,1465af7161a9053ca7df7d4d04572789911a5480,e41f63ef47ea066f14e5effb41bf9f4b7ebd8d79641604b69a10323837e09474
00967,10,False,B2_W200,0.3383723495,0.09603193023,6,0,186,168.8940239,EXP-001,ds_16b6be697acb,ds_aa8808303afa,1465af7161a9053ca7df7d4d04572789911a5480,e41f63ef47ea066f14e5effb41bf9f4b7ebd8d79641604b69a10323837e09474
00968,10,False,B2_W200,0.3440967426,0.09708999136,6,0,149,168.7027888,EXP-001,ds_16b6be697acb,ds_aa8808303afa,1465af7161a9053ca7df7d4d04572789911a5480,e41f63ef47ea066f14e5effb41bf9f4b7ebd8d79641604b69a10323837e09474
00969,10,False,B2_W200,0.3664338059,0.1009196795,6,0,134,168.9561753,EXP-001,ds_16b6be697acb,ds_aa8808303afa,1465af7161a9053ca7df7d4d04572789911a5480,e41f63ef47ea066f14e5effb41bf9f4b7ebd8d79641604b69a10323837e09474
00970,10,False,B2_W200,0.3163022589,0.09134795263,6,0,179,168.9992032,EXP-001,ds_16b6be697acb,ds_aa8808303afa,1465af7161a9053ca7df7d4d04572789911a5480,e41f63ef47ea066f14e5effb41bf9f4b7ebd8d79641604b69a10323837e09474
00971,10,False,B2_W200,0.3517735383,0.09833270756,6,0,144,169.0039841,EXP-001,ds_16b6be697acb,ds_aa8808303afa,1465af7161a9053ca7df7d4d04572789911a5480,e41f63ef47ea066f14e5effb41bf9f4b7ebd8d79641604b69a10323837e09474
00972,10,False,B2_W200,0.3413975972,0.09676888823,6,0,151,168.8175299,EXP-001,ds_16b6be697acb,ds_aa8808303afa,1465af7161a9053ca7df7d4d04572789911a5480,e41f63ef47ea066f14e5effb41bf9f4b7ebd8d79641604b69a10323837e09474
00973,10,False,B2_W200,0.3460952071,0.09728628261,6,0,215,168.6693227,EXP-001,ds_16b6be697acb,ds_aa8808303afa,1465af7161a9053ca7df7d4d04572789911a5480,e41f63ef47ea066f14e5effb41bf9f4b7ebd8d79641604b69a10323837e09474
00974,10,False,B2_W200,0.3522218772,0.09866045993,6,0,236,168.9083665,EXP-001,ds_16b6be697acb,ds_aa8808303afa,1465af7161a9053ca7df7d4d04572789911a5480,e41f63ef47ea066f14e5effb41bf9f4b7ebd8d79641604b69a10323837e09474
00975,10,False,B2_W200,0.3482051874,0.09796755318,6,0,137,169.4772908,EXP-001,ds_16b6be697acb,ds_aa8808303afa,1465af7161a9053ca7df7d4d04572789911a5480,e41f63ef47ea066f14e5effb41bf9f4b7ebd8d79641604b69a10323837e09474
00976,10,False,B2_W200,0.347089993,0.09779453429,6,0,215,169.3243028,EXP-001,ds_16b6be697acb,ds_aa8808303afa,1465af7161a9053ca7df7d4d04572789911a5480,e41f63ef47ea066f14e5effb41bf9f4b7ebd8d79641604b69a10323837e09474
00977,10,False,B2_W200,0.3501508851,0.09831359098,6,0,177,169.6207171,EXP-001,ds_16b6be697acb,ds_aa8808303afa,1465af7161a9053ca7df7d4d04572789911a5480,e41f63ef47ea066f14e5effb41bf9f4b7ebd8d79641604b69a10323837e09474
00978,10,False,B2_W200,0.3657254243,0.1011026723,6,0,138,169.7258964,EXP-001,ds_16b6be697acb,ds_aa8808303afa,1465af7161a9053ca7df7d4d04572789911a5480,e41f63ef47ea066f14e5effb41bf9f4b7ebd8d79641604b69a10323837e09474
00979,10,False,B2_W200,0.3440242534,0.09674644703,6,0,227,169.3482072,EXP-001,ds_16b6be697acb,ds_aa8808303afa,1465af7161a9053ca7df7d4d04572789911a5480,e41f63ef47ea066f14e5effb41bf9f4b7ebd8d79641604b69a10323837e09474
00980,10,False,B2_W200,0.3544811046,0.09900234195,6,0,157,169.6446215,EXP-001,ds_16b6be697acb,ds_aa8808303afa,1465af7161a9053ca7df7d4d04572789911a5480,e41f63ef47ea066f14e5effb41bf9f4b7ebd8d79641604b69a10323837e09474
00981,10,True,B2_W200,0.3446864402,0.09708417327,6,0,248,169.8406375,EXP-001,ds_16b6be697acb,ds_aa8808303afa,1465af7161a9053ca7df7d4d04572789911a5480,e41f63ef47ea066f14e5effb41bf9f4b7ebd8d79641604b69a10323837e09474
00982,10,True,B2_W200,0.3342548691,0.0948083306,6,0,204,170.2900398,EXP-001,ds_16b6be697acb,ds_aa8808303afa,1465af7161a9053ca7df7d4d04572789911a5480,e41f63ef47ea066f14e5effb41bf9f4b7ebd8d79641604b69a10323837e09474
00983,10,True,B2_W200,0.3456241592,0.09708999136,6,0,113,170.247012,EXP-001,ds_16b6be697acb,ds_aa8808303afa,1465af7161a9053ca7df7d4d04572789911a5480,e41f63ef47ea066f14e5effb41bf9f4b7ebd8d79641604b69a10323837e09474
00984,10,True,B2_W200,0.3364710071,0.0958688852,6,0,131,170.2183267,EXP-001,ds_16b6be697acb,ds_aa8808303afa,1465af7161a9053ca7df7d4d04572789911a5480,e41f63ef47ea066f14e5effb41bf9f4b7ebd8d79641604b69a10323837e09474
00985,10,True,B2_W200,0.3337332057,0.09500462186,6,0,195,170.1848606,EXP-001,ds_16b6be697acb,ds_aa8808303afa,1465af7161a9053ca7df7d4d04572789911a5480,e41f63ef47ea066f14e5effb41bf9f4b7ebd8d79641604b69a10323837e09474
00986,10,True,B2_W200,0.3575710092,0.09953968407,6,0,197,170.3856574,EXP-001,ds_16b6be697acb,ds_aa8808303afa,1465af7161a9053ca7df7d4d04572789911a5480,e41f63ef47ea066f14e5effb41bf9f4b7ebd8d79641604b69a10323837e09474
00987,10,True,B2_W200,0.338807331,0.0960419041,6,0,220,170.4812749,EXP-001,ds_16b6be697acb,ds_aa8808303afa,1465af7161a9053ca7df7d4d04572789911a5480,e41f63ef47ea066f14e5effb41bf9f4b7ebd8d79641604b69a10323837e09474
00988,10,True,B2_W200,0.3385486111,0.09604439756,6,0,193,170.5338645,EXP-001,ds_16b6be697acb,ds_aa8808303afa,1465af7161a9053ca7df7d4d04572789911a5480,e41f63ef47ea066f14e5effb41bf9f4b7ebd8d79641604b69a10323837e09474
00989,10,True,B2_W200,0.3513408421,0.0986330318,6,0,198,170.4095618,EXP-001,ds_16b6be697acb,ds_aa8808303afa,1465af7161a9053ca7df7d4d04572789911a5480,e41f63ef47ea066f14e5effb41bf9f4b7ebd8d79641604b69a10323837e09474
00990,10,True,B2_W200,0.3377218607,0.0956809055,6,0,167,170.5243028,EXP-001,ds_16b6be697acb,ds_aa8808303afa,1465af7161a9053ca7df7d4d04572789911a5480,e41f63ef47ea066f14e5effb41bf9f4b7ebd8d79641604b69a10323837e09474
00991,10,True,B2_W200,0.3541392147,0.09917286739,6,0,113,170.361753,EXP-001,ds_16b6be697acb,ds_aa8808303afa,1465af7161a9053ca7df7d4d04572789911a5480,e41f63ef47ea066f14e5effb41bf9f4b7ebd8d79641604b69a10323837e09474
00992,10,True,B2_W200,0.3512792618,0.09847580486,6,0,74,170.0079681,EXP-001,ds_16b6be697acb,ds_aa8808303afa,1465af7161a9053ca7df7d4d04572789911a5480,e41f63ef47ea066f14e5effb41bf9f4b7ebd8d79641604b69a10323837e09474
00993,10,True,B2_W200,0.3457752458,0.0974277176,6,0,185,169.3290837,EXP-001,ds_16b6be697acb,ds_aa8808303afa,1465af7161a9053ca7df7d4d04572789911a5480,e41f63ef47ea066f14e5effb41bf9f4b7ebd8d79641604b69a10323837e09474
00994,10,True,B2_W200,0.3496376873,0.09829946134,6,0,204,169.4677291,EXP-001,ds_16b6be697acb,ds_aa8808303afa,1465af7161a9053ca7df7d4d04572789911a5480,e41f63ef47ea066f14e5effb41bf9f4b7ebd8d79641604b69a10323837e09474
00995,10,True,B2_W200,0.3536716661,0.09882766074,6,0,161,170.0414343,EXP-001,ds_16b6be697acb,ds_aa8808303afa,1465af7161a9053ca7df7d4d04572789911a5480,e41f63ef47ea066f14e5effb41bf9f4b7ebd8d79641604b69a10323837e09474
00996,10,True,B2_W200,0.3649022126,0.1010752441,6,0,83,170.514741,EXP-001,ds_16b6be697acb,ds_aa8808303afa,1465af7161a9053ca7df7d4d04572789911a5480,e41f63ef47ea066f14e5effb41bf9f4b7ebd8d79641604b69a10323837e09474
00997,10,True,B2_W200,0.3482413908,0.09793181349,6,0,157,170.2422311,EXP-001,ds_16b6be697acb,ds_aa8808303afa,1465af7161a9053ca7df7d4d04572789911a5480,e41f63ef47ea066f14e5effb41bf9f4b7ebd8d79641604b69a10323837e09474
00998,10,True,B2_W200,0.3299914075,0.09410295652,6,0,288,170.3474104,EXP-001,ds_16b6be697acb,ds_aa8808303afa,1465af7161a9053ca7df7d4d04572789911a5480,e41f63ef47ea066f14e5effb41bf9f4b7ebd8d79641604b69a10323837e09474
00999,10,True,B2_W200,0.3634199817,0.1007300375,6,0,172,170.8828685,EXP-001,ds_16b6be697acb,ds_aa8808303afa,1465af7161a9053ca7df7d4d04572789911a5480,e41f63ef47ea066f14e5effb41bf9f4b7ebd8d79641604b69a10323837e09474
01000,10,True,B2_W200,0.3349748955,0.0954854454,6,0,131,170.6820717,EXP-001,ds_16b6be697acb,ds_aa8808303afa,1465af7161a9053ca7df7d4d04572789911a5480,e41f63ef47ea066f14e5effb41bf9f4b7ebd8d79641604b69a10323837e09474
01001,11,True,B2_W200,0.3400133438,0.09653187035,6,0,78,170.6247012,EXP-001,ds_16b6be697acb,ds_aa8808303afa,1465af7161a9053ca7df7d4d04572789911a5480,e41f63ef47ea066f14e5effb41bf9f4b7ebd8d79641604b69a10323837e09474
01002,11,True,B2_W200,0.3399673442,0.0961866637,6,0,178,170.2517928,EXP-001,ds_16b6be697acb,ds_aa8808303afa,1465af7161a9053ca7df7d4d04572789911a5480,e41f63ef47ea066f14e5effb41bf9f4b7ebd8d79641604b69a10323837e09474
01003,11,True,B2_W200,0.3588730137,0.09967031404,6,0,177,170.2231076,EXP-001,ds_16b6be697acb,ds_aa8808303afa,1465af7161a9053ca7df7d4d04572789911a5480,e41f63ef47ea066f14e5effb41bf9f4b7ebd8d79641604b69a10323837e09474
01004,11,True,B2_W200,0.3596143796,0.09966117132,6,0,157,170.3426295,EXP-001,ds_16b6be697acb,ds_aa8808303afa,1465af7161a9053ca7df7d4d04572789911a5480,e41f63ef47ea066f14e5effb41bf9f4b7ebd8d79641604b69a10323837e09474
01005,11,True,B2_W200,0.3421388665,0.09669907115,6,0,220,170.2661355,EXP-001,ds_16b6be697acb,ds_aa8808303afa,1465af7161a9053ca7df7d4d04572789911a5480,e41f63ef47ea066f14e5effb41bf9f4b7ebd8d79641604b69a10323837e09474
01006,11,True,B2_W200,0.3415434917,0.09670987618,6,0,177,170.7633466,EXP-001,ds_16b6be697acb,ds_aa8808303afa,1465af7161a9053ca7df7d4d04572789911a5480,e41f63ef47ea066f14e5effb41bf9f4b7ebd8d79641604b69a10323837e09474
01007,11,True,B2_W200,0.3400436711,0.09653353266,6,0,128,170.8446215,EXP-001,ds_16b6be697acb,ds_aa8808303afa,1465af7161a9053ca7df7d4d04572789911a5480,e41f63ef47ea066f14e5effb41bf9f4b7ebd8d79641604b69a10323837e09474
01008,11,True,B2_W200,0.3601231451,0.1001752411,6,0,193,170.4812749,EXP-001,ds_16b6be697acb,ds_aa8808303afa,1465af7161a9053ca7df7d4d04572789911a5480,e41f63ef47ea066f14e5effb41bf9f4b7ebd8d79641604b69a10323837e09474
01009,11,True,B2_W200,0.3498231297,0.09843258476,6,0,228,170.7729084,EXP-001,ds_16b6be697acb,ds_aa8808303afa,1465af7161a9053ca7df7d4d04572789911a5480,e41f63ef47ea066f14e5effb41bf9f4b7ebd8d79641604b69a10323837e09474
01010,11,True,B2_W200,0.3497368169,0.09842926014,6,0,216,170.9498008,EXP-001,ds_16b6be697acb,ds_aa8808303afa,1465af7161a9053ca7df7d4d04572789911a5480,e41f63ef47ea066f14e5effb41bf9f4b7ebd8d79641604b69a10323837e09474
01011,11,True,B2_W200,0.3382200594,0.09599619054,6,0,216,170.9641434,EXP-001,ds_16b6be697acb,ds_aa8808303afa,1465af7161a9053ca7df7d4d04572789911a5480,e41f63ef47ea066f14e5effb41bf9f4b7ebd8d79641604b69a10323837e09474
01012,11,True,B2_W200,0.3375768838,0.09565513967,6,0,148,171.174502,EXP-001,ds_16b6be697acb,ds_aa8808303afa,1465af7161a9053ca7df7d4d04572789911a5480,e41f63ef47ea066f14e5effb41bf9f4b7ebd8d79641604b69a10323837e09474
01013,11,True,B2_W200,0.3406437976,0.09601863174,6,0,120,170.8446215,EXP-001,ds_16b6be697acb,ds_aa8808303afa,1465af7161a9053ca7df7d4d04572789911a5480,e41f63ef47ea066f14e5effb41bf9f4b7ebd8d79641604b69a10323837e09474
01014,11,True,B2_W200,0.3474665126,0.09775713228,6,0,139,170.8350598,EXP-001,ds_16b6be697acb,ds_aa8808303afa,1465af7161a9053ca7df7d4d04572789911a5480,e41f63ef47ea066f14e5effb41bf9f4b7ebd8d79641604b69a10323837e09474
01015,11,True,B2_W200,0.3476921731,0.09775380766,6,0,205,170.5768924,EXP-001,ds_16b6be697acb,ds_aa8808303afa,1465af7161a9053ca7df7d4d04572789911a5480,e41f63ef47ea066f14e5effb41bf9f4b7ebd8d79641604b69a10323837e09474
01016,11,True,B2_W200,0.3272823219,0.09375276294,6,0,154,170.5003984,EXP-001,ds_16b6be697acb,ds_aa8808303afa,1465af7161a9053ca7df7d4d04572789911a5480,e41f63ef47ea066f14e5effb41bf9f4b7ebd8d79641604b69a10323837e09474
01017,11,True,B2_W200,0.3387655921,0.09620578028,6,0,143,170.5243028,EXP-001,ds_16b6be697acb,ds_aa8808303afa,1465af7161a9053ca7df7d4d04572789911a5480,e41f63ef47ea066f14e5effb41bf9f4b7ebd8d79641604b69a10323837e09474
01018,11,True,B2_W200,0.348186589,0.09778788504,6,0,165,170.7155378,EXP-001,ds_16b6be697acb,ds_aa8808303afa,1465af7161a9053ca7df7d4d04572789911a5480,e41f63ef47ea066f14e5effb41bf9f4b7ebd8d79641604b69a10323837e09474
01019,11,True,B2_W200,0.3358608903,0.0956958663,6,0,184,170.4956175,EXP-001,ds_16b6be697acb,ds_aa8808303afa,1465af7161a9053ca7df7d4d04572789911a5480,e41f63ef47ea066f14e5effb41bf9f4b7ebd8d79641604b69a10323837e09474
01020,11,True,B2_W200,0.3498820911,0.09832107138,6,0,125,170.6916335,EXP-001,ds_16b6be697acb,ds_aa8808303afa,1465af7161a9053ca7df7d4d04572789911a5480,e41f63ef47ea066f14e5effb41bf9f4b7ebd8d79641604b69a10323837e09474
01021,11,True,B2_W200,0.3476414281,0.09795342354,6,0,222,170.6772908,EXP-001,ds_16b6be697acb,ds_aa8808303afa,1465af7161a9053ca7df7d4d04572789911a5480,e41f63ef47ea066f14e5effb41bf9f4b7ebd8d79641604b69a10323837e09474
01022,11,True,B2_W200,0.3470417306,0.09776876846,6,0,176,170.9115538,EXP-001,ds_16b6be697acb,ds_aa8808303afa,1465af7161a9053ca7df7d4d04572789911a5480,e41f63ef47ea066f14e5effb41bf9f4b7ebd8d79641604b69a10323837e09474
01023,11,True,B2_W200,0.3365314379,0.09551038007,6,0,175,170.7968127,EXP-001,ds_16b6be697acb,ds_aa8808303afa,1465af7161a9053ca7df7d4d04572789911a5480,e41f63ef47ea066f14e5effb41bf9f4b7ebd8d79641604b69a10323837e09474
01024,11,True,B2_W200,0.3476296737,0.09776544384,6,0,178,170.7537849,EXP-001,ds_16b6be697acb,ds_aa8808303afa,1465af7161a9053ca7df7d4d04572789911a5480,e41f63ef47ea066f14e5effb41bf9f4b7ebd8d79641604b69a10323837e09474
01025,11,True,B2_W200,0.3359778825,0.0955004062,6,0,216,170.7250996,EXP-001,ds_16b6be697acb,ds_aa8808303afa,1465af7161a9053ca7df7d4d04572789911a5480,e41f63ef47ea066f14e5effb41bf9f4b7ebd8d79641604b69a10323837e09474
01026,11,True,B2_W200,0.3444435575,0.0969086609,6,0,192,171.1936255,EXP-001,ds_16b6be697acb,ds_aa8808303afa,1465af7161a9053ca7df7d4d04572789911a5480,e41f63ef47ea066f14e5effb41bf9f4b7ebd8d79641604b69a10323837e09474
01027,11,True,B2_W200,0.3329885757,0.09500212839,6,0,203,171.4087649,EXP-001,ds_16b6be697acb,ds_aa8808303afa,1465af7161a9053ca7df7d4d04572789911a5480,e41f63ef47ea066f14e5effb41bf9f4b7ebd8d79641604b69a10323837e09474
01028,11,True,B2_W200,0.3518602494,0.09832688947,6,0,204,171.4087649,EXP-001,ds_16b6be697acb,ds_aa8808303afa,1465af7161a9053ca7df7d4d04572789911a5480,e41f63ef47ea066f14e5effb41bf9f4b7ebd8d79641604b69a10323837e09474
01029,11,True,B2_W200,0.3497257166,0.09834018796,6,0,221,171.561753,EXP-001,ds_16b6be697acb,ds_aa8808303afa,1465af7161a9053ca7df7d4d04572789911a5480,e41f63ef47ea066f14e5effb41bf9f4b7ebd8d79641604b69a10323837e09474
01030,11,True,B2_W200,0.35461176,0.09902478316,6,0,216,171.8533865,EXP-001,ds_16b6be697acb,ds_aa8808303afa,1465af7161a9053ca7df7d4d04572789911a5480,e41f63ef47ea066f14e5effb41bf9f4b7ebd8d79641604b69a10323837e09474
01031,11,True,B2_W200,0.3491739181,0.09813890977,6,0,219,172.0302789,EXP-001,ds_16b6be697acb,ds_aa8808303afa,1465af7161a9053ca7df7d4d04572789911a5480,e41f63ef47ea066f14e5effb41bf9f4b7ebd8d79641604b69a10323837e09474
01032,11,True,B2_W200,0.3572962946,0.09971436528,6,0,153,172.6517928,EXP-001,ds_16b6be697acb,ds_aa8808303afa,1465af7161a9053ca7df7d4d04572789911a5480,e41f63ef47ea066f14e5effb41bf9f4b7ebd8d79641604b69a10323837e09474
01033,11,True,B2_W200,0.342766933,0.09675808321,6,0,210,172.7378486,EXP-001,ds_16b6be697acb,ds_aa8808303afa,1465af7161a9053ca7df7d4d04572789911a5480,e41f63ef47ea066f14e5effb41bf9f4b7ebd8d79641604b69a10323837e09474
01034,11,True,B2_W200,0.35016898,0.09797087781,6,0,194,172.9386454,EXP-001,ds_16b6be697acb,ds_aa8808303afa,1465af7161a9053ca7df7d4d04572789911a5480,e41f63ef47ea066f14e5effb41bf9f4b7ebd8d79641604b69a10323837e09474
01035,11,True,B2_W200,0.3433298402,0.0972771399,6,0,211,173.0342629,EXP-001,ds_16b6be697acb,ds_aa8808303afa,1465af7161a9053ca7df7d4d04572789911a5480,e41f63ef47ea066f14e5effb41bf9f4b7ebd8d79641604b69a10323837e09474
01036,11,True,B2_W200,0.3319899031,0.09484323914,6,0,154,173.3163347,EXP-001,ds_16b6be697acb,ds_aa8808303afa,1465af7161a9053ca7df7d4d04572789911a5480,e41f63ef47ea066f14e5effb41bf9f4b7ebd8d79641604b69a10323837e09474
01037,11,True,B2_W200,0.3483403094,0.09781531318,6,0,123,173.4310757,EXP-001,ds_16b6be697acb,ds_aa8808303afa,1465af7161a9053ca7df7d4d04572789911a5480,e41f63ef47ea066f14e5effb41bf9f4b7ebd8d79641604b69a10323837e09474
01038,11,True,B2_W200,0.3347762726,0.0953797501,6,0,212,173.1346614,EXP-001,ds_16b6be697acb,ds_aa8808303afa,1465af7161a9053ca7df7d4d04572789911a5480,e41f63ef47ea066f14e5effb41bf9f4b7ebd8d79641604b69a10323837e09474
01039,11,True,B2_W200,0.3478106493,0.09765559277,6,0,210,173.340239,EXP-001,ds_16b6be697acb,ds_aa8808303afa,1465af7161a9053ca7df7d4d04572789911a5480,e41f63ef47ea066f14e5effb41bf9f4b7ebd8d79641604b69a10323837e09474
01040,11,True,B2_W200,0.3447136626,0.09711991296,6,0,186,173.3115538,EXP-001,ds_16b6be697acb,ds_aa8808303afa,1465af7161a9053ca7df7d4d04572789911a5480,e41f63ef47ea066f14e5effb41bf9f4b7ebd8d79641604b69a10323837e09474
01041,11,True,B2_W200,0.3465059242,0.09746262613,6,0,85,173.3976096,EXP-001,ds_16b6be697acb,ds_aa8808303afa,1465af7161a9053ca7df7d4d04572789911a5480,e41f63ef47ea066f14e5effb41bf9f4b7ebd8d79641604b69a10323837e09474
01042,11,True,B2_W200,0.3606260245,0.1002467205,6,0,187,173.5027888,EXP-001,ds_16b6be697acb,ds_aa8808303afa,1465af7161a9053ca7df7d4d04572789911a5480,e41f63ef47ea066f14e5effb41bf9f4b7ebd8d79641604b69a10323837e09474
01043,11,True,B2_W200,0.3489376695,0.09762899579,6,0,52,173.5266932,EXP-001,ds_16b6be697acb,ds_aa8808303afa,1465af7161a9053ca7df7d4d04572789911a5480,e41f63ef47ea066f14e5effb41bf9f4b7ebd8d79641604b69a10323837e09474
01044,11,True,B2_W200,0.3372695358,0.09590462489,6,0,219,173.1729084,EXP-001,ds_16b6be697acb,ds_aa8808303afa,1465af7161a9053ca7df7d4d04572789911a5480,e41f63ef47ea066f14e5effb41bf9f4b7ebd8d79641604b69a10323837e09474
01045,11,True,B2_W200,0.3365419493,0.09540302246,6,0,172,173.3832669,EXP-001,ds_16b6be697acb,ds_aa8808303afa,1465af7161a9053ca7df7d4d04572789911a5480,e41f63ef47ea066f14e5effb41bf9f4b7ebd8d79641604b69a10323837e09474
01046,11,True,B2_W200,0.3542912717,0.09871116043,6,0,151,173.5984064,EXP-001,ds_16b6be697acb,ds_aa8808303afa,1465af7161a9053ca7df7d4d04572789911a5480,e41f63ef47ea066f14e5effb41bf9f4b7ebd8d79641604b69a10323837e09474
01047,11,True,B2_W200,0.3366316836,0.09592291031,6,0,239,173.5697211,EXP-001,ds_16b6be697acb,ds_aa8808303afa,1465af7161a9053ca7df7d4d04572789911a5480,e41f63ef47ea066f14e5effb41bf9f4b7ebd8d79641604b69a10323837e09474
01048,11,True,B2_W200,0.3559896599,0.09922439904,6,0,126,174.0334661,EXP-001,ds_16b6be697acb,ds_aa8808303afa,1465af7161a9053ca7df7d4d04572789911a5480,e41f63ef47ea066f14e5effb41bf9f4b7ebd8d79641604b69a10323837e09474
01049,11,True,B2_W200,0.3325038383,0.09503205,6,0,188,173.8087649,EXP-001,ds_16b6be697acb,ds_aa8808303afa,1465af7161a9053ca7df7d4d04572789911a5480,e41f63ef47ea066f14e5effb41bf9f4b7ebd8d79641604b69a10323837e09474
01050,11,True,B2_W200,0.3415784363,0.09642949968,6,0,172,173.8900398,EXP-001,ds_16b6be697acb,ds_aa8808303afa,1465af7161a9053ca7df7d4d04572789911a5480,e41f63ef47ea066f14e5effb41bf9f4b7ebd8d79641604b69a10323837e09474
01051,12,True,B2_W200,0.3545837131,0.09921608748,6,0,191,173.7418327,EXP-001,ds_16b6be697acb,ds_aa8808303afa,1465af7161a9053ca7df7d4d04572789911a5480,e41f63ef47ea066f14e5effb41bf9f4b7ebd8d79641604b69a10323837e09474
01052,12,True,B2_W200,0.3423464561,0.0962448446,6,0,73,173.8422311,EXP-001,ds_16b6be697acb,ds_aa8808303afa,1465af7161a9053ca7df7d4d04572789911a5480,e41f63ef47ea066f14e5effb41bf9f4b7ebd8d79641604b69a10323837e09474
01053,12,True,B2_W200,0.3422233999,0.09694689406,6,0,180,173.574502,EXP-001,ds_16b6be697acb,ds_aa8808303afa,1465af7161a9053ca7df7d4d04572789911a5480,e41f63ef47ea066f14e5effb41bf9f4b7ebd8d79641604b69a10323837e09474
01054,12,True,B2_W200,0.3524479959,0.09833520103,6,0,186,173.4023904,EXP-001,ds_16b6be697acb,ds_aa8808303afa,1465af7161a9053ca7df7d4d04572789911a5480,e41f63ef47ea066f14e5effb41bf9f4b7ebd8d79641604b69a10323837e09474
01055,12,True,B2_W200,0.3451290423,0.09746345729,6,0,224,173.2828685,EXP-001,ds_16b6be697acb,ds_aa8808303afa,1465af7161a9053ca7df7d4d04572789911a5480,e41f63ef47ea066f14e5effb41bf9f4b7ebd8d79641604b69a10323837e09474
01056,12,True,B2_W200,0.3498069718,0.09816301329,6,0,153,173.4358566,EXP-001,ds_16b6be697acb,ds_aa8808303afa,1465af7161a9053ca7df7d4d04572789911a5480,e41f63ef47ea066f14e5effb41bf9f4b7ebd8d79641604b69a10323837e09474
01057,12,True,B2_W200,0.3415598808,0.09694107597,6,0,132,173.4262948,EXP-001,ds_16b6be697acb,ds_aa8808303afa,1465af7161a9053ca7df7d4d04572789911a5480,e41f63ef47ea066f14e5effb41bf9f4b7ebd8d79641604b69a10323837e09474
01058,12,True,B2_W200,0.3556738903,0.09956129412,6,0,137,173.07251,EXP-001,ds_16b6be697acb,ds_aa8808303afa,1465af7161a9053ca7df7d4d04572789911a5480,e41f63ef47ea066f14e5effb41bf9f4b7ebd8d79641604b69a10323837e09474
01059,12,True,B2_W200,0.3525247721,0.09851985611,6,0,80,172.7952191,EXP-001,ds_16b6be697acb,ds_aa8808303afa,1465af7161a9053ca7df7d4d04572789911a5480,e41f63ef47ea066f14e5effb41bf9f4b7ebd8d79641604b69a10323837e09474
01060,12,True,B2_W200,0.3328425216,0.0945354345,6,0,156,172.6326693,EXP-001,ds_16b6be697acb,ds_aa8808303afa,1465af7161a9053ca7df7d4d04572789911a5480,e41f63ef47ea066f14e5effb41bf9f4b7ebd8d79641604b69a10323837e09474
01061,12,True,B2_W200,0.3297434725,0.0940221959,6,0,220,172.2645418,EXP-001,ds_16b6be697acb,ds_aa8808303afa,1465af7161a9053ca7df7d4d04572789911a5480,e41f63ef47ea066f14e5effb41bf9f4b7ebd8d79641604b69a10323837e09474
01062,12,True,B2_W200,0.3358245728,0.09541881442,6,0,168,172.2549801,EXP-001,ds_16b6be697acb,ds_aa8808303afa,1465af7161a9053ca7df7d4d04572789911a5480,e41f63ef47ea066f14e5effb41bf9f4b7ebd8d79641604b69a10323837e09474
01063,12,True,B2_W200,0.3388525,0.09628889585,6,0,206,172.2549801,EXP-001,ds_16b6be697acb,ds_aa8808303afa,1465af7161a9053ca7df7d4d04572789911a5480,e41f63ef47ea066f14e5effb41bf9f4b7ebd8d79641604b69a10323837e09474
01064,12,True,B2_W200,0.3385931027,0.09611338348,6,0,264,172.1211155,EXP-001,ds_16b6be697acb,ds_aa8808303afa,1465af7161a9053ca7df7d4d04572789911a5480,e41f63ef47ea066f14e5effb41bf9f4b7ebd8d79641604b69a10323837e09474
01065,12,True,B2_W200,0.3417204175,0.09665571254,6,0,148,172.6948207,EXP-001,ds_16b6be697acb,ds_aa8808303afa,1465af7161a9053ca7df7d4d04572789911a5480,e41f63ef47ea066f14e5effb41bf9f4b7ebd8d79641604b69a10323837e09474
01066,12,True,B2_W200,0.3387070977,0.09614912317,6,0,182,172.4462151,EXP-001,ds_16b6be697acb,ds_aa8808303afa,1465af7161a9053ca7df7d4d04572789911a5480,e41f63ef47ea066f14e5effb41bf9f4b7ebd8d79641604b69a10323837e09474
01067,12,True,B2_W200,0.3399238226,0.09631050589,6,0,142,172.4031873,EXP-001,ds_16b6be697acb,ds_aa8808303afa,1465af7161a9053ca7df7d4d04572789911a5480,e41f63ef47ea066f14e5effb41bf9f4b7ebd8d79641604b69a10323837e09474
01068,12,True,B2_W200,0.3584694375,0.1001460121,6,0,203,172.0733068,EXP-001,ds_16b6be697acb,ds_aa8808303afa,1465af7161a9053ca7df7d4d04572789911a5480,e41f63ef47ea066f14e5effb41bf9f4b7ebd8d79641604b69a10323837e09474
01069,12,True,B2_W200,0.3322485551,0.09492219893,6,0,184,172.1928287,EXP-001,ds_16b6be697acb,ds_aa8808303afa,1465af7161a9053ca7df7d4d04572789911a5480,e41f63ef47ea066f14e5effb41bf9f4b7ebd8d79641604b69a10323837e09474
01070,12,True,B2_W200,0.3360745804,0.09563006648,6,0,255,172.2406375,EXP-001,ds_16b6be697acb,ds_aa8808303afa,1465af7161a9053ca7df7d4d04572789911a5480,e41f63ef47ea066f14e5effb41bf9f4b7ebd8d79641604b69a10323837e09474
01071,12,True,B2_W200,0.3338996176,0.09529815833,6,0,192,172.9290837,EXP-001,ds_16b6be697acb,ds_aa8808303afa,1465af7161a9053ca7df7d4d04572789911a5480,e41f63ef47ea066f14e5effb41bf9f4b7ebd8d79641604b69a10323837e09474
01072,12,True,B2_W200,0.3446181469,0.09757150752,6,0,205,172.8956175,EXP-001,ds_16b6be697acb,ds_aa8808303afa,1465af7161a9053ca7df7d4d04572789911a5480,e41f63ef47ea066f14e5effb41bf9f4b7ebd8d79641604b69a10323837e09474
01073,12,True,B2_W200,0.3481343869,0.09810635618,6,0,214,173.2015936,EXP-001,ds_16b6be697acb,ds_aa8808303afa,1465af7161a9053ca7df7d4d04572789911a5480,e41f63ef47ea066f14e5effb41bf9f4b7ebd8d79641604b69a10323837e09474
01074,12,True,B2_W200,0.3448294202,0.09672469845,6,0,151,173.574502,EXP-001,ds_16b6be697acb,ds_aa8808303afa,1465af7161a9053ca7df7d4d04572789911a5480,e41f63ef47ea066f14e5effb41bf9f4b7ebd8d79641604b69a10323837e09474
01075,12,True,B2_W200,0.3522944232,0.09881173026,6,0,189,173.3067729,EXP-001,ds_16b6be697acb,ds_aa8808303afa,1465af7161a9053ca7df7d4d04572789911a5480,e41f63ef47ea066f14e5effb41bf9f4b7ebd8d79641604b69a10323837e09474
01076,12,True,B2_W200,0.3662749514,0.1012381506,6,0,165,173.5505976,EXP-001,ds_16b6be697acb,ds_aa8808303afa,1465af7161a9053ca7df7d4d04572789911a5480,e41f63ef47ea066f14e5effb41bf9f4b7ebd8d79641604b69a10323837e09474
01077,12,True,B2_W200,0.3488068063,0.09791006492,6,0,168,173.6605578,EXP-001,ds_16b6be697acb,ds_aa8808303afa,1465af7161a9053ca7df7d4d04572789911a5480,e41f63ef47ea066f14e5effb41bf9f4b7ebd8d79641604b69a10323837e09474
01078,12,True,B2_W200,0.3472473751,0.09772540984,6,0,105,173.7896414,EXP-001,ds_16b6be697acb,ds_aa8808303afa,1465af7161a9053ca7df7d4d04572789911a5480,e41f63ef47ea066f14e5effb41bf9f4b7ebd8d79641604b69a10323837e09474
01079,12,True,B2_W200,0.3662217371,0.1013804168,6,0,156,173.225498,EXP-001,ds_16b6be697acb,ds_aa8808303afa,1465af7161a9053ca7df7d4d04572789911a5480,e41f63ef47ea066f14e5effb41bf9f4b7ebd8d79641604b69a10323837e09474
01080,12,True,B2_W200,0.3470664822,0.09772125406,6,0,162,173.0581673,EXP-001,ds_16b6be697acb,ds_aa8808303afa,1465af7161a9053ca7df7d4d04572789911a5480,e41f63ef47ea066f14e5effb41bf9f4b7ebd8d79641604b69a10323837e09474
01081,12,True,B2_W200,0.338608344,0.09581139693,6,0,228,173.1537849,EXP-001,ds_16b6be697acb,ds_aa8808303afa,1465af7161a9053ca7df7d4d04572789911a5480,e41f63ef47ea066f14e5effb41bf9f4b7ebd8d79641604b69a10323837e09474
01082,12,True,B2_W200,0.3427814823,0.09686280882,6,0,129,173.4167331,EXP-001,ds_16b6be697acb,ds_aa8808303afa,1465af7161a9053ca7df7d4d04572789911a5480,e41f63ef47ea066f14e5effb41bf9f4b7ebd8d79641604b69a10323837e09474
01083,12,True,B2_W200,0.3339590737,0.09460358926,6,0,167,172.9577689,EXP-001,ds_16b6be697acb,ds_aa8808303afa,1465af7161a9053ca7df7d4d04572789911a5480,e41f63ef47ea066f14e5effb41bf9f4b7ebd8d79641604b69a10323837e09474
01084,12,True,B2_W200,0.3438520793,0.09689522389,6,0,174,172.9912351,EXP-001,ds_16b6be697acb,ds_aa8808303afa,1465af7161a9053ca7df7d4d04572789911a5480,e41f63ef47ea066f14e5effb41bf9f4b7ebd8d79641604b69a10323837e09474
01085,12,True,B2_W200,0.3490342928,0.09777029225,6,0,207,173.2589641,EXP-001,ds_16b6be697acb,ds_aa8808303afa,1465af7161a9053ca7df7d4d04572789911a5480,e41f63ef47ea066f14e5effb41bf9f4b7ebd8d79641604b69a10323837e09474
01086,12,True,B2_W200,0.3462126702,0.09776862994,6,0,164,173.5171315,EXP-001,ds_16b6be697acb,ds_aa8808303afa,1465af7161a9053ca7df7d4d04572789911a5480,e41f63ef47ea066f14e5effb41bf9f4b7ebd8d79641604b69a10323837e09474
01087,12,True,B2_W200,0.3419250628,0.09689273042,6,0,176,173.3689243,EXP-001,ds_16b6be697acb,ds_aa8808303afa,1465af7161a9053ca7df7d4d04572789911a5480,e41f63ef47ea066f14e5effb41bf9f4b7ebd8d79641604b69a10323837e09474
01088,12,True,B2_W200,0.3424933253,0.09689605504,6,0,222,173.2780876,EXP-001,ds_16b6be697acb,ds_aa8808303afa,1465af7161a9053ca7df7d4d04572789911a5480,e41f63ef47ea066f14e5effb41bf9f4b7ebd8d79641604b69a10323837e09474
01089,12,True,B2_W200,0.3630231204,0.1008946063,6,0,158,173.5792829,EXP-001,ds_16b6be697acb,ds_aa8808303afa,1465af7161a9053ca7df7d4d04572789911a5480,e41f63ef47ea066f14e5effb41bf9f4b7ebd8d79641604b69a10323837e09474
01090,12,True,B2_W200,0.3458309441,0.09774203295,6,0,123,173.263745,EXP-001,ds_16b6be697acb,ds_aa8808303afa,1465af7161a9053ca7df7d4d04572789911a5480,e41f63ef47ea066f14e5effb41bf9f4b7ebd8d79641604b69a10323837e09474
01091,12,True,B2_W200,0.3645287584,0.1010501709,6,0,90,173.0772908,EXP-001,ds_16b6be697acb,ds_aa8808303afa,1465af7161a9053ca7df7d4d04572789911a5480,e41f63ef47ea066f14e5effb41bf9f4b7ebd8d79641604b69a10323837e09474
01092,12,True,B2_W200,0.3597286412,0.1003481215,6,0,179,172.7426295,EXP-001,ds_16b6be697acb,ds_aa8808303afa,1465af7161a9053ca7df7d4d04572789911a5480,e41f63ef47ea066f14e5effb41bf9f4b7ebd8d79641604b69a10323837e09474
01093,12,True,B2_W200,0.3442342241,0.09719887275,6,0,147,172.7091633,EXP-001,ds_16b6be697acb,ds_aa8808303afa,1465af7161a9053ca7df7d4d04572789911a5480,e41f63ef47ea066f14e5effb41bf9f4b7ebd8d79641604b69a10323837e09474
01094,12,True,B2_W200,0.3511963343,0.09873692625,6,0,171,172.6709163,EXP-001,ds_16b6be697acb,ds_aa8808303afa,1465af7161a9053ca7df7d4d04572789911a5480,e41f63ef47ea066f14e5effb41bf9f4b7ebd8d79641604b69a10323837e09474
01095,12,True,B2_W200,0.3427282179,0.09682956259,6,0,208,172.6517928,EXP-001,ds_16b6be697acb,ds_aa8808303afa,1465af7161a9053ca7df7d4d04572789911a5480,e41f63ef47ea066f14e5effb41bf9f4b7ebd8d79641604b69a10323837e09474
01096,12,True,B2_W200,0.3487693576,0.0982319992,6,0,158,172.9003984,EXP-001,ds_16b6be697acb,ds_aa8808303afa,1465af7161a9053ca7df7d4d04572789911a5480,e41f63ef47ea066f14e5effb41bf9f4b7ebd8d79641604b69a10323837e09474
01097,12,True,B2_W200,0.3551560734,0.09944811843,6,0,139,172.9099602,EXP-001,ds_16b6be697acb,ds_aa8808303afa,1465af7161a9053ca7df7d4d04572789911a5480,e41f63ef47ea066f14e5effb41bf9f4b7ebd8d79641604b69a10323837e09474
01098,12,True,B2_W200,0.3566143049,0.09980745472,6,0,120,173.0964143,EXP-001,ds_16b6be697acb,ds_aa8808303afa,1465af7161a9053ca7df7d4d04572789911a5480,e41f63ef47ea066f14e5effb41bf9f4b7ebd8d79641604b69a10323837e09474
01099,12,True,B2_W200,0.3315170183,0.09458447269,6,0,237,172.9434263,EXP-001,ds_16b6be697acb,ds_aa8808303afa,1465af7161a9053ca7df7d4d04572789911a5480,e41f63ef47ea066f14e5effb41bf9f4b7ebd8d79641604b69a10323837e09474
01100,12,True,B2_W200,0.336407198,0.09580724115,6,0,210,173.0486056,EXP-001,ds_16b6be697acb,ds_aa8808303afa,1465af7161a9053ca7df7d4d04572789911a5480,e41f63ef47ea066f14e5effb41bf9f4b7ebd8d79641604b69a10323837e09474
01101,13,True,B2_W200,0.3605074004,0.09999127864,6,0,145,173.3976096,EXP-001,ds_16b6be697acb,ds_aa8808303afa,1465af7161a9053ca7df7d4d04572789911a5480,e41f63ef47ea066f14e5effb41bf9f4b7ebd8d79641604b69a10323837e09474
01102,13,True,B2_W200,0.3417563936,0.09684452339,6,0,195,173.1920319,EXP-001,ds_16b6be697acb,ds_aa8808303afa,1465af7161a9053ca7df7d4d04572789911a5480,e41f63ef47ea066f14e5effb41bf9f4b7ebd8d79641604b69a10323837e09474
01103,13,True,B2_W200,0.3547902473,0.09927842415,6,0,159,173.2780876,EXP-001,ds_16b6be697acb,ds_aa8808303afa,1465af7161a9053ca7df7d4d04572789911a5480,e41f63ef47ea066f14e5effb41bf9f4b7ebd8d79641604b69a10323837e09474
01104,13,True,B2_W200,0.3513503687,0.09874773128,6,0,191,172.8430279,EXP-001,ds_16b6be697acb,ds_aa8808303afa,1465af7161a9053ca7df7d4d04572789911a5480,e41f63ef47ea066f14e5effb41bf9f4b7ebd8d79641604b69a10323837e09474
01105,13,True,B2_W200,0.3519815561,0.09875354937,6,0,169,173.0103586,EXP-001,ds_16b6be697acb,ds_aa8808303afa,1465af7161a9053ca7df7d4d04572789911a5480,e41f63ef47ea066f14e5effb41bf9f4b7ebd8d79641604b69a10323837e09474
01106,13,True,B2_W200,0.3618415065,0.0999713309,6,0,176,172.9960159,EXP-001,ds_16b6be697acb,ds_aa8808303afa,1465af7161a9053ca7df7d4d04572789911a5480,e41f63ef47ea066f14e5effb41bf9f4b7ebd8d79641604b69a10323837e09474
01107,13,True,B2_W200,0.3680092611,0.1006717181,6,0,131,173.0868526,EXP-001,ds_16b6be697acb,ds_aa8808303afa,1465af7161a9053ca7df7d4d04572789911a5480,e41f63ef47ea066f14e5effb41bf9f4b7ebd8d79641604b69a10323837e09474
01108,13,True,B2_W200,0.3444535051,0.0968237445,6,0,138,172.7091633,EXP-001,ds_16b6be697acb,ds_aa8808303afa,1465af7161a9053ca7df7d4d04572789911a5480,e41f63ef47ea066f14e5effb41bf9f4b7ebd8d79641604b69a10323837e09474
01109,13,True,B2_W200,0.3502825517,0.0985630762,6,0,225,172.7330677,EXP-001,ds_16b6be697acb,ds_aa8808303afa,1465af7161a9053ca7df7d4d04572789911a5480,e41f63ef47ea066f14e5effb41bf9f4b7ebd8d79641604b69a10323837e09474
01110,13,True,B2_W200,0.343112934,0.09715814612,6,0,188,172.7378486,EXP-001,ds_16b6be697acb,ds_aa8808303afa,1465af7161a9053ca7df7d4d04572789911a5480,e41f63ef47ea066f14e5effb41bf9f4b7ebd8d79641604b69a10323837e09474
01111,13,True,B2_W200,0.3499284299,0.0978635202,6,0,160,172.9864542,EXP-001,ds_16b6be697acb,ds_aa8808303afa,1465af7161a9053ca7df7d4d04572789911a5480,e41f63ef47ea066f14e5effb41bf9f4b7ebd8d79641604b69a10323837e09474
01112,13,True,B2_W200,0.3444621096,0.09751748241,6,0,172,172.9912351,EXP-001,ds_16b6be697acb,ds_aa8808303afa,1465af7161a9053ca7df7d4d04572789911a5480,e41f63ef47ea066f14e5effb41bf9f4b7ebd8d79641604b69a10323837e09474
01113,13,True,B2_W200,0.3363524571,0.09578479995,6,0,215,173.0964143,EXP-001,ds_16b6be697acb,ds_aa8808303afa,1465af7161a9053ca7df7d4d04572789911a5480,e41f63ef47ea066f14e5effb41bf9f4b7ebd8d79641604b69a10323837e09474
01114,13,True,B2_W200,0.3480739186,0.0977037998,6,0,198,173.4645418,EXP-001,ds_16b6be697acb,ds_aa8808303afa,1465af7161a9053ca7df7d4d04572789911a5480,e41f63ef47ea066f14e5effb41bf9f4b7ebd8d79641604b69a10323837e09474
01115,13,True,B2_W200,0.3345341859,0.0954229702,6,0,156,173.2494024,EXP-001,ds_16b6be697acb,ds_aa8808303afa,1465af7161a9053ca7df7d4d04572789911a5480,e41f63ef47ea066f14e5effb41bf9f4b7ebd8d79641604b69a10323837e09474
01116,13,True,B2_W200,0.3431008928,0.09682291334,6,0,201,173.3498008,EXP-001,ds_16b6be697acb,ds_aa8808303afa,1465af7161a9053ca7df7d4d04572789911a5480,e41f63ef47ea066f14e5effb41bf9f4b7ebd8d79641604b69a10323837e09474
01117,13,True,B2_W200,0.335594275,0.09544707371,6,0,179,173.4167331,EXP-001,ds_16b6be697acb,ds_aa8808303afa,1465af7161a9053ca7df7d4d04572789911a5480,e41f63ef47ea066f14e5effb41bf9f4b7ebd8d79641604b69a10323837e09474
01118,13,True,B2_W200,0.3469404482,0.09753659899,6,0,150,173.2398406,EXP-001,ds_16b6be697acb,ds_aa8808303afa,1465af7161a9053ca7df7d4d04572789911a5480,e41f63ef47ea066f14e5effb41bf9f4b7ebd8d79641604b69a10323837e09474
01119,13,True,B2_W200,0.3656475599,0.1004903876,6,0,160,173.1250996,EXP-001,ds_16b6be697acb,ds_aa8808303afa,1465af7161a9053ca7df7d4d04572789911a5480,e41f63ef47ea066f14e5effb41bf9f4b7ebd8d79641604b69a10323837e09474
01120,13,True,B2_W200,0.3296408711,0.0940296763,6,0,150,173.0964143,EXP-001,ds_16b6be697acb,ds_aa8808303afa,1465af7161a9053ca7df7d4d04572789911a5480,e41f63ef47ea066f14e5effb41bf9f4b7ebd8d79641604b69a10323837e09474
01121,13,True,B2_W200,0.3488184998,0.09821870071,6,0,202,173.2398406,EXP-001,ds_16b6be697acb,ds_aa8808303afa,1465af7161a9053ca7df7d4d04572789911a5480,e41f63ef47ea066f14e5effb41bf9f4b7ebd8d79641604b69a10323837e09474
01122,13,True,B2_W200,0.3441823695,0.09735194391,6,0,196,173.650996,EXP-001,ds_16b6be697acb,ds_aa8808303afa,1465af7161a9053ca7df7d4d04572789911a5480,e41f63ef47ea066f14e5effb41bf9f4b7ebd8d79641604b69a10323837e09474
01123,13,True,B2_W200,0.3504488078,0.09855725811,6,0,145,173.8039841,EXP-001,ds_16b6be697acb,ds_aa8808303afa,1465af7161a9053ca7df7d4d04572789911a5480,e41f63ef47ea066f14e5effb41bf9f4b7ebd8d79641604b69a10323837e09474
01124,13,True,B2_W200,0.3526306604,0.09872279661,6,0,204,173.6557769,EXP-001,ds_16b6be697acb,ds_aa8808303afa,1465af7161a9053ca7df7d4d04572789911a5480,e41f63ef47ea066f14e5effb41bf9f4b7ebd8d79641604b69a10323837e09474
01125,13,True,B2_W200,0.3475533299,0.09801659137,6,0,121,173.9521912,EXP-001,ds_16b6be697acb,ds_aa8808303afa,1465af7161a9053ca7df7d4d04572789911a5480,e41f63ef47ea066f14e5effb41bf9f4b7ebd8d79641604b69a10323837e09474
01126,13,True,B2_W200,0.3502021772,0.09818794795,6,0,97,173.4454183,EXP-001,ds_16b6be697acb,ds_aa8808303afa,1465af7161a9053ca7df7d4d04572789911a5480,e41f63ef47ea066f14e5effb41bf9f4b7ebd8d79641604b69a10323837e09474
01127,13,True,B2_W200,0.3694374917,0.1014844497,6,0,180,172.952988,EXP-001,ds_16b6be697acb,ds_aa8808303afa,1465af7161a9053ca7df7d4d04572789911a5480,e41f63ef47ea066f14e5effb41bf9f4b7ebd8d79641604b69a10323837e09474
01128,13,True,B2_W200,0.3367634807,0.09572828137,6,0,200,173.1537849,EXP-001,ds_16b6be697acb,ds_aa8808303afa,1465af7161a9053ca7df7d4d04572789911a5480,e41f63ef47ea066f14e5effb41bf9f4b7ebd8d79641604b69a10323837e09474
01129,13,True,B2_W200,0.3606145434,0.09974511804,6,0,165,173.2398406,EXP-001,ds_16b6be697acb,ds_aa8808303afa,1465af7161a9053ca7df7d4d04572789911a5480,e41f63ef47ea066f14e5effb41bf9f4b7ebd8d79641604b69a10323837e09474
01130,13,True,B2_W200,0.3296833963,0.09416030626,6,0,191,173.1011952,EXP-001,ds_16b6be697acb,ds_aa8808303afa,1465af7161a9053ca7df7d4d04572789911a5480,e41f63ef47ea066f14e5effb41bf9f4b7ebd8d79641604b69a10323837e09474
01131,13,True,B2_W200,0.3384086805,0.09608844881,6,0,184,172.9243028,EXP-001,ds_16b6be697acb,ds_aa8808303afa,1465af7161a9053ca7df7d4d04572789911a5480,e41f63ef47ea066f14e5effb41bf9f4b7ebd8d79641604b69a10323837e09474
01132,13,True,B2_W200,0.3597669796,0.1002591878,6,0,211,173.0390438,EXP-001,ds_16b6be697acb,ds_aa8808303afa,1465af7161a9053ca7df7d4d04572789911a5480,e41f63ef47ea066f14e5effb41bf9f4b7ebd8d79641604b69a10323837e09474
01133,13,True,B2_W200,0.3403758326,0.09658838893,6,0,171,172.8334661,EXP-001,ds_16b6be697acb,ds_aa8808303afa,1465af7161a9053ca7df7d4d04572789911a5480,e41f63ef47ea066f14e5effb41bf9f4b7ebd8d79641604b69a10323837e09474
01134,13,True,B2_W200,0.3509949966,0.09848910335,6,0,140,172.5800797,EXP-001,ds_16b6be697acb,ds_aa8808303afa,1465af7161a9053ca7df7d4d04572789911a5480,e41f63ef47ea066f14e5effb41bf9f4b7ebd8d79641604b69a10323837e09474
01135,13,True,B2_W200,0.3595945574,0.09986743645,6,0,173,172.3266932,EXP-001,ds_16b6be697acb,ds_aa8808303afa,1465af7161a9053ca7df7d4d04572789911a5480,e41f63ef47ea066f14e5effb41bf9f4b7ebd8d79641604b69a10323837e09474
01136,13,True,B2_W200,0.3498045283,0.09828948747,6,0,95,172.1115538,EXP-001,ds_16b6be697acb,ds_aa8808303afa,1465af7161a9053ca7df7d4d04572789911a5480,e41f63ef47ea066f14e5effb41bf9f4b7ebd8d79641604b69a10323837e09474
01137,13,True,B2_W200,0.3468873741,0.09776627499,6,0,212,171.752988,EXP-001,ds_16b6be697acb,ds_aa8808303afa,1465af7161a9053ca7df7d4d04572789911a5480,e41f63ef47ea066f14e5effb41bf9f4b7ebd8d79641604b69a10323837e09474
01138,13,True,B2_W200,0.3401019253,0.09656511657,6,0,173,171.7864542,EXP-001,ds_16b6be697acb,ds_aa8808303afa,1465af7161a9053ca7df7d4d04572789911a5480,e41f63ef47ea066f14e5effb41bf9f4b7ebd8d79641604b69a10323837e09474
01139,13,True,B2_W200,0.352644082,0.09884012808,6,0,123,171.910757,EXP-001,ds_16b6be697acb,ds_aa8808303afa,1465af7161a9053ca7df7d4d04572789911a5480,e41f63ef47ea066f14e5effb41bf9f4b7ebd8d79641604b69a10323837e09474
01140,13,True,B2_W200,0.3426896062,0.09692860864,6,0,192,171.7386454,EXP-001,ds_16b6be697acb,ds_aa8808303afa,1465af7161a9053ca7df7d4d04572789911a5480,e41f63ef47ea066f14e5effb41bf9f4b7ebd8d79641604b69a10323837e09474
01141,13,True,B2_W200,0.3429206587,0.09709830291,6,0,139,171.6956175,EXP-001,ds_16b6be697acb,ds_aa8808303afa,1465af7161a9053ca7df7d4d04572789911a5480,e41f63ef47ea066f14e5effb41bf9f4b7ebd8d79641604b69a10323837e09474
01142,13,True,B2_W200,0.3452283461,0.0969236217,6,0,182,171.4613546,EXP-001,ds_16b6be697acb,ds_aa8808303afa,1465af7161a9053ca7df7d4d04572789911a5480,e41f63ef47ea066f14e5effb41bf9f4b7ebd8d79641604b69a10323837e09474
01143,13,True,B2_W200,0.3406158515,0.09641121425,6,0,201,171.4613546,EXP-001,ds_16b6be697acb,ds_aa8808303afa,1465af7161a9053ca7df7d4d04572789911a5480,e41f63ef47ea066f14e5effb41bf9f4b7ebd8d79641604b69a10323837e09474
01144,13,True,B2_W200,0.3320085605,0.09468351873,6,0,216,171.8103586,EXP-001,ds_16b6be697acb,ds_aa8808303afa,1465af7161a9053ca7df7d4d04572789911a5480,e41f63ef47ea066f14e5effb41bf9f4b7ebd8d79641604b69a10323837e09474
01145,13,True,B2_W200,0.352444974,0.09834766836,6,0,151,171.9824701,EXP-001,ds_16b6be697acb,ds_aa8808303afa,1465af7161a9053ca7df7d4d04572789911a5480,e41f63ef47ea066f14e5effb41bf9f4b7ebd8d79641604b69a10323837e09474
01146,13,True,B2_W200,0.3322332696,0.09451133099,6,0,185,171.7386454,EXP-001,ds_16b6be697acb,ds_aa8808303afa,1465af7161a9053ca7df7d4d04572789911a5480,e41f63ef47ea066f14e5effb41bf9f4b7ebd8d79641604b69a10323837e09474
01147,13,True,B2_W200,0.3311218465,0.09451714908,6,0,211,171.6860558,EXP-001,ds_16b6be697acb,ds_aa8808303afa,1465af7161a9053ca7df7d4d04572789911a5480,e41f63ef47ea066f14e5effb41bf9f4b7ebd8d79641604b69a10323837e09474
01148,13,True,B2_W200,0.3392042701,0.09643947354,6,0,188,171.8151394,EXP-001,ds_16b6be697acb,ds_aa8808303afa,1465af7161a9053ca7df7d4d04572789911a5480,e41f63ef47ea066f14e5effb41bf9f4b7ebd8d79641604b69a10323837e09474
01149,13,True,B2_W200,0.3543613255,0.09887669893,6,0,202,171.8772908,EXP-001,ds_16b6be697acb,ds_aa8808303afa,1465af7161a9053ca7df7d4d04572789911a5480,e41f63ef47ea066f14e5effb41bf9f4b7ebd8d79641604b69a10323837e09474
01150,13,True,B2_W200,0.333603837,0.09521504276,6,0,124,171.9059761,EXP-001,ds_16b6be697acb,ds_aa8808303afa,1465af7161a9053ca7df7d4d04572789911a5480,e41f63ef47ea066f14e5effb41bf9f4b7ebd8d79641604b69a10323837e09474
01151,14,True,B2_W200,0.3542888228,0.09923852868,6,0,148,171.6047809,EXP-001,ds_16b6be697acb,ds_aa8808303afa,1465af7161a9053ca7df7d4d04572789911a5480,e41f63ef47ea066f14e5effb41bf9f4b7ebd8d79641604b69a10323837e09474
01152,14,True,B2_W200,0.3274672467,0.09367532694,6,0,250,171.5952191,EXP-001,ds_16b6be697acb,ds_aa8808303afa,1465af7161a9053ca7df7d4d04572789911a5480,e41f63ef47ea066f14e5effb41bf9f4b7ebd8d79641604b69a10323837e09474
01153,14,True,B2_W200,0.3417034983,0.09613665584,6,0,180,172.1976096,EXP-001,ds_16b6be697acb,ds_aa8808303afa,1465af7161a9053ca7df7d4d04572789911a5480,e41f63ef47ea066f14e5effb41bf9f4b7ebd8d79641604b69a10323837e09474
01154,14,True,B2_W200,0.3431815783,0.09702336038,6,0,167,171.9537849,EXP-001,ds_16b6be697acb,ds_aa8808303afa,1465af7161a9053ca7df7d4d04572789911a5480,e41f63ef47ea066f14e5effb41bf9f4b7ebd8d79641604b69a10323837e09474
01155,14,True,B2_W200,0.345121621,0.09737189164,6,0,101,171.9633466,EXP-001,ds_16b6be697acb,ds_aa8808303afa,1465af7161a9053ca7df7d4d04572789911a5480,e41f63ef47ea066f14e5effb41bf9f4b7ebd8d79641604b69a10323837e09474
01156,14,True,B2_W200,0.3549413828,0.09892573711,6,0,102,171.6334661,EXP-001,ds_16b6be697acb,ds_aa8808303afa,1465af7161a9053ca7df7d4d04572789911a5480,e41f63ef47ea066f14e5effb41bf9f4b7ebd8d79641604b69a10323837e09474
01157,14,True,B2_W200,0.3465157599,0.09789094834,6,0,162,171.5904382,EXP-001,ds_16b6be697acb,ds_aa8808303afa,1465af7161a9053ca7df7d4d04572789911a5480,e41f63ef47ea066f14e5effb41bf9f4b7ebd8d79641604b69a10323837e09474
01158,14,True,B2_W200,0.3537383817,0.09858468625,6,0,187,171.8868526,EXP-001,ds_16b6be697acb,ds_aa8808303afa,1465af7161a9053ca7df7d4d04572789911a5480,e41f63ef47ea066f14e5effb41bf9f4b7ebd8d79641604b69a10323837e09474
01159,14,True,B2_W200,0.3599706222,0.1003331607,6,0,187,172.1641434,EXP-001,ds_16b6be697acb,ds_aa8808303afa,1465af7161a9053ca7df7d4d04572789911a5480,e41f63ef47ea066f14e5effb41bf9f4b7ebd8d79641604b69a10323837e09474
01160,14,True,B2_W200,0.3332132928,0.09493715973,6,0,156,172.6326693,EXP-001,ds_16b6be697acb,ds_aa8808303afa,1465af7161a9053ca7df7d4d04572789911a5480,e41f63ef47ea066f14e5effb41bf9f4b7ebd8d79641604b69a10323837e09474
01161,14,True,B2_W200,0.3324990527,0.09494879591,6,0,225,172.647012,EXP-001,ds_16b6be697acb,ds_aa8808303afa,1465af7161a9053ca7df7d4d04572789911a5480,e41f63ef47ea066f14e5effb41bf9f4b7ebd8d79641604b69a10323837e09474
01162,14,True,B2_W200,0.3590123373,0.09966269511,6,0,140,172.8812749,EXP-001,ds_16b6be697acb,ds_aa8808303afa,1465af7161a9053ca7df7d4d04572789911a5480,e41f63ef47ea066f14e5effb41bf9f4b7ebd8d79641604b69a10323837e09474
01163,14,True,B2_W200,0.3331193323,0.09513843792,6,0,189,172.9721116,EXP-001,ds_16b6be697acb,ds_aa8808303afa,1465af7161a9053ca7df7d4d04572789911a5480,e41f63ef47ea066f14e5effb41bf9f4b7ebd8d79641604b69a10323837e09474
01164,14,True,B2_W200,0.3277999021,0.09375761135,6,0,206,172.7474104,EXP-001,ds_16b6be697acb,ds_aa8808303afa,1465af7161a9053ca7df7d4d04572789911a5480,e41f63ef47ea066f14e5effb41bf9f4b7ebd8d79641604b69a10323837e09474
01165,14,True,B2_W200,0.3554361801,0.09934408545,6,0,174,172.8956175,EXP-001,ds_16b6be697acb,ds_aa8808303afa,1465af7161a9053ca7df7d4d04572789911a5480,e41f63ef47ea066f14e5effb41bf9f4b7ebd8d79641604b69a10323837e09474
01166,14,True,B2_W200,0.3612682104,0.1000137198,6,0,153,172.9290837,EXP-001,ds_16b6be697acb,ds_aa8808303afa,1465af7161a9053ca7df7d4d04572789911a5480,e41f63ef47ea066f14e5effb41bf9f4b7ebd8d79641604b69a10323837e09474
01167,14,True,B2_W200,0.3505659623,0.09862790634,6,0,223,173.0342629,EXP-001,ds_16b6be697acb,ds_aa8808303afa,1465af7161a9053ca7df7d4d04572789911a5480,e41f63ef47ea066f14e5effb41bf9f4b7ebd8d79641604b69a10323837e09474
01168,14,True,B2_W200,0.3555914989,0.09916109268,6,0,171,173.2111554,EXP-001,ds_16b6be697acb,ds_aa8808303afa,1465af7161a9053ca7df7d4d04572789911a5480,e41f63ef47ea066f14e5effb41bf9f4b7ebd8d79641604b69a10323837e09474
01169,14,True,B2_W200,0.3454296435,0.09759228641,6,0,200,173.3163347,EXP-001,ds_16b6be697acb,ds_aa8808303afa,1465af7161a9053ca7df7d4d04572789911a5480,e41f63ef47ea066f14e5effb41bf9f4b7ebd8d79641604b69a10323837e09474
01170,14,True,B2_W200,0.3564727356,0.09950962395,6,0,152,173.6318725,EXP-001,ds_16b6be697acb,ds_aa8808303afa,1465af7161a9053ca7df7d4d04572789911a5480,e41f63ef47ea066f14e5effb41bf9f4b7ebd8d79641604b69a10323837e09474
01171,14,True,B2_W200,0.3575251398,0.09948884505,6,0,177,173.5027888,EXP-001,ds_16b6be697acb,ds_aa8808303afa,1465af7161a9053ca7df7d4d04572789911a5480,e41f63ef47ea066f14e5effb41bf9f4b7ebd8d79641604b69a10323837e09474
01172,14,True,B2_W200,0.3387766843,0.09600270126,6,0,227,173.6605578,EXP-001,ds_16b6be697acb,ds_aa8808303afa,1465af7161a9053ca7df7d4d04572789911a5480,e41f63ef47ea066f14e5effb41bf9f4b7ebd8d79641604b69a10323837e09474
01173,14,True,B2_W200,0.3313242446,0.09480237399,6,0,180,174.0239044,EXP-001,ds_16b6be697acb,ds_aa8808303afa,1465af7161a9053ca7df7d4d04572789911a5480,e41f63ef47ea066f14e5effb41bf9f4b7ebd8d79641604b69a10323837e09474
01174,14,True,B2_W200,0.3410149283,0.09654918609,6,0,181,173.8565737,EXP-001,ds_16b6be697acb,ds_aa8808303afa,1465af7161a9053ca7df7d4d04572789911a5480,e41f63ef47ea066f14e5effb41bf9f4b7ebd8d79641604b69a10323837e09474
01175,14,True,B2_W200,0.3375894654,0.09585212356,6,0,179,173.5936255,EXP-001,ds_16b6be697acb,ds_aa8808303afa,1465af7161a9053ca7df7d4d04572789911a5480,e41f63ef47ea066f14e5effb41bf9f4b7ebd8d79641604b69a10323837e09474
01176,14,True,B2_W200,0.3597549553,0.1002008684,6,0,170,173.7944223,EXP-001,ds_16b6be697acb,ds_aa8808303afa,1465af7161a9053ca7df7d4d04572789911a5480,e41f63ef47ea066f14e5effb41bf9f4b7ebd8d79641604b69a10323837e09474
01177,14,True,B2_W200,0.3467489568,0.09793499959,6,0,173,173.5792829,EXP-001,ds_16b6be697acb,ds_aa8808303afa,1465af7161a9053ca7df7d4d04572789911a5480,e41f63ef47ea066f14e5effb41bf9f4b7ebd8d79641604b69a10323837e09474
01178,14,True,B2_W200,0.321925196,0.09271035525,6,0,169,173.5601594,EXP-001,ds_16b6be697acb,ds_aa8808303afa,1465af7161a9053ca7df7d4d04572789911a5480,e41f63ef47ea066f14e5effb41bf9f4b7ebd8d79641604b69a10323837e09474
01179,14,True,B2_W200,0.3569881232,0.09952624706,6,0,154,173.7083665,EXP-001,ds_16b6be697acb,ds_aa8808303afa,1465af7161a9053ca7df7d4d04572789911a5480,e41f63ef47ea066f14e5effb41bf9f4b7ebd8d79641604b69a10323837e09474
01180,14,True,B2_W200,0.339163023,0.09620813522,6,0,201,173.3593625,EXP-001,ds_16b6be697acb,ds_aa8808303afa,1465af7161a9053ca7df7d4d04572789911a5480,e41f63ef47ea066f14e5effb41bf9f4b7ebd8d79641604b69a10323837e09474
01181,14,True,B2_W200,0.3446158702,0.09674049041,6,0,144,173.5697211,EXP-001,ds_16b6be697acb,ds_aa8808303afa,1465af7161a9053ca7df7d4d04572789911a5480,e41f63ef47ea066f14e5effb41bf9f4b7ebd8d79641604b69a10323837e09474
01182,14,True,B2_W200,0.3609748044,0.1004079647,6,0,165,173.07251,EXP-001,ds_16b6be697acb,ds_aa8808303afa,1465af7161a9053ca7df7d4d04572789911a5480,e41f63ef47ea066f14e5effb41bf9f4b7ebd8d79641604b69a10323837e09474
01183,14,True,B2_W200,0.3768865643,0.1028310604,6,0,131,172.8860558,EXP-001,ds_16b6be697acb,ds_aa8808303afa,1465af7161a9053ca7df7d4d04572789911a5480,e41f63ef47ea066f14e5effb41bf9f4b7ebd8d79641604b69a10323837e09474
01184,14,True,B2_W200,0.3579304637,0.09968014938,6,0,175,172.9721116,EXP-001,ds_16b6be697acb,ds_aa8808303afa,1465af7161a9053ca7df7d4d04572789911a5480,e41f63ef47ea066f14e5effb41bf9f4b7ebd8d79641604b69a10323837e09474
01185,14,True,B2_W200,0.349742136,0.0982826997,6,0,170,173.1824701,EXP-001,ds_16b6be697acb,ds_aa8808303afa,1465af7161a9053ca7df7d4d04572789911a5480,e41f63ef47ea066f14e5effb41bf9f4b7ebd8d79641604b69a10323837e09474
01186,14,True,B2_W200,0.3666846431,0.1010485086,6,0,150,173.0629482,EXP-001,ds_16b6be697acb,ds_aa8808303afa,1465af7161a9053ca7df7d4d04572789911a5480,e41f63ef47ea066f14e5effb41bf9f4b7ebd8d79641604b69a10323837e09474
01187,14,True,B2_W200,0.3423506251,0.09686031535,6,0,177,172.838247,EXP-001,ds_16b6be697acb,ds_aa8808303afa,1465af7161a9053ca7df7d4d04572789911a5480,e41f63ef47ea066f14e5effb41bf9f4b7ebd8d79641604b69a10323837e09474
01188,14,True,B2_W200,0.3560657042,0.09894319138,6,0,155,172.6326693,EXP-001,ds_16b6be697acb,ds_aa8808303afa,1465af7161a9053ca7df7d4d04572789911a5480,e41f63ef47ea066f14e5effb41bf9f4b7ebd8d79641604b69a10323837e09474
01189,14,True,B2_W200,0.3435957719,0.09719056119,6,0,182,172.450996,EXP-001,ds_16b6be697acb,ds_aa8808303afa,1465af7161a9053ca7df7d4d04572789911a5480,e41f63ef47ea066f14e5effb41bf9f4b7ebd8d79641604b69a10323837e09474
01190,14,True,B2_W200,0.3648595706,0.1008347631,6,0,175,172.374502,EXP-001,ds_16b6be697acb,ds_aa8808303afa,1465af7161a9053ca7df7d4d04572789911a5480,e41f63ef47ea066f14e5effb41bf9f4b7ebd8d79641604b69a10323837e09474
