period,draw_first,draw_last,n_draws,config,metric,value,ci_lo,ci_hi,validation_exposed,selection_biased,experiment_id,analysis_version,source_dataset_version,code_version,spec_sha256
fold_01,00501,00550,50,B0,ll,0.3446104320908522,0.3446104321,0.3446104321,True,False,EXP-001,ds_16b6be697acb,ds_aa8808303afa,1465af7161a9053ca7df7d4d04572789911a5480,e41f63ef47ea066f14e5effb41bf9f4b7ebd8d79641604b69a10323837e09474
fold_01,00501,00550,50,B0,brier,0.09719008264462808,0.09719008264,0.09719008264,True,False,EXP-001,ds_16b6be697acb,ds_aa8808303afa,1465af7161a9053ca7df7d4d04572789911a5480,e41f63ef47ea066f14e5effb41bf9f4b7ebd8d79641604b69a10323837e09474
fold_01,00501,00550,50,B0,ece,3.7192471324942744e-15,3.719247132e-15,3.719247132e-15,True,False,EXP-001,ds_16b6be697acb,ds_aa8808303afa,1465af7161a9053ca7df7d4d04572789911a5480,e41f63ef47ea066f14e5effb41bf9f4b7ebd8d79641604b69a10323837e09474
fold_01,00501,00550,50,B0,ece_n_bins,1,,,True,False,EXP-001,ds_16b6be697acb,ds_aa8808303afa,1465af7161a9053ca7df7d4d04572789911a5480,e41f63ef47ea066f14e5effb41bf9f4b7ebd8d79641604b69a10323837e09474
fold_01,00501,00550,50,B0,sum_p_mean,6.000000000000001,,,True,False,EXP-001,ds_16b6be697acb,ds_aa8808303afa,1465af7161a9053ca7df7d4d04572789911a5480,e41f63ef47ea066f14e5effb41bf9f4b7ebd8d79641604b69a10323837e09474
fold_01,00501,00550,50,B0,sum_p_min,6.000000000000002,,,True,False,EXP-001,ds_16b6be697acb,ds_aa8808303afa,1465af7161a9053ca7df7d4d04572789911a5480,e41f63ef47ea066f14e5effb41bf9f4b7ebd8d79641604b69a10323837e09474
fold_01,00501,00550,50,B0,sum_p_max,6.000000000000002,,,True,False,EXP-001,ds_16b6be697acb,ds_aa8808303afa,1465af7161a9053ca7df7d4d04572789911a5480,e41f63ef47ea066f14e5effb41bf9f4b7ebd8d79641604b69a10323837e09474
fold_01,00501,00550,50,B0,n_clipped,0,0,0,True,False,EXP-001,ds_16b6be697acb,ds_aa8808303afa,1465af7161a9053ca7df7d4d04572789911a5480,e41f63ef47ea066f14e5effb41bf9f4b7ebd8d79641604b69a10323837e09474
fold_01,00501,00550,50,B0,sum_mae,26.6,20.14,33.62,True,False,EXP-001,ds_16b6be697acb,ds_aa8808303afa,1465af7161a9053ca7df7d4d04572789911a5480,e41f63ef47ea066f14e5effb41bf9f4b7ebd8d79641604b69a10323837e09474
fold_01,00501,00550,50,B0,sum_rmse,34.560671289776764,25.49861761,42.65284867,True,False,EXP-001,ds_16b6be697acb,ds_aa8808303afa,1465af7161a9053ca7df7d4d04572789911a5480,e41f63ef47ea066f14e5effb41bf9f4b7ebd8d79641604b69a10323837e09474
fold_01,00501,00550,50,B0,set_level_ls,17.182450290072666,,,True,False,EXP-001,ds_16b6be697acb,ds_aa8808303afa,1465af7161a9053ca7df7d4d04572789911a5480,e41f63ef47ea066f14e5effb41bf9f4b7ebd8d79641604b69a10323837e09474
fold_01,00501,00550,50,B0,delta_ll_vs_b0,0.0,0,0,True,False,EXP-001,ds_16b6be697acb,ds_aa8808303afa,1465af7161a9053ca7df7d4d04572789911a5480,e41f63ef47ea066f14e5effb41bf9f4b7ebd8d79641604b69a10323837e09474
fold_01,00501,00550,50,B0,delta_brier_vs_b0,0.0,0,0,True,False,EXP-001,ds_16b6be697acb,ds_aa8808303afa,1465af7161a9053ca7df7d4d04572789911a5480,e41f63ef47ea066f14e5effb41bf9f4b7ebd8d79641604b69a10323837e09474
fold_01,00501,00550,50,B0,delta_sum_mae_vs_b0,0.0,0,0,True,False,EXP-001,ds_16b6be697acb,ds_aa8808303afa,1465af7161a9053ca7df7d4d04572789911a5480,e41f63ef47ea066f14e5effb41bf9f4b7ebd8d79641604b69a10323837e09474
fold_01,00501,00550,50,B0,delta_sum_rmse_vs_b0,0.0,0,0,True,False,EXP-001,ds_16b6be697acb,ds_aa8808303afa,1465af7161a9053ca7df7d4d04572789911a5480,e41f63ef47ea066f14e5effb41bf9f4b7ebd8d79641604b69a10323837e09474
fold_01,00501,00550,50,B1,ll,0.344935516898016,0.3438357835,0.3459971915,True,False,EXP-001,ds_16b6be697acb,ds_aa8808303afa,1465af7161a9053ca7df7d4d04572789911a5480,e41f63ef47ea066f14e5effb41bf9f4b7ebd8d79641604b69a10323837e09474
fold_01,00501,00550,50,B1,brier,0.09726540211677083,0.09705575735,0.0974667131,True,False,EXP-001,ds_16b6be697acb,ds_aa8808303afa,1465af7161a9053ca7df7d4d04572789911a5480,e41f63ef47ea066f14e5effb41bf9f4b7ebd8d79641604b69a10323837e09474
fold_01,00501,00550,50,B1,ece,0.020897331105913693,0.01743335763,0.03133346686,True,False,EXP-001,ds_16b6be697acb,ds_aa8808303afa,1465af7161a9053ca7df7d4d04572789911a5480,e41f63ef47ea066f14e5effb41bf9f4b7ebd8d79641604b69a10323837e09474
fold_01,00501,00550,50,B1,ece_n_bins,10,,,True,False,EXP-001,ds_16b6be697acb,ds_aa8808303afa,1465af7161a9053ca7df7d4d04572789911a5480,e41f63ef47ea066f14e5effb41bf9f4b7ebd8d79641604b69a10323837e09474
fold_01,00501,00550,50,B1,sum_p_mean,6.0,,,True,False,EXP-001,ds_16b6be697acb,ds_aa8808303afa,1465af7161a9053ca7df7d4d04572789911a5480,e41f63ef47ea066f14e5effb41bf9f4b7ebd8d79641604b69a10323837e09474
fold_01,00501,00550,50,B1,sum_p_min,5.999999999999998,,,True,False,EXP-001,ds_16b6be697acb,ds_aa8808303afa,1465af7161a9053ca7df7d4d04572789911a5480,e41f63ef47ea066f14e5effb41bf9f4b7ebd8d79641604b69a10323837e09474
fold_01,00501,00550,50,B1,sum_p_max,6.000000000000002,,,True,False,EXP-001,ds_16b6be697acb,ds_aa8808303afa,1465af7161a9053ca7df7d4d04572789911a5480,e41f63ef47ea066f14e5effb41bf9f4b7ebd8d79641604b69a10323837e09474
fold_01,00501,00550,50,B1,n_clipped,0,0,0,True,False,EXP-001,ds_16b6be697acb,ds_aa8808303afa,1465af7161a9053ca7df7d4d04572789911a5480,e41f63ef47ea066f14e5effb41bf9f4b7ebd8d79641604b69a10323837e09474
fold_01,00501,00550,50,B1,sum_mae,26.53162022527993,19.99825667,33.63172736,True,False,EXP-001,ds_16b6be697acb,ds_aa8808303afa,1465af7161a9053ca7df7d4d04572789911a5480,e41f63ef47ea066f14e5effb41bf9f4b7ebd8d79641604b69a10323837e09474
fold_01,00501,00550,50,B1,sum_rmse,34.570251906439154,25.42278966,42.71012728,True,False,EXP-001,ds_16b6be697acb,ds_aa8808303afa,1465af7161a9053ca7df7d4d04572789911a5480,e41f63ef47ea066f14e5effb41bf9f4b7ebd8d79641604b69a10323837e09474
fold_01,00501,00550,50,B1,set_level_ls,NA (marginal-only),,,True,False,EXP-001,ds_16b6be697acb,ds_aa8808303afa,1465af7161a9053ca7df7d4d04572789911a5480,e41f63ef47ea066f14e5effb41bf9f4b7ebd8d79641604b69a10323837e09474
fold_01,00501,00550,50,B1,delta_ll_vs_b0,0.0003250848071638224,-0.0007746485884,0.001386759447,True,False,EXP-001,ds_16b6be697acb,ds_aa8808303afa,1465af7161a9053ca7df7d4d04572789911a5480,e41f63ef47ea066f14e5effb41bf9f4b7ebd8d79641604b69a10323837e09474
fold_01,00501,00550,50,B1,delta_brier_vs_b0,7.531947214273638e-05,-0.0001343252996,0.0002766304592,True,False,EXP-001,ds_16b6be697acb,ds_aa8808303afa,1465af7161a9053ca7df7d4d04572789911a5480,e41f63ef47ea066f14e5effb41bf9f4b7ebd8d79641604b69a10323837e09474
fold_01,00501,00550,50,B1,delta_sum_mae_vs_b0,-0.06837977472006684,-0.2413367358,0.1134898418,True,False,EXP-001,ds_16b6be697acb,ds_aa8808303afa,1465af7161a9053ca7df7d4d04572789911a5480,e41f63ef47ea066f14e5effb41bf9f4b7ebd8d79641604b69a10323837e09474
fold_01,00501,00550,50,B1,delta_sum_rmse_vs_b0,0.009580616662390185,-0.1849301706,0.179025025,True,False,EXP-001,ds_16b6be697acb,ds_aa8808303afa,1465af7161a9053ca7df7d4d04572789911a5480,e41f63ef47ea066f14e5effb41bf9f4b7ebd8d79641604b69a10323837e09474
fold_01,00501,00550,50,B2_W50,ll,0.35380547524764316,0.34992341,0.3577340269,True,False,EXP-001,ds_16b6be697acb,ds_aa8808303afa,1465af7161a9053ca7df7d4d04572789911a5480,e41f63ef47ea066f14e5effb41bf9f4b7ebd8d79641604b69a10323837e09474
fold_01,00501,00550,50,B2_W50,brier,0.09885411768949164,0.09813134075,0.09957065084,True,False,EXP-001,ds_16b6be697acb,ds_aa8808303afa,1465af7161a9053ca7df7d4d04572789911a5480,e41f63ef47ea066f14e5effb41bf9f4b7ebd8d79641604b69a10323837e09474
fold_01,00501,00550,50,B2_W50,ece,0.03295057618437876,0.02401003841,0.04408112676,True,False,EXP-001,ds_16b6be697acb,ds_aa8808303afa,1465af7161a9053ca7df7d4d04572789911a5480,e41f63ef47ea066f14e5effb41bf9f4b7ebd8d79641604b69a10323837e09474
fold_01,00501,00550,50,B2_W50,ece_n_bins,7,,,True,False,EXP-001,ds_16b6be697acb,ds_aa8808303afa,1465af7161a9053ca7df7d4d04572789911a5480,e41f63ef47ea066f14e5effb41bf9f4b7ebd8d79641604b69a10323837e09474
fold_01,00501,00550,50,B2_W50,sum_p_mean,5.999999999999999,,,True,False,EXP-001,ds_16b6be697acb,ds_aa8808303afa,1465af7161a9053ca7df7d4d04572789911a5480,e41f63ef47ea066f14e5effb41bf9f4b7ebd8d79641604b69a10323837e09474
fold_01,00501,00550,50,B2_W50,sum_p_min,5.999999999999998,,,True,False,EXP-001,ds_16b6be697acb,ds_aa8808303afa,1465af7161a9053ca7df7d4d04572789911a5480,e41f63ef47ea066f14e5effb41bf9f4b7ebd8d79641604b69a10323837e09474
fold_01,00501,00550,50,B2_W50,sum_p_max,5.999999999999999,,,True,False,EXP-001,ds_16b6be697acb,ds_aa8808303afa,1465af7161a9053ca7df7d4d04572789911a5480,e41f63ef47ea066f14e5effb41bf9f4b7ebd8d79641604b69a10323837e09474
fold_01,00501,00550,50,B2_W50,n_clipped,0,0,0,True,False,EXP-001,ds_16b6be697acb,ds_aa8808303afa,1465af7161a9053ca7df7d4d04572789911a5480,e41f63ef47ea066f14e5effb41bf9f4b7ebd8d79641604b69a10323837e09474
fold_01,00501,00550,50,B2_W50,sum_mae,26.803154929577467,20.38372676,33.72456761,True,False,EXP-001,ds_16b6be697acb,ds_aa8808303afa,1465af7161a9053ca7df7d4d04572789911a5480,e41f63ef47ea066f14e5effb41bf9f4b7ebd8d79641604b69a10323837e09474
fold_01,00501,00550,50,B2_W50,sum_rmse,34.68350361327822,25.71810673,42.66096172,True,False,EXP-001,ds_16b6be697acb,ds_aa8808303afa,1465af7161a9053ca7df7d4d04572789911a5480,e41f63ef47ea066f14e5effb41bf9f4b7ebd8d79641604b69a10323837e09474
fold_01,00501,00550,50,B2_W50,set_level_ls,NA (marginal-only),,,True,False,EXP-001,ds_16b6be697acb,ds_aa8808303afa,1465af7161a9053ca7df7d4d04572789911a5480,e41f63ef47ea066f14e5effb41bf9f4b7ebd8d79641604b69a10323837e09474
fold_01,00501,00550,50,B2_W50,delta_ll_vs_b0,0.009195043156790978,0.005312977918,0.01312359484,True,False,EXP-001,ds_16b6be697acb,ds_aa8808303afa,1465af7161a9053ca7df7d4d04572789911a5480,e41f63ef47ea066f14e5effb41bf9f4b7ebd8d79641604b69a10323837e09474
fold_01,00501,00550,50,B2_W50,delta_brier_vs_b0,0.0016640350448635503,0.0009412581067,0.0023805682,True,False,EXP-001,ds_16b6be697acb,ds_aa8808303afa,1465af7161a9053ca7df7d4d04572789911a5480,e41f63ef47ea066f14e5effb41bf9f4b7ebd8d79641604b69a10323837e09474
fold_01,00501,00550,50,B2_W50,delta_sum_mae_vs_b0,0.20315492957746756,-0.09735211268,0.6084591549,True,False,EXP-001,ds_16b6be697acb,ds_aa8808303afa,1465af7161a9053ca7df7d4d04572789911a5480,e41f63ef47ea066f14e5effb41bf9f4b7ebd8d79641604b69a10323837e09474
fold_01,00501,00550,50,B2_W50,delta_sum_rmse_vs_b0,0.12283232350145568,-0.137801225,0.4890302494,True,False,EXP-001,ds_16b6be697acb,ds_aa8808303afa,1465af7161a9053ca7df7d4d04572789911a5480,e41f63ef47ea066f14e5effb41bf9f4b7ebd8d79641604b69a10323837e09474
fold_01,00501,00550,50,B2_W100,ll,0.3502534908515451,0.3469734539,0.3534805689,True,False,EXP-001,ds_16b6be697acb,ds_aa8808303afa,1465af7161a9053ca7df7d4d04572789911a5480,e41f63ef47ea066f14e5effb41bf9f4b7ebd8d79641604b69a10323837e09474
fold_01,00501,00550,50,B2_W100,brier,0.09819933782201713,0.09757186492,0.09884263969,True,False,EXP-001,ds_16b6be697acb,ds_aa8808303afa,1465af7161a9053ca7df7d4d04572789911a5480,e41f63ef47ea066f14e5effb41bf9f4b7ebd8d79641604b69a10323837e09474
fold_01,00501,00550,50,B2_W100,ece,0.02832477446217898,0.02335483692,0.04126581541,True,False,EXP-001,ds_16b6be697acb,ds_aa8808303afa,1465af7161a9053ca7df7d4d04572789911a5480,e41f63ef47ea066f14e5effb41bf9f4b7ebd8d79641604b69a10323837e09474
fold_01,00501,00550,50,B2_W100,ece_n_bins,10,,,True,False,EXP-001,ds_16b6be697acb,ds_aa8808303afa,1465af7161a9053ca7df7d4d04572789911a5480,e41f63ef47ea066f14e5effb41bf9f4b7ebd8d79641604b69a10323837e09474
fold_01,00501,00550,50,B2_W100,sum_p_mean,6.0,,,True,False,EXP-001,ds_16b6be697acb,ds_aa8808303afa,1465af7161a9053ca7df7d4d04572789911a5480,e41f63ef47ea066f14e5effb41bf9f4b7ebd8d79641604b69a10323837e09474
fold_01,00501,00550,50,B2_W100,sum_p_min,5.999999999999998,,,True,False,EXP-001,ds_16b6be697acb,ds_aa8808303afa,1465af7161a9053ca7df7d4d04572789911a5480,e41f63ef47ea066f14e5effb41bf9f4b7ebd8d79641604b69a10323837e09474
fold_01,00501,00550,50,B2_W100,sum_p_max,6.000000000000001,,,True,False,EXP-001,ds_16b6be697acb,ds_aa8808303afa,1465af7161a9053ca7df7d4d04572789911a5480,e41f63ef47ea066f14e5effb41bf9f4b7ebd8d79641604b69a10323837e09474
fold_01,00501,00550,50,B2_W100,n_clipped,0,0,0,True,False,EXP-001,ds_16b6be697acb,ds_aa8808303afa,1465af7161a9053ca7df7d4d04572789911a5480,e41f63ef47ea066f14e5effb41bf9f4b7ebd8d79641604b69a10323837e09474
fold_01,00501,00550,50,B2_W100,sum_mae,27.16476335877863,21.10748626,33.7924626,True,False,EXP-001,ds_16b6be697acb,ds_aa8808303afa,1465af7161a9053ca7df7d4d04572789911a5480,e41f63ef47ea066f14e5effb41bf9f4b7ebd8d79641604b69a10323837e09474
fold_01,00501,00550,50,B2_W100,sum_rmse,34.851273302605314,26.1015509,42.7410792,True,False,EXP-001,ds_16b6be697acb,ds_aa8808303afa,1465af7161a9053ca7df7d4d04572789911a5480,e41f63ef47ea066f14e5effb41bf9f4b7ebd8d79641604b69a10323837e09474
fold_01,00501,00550,50,B2_W100,set_level_ls,NA (marginal-only),,,True,False,EXP-001,ds_16b6be697acb,ds_aa8808303afa,1465af7161a9053ca7df7d4d04572789911a5480,e41f63ef47ea066f14e5effb41bf9f4b7ebd8d79641604b69a10323837e09474
fold_01,00501,00550,50,B2_W100,delta_ll_vs_b0,0.005643058760692899,0.002363021784,0.008870136828,True,False,EXP-001,ds_16b6be697acb,ds_aa8808303afa,1465af7161a9053ca7df7d4d04572789911a5480,e41f63ef47ea066f14e5effb41bf9f4b7ebd8d79641604b69a10323837e09474
fold_01,00501,00550,50,B2_W100,delta_brier_vs_b0,0.0010092551773890736,0.0003817822711,0.00165255704,True,False,EXP-001,ds_16b6be697acb,ds_aa8808303afa,1465af7161a9053ca7df7d4d04572789911a5480,e41f63ef47ea066f14e5effb41bf9f4b7ebd8d79641604b69a10323837e09474
fold_01,00501,00550,50,B2_W100,delta_sum_mae_vs_b0,0.5647633587786265,-0.08008854962,1.244887023,True,False,EXP-001,ds_16b6be697acb,ds_aa8808303afa,1465af7161a9053ca7df7d4d04572789911a5480,e41f63ef47ea066f14e5effb41bf9f4b7ebd8d79641604b69a10323837e09474
fold_01,00501,00550,50,B2_W100,delta_sum_rmse_vs_b0,0.29060201282855047,-0.142302061,0.8436423919,True,False,EXP-001,ds_16b6be697acb,ds_aa8808303afa,1465af7161a9053ca7df7d4d04572789911a5480,e41f63ef47ea066f14e5effb41bf9f4b7ebd8d79641604b69a10323837e09474
fold_01,00501,00550,50,B2_W200,ll,0.34724302695181825,0.3453036281,0.3492033076,True,False,EXP-001,ds_16b6be697acb,ds_aa8808303afa,1465af7161a9053ca7df7d4d04572789911a5480,e41f63ef47ea066f14e5effb41bf9f4b7ebd8d79641604b69a10323837e09474
fold_01,00501,00550,50,B2_W200,brier,0.09770650936276624,0.09735474241,0.09806878794,True,False,EXP-001,ds_16b6be697acb,ds_aa8808303afa,1465af7161a9053ca7df7d4d04572789911a5480,e41f63ef47ea066f14e5effb41bf9f4b7ebd8d79641604b69a10323837e09474
fold_01,00501,00550,50,B2_W200,ece,0.018763056863455443,0.01720188338,0.03295279971,True,False,EXP-001,ds_16b6be697acb,ds_aa8808303afa,1465af7161a9053ca7df7d4d04572789911a5480,e41f63ef47ea066f14e5effb41bf9f4b7ebd8d79641604b69a10323837e09474
fold_01,00501,00550,50,B2_W200,ece_n_bins,10,,,True,False,EXP-001,ds_16b6be697acb,ds_aa8808303afa,1465af7161a9053ca7df7d4d04572789911a5480,e41f63ef47ea066f14e5effb41bf9f4b7ebd8d79641604b69a10323837e09474
fold_01,00501,00550,50,B2_W200,sum_p_mean,6.0,,,True,False,EXP-001,ds_16b6be697acb,ds_aa8808303afa,1465af7161a9053ca7df7d4d04572789911a5480,e41f63ef47ea066f14e5effb41bf9f4b7ebd8d79641604b69a10323837e09474
fold_01,00501,00550,50,B2_W200,sum_p_min,5.999999999999999,,,True,False,EXP-001,ds_16b6be697acb,ds_aa8808303afa,1465af7161a9053ca7df7d4d04572789911a5480,e41f63ef47ea066f14e5effb41bf9f4b7ebd8d79641604b69a10323837e09474
fold_01,00501,00550,50,B2_W200,sum_p_max,6.000000000000003,,,True,False,EXP-001,ds_16b6be697acb,ds_aa8808303afa,1465af7161a9053ca7df7d4d04572789911a5480,e41f63ef47ea066f14e5effb41bf9f4b7ebd8d79641604b69a10323837e09474
fold_01,00501,00550,50,B2_W200,n_clipped,0,0,0,True,False,EXP-001,ds_16b6be697acb,ds_aa8808303afa,1465af7161a9053ca7df7d4d04572789911a5480,e41f63ef47ea066f14e5effb41bf9f4b7ebd8d79641604b69a10323837e09474
fold_01,00501,00550,50,B2_W200,sum_mae,26.607458167330677,20.02755339,33.77718964,True,False,EXP-001,ds_16b6be697acb,ds_aa8808303afa,1465af7161a9053ca7df7d4d04572789911a5480,e41f63ef47ea066f14e5effb41bf9f4b7ebd8d79641604b69a10323837e09474
fold_01,00501,00550,50,B2_W200,sum_rmse,34.70431298813925,25.52485566,42.8342006,True,False,EXP-001,ds_16b6be697acb,ds_aa8808303afa,1465af7161a9053ca7df7d4d04572789911a5480,e41f63ef47ea066f14e5effb41bf9f4b7ebd8d79641604b69a10323837e09474
fold_01,00501,00550,50,B2_W200,set_level_ls,NA (marginal-only),,,True,False,EXP-001,ds_16b6be697acb,ds_aa8808303afa,1465af7161a9053ca7df7d4d04572789911a5480,e41f63ef47ea066f14e5effb41bf9f4b7ebd8d79641604b69a10323837e09474
fold_01,00501,00550,50,B2_W200,delta_ll_vs_b0,0.0026325948609660864,0.0006931960328,0.004592875474,True,False,EXP-001,ds_16b6be697acb,ds_aa8808303afa,1465af7161a9053ca7df7d4d04572789911a5480,e41f63ef47ea066f14e5effb41bf9f4b7ebd8d79641604b69a10323837e09474
fold_01,00501,00550,50,B2_W200,delta_brier_vs_b0,0.000516426718138169,0.0001646597649,0.0008787052967,True,False,EXP-001,ds_16b6be697acb,ds_aa8808303afa,1465af7161a9053ca7df7d4d04572789911a5480,e41f63ef47ea066f14e5effb41bf9f4b7ebd8d79641604b69a10323837e09474
fold_01,00501,00550,50,B2_W200,delta_sum_mae_vs_b0,0.0074581673306795436,-0.2639115538,0.2755721116,True,False,EXP-001,ds_16b6be697acb,ds_aa8808303afa,1465af7161a9053ca7df7d4d04572789911a5480,e41f63ef47ea066f14e5effb41bf9f4b7ebd8d79641604b69a10323837e09474
fold_01,00501,00550,50,B2_W200,delta_sum_rmse_vs_b0,0.14364169836248664,-0.1118866086,0.3412449357,True,False,EXP-001,ds_16b6be697acb,ds_aa8808303afa,1465af7161a9053ca7df7d4d04572789911a5480,e41f63ef47ea066f14e5effb41bf9f4b7ebd8d79641604b69a10323837e09474
fold_02,00551,00600,50,B0,ll,0.34461043209085224,0.3446104321,0.3446104321,True,False,EXP-001,ds_16b6be697acb,ds_aa8808303afa,1465af7161a9053ca7df7d4d04572789911a5480,e41f63ef47ea066f14e5effb41bf9f4b7ebd8d79641604b69a10323837e09474
fold_02,00551,00600,50,B0,brier,0.09719008264462808,0.09719008264,0.09719008264,True,False,EXP-001,ds_16b6be697acb,ds_aa8808303afa,1465af7161a9053ca7df7d4d04572789911a5480,e41f63ef47ea066f14e5effb41bf9f4b7ebd8d79641604b69a10323837e09474
fold_02,00551,00600,50,B0,ece,3.7192471324942744e-15,3.719247132e-15,3.719247132e-15,True,False,EXP-001,ds_16b6be697acb,ds_aa8808303afa,1465af7161a9053ca7df7d4d04572789911a5480,e41f63ef47ea066f14e5effb41bf9f4b7ebd8d79641604b69a10323837e09474
fold_02,00551,00600,50,B0,ece_n_bins,1,,,True,False,EXP-001,ds_16b6be697acb,ds_aa8808303afa,1465af7161a9053ca7df7d4d04572789911a5480,e41f63ef47ea066f14e5effb41bf9f4b7ebd8d79641604b69a10323837e09474
fold_02,00551,00600,50,B0,sum_p_mean,6.000000000000001,,,True,False,EXP-001,ds_16b6be697acb,ds_aa8808303afa,1465af7161a9053ca7df7d4d04572789911a5480,e41f63ef47ea066f14e5effb41bf9f4b7ebd8d79641604b69a10323837e09474
fold_02,00551,00600,50,B0,sum_p_min,6.000000000000002,,,True,False,EXP-001,ds_16b6be697acb,ds_aa8808303afa,1465af7161a9053ca7df7d4d04572789911a5480,e41f63ef47ea066f14e5effb41bf9f4b7ebd8d79641604b69a10323837e09474
fold_02,00551,00600,50,B0,sum_p_max,6.000000000000002,,,True,False,EXP-001,ds_16b6be697acb,ds_aa8808303afa,1465af7161a9053ca7df7d4d04572789911a5480,e41f63ef47ea066f14e5effb41bf9f4b7ebd8d79641604b69a10323837e09474
fold_02,00551,00600,50,B0,n_clipped,0,0,0,True,False,EXP-001,ds_16b6be697acb,ds_aa8808303afa,1465af7161a9053ca7df7d4d04572789911a5480,e41f63ef47ea066f14e5effb41bf9f4b7ebd8d79641604b69a10323837e09474
fold_02,00551,00600,50,B0,sum_mae,30.98,26.8995,35.46,True,False,EXP-001,ds_16b6be697acb,ds_aa8808303afa,1465af7161a9053ca7df7d4d04572789911a5480,e41f63ef47ea066f14e5effb41bf9f4b7ebd8d79641604b69a10323837e09474
fold_02,00551,00600,50,B0,sum_rmse,37.86475934163586,33.41695677,42.23648896,True,False,EXP-001,ds_16b6be697acb,ds_aa8808303afa,1465af7161a9053ca7df7d4d04572789911a5480,e41f63ef47ea066f14e5effb41bf9f4b7ebd8d79641604b69a10323837e09474
fold_02,00551,00600,50,B0,set_level_ls,17.182450290072666,,,True,False,EXP-001,ds_16b6be697acb,ds_aa8808303afa,1465af7161a9053ca7df7d4d04572789911a5480,e41f63ef47ea066f14e5effb41bf9f4b7ebd8d79641604b69a10323837e09474
fold_02,00551,00600,50,B0,delta_ll_vs_b0,0.0,0,0,True,False,EXP-001,ds_16b6be697acb,ds_aa8808303afa,1465af7161a9053ca7df7d4d04572789911a5480,e41f63ef47ea066f14e5effb41bf9f4b7ebd8d79641604b69a10323837e09474
fold_02,00551,00600,50,B0,delta_brier_vs_b0,0.0,0,0,True,False,EXP-001,ds_16b6be697acb,ds_aa8808303afa,1465af7161a9053ca7df7d4d04572789911a5480,e41f63ef47ea066f14e5effb41bf9f4b7ebd8d79641604b69a10323837e09474
fold_02,00551,00600,50,B0,delta_sum_mae_vs_b0,0.0,0,0,True,False,EXP-001,ds_16b6be697acb,ds_aa8808303afa,1465af7161a9053ca7df7d4d04572789911a5480,e41f63ef47ea066f14e5effb41bf9f4b7ebd8d79641604b69a10323837e09474
fold_02,00551,00600,50,B0,delta_sum_rmse_vs_b0,0.0,0,0,True,False,EXP-001,ds_16b6be697acb,ds_aa8808303afa,1465af7161a9053ca7df7d4d04572789911a5480,e41f63ef47ea066f14e5effb41bf9f4b7ebd8d79641604b69a10323837e09474
fold_02,00551,00600,50,B1,ll,0.34657581405958177,0.3449442633,0.3482324071,True,False,EXP-001,ds_16b6be697acb,ds_aa8808303afa,1465af7161a9053ca7df7d4d04572789911a5480,e41f63ef47ea066f14e5effb41bf9f4b7ebd8d79641604b69a10323837e09474
fold_02,00551,00600,50,B1,brier,0.097554781363523,0.09723758333,0.09787556749,True,False,EXP-001,ds_16b6be697acb,ds_aa8808303afa,1465af7161a9053ca7df7d4d04572789911a5480,e41f63ef47ea066f14e5effb41bf9f4b7ebd8d79641604b69a10323837e09474
fold_02,00551,00600,50,B1,ece,0.024081930655068425,0.02019703027,0.03926773669,True,False,EXP-001,ds_16b6be697acb,ds_aa8808303afa,1465af7161a9053ca7df7d4d04572789911a5480,e41f63ef47ea066f14e5effb41bf9f4b7ebd8d79641604b69a10323837e09474
fold_02,00551,00600,50,B1,ece_n_bins,10,,,True,False,EXP-001,ds_16b6be697acb,ds_aa8808303afa,1465af7161a9053ca7df7d4d04572789911a5480,e41f63ef47ea066f14e5effb41bf9f4b7ebd8d79641604b69a10323837e09474
fold_02,00551,00600,50,B1,sum_p_mean,6.0,,,True,False,EXP-001,ds_16b6be697acb,ds_aa8808303afa,1465af7161a9053ca7df7d4d04572789911a5480,e41f63ef47ea066f14e5effb41bf9f4b7ebd8d79641604b69a10323837e09474
fold_02,00551,00600,50,B1,sum_p_min,5.999999999999998,,,True,False,EXP-001,ds_16b6be697acb,ds_aa8808303afa,1465af7161a9053ca7df7d4d04572789911a5480,e41f63ef47ea066f14e5effb41bf9f4b7ebd8d79641604b69a10323837e09474
fold_02,00551,00600,50,B1,sum_p_max,6.000000000000001,,,True,False,EXP-001,ds_16b6be697acb,ds_aa8808303afa,1465af7161a9053ca7df7d4d04572789911a5480,e41f63ef47ea066f14e5effb41bf9f4b7ebd8d79641604b69a10323837e09474
fold_02,00551,00600,50,B1,n_clipped,0,0,0,True,False,EXP-001,ds_16b6be697acb,ds_aa8808303afa,1465af7161a9053ca7df7d4d04572789911a5480,e41f63ef47ea066f14e5effb41bf9f4b7ebd8d79641604b69a10323837e09474
fold_02,00551,00600,50,B1,sum_mae,31.10476454653172,27.03111809,35.55902896,True,False,EXP-001,ds_16b6be697acb,ds_aa8808303afa,1465af7161a9053ca7df7d4d04572789911a5480,e41f63ef47ea066f14e5effb41bf9f4b7ebd8d79641604b69a10323837e09474
fold_02,00551,00600,50,B1,sum_rmse,37.94345160386906,33.45201405,42.33033082,True,False,EXP-001,ds_16b6be697acb,ds_aa8808303afa,1465af7161a9053ca7df7d4d04572789911a5480,e41f63ef47ea066f14e5effb41bf9f4b7ebd8d79641604b69a10323837e09474
fold_02,00551,00600,50,B1,set_level_ls,NA (marginal-only),,,True,False,EXP-001,ds_16b6be697acb,ds_aa8808303afa,1465af7161a9053ca7df7d4d04572789911a5480,e41f63ef47ea066f14e5effb41bf9f4b7ebd8d79641604b69a10323837e09474
fold_02,00551,00600,50,B1,delta_ll_vs_b0,0.0019653819687295427,0.000333831239,0.003621975044,True,False,EXP-001,ds_16b6be697acb,ds_aa8808303afa,1465af7161a9053ca7df7d4d04572789911a5480,e41f63ef47ea066f14e5effb41bf9f4b7ebd8d79641604b69a10323837e09474
fold_02,00551,00600,50,B1,delta_brier_vs_b0,0.0003646987188949219,4.750068092e-05,0.0006854848455,True,False,EXP-001,ds_16b6be697acb,ds_aa8808303afa,1465af7161a9053ca7df7d4d04572789911a5480,e41f63ef47ea066f14e5effb41bf9f4b7ebd8d79641604b69a10323837e09474
fold_02,00551,00600,50,B1,delta_sum_mae_vs_b0,0.12476454653171856,0.001876675544,0.2484324134,True,False,EXP-001,ds_16b6be697acb,ds_aa8808303afa,1465af7161a9053ca7df7d4d04572789911a5480,e41f63ef47ea066f14e5effb41bf9f4b7ebd8d79641604b69a10323837e09474
fold_02,00551,00600,50,B1,delta_sum_rmse_vs_b0,0.07869226223319714,-0.03993658312,0.18667853,True,False,EXP-001,ds_16b6be697acb,ds_aa8808303afa,1465af7161a9053ca7df7d4d04572789911a5480,e41f63ef47ea066f14e5effb41bf9f4b7ebd8d79641604b69a10323837e09474
fold_02,00551,00600,50,B2_W50,ll,0.3496570798959442,0.3453895986,0.3543582001,True,False,EXP-001,ds_16b6be697acb,ds_aa8808303afa,1465af7161a9053ca7df7d4d04572789911a5480,e41f63ef47ea066f14e5effb41bf9f4b7ebd8d79641604b69a10323837e09474
fold_02,00551,00600,50,B2_W50,brier,0.0980626210528214,0.09729920542,0.09889258625,True,False,EXP-001,ds_16b6be697acb,ds_aa8808303afa,1465af7161a9053ca7df7d4d04572789911a5480,e41f63ef47ea066f14e5effb41bf9f4b7ebd8d79641604b69a10323837e09474
fold_02,00551,00600,50,B2_W50,ece,0.025761843790012957,0.02202714469,0.03888363636,True,False,EXP-001,ds_16b6be697acb,ds_aa8808303afa,1465af7161a9053ca7df7d4d04572789911a5480,e41f63ef47ea066f14e5effb41bf9f4b7ebd8d79641604b69a10323837e09474
fold_02,00551,00600,50,B2_W50,ece_n_bins,7,,,True,False,EXP-001,ds_16b6be697acb,ds_aa8808303afa,1465af7161a9053ca7df7d4d04572789911a5480,e41f63ef47ea066f14e5effb41bf9f4b7ebd8d79641604b69a10323837e09474
fold_02,00551,00600,50,B2_W50,sum_p_mean,5.999999999999999,,,True,False,EXP-001,ds_16b6be697acb,ds_aa8808303afa,1465af7161a9053ca7df7d4d04572789911a5480,e41f63ef47ea066f14e5effb41bf9f4b7ebd8d79641604b69a10323837e09474
fold_02,00551,00600,50,B2_W50,sum_p_min,5.999999999999999,,,True,False,EXP-001,ds_16b6be697acb,ds_aa8808303afa,1465af7161a9053ca7df7d4d04572789911a5480,e41f63ef47ea066f14e5effb41bf9f4b7ebd8d79641604b69a10323837e09474
fold_02,00551,00600,50,B2_W50,sum_p_max,5.999999999999999,,,True,False,EXP-001,ds_16b6be697acb,ds_aa8808303afa,1465af7161a9053ca7df7d4d04572789911a5480,e41f63ef47ea066f14e5effb41bf9f4b7ebd8d79641604b69a10323837e09474
fold_02,00551,00600,50,B2_W50,n_clipped,0,0,0,True,False,EXP-001,ds_16b6be697acb,ds_aa8808303afa,1465af7161a9053ca7df7d4d04572789911a5480,e41f63ef47ea066f14e5effb41bf9f4b7ebd8d79641604b69a10323837e09474
fold_02,00551,00600,50,B2_W50,sum_mae,31.373802816901406,27.50325634,35.70014648,True,False,EXP-001,ds_16b6be697acb,ds_aa8808303afa,1465af7161a9053ca7df7d4d04572789911a5480,e41f63ef47ea066f14e5effb41bf9f4b7ebd8d79641604b69a10323837e09474
fold_02,00551,00600,50,B2_W50,sum_rmse,38.26769993197544,33.86243292,42.58607454,True,False,EXP-001,ds_16b6be697acb,ds_aa8808303afa,1465af7161a9053ca7df7d4d04572789911a5480,e41f63ef47ea066f14e5effb41bf9f4b7ebd8d79641604b69a10323837e09474
fold_02,00551,00600,50,B2_W50,set_level_ls,NA (marginal-only),,,True,False,EXP-001,ds_16b6be697acb,ds_aa8808303afa,1465af7161a9053ca7df7d4d04572789911a5480,e41f63ef47ea066f14e5effb41bf9f4b7ebd8d79641604b69a10323837e09474
fold_02,00551,00600,50,B2_W50,delta_ll_vs_b0,0.005046647805091997,0.0007791665269,0.00974776805,True,False,EXP-001,ds_16b6be697acb,ds_aa8808303afa,1465af7161a9053ca7df7d4d04572789911a5480,e41f63ef47ea066f14e5effb41bf9f4b7ebd8d79641604b69a10323837e09474
fold_02,00551,00600,50,B2_W50,delta_brier_vs_b0,0.0008725384081933427,0.00010912278,0.001702503603,True,False,EXP-001,ds_16b6be697acb,ds_aa8808303afa,1465af7161a9053ca7df7d4d04572789911a5480,e41f63ef47ea066f14e5effb41bf9f4b7ebd8d79641604b69a10323837e09474
fold_02,00551,00600,50,B2_W50,delta_sum_mae_vs_b0,0.3938028169014058,-0.04733239437,0.7828816901,True,False,EXP-001,ds_16b6be697acb,ds_aa8808303afa,1465af7161a9053ca7df7d4d04572789911a5480,e41f63ef47ea066f14e5effb41bf9f4b7ebd8d79641604b69a10323837e09474
fold_02,00551,00600,50,B2_W50,delta_sum_rmse_vs_b0,0.4029405903395826,0.2033561213,0.6191041669,True,False,EXP-001,ds_16b6be697acb,ds_aa8808303afa,1465af7161a9053ca7df7d4d04572789911a5480,e41f63ef47ea066f14e5effb41bf9f4b7ebd8d79641604b69a10323837e09474
fold_02,00551,00600,50,B2_W100,ll,0.3493376020986188,0.3464380433,0.3521756553,True,False,EXP-001,ds_16b6be697acb,ds_aa8808303afa,1465af7161a9053ca7df7d4d04572789911a5480,e41f63ef47ea066f14e5effb41bf9f4b7ebd8d79641604b69a10323837e09474
fold_02,00551,00600,50,B2_W100,brier,0.098060919950628,0.09751503008,0.09860967144,True,False,EXP-001,ds_16b6be697acb,ds_aa8808303afa,1465af7161a9053ca7df7d4d04572789911a5480,e41f63ef47ea066f14e5effb41bf9f4b7ebd8d79641604b69a10323837e09474
fold_02,00551,00600,50,B2_W100,ece,0.02786398334489953,0.02161937543,0.03831816794,True,False,EXP-001,ds_16b6be697acb,ds_aa8808303afa,1465af7161a9053ca7df7d4d04572789911a5480,e41f63ef47ea066f14e5effb41bf9f4b7ebd8d79641604b69a10323837e09474
fold_02,00551,00600,50,B2_W100,ece_n_bins,9,,,True,False,EXP-001,ds_16b6be697acb,ds_aa8808303afa,1465af7161a9053ca7df7d4d04572789911a5480,e41f63ef47ea066f14e5effb41bf9f4b7ebd8d79641604b69a10323837e09474
fold_02,00551,00600,50,B2_W100,sum_p_mean,6.0,,,True,False,EXP-001,ds_16b6be697acb,ds_aa8808303afa,1465af7161a9053ca7df7d4d04572789911a5480,e41f63ef47ea066f14e5effb41bf9f4b7ebd8d79641604b69a10323837e09474
fold_02,00551,00600,50,B2_W100,sum_p_min,5.999999999999997,,,True,False,EXP-001,ds_16b6be697acb,ds_aa8808303afa,1465af7161a9053ca7df7d4d04572789911a5480,e41f63ef47ea066f14e5effb41bf9f4b7ebd8d79641604b69a10323837e09474
fold_02,00551,00600,50,B2_W100,sum_p_max,6.000000000000001,,,True,False,EXP-001,ds_16b6be697acb,ds_aa8808303afa,1465af7161a9053ca7df7d4d04572789911a5480,e41f63ef47ea066f14e5effb41bf9f4b7ebd8d79641604b69a10323837e09474
fold_02,00551,00600,50,B2_W100,n_clipped,0,0,0,True,False,EXP-001,ds_16b6be697acb,ds_aa8808303afa,1465af7161a9053ca7df7d4d04572789911a5480,e41f63ef47ea066f14e5effb41bf9f4b7ebd8d79641604b69a10323837e09474
fold_02,00551,00600,50,B2_W100,sum_mae,31.166137404580155,27.04749695,35.67402519,True,False,EXP-001,ds_16b6be697acb,ds_aa8808303afa,1465af7161a9053ca7df7d4d04572789911a5480,e41f63ef47ea066f14e5effb41bf9f4b7ebd8d79641604b69a10323837e09474
fold_02,00551,00600,50,B2_W100,sum_rmse,38.02950378812119,33.5236554,42.42828633,True,False,EXP-001,ds_16b6be697acb,ds_aa8808303afa,1465af7161a9053ca7df7d4d04572789911a5480,e41f63ef47ea066f14e5effb41bf9f4b7ebd8d79641604b69a10323837e09474
fold_02,00551,00600,50,B2_W100,set_level_ls,NA (marginal-only),,,True,False,EXP-001,ds_16b6be697acb,ds_aa8808303afa,1465af7161a9053ca7df7d4d04572789911a5480,e41f63ef47ea066f14e5effb41bf9f4b7ebd8d79641604b69a10323837e09474
fold_02,00551,00600,50,B2_W100,delta_ll_vs_b0,0.0047271700077665115,0.001827611249,0.007565223204,True,False,EXP-001,ds_16b6be697acb,ds_aa8808303afa,1465af7161a9053ca7df7d4d04572789911a5480,e41f63ef47ea066f14e5effb41bf9f4b7ebd8d79641604b69a10323837e09474
fold_02,00551,00600,50,B2_W100,delta_brier_vs_b0,0.0008708373059999247,0.0003249474394,0.001419588799,True,False,EXP-001,ds_16b6be697acb,ds_aa8808303afa,1465af7161a9053ca7df7d4d04572789911a5480,e41f63ef47ea066f14e5effb41bf9f4b7ebd8d79641604b69a10323837e09474
fold_02,00551,00600,50,B2_W100,delta_sum_mae_vs_b0,0.18613740458015285,-0.01649312977,0.3779541985,True,False,EXP-001,ds_16b6be697acb,ds_aa8808303afa,1465af7161a9053ca7df7d4d04572789911a5480,e41f63ef47ea066f14e5effb41bf9f4b7ebd8d79641604b69a10323837e09474
fold_02,00551,00600,50,B2_W100,delta_sum_rmse_vs_b0,0.16474444648532938,-0.01537329561,0.3442145722,True,False,EXP-001,ds_16b6be697acb,ds_aa8808303afa,1465af7161a9053ca7df7d4d04572789911a5480,e41f63ef47ea066f14e5effb41bf9f4b7ebd8d79641604b69a10323837e09474
fold_02,00551,00600,50,B2_W200,ll,0.3480342102257583,0.3458040172,0.3503033546,True,False,EXP-001,ds_16b6be697acb,ds_aa8808303afa,1465af7161a9053ca7df7d4d04572789911a5480,e41f63ef47ea066f14e5effb41bf9f4b7ebd8d79641604b69a10323837e09474
fold_02,00551,00600,50,B2_W200,brier,0.09780654448486388,0.09735421719,0.09826154402,True,False,EXP-001,ds_16b6be697acb,ds_aa8808303afa,1465af7161a9053ca7df7d4d04572789911a5480,e41f63ef47ea066f14e5effb41bf9f4b7ebd8d79641604b69a10323837e09474
fold_02,00551,00600,50,B2_W200,ece,0.021023107569721356,0.01992782325,0.03454002173,True,False,EXP-001,ds_16b6be697acb,ds_aa8808303afa,1465af7161a9053ca7df7d4d04572789911a5480,e41f63ef47ea066f14e5effb41bf9f4b7ebd8d79641604b69a10323837e09474
fold_02,00551,00600,50,B2_W200,ece_n_bins,10,,,True,False,EXP-001,ds_16b6be697acb,ds_aa8808303afa,1465af7161a9053ca7df7d4d04572789911a5480,e41f63ef47ea066f14e5effb41bf9f4b7ebd8d79641604b69a10323837e09474
fold_02,00551,00600,50,B2_W200,sum_p_mean,6.0,,,True,False,EXP-001,ds_16b6be697acb,ds_aa8808303afa,1465af7161a9053ca7df7d4d04572789911a5480,e41f63ef47ea066f14e5effb41bf9f4b7ebd8d79641604b69a10323837e09474
fold_02,00551,00600,50,B2_W200,sum_p_min,5.999999999999999,,,True,False,EXP-001,ds_16b6be697acb,ds_aa8808303afa,1465af7161a9053ca7df7d4d04572789911a5480,e41f63ef47ea066f14e5effb41bf9f4b7ebd8d79641604b69a10323837e09474
fold_02,00551,00600,50,B2_W200,sum_p_max,6.000000000000002,,,True,False,EXP-001,ds_16b6be697acb,ds_aa8808303afa,1465af7161a9053ca7df7d4d04572789911a5480,e41f63ef47ea066f14e5effb41bf9f4b7ebd8d79641604b69a10323837e09474
fold_02,00551,00600,50,B2_W200,n_clipped,0,0,0,True,False,EXP-001,ds_16b6be697acb,ds_aa8808303afa,1465af7161a9053ca7df7d4d04572789911a5480,e41f63ef47ea066f14e5effb41bf9f4b7ebd8d79641604b69a10323837e09474
fold_02,00551,00600,50,B2_W200,sum_mae,31.01633466135458,27.01263904,35.37880199,True,False,EXP-001,ds_16b6be697acb,ds_aa8808303afa,1465af7161a9053ca7df7d4d04572789911a5480,e41f63ef47ea066f14e5effb41bf9f4b7ebd8d79641604b69a10323837e09474
fold_02,00551,00600,50,B2_W200,sum_rmse,37.95127517725277,33.56856488,42.2656939,True,False,EXP-001,ds_16b6be697acb,ds_aa8808303afa,1465af7161a9053ca7df7d4d04572789911a5480,e41f63ef47ea066f14e5effb41bf9f4b7ebd8d79641604b69a10323837e09474
fold_02,00551,00600,50,B2_W200,set_level_ls,NA (marginal-only),,,True,False,EXP-001,ds_16b6be697acb,ds_aa8808303afa,1465af7161a9053ca7df7d4d04572789911a5480,e41f63ef47ea066f14e5effb41bf9f4b7ebd8d79641604b69a10323837e09474
fold_02,00551,00600,50,B2_W200,delta_ll_vs_b0,0.0034237781349061324,0.001193585129,0.005692922549,True,False,EXP-001,ds_16b6be697acb,ds_aa8808303afa,1465af7161a9053ca7df7d4d04572789911a5480,e41f63ef47ea066f14e5effb41bf9f4b7ebd8d79641604b69a10323837e09474
fold_02,00551,00600,50,B2_W200,delta_brier_vs_b0,0.0006164618402357938,0.0001641345438,0.001071461371,True,False,EXP-001,ds_16b6be697acb,ds_aa8808303afa,1465af7161a9053ca7df7d4d04572789911a5480,e41f63ef47ea066f14e5effb41bf9f4b7ebd8d79641604b69a10323837e09474
fold_02,00551,00600,50,B2_W200,delta_sum_mae_vs_b0,0.0363346613545815,-0.113498008,0.1937211155,True,False,EXP-001,ds_16b6be697acb,ds_aa8808303afa,1465af7161a9053ca7df7d4d04572789911a5480,e41f63ef47ea066f14e5effb41bf9f4b7ebd8d79641604b69a10323837e09474
fold_02,00551,00600,50,B2_W200,delta_sum_rmse_vs_b0,0.08651583561690757,-0.03984925769,0.2284471121,True,False,EXP-001,ds_16b6be697acb,ds_aa8808303afa,1465af7161a9053ca7df7d4d04572789911a5480,e41f63ef47ea066f14e5effb41bf9f4b7ebd8d79641604b69a10323837e09474
fold_03,00601,00650,50,B0,ll,0.3446104320908522,0.3446104321,0.3446104321,True,False,EXP-001,ds_16b6be697acb,ds_aa8808303afa,1465af7161a9053ca7df7d4d04572789911a5480,e41f63ef47ea066f14e5effb41bf9f4b7ebd8d79641604b69a10323837e09474
fold_03,00601,00650,50,B0,brier,0.09719008264462808,0.09719008264,0.09719008264,True,False,EXP-001,ds_16b6be697acb,ds_aa8808303afa,1465af7161a9053ca7df7d4d04572789911a5480,e41f63ef47ea066f14e5effb41bf9f4b7ebd8d79641604b69a10323837e09474
fold_03,00601,00650,50,B0,ece,3.7192471324942744e-15,3.719247132e-15,3.719247132e-15,True,False,EXP-001,ds_16b6be697acb,ds_aa8808303afa,1465af7161a9053ca7df7d4d04572789911a5480,e41f63ef47ea066f14e5effb41bf9f4b7ebd8d79641604b69a10323837e09474
fold_03,00601,00650,50,B0,ece_n_bins,1,,,True,False,EXP-001,ds_16b6be697acb,ds_aa8808303afa,1465af7161a9053ca7df7d4d04572789911a5480,e41f63ef47ea066f14e5effb41bf9f4b7ebd8d79641604b69a10323837e09474
fold_03,00601,00650,50,B0,sum_p_mean,6.000000000000001,,,True,False,EXP-001,ds_16b6be697acb,ds_aa8808303afa,1465af7161a9053ca7df7d4d04572789911a5480,e41f63ef47ea066f14e5effb41bf9f4b7ebd8d79641604b69a10323837e09474
fold_03,00601,00650,50,B0,sum_p_min,6.000000000000002,,,True,False,EXP-001,ds_16b6be697acb,ds_aa8808303afa,1465af7161a9053ca7df7d4d04572789911a5480,e41f63ef47ea066f14e5effb41bf9f4b7ebd8d79641604b69a10323837e09474
fold_03,00601,00650,50,B0,sum_p_max,6.000000000000002,,,True,False,EXP-001,ds_16b6be697acb,ds_aa8808303afa,1465af7161a9053ca7df7d4d04572789911a5480,e41f63ef47ea066f14e5effb41bf9f4b7ebd8d79641604b69a10323837e09474
fold_03,00601,00650,50,B0,n_clipped,0,0,0,True,False,EXP-001,ds_16b6be697acb,ds_aa8808303afa,1465af7161a9053ca7df7d4d04572789911a5480,e41f63ef47ea066f14e5effb41bf9f4b7ebd8d79641604b69a10323837e09474
fold_03,00601,00650,50,B0,sum_mae,32.64,22.9995,42.36,True,False,EXP-001,ds_16b6be697acb,ds_aa8808303afa,1465af7161a9053ca7df7d4d04572789911a5480,e41f63ef47ea066f14e5effb41bf9f4b7ebd8d79641604b69a10323837e09474
fold_03,00601,00650,50,B0,sum_rmse,40.33212119390697,28.48123936,50.3281432,True,False,EXP-001,ds_16b6be697acb,ds_aa8808303afa,1465af7161a9053ca7df7d4d04572789911a5480,e41f63ef47ea066f14e5effb41bf9f4b7ebd8d79641604b69a10323837e09474
fold_03,00601,00650,50,B0,set_level_ls,17.182450290072666,,,True,False,EXP-001,ds_16b6be697acb,ds_aa8808303afa,1465af7161a9053ca7df7d4d04572789911a5480,e41f63ef47ea066f14e5effb41bf9f4b7ebd8d79641604b69a10323837e09474
fold_03,00601,00650,50,B0,delta_ll_vs_b0,0.0,0,0,True,False,EXP-001,ds_16b6be697acb,ds_aa8808303afa,1465af7161a9053ca7df7d4d04572789911a5480,e41f63ef47ea066f14e5effb41bf9f4b7ebd8d79641604b69a10323837e09474
fold_03,00601,00650,50,B0,delta_brier_vs_b0,0.0,0,0,True,False,EXP-001,ds_16b6be697acb,ds_aa8808303afa,1465af7161a9053ca7df7d4d04572789911a5480,e41f63ef47ea066f14e5effb41bf9f4b7ebd8d79641604b69a10323837e09474
fold_03,00601,00650,50,B0,delta_sum_mae_vs_b0,0.0,0,0,True,False,EXP-001,ds_16b6be697acb,ds_aa8808303afa,1465af7161a9053ca7df7d4d04572789911a5480,e41f63ef47ea066f14e5effb41bf9f4b7ebd8d79641604b69a10323837e09474
fold_03,00601,00650,50,B0,delta_sum_rmse_vs_b0,0.0,0,0,True,False,EXP-001,ds_16b6be697acb,ds_aa8808303afa,1465af7161a9053ca7df7d4d04572789911a5480,e41f63ef47ea066f14e5effb41bf9f4b7ebd8d79641604b69a10323837e09474
fold_03,00601,00650,50,B1,ll,0.34524587086848735,0.3443530774,0.3462770869,True,False,EXP-001,ds_16b6be697acb,ds_aa8808303afa,1465af7161a9053ca7df7d4d04572789911a5480,e41f63ef47ea066f14e5effb41bf9f4b7ebd8d79641604b69a10323837e09474
fold_03,00601,00650,50,B1,brier,0.09731193204375815,0.09713989758,0.09750938879,True,False,EXP-001,ds_16b6be697acb,ds_aa8808303afa,1465af7161a9053ca7df7d4d04572789911a5480,e41f63ef47ea066f14e5effb41bf9f4b7ebd8d79641604b69a10323837e09474
fold_03,00601,00650,50,B1,ece,0.013465313536354596,0.009283385911,0.02621424817,True,False,EXP-001,ds_16b6be697acb,ds_aa8808303afa,1465af7161a9053ca7df7d4d04572789911a5480,e41f63ef47ea066f14e5effb41bf9f4b7ebd8d79641604b69a10323837e09474
fold_03,00601,00650,50,B1,ece_n_bins,10,,,True,False,EXP-001,ds_16b6be697acb,ds_aa8808303afa,1465af7161a9053ca7df7d4d04572789911a5480,e41f63ef47ea066f14e5effb41bf9f4b7ebd8d79641604b69a10323837e09474
fold_03,00601,00650,50,B1,sum_p_mean,6.0,,,True,False,EXP-001,ds_16b6be697acb,ds_aa8808303afa,1465af7161a9053ca7df7d4d04572789911a5480,e41f63ef47ea066f14e5effb41bf9f4b7ebd8d79641604b69a10323837e09474
fold_03,00601,00650,50,B1,sum_p_min,5.999999999999998,,,True,False,EXP-001,ds_16b6be697acb,ds_aa8808303afa,1465af7161a9053ca7df7d4d04572789911a5480,e41f63ef47ea066f14e5effb41bf9f4b7ebd8d79641604b69a10323837e09474
fold_03,00601,00650,50,B1,sum_p_max,6.000000000000001,,,True,False,EXP-001,ds_16b6be697acb,ds_aa8808303afa,1465af7161a9053ca7df7d4d04572789911a5480,e41f63ef47ea066f14e5effb41bf9f4b7ebd8d79641604b69a10323837e09474
fold_03,00601,00650,50,B1,n_clipped,0,0,0,True,False,EXP-001,ds_16b6be697acb,ds_aa8808303afa,1465af7161a9053ca7df7d4d04572789911a5480,e41f63ef47ea066f14e5effb41bf9f4b7ebd8d79641604b69a10323837e09474
fold_03,00601,00650,50,B1,sum_mae,32.61387576170256,22.98305854,42.24788499,True,False,EXP-001,ds_16b6be697acb,ds_aa8808303afa,1465af7161a9053ca7df7d4d04572789911a5480,e41f63ef47ea066f14e5effb41bf9f4b7ebd8d79641604b69a10323837e09474
fold_03,00601,00650,50,B1,sum_rmse,40.282519824367185,28.41714399,50.21557322,True,False,EXP-001,ds_16b6be697acb,ds_aa8808303afa,1465af7161a9053ca7df7d4d04572789911a5480,e41f63ef47ea066f14e5effb41bf9f4b7ebd8d79641604b69a10323837e09474
fold_03,00601,00650,50,B1,set_level_ls,NA (marginal-only),,,True,False,EXP-001,ds_16b6be697acb,ds_aa8808303afa,1465af7161a9053ca7df7d4d04572789911a5480,e41f63ef47ea066f14e5effb41bf9f4b7ebd8d79641604b69a10323837e09474
fold_03,00601,00650,50,B1,delta_ll_vs_b0,0.0006354387776351878,-0.000257354654,0.001666654846,True,False,EXP-001,ds_16b6be697acb,ds_aa8808303afa,1465af7161a9053ca7df7d4d04572789911a5480,e41f63ef47ea066f14e5effb41bf9f4b7ebd8d79641604b69a10323837e09474
fold_03,00601,00650,50,B1,delta_brier_vs_b0,0.00012184939913009146,-5.018506903e-05,0.000319306146,True,False,EXP-001,ds_16b6be697acb,ds_aa8808303afa,1465af7161a9053ca7df7d4d04572789911a5480,e41f63ef47ea066f14e5effb41bf9f4b7ebd8d79641604b69a10323837e09474
fold_03,00601,00650,50,B1,delta_sum_mae_vs_b0,-0.026124238297444435,-0.1995744506,0.1625464044,True,False,EXP-001,ds_16b6be697acb,ds_aa8808303afa,1465af7161a9053ca7df7d4d04572789911a5480,e41f63ef47ea066f14e5effb41bf9f4b7ebd8d79641604b69a10323837e09474
fold_03,00601,00650,50,B1,delta_sum_rmse_vs_b0,-0.04960136953978633,-0.2457318649,0.1542948686,True,False,EXP-001,ds_16b6be697acb,ds_aa8808303afa,1465af7161a9053ca7df7d4d04572789911a5480,e41f63ef47ea066f14e5effb41bf9f4b7ebd8d79641604b69a10323837e09474
fold_03,00601,00650,50,B2_W50,ll,0.3533079110115046,0.3482268305,0.3597675515,True,False,EXP-001,ds_16b6be697acb,ds_aa8808303afa,1465af7161a9053ca7df7d4d04572789911a5480,e41f63ef47ea066f14e5effb41bf9f4b7ebd8d79641604b69a10323837e09474
fold_03,00601,00650,50,B2_W50,brier,0.0987361843790013,0.09781088745,0.09988761306,True,False,EXP-001,ds_16b6be697acb,ds_aa8808303afa,1465af7161a9053ca7df7d4d04572789911a5480,e41f63ef47ea066f14e5effb41bf9f4b7ebd8d79641604b69a10323837e09474
fold_03,00601,00650,50,B2_W50,ece,0.03701920614596667,0.0287446863,0.04733055058,True,False,EXP-001,ds_16b6be697acb,ds_aa8808303afa,1465af7161a9053ca7df7d4d04572789911a5480,e41f63ef47ea066f14e5effb41bf9f4b7ebd8d79641604b69a10323837e09474
fold_03,00601,00650,50,B2_W50,ece_n_bins,7,,,True,False,EXP-001,ds_16b6be697acb,ds_aa8808303afa,1465af7161a9053ca7df7d4d04572789911a5480,e41f63ef47ea066f14e5effb41bf9f4b7ebd8d79641604b69a10323837e09474
fold_03,00601,00650,50,B2_W50,sum_p_mean,5.999999999999999,,,True,False,EXP-001,ds_16b6be697acb,ds_aa8808303afa,1465af7161a9053ca7df7d4d04572789911a5480,e41f63ef47ea066f14e5effb41bf9f4b7ebd8d79641604b69a10323837e09474
fold_03,00601,00650,50,B2_W50,sum_p_min,5.999999999999998,,,True,False,EXP-001,ds_16b6be697acb,ds_aa8808303afa,1465af7161a9053ca7df7d4d04572789911a5480,e41f63ef47ea066f14e5effb41bf9f4b7ebd8d79641604b69a10323837e09474
fold_03,00601,00650,50,B2_W50,sum_p_max,5.999999999999999,,,True,False,EXP-001,ds_16b6be697acb,ds_aa8808303afa,1465af7161a9053ca7df7d4d04572789911a5480,e41f63ef47ea066f14e5effb41bf9f4b7ebd8d79641604b69a10323837e09474
fold_03,00601,00650,50,B2_W50,n_clipped,0,0,0,True,False,EXP-001,ds_16b6be697acb,ds_aa8808303afa,1465af7161a9053ca7df7d4d04572789911a5480,e41f63ef47ea066f14e5effb41bf9f4b7ebd8d79641604b69a10323837e09474
fold_03,00601,00650,50,B2_W50,sum_mae,32.872788732394376,23.36639296,42.42773944,True,False,EXP-001,ds_16b6be697acb,ds_aa8808303afa,1465af7161a9053ca7df7d4d04572789911a5480,e41f63ef47ea066f14e5effb41bf9f4b7ebd8d79641604b69a10323837e09474
fold_03,00601,00650,50,B2_W50,sum_rmse,40.56964434809903,29.01983817,50.45765774,True,False,EXP-001,ds_16b6be697acb,ds_aa8808303afa,1465af7161a9053ca7df7d4d04572789911a5480,e41f63ef47ea066f14e5effb41bf9f4b7ebd8d79641604b69a10323837e09474
fold_03,00601,00650,50,B2_W50,set_level_ls,NA (marginal-only),,,True,False,EXP-001,ds_16b6be697acb,ds_aa8808303afa,1465af7161a9053ca7df7d4d04572789911a5480,e41f63ef47ea066f14e5effb41bf9f4b7ebd8d79641604b69a10323837e09474
fold_03,00601,00650,50,B2_W50,delta_ll_vs_b0,0.00869747892065236,0.003616398452,0.01515711939,True,False,EXP-001,ds_16b6be697acb,ds_aa8808303afa,1465af7161a9053ca7df7d4d04572789911a5480,e41f63ef47ea066f14e5effb41bf9f4b7ebd8d79641604b69a10323837e09474
fold_03,00601,00650,50,B2_W50,delta_brier_vs_b0,0.0015461017343732153,0.0006208048056,0.002697530419,True,False,EXP-001,ds_16b6be697acb,ds_aa8808303afa,1465af7161a9053ca7df7d4d04572789911a5480,e41f63ef47ea066f14e5effb41bf9f4b7ebd8d79641604b69a10323837e09474
fold_03,00601,00650,50,B2_W50,delta_sum_mae_vs_b0,0.23278873239436904,-0.4225971831,0.8955661972,True,False,EXP-001,ds_16b6be697acb,ds_aa8808303afa,1465af7161a9053ca7df7d4d04572789911a5480,e41f63ef47ea066f14e5effb41bf9f4b7ebd8d79641604b69a10323837e09474
fold_03,00601,00650,50,B2_W50,delta_sum_rmse_vs_b0,0.23752315419206127,-0.6736090516,1.190406422,True,False,EXP-001,ds_16b6be697acb,ds_aa8808303afa,1465af7161a9053ca7df7d4d04572789911a5480,e41f63ef47ea066f14e5effb41bf9f4b7ebd8d79641604b69a10323837e09474
fold_03,00601,00650,50,B2_W100,ll,0.3504840383412609,0.347661336,0.3536435614,True,False,EXP-001,ds_16b6be697acb,ds_aa8808303afa,1465af7161a9053ca7df7d4d04572789911a5480,e41f63ef47ea066f14e5effb41bf9f4b7ebd8d79641604b69a10323837e09474
fold_03,00601,00650,50,B2_W100,brier,0.09824756895921512,0.09772118768,0.09885778108,True,False,EXP-001,ds_16b6be697acb,ds_aa8808303afa,1465af7161a9053ca7df7d4d04572789911a5480,e41f63ef47ea066f14e5effb41bf9f4b7ebd8d79641604b69a10323837e09474
fold_03,00601,00650,50,B2_W100,ece,0.031831228313671384,0.02383561416,0.04211244969,True,False,EXP-001,ds_16b6be697acb,ds_aa8808303afa,1465af7161a9053ca7df7d4d04572789911a5480,e41f63ef47ea066f14e5effb41bf9f4b7ebd8d79641604b69a10323837e09474
fold_03,00601,00650,50,B2_W100,ece_n_bins,9,,,True,False,EXP-001,ds_16b6be697acb,ds_aa8808303afa,1465af7161a9053ca7df7d4d04572789911a5480,e41f63ef47ea066f14e5effb41bf9f4b7ebd8d79641604b69a10323837e09474
fold_03,00601,00650,50,B2_W100,sum_p_mean,6.0,,,True,False,EXP-001,ds_16b6be697acb,ds_aa8808303afa,1465af7161a9053ca7df7d4d04572789911a5480,e41f63ef47ea066f14e5effb41bf9f4b7ebd8d79641604b69a10323837e09474
fold_03,00601,00650,50,B2_W100,sum_p_min,5.999999999999998,,,True,False,EXP-001,ds_16b6be697acb,ds_aa8808303afa,1465af7161a9053ca7df7d4d04572789911a5480,e41f63ef47ea066f14e5effb41bf9f4b7ebd8d79641604b69a10323837e09474
fold_03,00601,00650,50,B2_W100,sum_p_max,6.000000000000001,,,True,False,EXP-001,ds_16b6be697acb,ds_aa8808303afa,1465af7161a9053ca7df7d4d04572789911a5480,e41f63ef47ea066f14e5effb41bf9f4b7ebd8d79641604b69a10323837e09474
fold_03,00601,00650,50,B2_W100,n_clipped,0,0,0,True,False,EXP-001,ds_16b6be697acb,ds_aa8808303afa,1465af7161a9053ca7df7d4d04572789911a5480,e41f63ef47ea066f14e5effb41bf9f4b7ebd8d79641604b69a10323837e09474
fold_03,00601,00650,50,B2_W100,sum_mae,32.79206106870228,23.2609458,42.41142977,True,False,EXP-001,ds_16b6be697acb,ds_aa8808303afa,1465af7161a9053ca7df7d4d04572789911a5480,e41f63ef47ea066f14e5effb41bf9f4b7ebd8d79641604b69a10323837e09474
fold_03,00601,00650,50,B2_W100,sum_rmse,40.50070230959772,28.66768097,50.45582375,True,False,EXP-001,ds_16b6be697acb,ds_aa8808303afa,1465af7161a9053ca7df7d4d04572789911a5480,e41f63ef47ea066f14e5effb41bf9f4b7ebd8d79641604b69a10323837e09474
fold_03,00601,00650,50,B2_W100,set_level_ls,NA (marginal-only),,,True,False,EXP-001,ds_16b6be697acb,ds_aa8808303afa,1465af7161a9053ca7df7d4d04572789911a5480,e41f63ef47ea066f14e5effb41bf9f4b7ebd8d79641604b69a10323837e09474
fold_03,00601,00650,50,B2_W100,delta_ll_vs_b0,0.005873606250408755,0.003050903935,0.009033129298,True,False,EXP-001,ds_16b6be697acb,ds_aa8808303afa,1465af7161a9053ca7df7d4d04572789911a5480,e41f63ef47ea066f14e5effb41bf9f4b7ebd8d79641604b69a10323837e09474
fold_03,00601,00650,50,B2_W100,delta_brier_vs_b0,0.0010574863145870516,0.0005311050378,0.001667698434,True,False,EXP-001,ds_16b6be697acb,ds_aa8808303afa,1465af7161a9053ca7df7d4d04572789911a5480,e41f63ef47ea066f14e5effb41bf9f4b7ebd8d79641604b69a10323837e09474
fold_03,00601,00650,50,B2_W100,delta_sum_mae_vs_b0,0.15206106870228667,-0.1549969466,0.4277954198,True,False,EXP-001,ds_16b6be697acb,ds_aa8808303afa,1465af7161a9053ca7df7d4d04572789911a5480,e41f63ef47ea066f14e5effb41bf9f4b7ebd8d79641604b69a10323837e09474
fold_03,00601,00650,50,B2_W100,delta_sum_rmse_vs_b0,0.16858111569074907,-0.1359121216,0.474486864,True,False,EXP-001,ds_16b6be697acb,ds_aa8808303afa,1465af7161a9053ca7df7d4d04572789911a5480,e41f63ef47ea066f14e5effb41bf9f4b7ebd8d79641604b69a10323837e09474
fold_03,00601,00650,50,B2_W200,ll,0.34792684139524416,0.3453027131,0.3504511377,True,False,EXP-001,ds_16b6be697acb,ds_aa8808303afa,1465af7161a9053ca7df7d4d04572789911a5480,e41f63ef47ea066f14e5effb41bf9f4b7ebd8d79641604b69a10323837e09474
fold_03,00601,00650,50,B2_W200,brier,0.09779068603528658,0.09730418972,0.09824772495,True,False,EXP-001,ds_16b6be697acb,ds_aa8808303afa,1465af7161a9053ca7df7d4d04572789911a5480,e41f63ef47ea066f14e5effb41bf9f4b7ebd8d79641604b69a10323837e09474
fold_03,00601,00650,50,B2_W200,ece,0.020643534951104714,0.01946291923,0.03786290474,True,False,EXP-001,ds_16b6be697acb,ds_aa8808303afa,1465af7161a9053ca7df7d4d04572789911a5480,e41f63ef47ea066f14e5effb41bf9f4b7ebd8d79641604b69a10323837e09474
fold_03,00601,00650,50,B2_W200,ece_n_bins,10,,,True,False,EXP-001,ds_16b6be697acb,ds_aa8808303afa,1465af7161a9053ca7df7d4d04572789911a5480,e41f63ef47ea066f14e5effb41bf9f4b7ebd8d79641604b69a10323837e09474
fold_03,00601,00650,50,B2_W200,sum_p_mean,6.0,,,True,False,EXP-001,ds_16b6be697acb,ds_aa8808303afa,1465af7161a9053ca7df7d4d04572789911a5480,e41f63ef47ea066f14e5effb41bf9f4b7ebd8d79641604b69a10323837e09474
fold_03,00601,00650,50,B2_W200,sum_p_min,5.999999999999997,,,True,False,EXP-001,ds_16b6be697acb,ds_aa8808303afa,1465af7161a9053ca7df7d4d04572789911a5480,e41f63ef47ea066f14e5effb41bf9f4b7ebd8d79641604b69a10323837e09474
fold_03,00601,00650,50,B2_W200,sum_p_max,6.000000000000002,,,True,False,EXP-001,ds_16b6be697acb,ds_aa8808303afa,1465af7161a9053ca7df7d4d04572789911a5480,e41f63ef47ea066f14e5effb41bf9f4b7ebd8d79641604b69a10323837e09474
fold_03,00601,00650,50,B2_W200,n_clipped,0,0,0,True,False,EXP-001,ds_16b6be697acb,ds_aa8808303afa,1465af7161a9053ca7df7d4d04572789911a5480,e41f63ef47ea066f14e5effb41bf9f4b7ebd8d79641604b69a10323837e09474
fold_03,00601,00650,50,B2_W200,sum_mae,32.78540239043824,23.24030199,42.46218207,True,False,EXP-001,ds_16b6be697acb,ds_aa8808303afa,1465af7161a9053ca7df7d4d04572789911a5480,e41f63ef47ea066f14e5effb41bf9f4b7ebd8d79641604b69a10323837e09474
fold_03,00601,00650,50,B2_W200,sum_rmse,40.481748907104596,28.77192831,50.4366222,True,False,EXP-001,ds_16b6be697acb,ds_aa8808303afa,1465af7161a9053ca7df7d4d04572789911a5480,e41f63ef47ea066f14e5effb41bf9f4b7ebd8d79641604b69a10323837e09474
fold_03,00601,00650,50,B2_W200,set_level_ls,NA (marginal-only),,,True,False,EXP-001,ds_16b6be697acb,ds_aa8808303afa,1465af7161a9053ca7df7d4d04572789911a5480,e41f63ef47ea066f14e5effb41bf9f4b7ebd8d79641604b69a10323837e09474
fold_03,00601,00650,50,B2_W200,delta_ll_vs_b0,0.003316409304391933,0.0006922810521,0.005840705569,True,False,EXP-001,ds_16b6be697acb,ds_aa8808303afa,1465af7161a9053ca7df7d4d04572789911a5480,e41f63ef47ea066f14e5effb41bf9f4b7ebd8d79641604b69a10323837e09474
fold_03,00601,00650,50,B2_W200,delta_brier_vs_b0,0.0006006033906585262,0.0001141070782,0.001057642301,True,False,EXP-001,ds_16b6be697acb,ds_aa8808303afa,1465af7161a9053ca7df7d4d04572789911a5480,e41f63ef47ea066f14e5effb41bf9f4b7ebd8d79641604b69a10323837e09474
fold_03,00601,00650,50,B2_W200,delta_sum_mae_vs_b0,0.14540239043824613,-0.2583960159,0.4673498008,True,False,EXP-001,ds_16b6be697acb,ds_aa8808303afa,1465af7161a9053ca7df7d4d04572789911a5480,e41f63ef47ea066f14e5effb41bf9f4b7ebd8d79641604b69a10323837e09474
fold_03,00601,00650,50,B2_W200,delta_sum_rmse_vs_b0,0.14962771319762425,-0.4577980445,0.6161048413,True,False,EXP-001,ds_16b6be697acb,ds_aa8808303afa,1465af7161a9053ca7df7d4d04572789911a5480,e41f63ef47ea066f14e5effb41bf9f4b7ebd8d79641604b69a10323837e09474
fold_04,00651,00700,50,B0,ll,0.34461043209085224,0.3446104321,0.3446104321,True,False,EXP-001,ds_16b6be697acb,ds_aa8808303afa,1465af7161a9053ca7df7d4d04572789911a5480,e41f63ef47ea066f14e5effb41bf9f4b7ebd8d79641604b69a10323837e09474
fold_04,00651,00700,50,B0,brier,0.09719008264462808,0.09719008264,0.09719008264,True,False,EXP-001,ds_16b6be697acb,ds_aa8808303afa,1465af7161a9053ca7df7d4d04572789911a5480,e41f63ef47ea066f14e5effb41bf9f4b7ebd8d79641604b69a10323837e09474
fold_04,00651,00700,50,B0,ece,3.7192471324942744e-15,3.719247132e-15,3.719247132e-15,True,False,EXP-001,ds_16b6be697acb,ds_aa8808303afa,1465af7161a9053ca7df7d4d04572789911a5480,e41f63ef47ea066f14e5effb41bf9f4b7ebd8d79641604b69a10323837e09474
fold_04,00651,00700,50,B0,ece_n_bins,1,,,True,False,EXP-001,ds_16b6be697acb,ds_aa8808303afa,1465af7161a9053ca7df7d4d04572789911a5480,e41f63ef47ea066f14e5effb41bf9f4b7ebd8d79641604b69a10323837e09474
fold_04,00651,00700,50,B0,sum_p_mean,6.000000000000001,,,True,False,EXP-001,ds_16b6be697acb,ds_aa8808303afa,1465af7161a9053ca7df7d4d04572789911a5480,e41f63ef47ea066f14e5effb41bf9f4b7ebd8d79641604b69a10323837e09474
fold_04,00651,00700,50,B0,sum_p_min,6.000000000000002,,,True,False,EXP-001,ds_16b6be697acb,ds_aa8808303afa,1465af7161a9053ca7df7d4d04572789911a5480,e41f63ef47ea066f14e5effb41bf9f4b7ebd8d79641604b69a10323837e09474
fold_04,00651,00700,50,B0,sum_p_max,6.000000000000002,,,True,False,EXP-001,ds_16b6be697acb,ds_aa8808303afa,1465af7161a9053ca7df7d4d04572789911a5480,e41f63ef47ea066f14e5effb41bf9f4b7ebd8d79641604b69a10323837e09474
fold_04,00651,00700,50,B0,n_clipped,0,0,0,True,False,EXP-001,ds_16b6be697acb,ds_aa8808303afa,1465af7161a9053ca7df7d4d04572789911a5480,e41f63ef47ea066f14e5effb41bf9f4b7ebd8d79641604b69a10323837e09474
fold_04,00651,00700,50,B0,sum_mae,25.14,21.44,28.92,True,False,EXP-001,ds_16b6be697acb,ds_aa8808303afa,1465af7161a9053ca7df7d4d04572789911a5480,e41f63ef47ea066f14e5effb41bf9f4b7ebd8d79641604b69a10323837e09474
fold_04,00651,00700,50,B0,sum_rmse,31.384391024839083,27.62963083,35.32200447,True,False,EXP-001,ds_16b6be697acb,ds_aa8808303afa,1465af7161a9053ca7df7d4d04572789911a5480,e41f63ef47ea066f14e5effb41bf9f4b7ebd8d79641604b69a10323837e09474
fold_04,00651,00700,50,B0,set_level_ls,17.182450290072666,,,True,False,EXP-001,ds_16b6be697acb,ds_aa8808303afa,1465af7161a9053ca7df7d4d04572789911a5480,e41f63ef47ea066f14e5effb41bf9f4b7ebd8d79641604b69a10323837e09474
fold_04,00651,00700,50,B0,delta_ll_vs_b0,0.0,0,0,True,False,EXP-001,ds_16b6be697acb,ds_aa8808303afa,1465af7161a9053ca7df7d4d04572789911a5480,e41f63ef47ea066f14e5effb41bf9f4b7ebd8d79641604b69a10323837e09474
fold_04,00651,00700,50,B0,delta_brier_vs_b0,0.0,0,0,True,False,EXP-001,ds_16b6be697acb,ds_aa8808303afa,1465af7161a9053ca7df7d4d04572789911a5480,e41f63ef47ea066f14e5effb41bf9f4b7ebd8d79641604b69a10323837e09474
fold_04,00651,00700,50,B0,delta_sum_mae_vs_b0,0.0,0,0,True,False,EXP-001,ds_16b6be697acb,ds_aa8808303afa,1465af7161a9053ca7df7d4d04572789911a5480,e41f63ef47ea066f14e5effb41bf9f4b7ebd8d79641604b69a10323837e09474
fold_04,00651,00700,50,B0,delta_sum_rmse_vs_b0,0.0,0,0,True,False,EXP-001,ds_16b6be697acb,ds_aa8808303afa,1465af7161a9053ca7df7d4d04572789911a5480,e41f63ef47ea066f14e5effb41bf9f4b7ebd8d79641604b69a10323837e09474
fold_04,00651,00700,50,B1,ll,0.3455638098589022,0.3449170134,0.3461587382,True,False,EXP-001,ds_16b6be697acb,ds_aa8808303afa,1465af7161a9053ca7df7d4d04572789911a5480,e41f63ef47ea066f14e5effb41bf9f4b7ebd8d79641604b69a10323837e09474
fold_04,00651,00700,50,B1,brier,0.09737639530530615,0.09724825849,0.09749135063,True,False,EXP-001,ds_16b6be697acb,ds_aa8808303afa,1465af7161a9053ca7df7d4d04572789911a5480,e41f63ef47ea066f14e5effb41bf9f4b7ebd8d79641604b69a10323837e09474
fold_04,00651,00700,50,B1,ece,0.017630425351603165,0.0139771886,0.03182405577,True,False,EXP-001,ds_16b6be697acb,ds_aa8808303afa,1465af7161a9053ca7df7d4d04572789911a5480,e41f63ef47ea066f14e5effb41bf9f4b7ebd8d79641604b69a10323837e09474
fold_04,00651,00700,50,B1,ece_n_bins,10,,,True,False,EXP-001,ds_16b6be697acb,ds_aa8808303afa,1465af7161a9053ca7df7d4d04572789911a5480,e41f63ef47ea066f14e5effb41bf9f4b7ebd8d79641604b69a10323837e09474
fold_04,00651,00700,50,B1,sum_p_mean,6.0,,,True,False,EXP-001,ds_16b6be697acb,ds_aa8808303afa,1465af7161a9053ca7df7d4d04572789911a5480,e41f63ef47ea066f14e5effb41bf9f4b7ebd8d79641604b69a10323837e09474
fold_04,00651,00700,50,B1,sum_p_min,5.999999999999997,,,True,False,EXP-001,ds_16b6be697acb,ds_aa8808303afa,1465af7161a9053ca7df7d4d04572789911a5480,e41f63ef47ea066f14e5effb41bf9f4b7ebd8d79641604b69a10323837e09474
fold_04,00651,00700,50,B1,sum_p_max,6.000000000000002,,,True,False,EXP-001,ds_16b6be697acb,ds_aa8808303afa,1465af7161a9053ca7df7d4d04572789911a5480,e41f63ef47ea066f14e5effb41bf9f4b7ebd8d79641604b69a10323837e09474
fold_04,00651,00700,50,B1,n_clipped,0,0,0,True,False,EXP-001,ds_16b6be697acb,ds_aa8808303afa,1465af7161a9053ca7df7d4d04572789911a5480,e41f63ef47ea066f14e5effb41bf9f4b7ebd8d79641604b69a10323837e09474
fold_04,00651,00700,50,B1,sum_mae,25.319408337718006,21.66410623,29.09687954,True,False,EXP-001,ds_16b6be697acb,ds_aa8808303afa,1465af7161a9053ca7df7d4d04572789911a5480,e41f63ef47ea066f14e5effb41bf9f4b7ebd8d79641604b69a10323837e09474
fold_04,00651,00700,50,B1,sum_rmse,31.568858412456287,27.8338279,35.53934169,True,False,EXP-001,ds_16b6be697acb,ds_aa8808303afa,1465af7161a9053ca7df7d4d04572789911a5480,e41f63ef47ea066f14e5effb41bf9f4b7ebd8d79641604b69a10323837e09474
fold_04,00651,00700,50,B1,set_level_ls,NA (marginal-only),,,True,False,EXP-001,ds_16b6be697acb,ds_aa8808303afa,1465af7161a9053ca7df7d4d04572789911a5480,e41f63ef47ea066f14e5effb41bf9f4b7ebd8d79641604b69a10323837e09474
fold_04,00651,00700,50,B1,delta_ll_vs_b0,0.0009533777680499878,0.0003065812909,0.00154830607,True,False,EXP-001,ds_16b6be697acb,ds_aa8808303afa,1465af7161a9053ca7df7d4d04572789911a5480,e41f63ef47ea066f14e5effb41bf9f4b7ebd8d79641604b69a10323837e09474
fold_04,00651,00700,50,B1,delta_brier_vs_b0,0.0001863126606780638,5.817584452e-05,0.0003012679872,True,False,EXP-001,ds_16b6be697acb,ds_aa8808303afa,1465af7161a9053ca7df7d4d04572789911a5480,e41f63ef47ea066f14e5effb41bf9f4b7ebd8d79641604b69a10323837e09474
fold_04,00651,00700,50,B1,delta_sum_mae_vs_b0,0.17940833771800668,0.04786362038,0.309430932,True,False,EXP-001,ds_16b6be697acb,ds_aa8808303afa,1465af7161a9053ca7df7d4d04572789911a5480,e41f63ef47ea066f14e5effb41bf9f4b7ebd8d79641604b69a10323837e09474
fold_04,00651,00700,50,B1,delta_sum_rmse_vs_b0,0.18446738761720383,0.0338930617,0.3219531133,True,False,EXP-001,ds_16b6be697acb,ds_aa8808303afa,1465af7161a9053ca7df7d4d04572789911a5480,e41f63ef47ea066f14e5effb41bf9f4b7ebd8d79641604b69a10323837e09474
fold_04,00651,00700,50,B2_W50,ll,0.34891255754247086,0.3434796667,0.3549549837,True,False,EXP-001,ds_16b6be697acb,ds_aa8808303afa,1465af7161a9053ca7df7d4d04572789911a5480,e41f63ef47ea066f14e5effb41bf9f4b7ebd8d79641604b69a10323837e09474
fold_04,00651,00700,50,B2_W50,brier,0.09793211880759589,0.09691741278,0.09905333184,True,False,EXP-001,ds_16b6be697acb,ds_aa8808303afa,1465af7161a9053ca7df7d4d04572789911a5480,e41f63ef47ea066f14e5effb41bf9f4b7ebd8d79641604b69a10323837e09474
fold_04,00651,00700,50,B2_W50,ece,0.020490653008962786,0.0153731114,0.03727329065,True,False,EXP-001,ds_16b6be697acb,ds_aa8808303afa,1465af7161a9053ca7df7d4d04572789911a5480,e41f63ef47ea066f14e5effb41bf9f4b7ebd8d79641604b69a10323837e09474
fold_04,00651,00700,50,B2_W50,ece_n_bins,8,,,True,False,EXP-001,ds_16b6be697acb,ds_aa8808303afa,1465af7161a9053ca7df7d4d04572789911a5480,e41f63ef47ea066f14e5effb41bf9f4b7ebd8d79641604b69a10323837e09474
fold_04,00651,00700,50,B2_W50,sum_p_mean,5.999999999999999,,,True,False,EXP-001,ds_16b6be697acb,ds_aa8808303afa,1465af7161a9053ca7df7d4d04572789911a5480,e41f63ef47ea066f14e5effb41bf9f4b7ebd8d79641604b69a10323837e09474
fold_04,00651,00700,50,B2_W50,sum_p_min,5.999999999999998,,,True,False,EXP-001,ds_16b6be697acb,ds_aa8808303afa,1465af7161a9053ca7df7d4d04572789911a5480,e41f63ef47ea066f14e5effb41bf9f4b7ebd8d79641604b69a10323837e09474
fold_04,00651,00700,50,B2_W50,sum_p_max,5.999999999999999,,,True,False,EXP-001,ds_16b6be697acb,ds_aa8808303afa,1465af7161a9053ca7df7d4d04572789911a5480,e41f63ef47ea066f14e5effb41bf9f4b7ebd8d79641604b69a10323837e09474
fold_04,00651,00700,50,B2_W50,n_clipped,0,0,0,True,False,EXP-001,ds_16b6be697acb,ds_aa8808303afa,1465af7161a9053ca7df7d4d04572789911a5480,e41f63ef47ea066f14e5effb41bf9f4b7ebd8d79641604b69a10323837e09474
fold_04,00651,00700,50,B2_W50,sum_mae,25.457859154929576,22.11316197,28.77711408,True,False,EXP-001,ds_16b6be697acb,ds_aa8808303afa,1465af7161a9053ca7df7d4d04572789911a5480,e41f63ef47ea066f14e5effb41bf9f4b7ebd8d79641604b69a10323837e09474
fold_04,00651,00700,50,B2_W50,sum_rmse,31.82806418349562,28.66760686,35.17805233,True,False,EXP-001,ds_16b6be697acb,ds_aa8808303afa,1465af7161a9053ca7df7d4d04572789911a5480,e41f63ef47ea066f14e5effb41bf9f4b7ebd8d79641604b69a10323837e09474
fold_04,00651,00700,50,B2_W50,set_level_ls,NA (marginal-only),,,True,False,EXP-001,ds_16b6be697acb,ds_aa8808303afa,1465af7161a9053ca7df7d4d04572789911a5480,e41f63ef47ea066f14e5effb41bf9f4b7ebd8d79641604b69a10323837e09474
fold_04,00651,00700,50,B2_W50,delta_ll_vs_b0,0.004302125451618578,-0.001130765357,0.01034455164,True,False,EXP-001,ds_16b6be697acb,ds_aa8808303afa,1465af7161a9053ca7df7d4d04572789911a5480,e41f63ef47ea066f14e5effb41bf9f4b7ebd8d79641604b69a10323837e09474
fold_04,00651,00700,50,B2_W50,delta_brier_vs_b0,0.0007420361629678271,-0.0002726698658,0.001863249198,True,False,EXP-001,ds_16b6be697acb,ds_aa8808303afa,1465af7161a9053ca7df7d4d04572789911a5480,e41f63ef47ea066f14e5effb41bf9f4b7ebd8d79641604b69a10323837e09474
fold_04,00651,00700,50,B2_W50,delta_sum_mae_vs_b0,0.3178591549295783,-0.518084507,1.037073239,True,False,EXP-001,ds_16b6be697acb,ds_aa8808303afa,1465af7161a9053ca7df7d4d04572789911a5480,e41f63ef47ea066f14e5effb41bf9f4b7ebd8d79641604b69a10323837e09474
fold_04,00651,00700,50,B2_W50,delta_sum_rmse_vs_b0,0.4436731586565372,-0.3814553127,1.355537802,True,False,EXP-001,ds_16b6be697acb,ds_aa8808303afa,1465af7161a9053ca7df7d4d04572789911a5480,e41f63ef47ea066f14e5effb41bf9f4b7ebd8d79641604b69a10323837e09474
fold_04,00651,00700,50,B2_W100,ll,0.34688761046677696,0.3426630667,0.3508169805,True,False,EXP-001,ds_16b6be697acb,ds_aa8808303afa,1465af7161a9053ca7df7d4d04572789911a5480,e41f63ef47ea066f14e5effb41bf9f4b7ebd8d79641604b69a10323837e09474
fold_04,00651,00700,50,B2_W100,brier,0.09759867606782821,0.0968626086,0.09827914449,True,False,EXP-001,ds_16b6be697acb,ds_aa8808303afa,1465af7161a9053ca7df7d4d04572789911a5480,e41f63ef47ea066f14e5effb41bf9f4b7ebd8d79641604b69a10323837e09474
fold_04,00651,00700,50,B2_W100,ece,0.020326995142262418,0.01475306037,0.03550001388,True,False,EXP-001,ds_16b6be697acb,ds_aa8808303afa,1465af7161a9053ca7df7d4d04572789911a5480,e41f63ef47ea066f14e5effb41bf9f4b7ebd8d79641604b69a10323837e09474
fold_04,00651,00700,50,B2_W100,ece_n_bins,10,,,True,False,EXP-001,ds_16b6be697acb,ds_aa8808303afa,1465af7161a9053ca7df7d4d04572789911a5480,e41f63ef47ea066f14e5effb41bf9f4b7ebd8d79641604b69a10323837e09474
fold_04,00651,00700,50,B2_W100,sum_p_mean,6.0,,,True,False,EXP-001,ds_16b6be697acb,ds_aa8808303afa,1465af7161a9053ca7df7d4d04572789911a5480,e41f63ef47ea066f14e5effb41bf9f4b7ebd8d79641604b69a10323837e09474
fold_04,00651,00700,50,B2_W100,sum_p_min,5.999999999999998,,,True,False,EXP-001,ds_16b6be697acb,ds_aa8808303afa,1465af7161a9053ca7df7d4d04572789911a5480,e41f63ef47ea066f14e5effb41bf9f4b7ebd8d79641604b69a10323837e09474
fold_04,00651,00700,50,B2_W100,sum_p_max,6.000000000000001,,,True,False,EXP-001,ds_16b6be697acb,ds_aa8808303afa,1465af7161a9053ca7df7d4d04572789911a5480,e41f63ef47ea066f14e5effb41bf9f4b7ebd8d79641604b69a10323837e09474
fold_04,00651,00700,50,B2_W100,n_clipped,0,0,0,True,False,EXP-001,ds_16b6be697acb,ds_aa8808303afa,1465af7161a9053ca7df7d4d04572789911a5480,e41f63ef47ea066f14e5effb41bf9f4b7ebd8d79641604b69a10323837e09474
fold_04,00651,00700,50,B2_W100,sum_mae,25.365343511450384,21.70778244,29.11211145,True,False,EXP-001,ds_16b6be697acb,ds_aa8808303afa,1465af7161a9053ca7df7d4d04572789911a5480,e41f63ef47ea066f14e5effb41bf9f4b7ebd8d79641604b69a10323837e09474
fold_04,00651,00700,50,B2_W100,sum_rmse,31.590803662714467,27.87787404,35.49206913,True,False,EXP-001,ds_16b6be697acb,ds_aa8808303afa,1465af7161a9053ca7df7d4d04572789911a5480,e41f63ef47ea066f14e5effb41bf9f4b7ebd8d79641604b69a10323837e09474
fold_04,00651,00700,50,B2_W100,set_level_ls,NA (marginal-only),,,True,False,EXP-001,ds_16b6be697acb,ds_aa8808303afa,1465af7161a9053ca7df7d4d04572789911a5480,e41f63ef47ea066f14e5effb41bf9f4b7ebd8d79641604b69a10323837e09474
fold_04,00651,00700,50,B2_W100,delta_ll_vs_b0,0.0022771783759247387,-0.00194736536,0.006206548362,True,False,EXP-001,ds_16b6be697acb,ds_aa8808303afa,1465af7161a9053ca7df7d4d04572789911a5480,e41f63ef47ea066f14e5effb41bf9f4b7ebd8d79641604b69a10323837e09474
fold_04,00651,00700,50,B2_W100,delta_brier_vs_b0,0.0004085934232001334,-0.0003274740448,0.001089061843,True,False,EXP-001,ds_16b6be697acb,ds_aa8808303afa,1465af7161a9053ca7df7d4d04572789911a5480,e41f63ef47ea066f14e5effb41bf9f4b7ebd8d79641604b69a10323837e09474
fold_04,00651,00700,50,B2_W100,delta_sum_mae_vs_b0,0.22534351145038273,0.1210992366,0.3240916031,True,False,EXP-001,ds_16b6be697acb,ds_aa8808303afa,1465af7161a9053ca7df7d4d04572789911a5480,e41f63ef47ea066f14e5effb41bf9f4b7ebd8d79641604b69a10323837e09474
fold_04,00651,00700,50,B2_W100,delta_sum_rmse_vs_b0,0.20641263787538477,0.08665548426,0.3330861785,True,False,EXP-001,ds_16b6be697acb,ds_aa8808303afa,1465af7161a9053ca7df7d4d04572789911a5480,e41f63ef47ea066f14e5effb41bf9f4b7ebd8d79641604b69a10323837e09474
fold_04,00651,00700,50,B2_W200,ll,0.34678980494101114,0.344885501,0.3486631447,True,False,EXP-001,ds_16b6be697acb,ds_aa8808303afa,1465af7161a9053ca7df7d4d04572789911a5480,e41f63ef47ea066f14e5effb41bf9f4b7ebd8d79641604b69a10323837e09474
fold_04,00651,00700,50,B2_W200,brier,0.0976215818796527,0.09726643801,0.09797217393,True,False,EXP-001,ds_16b6be697acb,ds_aa8808303afa,1465af7161a9053ca7df7d4d04572789911a5480,e41f63ef47ea066f14e5effb41bf9f4b7ebd8d79641604b69a10323837e09474
fold_04,00651,00700,50,B2_W200,ece,0.020810431003259834,0.01534975733,0.03113829772,True,False,EXP-001,ds_16b6be697acb,ds_aa8808303afa,1465af7161a9053ca7df7d4d04572789911a5480,e41f63ef47ea066f14e5effb41bf9f4b7ebd8d79641604b69a10323837e09474
fold_04,00651,00700,50,B2_W200,ece_n_bins,10,,,True,False,EXP-001,ds_16b6be697acb,ds_aa8808303afa,1465af7161a9053ca7df7d4d04572789911a5480,e41f63ef47ea066f14e5effb41bf9f4b7ebd8d79641604b69a10323837e09474
fold_04,00651,00700,50,B2_W200,sum_p_mean,6.0,,,True,False,EXP-001,ds_16b6be697acb,ds_aa8808303afa,1465af7161a9053ca7df7d4d04572789911a5480,e41f63ef47ea066f14e5effb41bf9f4b7ebd8d79641604b69a10323837e09474
fold_04,00651,00700,50,B2_W200,sum_p_min,5.999999999999998,,,True,False,EXP-001,ds_16b6be697acb,ds_aa8808303afa,1465af7161a9053ca7df7d4d04572789911a5480,e41f63ef47ea066f14e5effb41bf9f4b7ebd8d79641604b69a10323837e09474
fold_04,00651,00700,50,B2_W200,sum_p_max,6.000000000000002,,,True,False,EXP-001,ds_16b6be697acb,ds_aa8808303afa,1465af7161a9053ca7df7d4d04572789911a5480,e41f63ef47ea066f14e5effb41bf9f4b7ebd8d79641604b69a10323837e09474
fold_04,00651,00700,50,B2_W200,n_clipped,0,0,0,True,False,EXP-001,ds_16b6be697acb,ds_aa8808303afa,1465af7161a9053ca7df7d4d04572789911a5480,e41f63ef47ea066f14e5effb41bf9f4b7ebd8d79641604b69a10323837e09474
fold_04,00651,00700,50,B2_W200,sum_mae,25.21094820717131,21.57713665,28.92164661,True,False,EXP-001,ds_16b6be697acb,ds_aa8808303afa,1465af7161a9053ca7df7d4d04572789911a5480,e41f63ef47ea066f14e5effb41bf9f4b7ebd8d79641604b69a10323837e09474
fold_04,00651,00700,50,B2_W200,sum_rmse,31.400388531111577,27.7271793,35.24191624,True,False,EXP-001,ds_16b6be697acb,ds_aa8808303afa,1465af7161a9053ca7df7d4d04572789911a5480,e41f63ef47ea066f14e5effb41bf9f4b7ebd8d79641604b69a10323837e09474
fold_04,00651,00700,50,B2_W200,set_level_ls,NA (marginal-only),,,True,False,EXP-001,ds_16b6be697acb,ds_aa8808303afa,1465af7161a9053ca7df7d4d04572789911a5480,e41f63ef47ea066f14e5effb41bf9f4b7ebd8d79641604b69a10323837e09474
fold_04,00651,00700,50,B2_W200,delta_ll_vs_b0,0.002179372850158864,0.0002750688741,0.004052712577,True,False,EXP-001,ds_16b6be697acb,ds_aa8808303afa,1465af7161a9053ca7df7d4d04572789911a5480,e41f63ef47ea066f14e5effb41bf9f4b7ebd8d79641604b69a10323837e09474
fold_04,00651,00700,50,B2_W200,delta_brier_vs_b0,0.00043149923502463214,7.635536574e-05,0.0007820912805,True,False,EXP-001,ds_16b6be697acb,ds_aa8808303afa,1465af7161a9053ca7df7d4d04572789911a5480,e41f63ef47ea066f14e5effb41bf9f4b7ebd8d79641604b69a10323837e09474
fold_04,00651,00700,50,B2_W200,delta_sum_mae_vs_b0,0.07094820717131427,-0.0501059761,0.1873195219,True,False,EXP-001,ds_16b6be697acb,ds_aa8808303afa,1465af7161a9053ca7df7d4d04572789911a5480,e41f63ef47ea066f14e5effb41bf9f4b7ebd8d79641604b69a10323837e09474
fold_04,00651,00700,50,B2_W200,delta_sum_rmse_vs_b0,0.015997506272494633,-0.1168266587,0.1616319521,True,False,EXP-001,ds_16b6be697acb,ds_aa8808303afa,1465af7161a9053ca7df7d4d04572789911a5480,e41f63ef47ea066f14e5effb41bf9f4b7ebd8d79641604b69a10323837e09474
fold_05,00701,00750,50,B0,ll,0.3446104320908522,0.3446104321,0.3446104321,True,False,EXP-001,ds_16b6be697acb,ds_aa8808303afa,1465af7161a9053ca7df7d4d04572789911a5480,e41f63ef47ea066f14e5effb41bf9f4b7ebd8d79641604b69a10323837e09474
fold_05,00701,00750,50,B0,brier,0.09719008264462808,0.09719008264,0.09719008264,True,False,EXP-001,ds_16b6be697acb,ds_aa8808303afa,1465af7161a9053ca7df7d4d04572789911a5480,e41f63ef47ea066f14e5effb41bf9f4b7ebd8d79641604b69a10323837e09474
fold_05,00701,00750,50,B0,ece,3.7192471324942744e-15,3.719247132e-15,3.719247132e-15,True,False,EXP-001,ds_16b6be697acb,ds_aa8808303afa,1465af7161a9053ca7df7d4d04572789911a5480,e41f63ef47ea066f14e5effb41bf9f4b7ebd8d79641604b69a10323837e09474
fold_05,00701,00750,50,B0,ece_n_bins,1,,,True,False,EXP-001,ds_16b6be697acb,ds_aa8808303afa,1465af7161a9053ca7df7d4d04572789911a5480,e41f63ef47ea066f14e5effb41bf9f4b7ebd8d79641604b69a10323837e09474
fold_05,00701,00750,50,B0,sum_p_mean,6.000000000000001,,,True,False,EXP-001,ds_16b6be697acb,ds_aa8808303afa,1465af7161a9053ca7df7d4d04572789911a5480,e41f63ef47ea066f14e5effb41bf9f4b7ebd8d79641604b69a10323837e09474
fold_05,00701,00750,50,B0,sum_p_min,6.000000000000002,,,True,False,EXP-001,ds_16b6be697acb,ds_aa8808303afa,1465af7161a9053ca7df7d4d04572789911a5480,e41f63ef47ea066f14e5effb41bf9f4b7ebd8d79641604b69a10323837e09474
fold_05,00701,00750,50,B0,sum_p_max,6.000000000000002,,,True,False,EXP-001,ds_16b6be697acb,ds_aa8808303afa,1465af7161a9053ca7df7d4d04572789911a5480,e41f63ef47ea066f14e5effb41bf9f4b7ebd8d79641604b69a10323837e09474
fold_05,00701,00750,50,B0,n_clipped,0,0,0,True,False,EXP-001,ds_16b6be697acb,ds_aa8808303afa,1465af7161a9053ca7df7d4d04572789911a5480,e41f63ef47ea066f14e5effb41bf9f4b7ebd8d79641604b69a10323837e09474
fold_05,00701,00750,50,B0,sum_mae,31.4,27.2995,35.2205,True,False,EXP-001,ds_16b6be697acb,ds_aa8808303afa,1465af7161a9053ca7df7d4d04572789911a5480,e41f63ef47ea066f14e5effb41bf9f4b7ebd8d79641604b69a10323837e09474
fold_05,00701,00750,50,B0,sum_rmse,37.87294548883147,33.88290128,41.345169,True,False,EXP-001,ds_16b6be697acb,ds_aa8808303afa,1465af7161a9053ca7df7d4d04572789911a5480,e41f63ef47ea066f14e5effb41bf9f4b7ebd8d79641604b69a10323837e09474
fold_05,00701,00750,50,B0,set_level_ls,17.182450290072666,,,True,False,EXP-001,ds_16b6be697acb,ds_aa8808303afa,1465af7161a9053ca7df7d4d04572789911a5480,e41f63ef47ea066f14e5effb41bf9f4b7ebd8d79641604b69a10323837e09474
fold_05,00701,00750,50,B0,delta_ll_vs_b0,0.0,0,0,True,False,EXP-001,ds_16b6be697acb,ds_aa8808303afa,1465af7161a9053ca7df7d4d04572789911a5480,e41f63ef47ea066f14e5effb41bf9f4b7ebd8d79641604b69a10323837e09474
fold_05,00701,00750,50,B0,delta_brier_vs_b0,0.0,0,0,True,False,EXP-001,ds_16b6be697acb,ds_aa8808303afa,1465af7161a9053ca7df7d4d04572789911a5480,e41f63ef47ea066f14e5effb41bf9f4b7ebd8d79641604b69a10323837e09474
fold_05,00701,00750,50,B0,delta_sum_mae_vs_b0,0.0,0,0,True,False,EXP-001,ds_16b6be697acb,ds_aa8808303afa,1465af7161a9053ca7df7d4d04572789911a5480,e41f63ef47ea066f14e5effb41bf9f4b7ebd8d79641604b69a10323837e09474
fold_05,00701,00750,50,B0,delta_sum_rmse_vs_b0,0.0,0,0,True,False,EXP-001,ds_16b6be697acb,ds_aa8808303afa,1465af7161a9053ca7df7d4d04572789911a5480,e41f63ef47ea066f14e5effb41bf9f4b7ebd8d79641604b69a10323837e09474
fold_05,00701,00750,50,B1,ll,0.34495873852306486,0.3437468223,0.3461951411,True,False,EXP-001,ds_16b6be697acb,ds_aa8808303afa,1465af7161a9053ca7df7d4d04572789911a5480,e41f63ef47ea066f14e5effb41bf9f4b7ebd8d79641604b69a10323837e09474
fold_05,00701,00750,50,B1,brier,0.09725475016951864,0.0970148661,0.09749994756,True,False,EXP-001,ds_16b6be697acb,ds_aa8808303afa,1465af7161a9053ca7df7d4d04572789911a5480,e41f63ef47ea066f14e5effb41bf9f4b7ebd8d79641604b69a10323837e09474
fold_05,00701,00750,50,B1,ece,0.013283003694174756,0.01072942648,0.03304674771,True,False,EXP-001,ds_16b6be697acb,ds_aa8808303afa,1465af7161a9053ca7df7d4d04572789911a5480,e41f63ef47ea066f14e5effb41bf9f4b7ebd8d79641604b69a10323837e09474
fold_05,00701,00750,50,B1,ece_n_bins,10,,,True,False,EXP-001,ds_16b6be697acb,ds_aa8808303afa,1465af7161a9053ca7df7d4d04572789911a5480,e41f63ef47ea066f14e5effb41bf9f4b7ebd8d79641604b69a10323837e09474
fold_05,00701,00750,50,B1,sum_p_mean,6.0,,,True,False,EXP-001,ds_16b6be697acb,ds_aa8808303afa,1465af7161a9053ca7df7d4d04572789911a5480,e41f63ef47ea066f14e5effb41bf9f4b7ebd8d79641604b69a10323837e09474
fold_05,00701,00750,50,B1,sum_p_min,5.999999999999998,,,True,False,EXP-001,ds_16b6be697acb,ds_aa8808303afa,1465af7161a9053ca7df7d4d04572789911a5480,e41f63ef47ea066f14e5effb41bf9f4b7ebd8d79641604b69a10323837e09474
fold_05,00701,00750,50,B1,sum_p_max,6.000000000000002,,,True,False,EXP-001,ds_16b6be697acb,ds_aa8808303afa,1465af7161a9053ca7df7d4d04572789911a5480,e41f63ef47ea066f14e5effb41bf9f4b7ebd8d79641604b69a10323837e09474
fold_05,00701,00750,50,B1,n_clipped,0,0,0,True,False,EXP-001,ds_16b6be697acb,ds_aa8808303afa,1465af7161a9053ca7df7d4d04572789911a5480,e41f63ef47ea066f14e5effb41bf9f4b7ebd8d79641604b69a10323837e09474
fold_05,00701,00750,50,B1,sum_mae,31.195720492404185,27.16345813,34.91501578,True,False,EXP-001,ds_16b6be697acb,ds_aa8808303afa,1465af7161a9053ca7df7d4d04572789911a5480,e41f63ef47ea066f14e5effb41bf9f4b7ebd8d79641604b69a10323837e09474
fold_05,00701,00750,50,B1,sum_rmse,37.64301454338796,33.72723996,41.07410869,True,False,EXP-001,ds_16b6be697acb,ds_aa8808303afa,1465af7161a9053ca7df7d4d04572789911a5480,e41f63ef47ea066f14e5effb41bf9f4b7ebd8d79641604b69a10323837e09474
fold_05,00701,00750,50,B1,set_level_ls,NA (marginal-only),,,True,False,EXP-001,ds_16b6be697acb,ds_aa8808303afa,1465af7161a9053ca7df7d4d04572789911a5480,e41f63ef47ea066f14e5effb41bf9f4b7ebd8d79641604b69a10323837e09474
fold_05,00701,00750,50,B1,delta_ll_vs_b0,0.00034830643221269163,-0.0008636098393,0.00158470896,True,False,EXP-001,ds_16b6be697acb,ds_aa8808303afa,1465af7161a9053ca7df7d4d04572789911a5480,e41f63ef47ea066f14e5effb41bf9f4b7ebd8d79641604b69a10323837e09474
fold_05,00701,00750,50,B1,delta_brier_vs_b0,6.466752489057759e-05,-0.0001752165477,0.0003098649196,True,False,EXP-001,ds_16b6be697acb,ds_aa8808303afa,1465af7161a9053ca7df7d4d04572789911a5480,e41f63ef47ea066f14e5effb41bf9f4b7ebd8d79641604b69a10323837e09474
fold_05,00701,00750,50,B1,delta_sum_mae_vs_b0,-0.2042795075958162,-0.4296525091,-0.001576346985,True,False,EXP-001,ds_16b6be697acb,ds_aa8808303afa,1465af7161a9053ca7df7d4d04572789911a5480,e41f63ef47ea066f14e5effb41bf9f4b7ebd8d79641604b69a10323837e09474
fold_05,00701,00750,50,B1,delta_sum_rmse_vs_b0,-0.22993094544350612,-0.4387870631,-0.02397610438,True,False,EXP-001,ds_16b6be697acb,ds_aa8808303afa,1465af7161a9053ca7df7d4d04572789911a5480,e41f63ef47ea066f14e5effb41bf9f4b7ebd8d79641604b69a10323837e09474
fold_05,00701,00750,50,B2_W50,ll,0.3570300592811326,0.3516051322,0.3619263097,True,False,EXP-001,ds_16b6be697acb,ds_aa8808303afa,1465af7161a9053ca7df7d4d04572789911a5480,e41f63ef47ea066f14e5effb41bf9f4b7ebd8d79641604b69a10323837e09474
fold_05,00701,00750,50,B2_W50,brier,0.09929925880507114,0.0983773941,0.1001135951,True,False,EXP-001,ds_16b6be697acb,ds_aa8808303afa,1465af7161a9053ca7df7d4d04572789911a5480,e41f63ef47ea066f14e5effb41bf9f4b7ebd8d79641604b69a10323837e09474
fold_05,00701,00750,50,B2_W50,ece,0.03964558258642774,0.03038545455,0.05138238156,True,False,EXP-001,ds_16b6be697acb,ds_aa8808303afa,1465af7161a9053ca7df7d4d04572789911a5480,e41f63ef47ea066f14e5effb41bf9f4b7ebd8d79641604b69a10323837e09474
fold_05,00701,00750,50,B2_W50,ece_n_bins,7,,,True,False,EXP-001,ds_16b6be697acb,ds_aa8808303afa,1465af7161a9053ca7df7d4d04572789911a5480,e41f63ef47ea066f14e5effb41bf9f4b7ebd8d79641604b69a10323837e09474
fold_05,00701,00750,50,B2_W50,sum_p_mean,5.999999999999999,,,True,False,EXP-001,ds_16b6be697acb,ds_aa8808303afa,1465af7161a9053ca7df7d4d04572789911a5480,e41f63ef47ea066f14e5effb41bf9f4b7ebd8d79641604b69a10323837e09474
fold_05,00701,00750,50,B2_W50,sum_p_min,5.999999999999998,,,True,False,EXP-001,ds_16b6be697acb,ds_aa8808303afa,1465af7161a9053ca7df7d4d04572789911a5480,e41f63ef47ea066f14e5effb41bf9f4b7ebd8d79641604b69a10323837e09474
fold_05,00701,00750,50,B2_W50,sum_p_max,5.999999999999999,,,True,False,EXP-001,ds_16b6be697acb,ds_aa8808303afa,1465af7161a9053ca7df7d4d04572789911a5480,e41f63ef47ea066f14e5effb41bf9f4b7ebd8d79641604b69a10323837e09474
fold_05,00701,00750,50,B2_W50,n_clipped,0,0,0,True,False,EXP-001,ds_16b6be697acb,ds_aa8808303afa,1465af7161a9053ca7df7d4d04572789911a5480,e41f63ef47ea066f14e5effb41bf9f4b7ebd8d79641604b69a10323837e09474
fold_05,00701,00750,50,B2_W50,sum_mae,32.021971830985905,27.19649437,36.8918169,True,False,EXP-001,ds_16b6be697acb,ds_aa8808303afa,1465af7161a9053ca7df7d4d04572789911a5480,e41f63ef47ea066f14e5effb41bf9f4b7ebd8d79641604b69a10323837e09474
fold_05,00701,00750,50,B2_W50,sum_rmse,38.569961709606346,33.8370666,42.86709187,True,False,EXP-001,ds_16b6be697acb,ds_aa8808303afa,1465af7161a9053ca7df7d4d04572789911a5480,e41f63ef47ea066f14e5effb41bf9f4b7ebd8d79641604b69a10323837e09474
fold_05,00701,00750,50,B2_W50,set_level_ls,NA (marginal-only),,,True,False,EXP-001,ds_16b6be697acb,ds_aa8808303afa,1465af7161a9053ca7df7d4d04572789911a5480,e41f63ef47ea066f14e5effb41bf9f4b7ebd8d79641604b69a10323837e09474
fold_05,00701,00750,50,B2_W50,delta_ll_vs_b0,0.012419627190280393,0.006994700063,0.01731587764,True,False,EXP-001,ds_16b6be697acb,ds_aa8808303afa,1465af7161a9053ca7df7d4d04572789911a5480,e41f63ef47ea066f14e5effb41bf9f4b7ebd8d79641604b69a10323837e09474
fold_05,00701,00750,50,B2_W50,delta_brier_vs_b0,0.002109176160443077,0.001187311451,0.002923512421,True,False,EXP-001,ds_16b6be697acb,ds_aa8808303afa,1465af7161a9053ca7df7d4d04572789911a5480,e41f63ef47ea066f14e5effb41bf9f4b7ebd8d79641604b69a10323837e09474
fold_05,00701,00750,50,B2_W50,delta_sum_mae_vs_b0,0.6219718309859132,-0.8535633803,2.195847887,True,False,EXP-001,ds_16b6be697acb,ds_aa8808303afa,1465af7161a9053ca7df7d4d04572789911a5480,e41f63ef47ea066f14e5effb41bf9f4b7ebd8d79641604b69a10323837e09474
fold_05,00701,00750,50,B2_W50,delta_sum_rmse_vs_b0,0.6970162207748771,-0.4704640289,2.006094418,True,False,EXP-001,ds_16b6be697acb,ds_aa8808303afa,1465af7161a9053ca7df7d4d04572789911a5480,e41f63ef47ea066f14e5effb41bf9f4b7ebd8d79641604b69a10323837e09474
fold_05,00701,00750,50,B2_W100,ll,0.35045797570226817,0.3476704795,0.3533366788,True,False,EXP-001,ds_16b6be697acb,ds_aa8808303afa,1465af7161a9053ca7df7d4d04572789911a5480,e41f63ef47ea066f14e5effb41bf9f4b7ebd8d79641604b69a10323837e09474
fold_05,00701,00750,50,B2_W100,brier,0.09826815517213978,0.09777712517,0.09877981156,True,False,EXP-001,ds_16b6be697acb,ds_aa8808303afa,1465af7161a9053ca7df7d4d04572789911a5480,e41f63ef47ea066f14e5effb41bf9f4b7ebd8d79641604b69a10323837e09474
fold_05,00701,00750,50,B2_W100,ece,0.032732824427480905,0.02622731437,0.04017879251,True,False,EXP-001,ds_16b6be697acb,ds_aa8808303afa,1465af7161a9053ca7df7d4d04572789911a5480,e41f63ef47ea066f14e5effb41bf9f4b7ebd8d79641604b69a10323837e09474
fold_05,00701,00750,50,B2_W100,ece_n_bins,9,,,True,False,EXP-001,ds_16b6be697acb,ds_aa8808303afa,1465af7161a9053ca7df7d4d04572789911a5480,e41f63ef47ea066f14e5effb41bf9f4b7ebd8d79641604b69a10323837e09474
fold_05,00701,00750,50,B2_W100,sum_p_mean,6.0,,,True,False,EXP-001,ds_16b6be697acb,ds_aa8808303afa,1465af7161a9053ca7df7d4d04572789911a5480,e41f63ef47ea066f14e5effb41bf9f4b7ebd8d79641604b69a10323837e09474
fold_05,00701,00750,50,B2_W100,sum_p_min,5.999999999999999,,,True,False,EXP-001,ds_16b6be697acb,ds_aa8808303afa,1465af7161a9053ca7df7d4d04572789911a5480,e41f63ef47ea066f14e5effb41bf9f4b7ebd8d79641604b69a10323837e09474
fold_05,00701,00750,50,B2_W100,sum_p_max,6.000000000000002,,,True,False,EXP-001,ds_16b6be697acb,ds_aa8808303afa,1465af7161a9053ca7df7d4d04572789911a5480,e41f63ef47ea066f14e5effb41bf9f4b7ebd8d79641604b69a10323837e09474
fold_05,00701,00750,50,B2_W100,n_clipped,0,0,0,True,False,EXP-001,ds_16b6be697acb,ds_aa8808303afa,1465af7161a9053ca7df7d4d04572789911a5480,e41f63ef47ea066f14e5effb41bf9f4b7ebd8d79641604b69a10323837e09474
fold_05,00701,00750,50,B2_W100,sum_mae,30.957557251908398,26.9704626,34.61160763,True,False,EXP-001,ds_16b6be697acb,ds_aa8808303afa,1465af7161a9053ca7df7d4d04572789911a5480,e41f63ef47ea066f14e5effb41bf9f4b7ebd8d79641604b69a10323837e09474
fold_05,00701,00750,50,B2_W100,sum_rmse,37.38388355405785,33.42677292,40.85932269,True,False,EXP-001,ds_16b6be697acb,ds_aa8808303afa,1465af7161a9053ca7df7d4d04572789911a5480,e41f63ef47ea066f14e5effb41bf9f4b7ebd8d79641604b69a10323837e09474
fold_05,00701,00750,50,B2_W100,set_level_ls,NA (marginal-only),,,True,False,EXP-001,ds_16b6be697acb,ds_aa8808303afa,1465af7161a9053ca7df7d4d04572789911a5480,e41f63ef47ea066f14e5effb41bf9f4b7ebd8d79641604b69a10323837e09474
fold_05,00701,00750,50,B2_W100,delta_ll_vs_b0,0.005847543611416022,0.003060047379,0.008726246668,True,False,EXP-001,ds_16b6be697acb,ds_aa8808303afa,1465af7161a9053ca7df7d4d04572789911a5480,e41f63ef47ea066f14e5effb41bf9f4b7ebd8d79641604b69a10323837e09474
fold_05,00701,00750,50,B2_W100,delta_brier_vs_b0,0.0010780725275117082,0.0005870425282,0.001589728915,True,False,EXP-001,ds_16b6be697acb,ds_aa8808303afa,1465af7161a9053ca7df7d4d04572789911a5480,e41f63ef47ea066f14e5effb41bf9f4b7ebd8d79641604b69a10323837e09474
fold_05,00701,00750,50,B2_W100,delta_sum_mae_vs_b0,-0.4424427480916046,-1.250569466,0.2850687023,True,False,EXP-001,ds_16b6be697acb,ds_aa8808303afa,1465af7161a9053ca7df7d4d04572789911a5480,e41f63ef47ea066f14e5effb41bf9f4b7ebd8d79641604b69a10323837e09474
fold_05,00701,00750,50,B2_W100,delta_sum_rmse_vs_b0,-0.48906193477361626,-1.274119177,0.2453626951,True,False,EXP-001,ds_16b6be697acb,ds_aa8808303afa,1465af7161a9053ca7df7d4d04572789911a5480,e41f63ef47ea066f14e5effb41bf9f4b7ebd8d79641604b69a10323837e09474
fold_05,00701,00750,50,B2_W200,ll,0.3456949446005629,0.3437264254,0.3480788623,True,False,EXP-001,ds_16b6be697acb,ds_aa8808303afa,1465af7161a9053ca7df7d4d04572789911a5480,e41f63ef47ea066f14e5effb41bf9f4b7ebd8d79641604b69a10323837e09474
fold_05,00701,00750,50,B2_W200,brier,0.09737163952664535,0.0969754293,0.09783401453,True,False,EXP-001,ds_16b6be697acb,ds_aa8808303afa,1465af7161a9053ca7df7d4d04572789911a5480,e41f63ef47ea066f14e5effb41bf9f4b7ebd8d79641604b69a10323837e09474
fold_05,00701,00750,50,B2_W200,ece,0.015265193770373213,0.01237622601,0.02667717494,True,False,EXP-001,ds_16b6be697acb,ds_aa8808303afa,1465af7161a9053ca7df7d4d04572789911a5480,e41f63ef47ea066f14e5effb41bf9f4b7ebd8d79641604b69a10323837e09474
fold_05,00701,00750,50,B2_W200,ece_n_bins,9,,,True,False,EXP-001,ds_16b6be697acb,ds_aa8808303afa,1465af7161a9053ca7df7d4d04572789911a5480,e41f63ef47ea066f14e5effb41bf9f4b7ebd8d79641604b69a10323837e09474
fold_05,00701,00750,50,B2_W200,sum_p_mean,6.0,,,True,False,EXP-001,ds_16b6be697acb,ds_aa8808303afa,1465af7161a9053ca7df7d4d04572789911a5480,e41f63ef47ea066f14e5effb41bf9f4b7ebd8d79641604b69a10323837e09474
fold_05,00701,00750,50,B2_W200,sum_p_min,5.999999999999999,,,True,False,EXP-001,ds_16b6be697acb,ds_aa8808303afa,1465af7161a9053ca7df7d4d04572789911a5480,e41f63ef47ea066f14e5effb41bf9f4b7ebd8d79641604b69a10323837e09474
fold_05,00701,00750,50,B2_W200,sum_p_max,6.000000000000002,,,True,False,EXP-001,ds_16b6be697acb,ds_aa8808303afa,1465af7161a9053ca7df7d4d04572789911a5480,e41f63ef47ea066f14e5effb41bf9f4b7ebd8d79641604b69a10323837e09474
fold_05,00701,00750,50,B2_W200,n_clipped,0,0,0,True,False,EXP-001,ds_16b6be697acb,ds_aa8808303afa,1465af7161a9053ca7df7d4d04572789911a5480,e41f63ef47ea066f14e5effb41bf9f4b7ebd8d79641604b69a10323837e09474
fold_05,00701,00750,50,B2_W200,sum_mae,31.348940239043824,27.20663944,35.23557052,True,False,EXP-001,ds_16b6be697acb,ds_aa8808303afa,1465af7161a9053ca7df7d4d04572789911a5480,e41f63ef47ea066f14e5effb41bf9f4b7ebd8d79641604b69a10323837e09474
fold_05,00701,00750,50,B2_W200,sum_rmse,37.78506414439013,33.75703933,41.34459059,True,False,EXP-001,ds_16b6be697acb,ds_aa8808303afa,1465af7161a9053ca7df7d4d04572789911a5480,e41f63ef47ea066f14e5effb41bf9f4b7ebd8d79641604b69a10323837e09474
fold_05,00701,00750,50,B2_W200,set_level_ls,NA (marginal-only),,,True,False,EXP-001,ds_16b6be697acb,ds_aa8808303afa,1465af7161a9053ca7df7d4d04572789911a5480,e41f63ef47ea066f14e5effb41bf9f4b7ebd8d79641604b69a10323837e09474
fold_05,00701,00750,50,B2_W200,delta_ll_vs_b0,0.0010845125097107655,-0.0008840066495,0.003468430195,True,False,EXP-001,ds_16b6be697acb,ds_aa8808303afa,1465af7161a9053ca7df7d4d04572789911a5480,e41f63ef47ea066f14e5effb41bf9f4b7ebd8d79641604b69a10323837e09474
fold_05,00701,00750,50,B2_W200,delta_brier_vs_b0,0.00018155688201724584,-0.0002146533484,0.0006439318804,True,False,EXP-001,ds_16b6be697acb,ds_aa8808303afa,1465af7161a9053ca7df7d4d04572789911a5480,e41f63ef47ea066f14e5effb41bf9f4b7ebd8d79641604b69a10323837e09474
fold_05,00701,00750,50,B2_W200,delta_sum_mae_vs_b0,-0.0510597609561762,-0.3639250996,0.255114741,True,False,EXP-001,ds_16b6be697acb,ds_aa8808303afa,1465af7161a9053ca7df7d4d04572789911a5480,e41f63ef47ea066f14e5effb41bf9f4b7ebd8d79641604b69a10323837e09474
fold_05,00701,00750,50,B2_W200,delta_sum_rmse_vs_b0,-0.08788134444134243,-0.4069384895,0.202019645,True,False,EXP-001,ds_16b6be697acb,ds_aa8808303afa,1465af7161a9053ca7df7d4d04572789911a5480,e41f63ef47ea066f14e5effb41bf9f4b7ebd8d79641604b69a10323837e09474
fold_06,00751,00800,50,B0,ll,0.3446104320908522,0.3446104321,0.3446104321,True,False,EXP-001,ds_16b6be697acb,ds_aa8808303afa,1465af7161a9053ca7df7d4d04572789911a5480,e41f63ef47ea066f14e5effb41bf9f4b7ebd8d79641604b69a10323837e09474
fold_06,00751,00800,50,B0,brier,0.09719008264462808,0.09719008264,0.09719008264,True,False,EXP-001,ds_16b6be697acb,ds_aa8808303afa,1465af7161a9053ca7df7d4d04572789911a5480,e41f63ef47ea066f14e5effb41bf9f4b7ebd8d79641604b69a10323837e09474
fold_06,00751,00800,50,B0,ece,3.7192471324942744e-15,3.719247132e-15,3.719247132e-15,True,False,EXP-001,ds_16b6be697acb,ds_aa8808303afa,1465af7161a9053ca7df7d4d04572789911a5480,e41f63ef47ea066f14e5effb41bf9f4b7ebd8d79641604b69a10323837e09474
fold_06,00751,00800,50,B0,ece_n_bins,1,,,True,False,EXP-001,ds_16b6be697acb,ds_aa8808303afa,1465af7161a9053ca7df7d4d04572789911a5480,e41f63ef47ea066f14e5effb41bf9f4b7ebd8d79641604b69a10323837e09474
fold_06,00751,00800,50,B0,sum_p_mean,6.000000000000001,,,True,False,EXP-001,ds_16b6be697acb,ds_aa8808303afa,1465af7161a9053ca7df7d4d04572789911a5480,e41f63ef47ea066f14e5effb41bf9f4b7ebd8d79641604b69a10323837e09474
fold_06,00751,00800,50,B0,sum_p_min,6.000000000000002,,,True,False,EXP-001,ds_16b6be697acb,ds_aa8808303afa,1465af7161a9053ca7df7d4d04572789911a5480,e41f63ef47ea066f14e5effb41bf9f4b7ebd8d79641604b69a10323837e09474
fold_06,00751,00800,50,B0,sum_p_max,6.000000000000002,,,True,False,EXP-001,ds_16b6be697acb,ds_aa8808303afa,1465af7161a9053ca7df7d4d04572789911a5480,e41f63ef47ea066f14e5effb41bf9f4b7ebd8d79641604b69a10323837e09474
fold_06,00751,00800,50,B0,n_clipped,0,0,0,True,False,EXP-001,ds_16b6be697acb,ds_aa8808303afa,1465af7161a9053ca7df7d4d04572789911a5480,e41f63ef47ea066f14e5effb41bf9f4b7ebd8d79641604b69a10323837e09474
fold_06,00751,00800,50,B0,sum_mae,30.38,24.9595,36.1005,True,False,EXP-001,ds_16b6be697acb,ds_aa8808303afa,1465af7161a9053ca7df7d4d04572789911a5480,e41f63ef47ea066f14e5effb41bf9f4b7ebd8d79641604b69a10323837e09474
fold_06,00751,00800,50,B0,sum_rmse,38.27139924277658,31.61263988,45.34214926,True,False,EXP-001,ds_16b6be697acb,ds_aa8808303afa,1465af7161a9053ca7df7d4d04572789911a5480,e41f63ef47ea066f14e5effb41bf9f4b7ebd8d79641604b69a10323837e09474
fold_06,00751,00800,50,B0,set_level_ls,17.182450290072666,,,True,False,EXP-001,ds_16b6be697acb,ds_aa8808303afa,1465af7161a9053ca7df7d4d04572789911a5480,e41f63ef47ea066f14e5effb41bf9f4b7ebd8d79641604b69a10323837e09474
fold_06,00751,00800,50,B0,delta_ll_vs_b0,0.0,0,0,True,False,EXP-001,ds_16b6be697acb,ds_aa8808303afa,1465af7161a9053ca7df7d4d04572789911a5480,e41f63ef47ea066f14e5effb41bf9f4b7ebd8d79641604b69a10323837e09474
fold_06,00751,00800,50,B0,delta_brier_vs_b0,0.0,0,0,True,False,EXP-001,ds_16b6be697acb,ds_aa8808303afa,1465af7161a9053ca7df7d4d04572789911a5480,e41f63ef47ea066f14e5effb41bf9f4b7ebd8d79641604b69a10323837e09474
fold_06,00751,00800,50,B0,delta_sum_mae_vs_b0,0.0,0,0,True,False,EXP-001,ds_16b6be697acb,ds_aa8808303afa,1465af7161a9053ca7df7d4d04572789911a5480,e41f63ef47ea066f14e5effb41bf9f4b7ebd8d79641604b69a10323837e09474
fold_06,00751,00800,50,B0,delta_sum_rmse_vs_b0,0.0,0,0,True,False,EXP-001,ds_16b6be697acb,ds_aa8808303afa,1465af7161a9053ca7df7d4d04572789911a5480,e41f63ef47ea066f14e5effb41bf9f4b7ebd8d79641604b69a10323837e09474
fold_06,00751,00800,50,B1,ll,0.3454711099842923,0.3445521042,0.3462886068,True,False,EXP-001,ds_16b6be697acb,ds_aa8808303afa,1465af7161a9053ca7df7d4d04572789911a5480,e41f63ef47ea066f14e5effb41bf9f4b7ebd8d79641604b69a10323837e09474
fold_06,00751,00800,50,B1,brier,0.0973576044998821,0.0971779933,0.09751561021,True,False,EXP-001,ds_16b6be697acb,ds_aa8808303afa,1465af7161a9053ca7df7d4d04572789911a5480,e41f63ef47ea066f14e5effb41bf9f4b7ebd8d79641604b69a10323837e09474
fold_06,00751,00800,50,B1,ece,0.018577294546917013,0.0145253333,0.03383900398,True,False,EXP-001,ds_16b6be697acb,ds_aa8808303afa,1465af7161a9053ca7df7d4d04572789911a5480,e41f63ef47ea066f14e5effb41bf9f4b7ebd8d79641604b69a10323837e09474
fold_06,00751,00800,50,B1,ece_n_bins,10,,,True,False,EXP-001,ds_16b6be697acb,ds_aa8808303afa,1465af7161a9053ca7df7d4d04572789911a5480,e41f63ef47ea066f14e5effb41bf9f4b7ebd8d79641604b69a10323837e09474
fold_06,00751,00800,50,B1,sum_p_mean,6.0,,,True,False,EXP-001,ds_16b6be697acb,ds_aa8808303afa,1465af7161a9053ca7df7d4d04572789911a5480,e41f63ef47ea066f14e5effb41bf9f4b7ebd8d79641604b69a10323837e09474
fold_06,00751,00800,50,B1,sum_p_min,5.999999999999998,,,True,False,EXP-001,ds_16b6be697acb,ds_aa8808303afa,1465af7161a9053ca7df7d4d04572789911a5480,e41f63ef47ea066f14e5effb41bf9f4b7ebd8d79641604b69a10323837e09474
fold_06,00751,00800,50,B1,sum_p_max,6.000000000000002,,,True,False,EXP-001,ds_16b6be697acb,ds_aa8808303afa,1465af7161a9053ca7df7d4d04572789911a5480,e41f63ef47ea066f14e5effb41bf9f4b7ebd8d79641604b69a10323837e09474
fold_06,00751,00800,50,B1,n_clipped,0,0,0,True,False,EXP-001,ds_16b6be697acb,ds_aa8808303afa,1465af7161a9053ca7df7d4d04572789911a5480,e41f63ef47ea066f14e5effb41bf9f4b7ebd8d79641604b69a10323837e09474
fold_06,00751,00800,50,B1,sum_mae,30.207843545044007,24.71278251,36.02258006,True,False,EXP-001,ds_16b6be697acb,ds_aa8808303afa,1465af7161a9053ca7df7d4d04572789911a5480,e41f63ef47ea066f14e5effb41bf9f4b7ebd8d79641604b69a10323837e09474
fold_06,00751,00800,50,B1,sum_rmse,38.332597454903244,31.54575261,45.53650392,True,False,EXP-001,ds_16b6be697acb,ds_aa8808303afa,1465af7161a9053ca7df7d4d04572789911a5480,e41f63ef47ea066f14e5effb41bf9f4b7ebd8d79641604b69a10323837e09474
fold_06,00751,00800,50,B1,set_level_ls,NA (marginal-only),,,True,False,EXP-001,ds_16b6be697acb,ds_aa8808303afa,1465af7161a9053ca7df7d4d04572789911a5480,e41f63ef47ea066f14e5effb41bf9f4b7ebd8d79641604b69a10323837e09474
fold_06,00751,00800,50,B1,delta_ll_vs_b0,0.0008606778934400449,-5.832790195e-05,0.001678174715,True,False,EXP-001,ds_16b6be697acb,ds_aa8808303afa,1465af7161a9053ca7df7d4d04572789911a5480,e41f63ef47ea066f14e5effb41bf9f4b7ebd8d79641604b69a10323837e09474
fold_06,00751,00800,50,B1,delta_brier_vs_b0,0.00016752185525401725,-1.208934534e-05,0.000325527565,True,False,EXP-001,ds_16b6be697acb,ds_aa8808303afa,1465af7161a9053ca7df7d4d04572789911a5480,e41f63ef47ea066f14e5effb41bf9f4b7ebd8d79641604b69a10323837e09474
fold_06,00751,00800,50,B1,delta_sum_mae_vs_b0,-0.17215645495599233,-0.588440267,0.2334636037,True,False,EXP-001,ds_16b6be697acb,ds_aa8808303afa,1465af7161a9053ca7df7d4d04572789911a5480,e41f63ef47ea066f14e5effb41bf9f4b7ebd8d79641604b69a10323837e09474
fold_06,00751,00800,50,B1,delta_sum_rmse_vs_b0,0.0611982121266621,-0.2726433309,0.317047137,True,False,EXP-001,ds_16b6be697acb,ds_aa8808303afa,1465af7161a9053ca7df7d4d04572789911a5480,e41f63ef47ea066f14e5effb41bf9f4b7ebd8d79641604b69a10323837e09474
fold_06,00751,00800,50,B2_W50,ll,0.3511330069704237,0.3485297602,0.3536878647,True,False,EXP-001,ds_16b6be697acb,ds_aa8808303afa,1465af7161a9053ca7df7d4d04572789911a5480,e41f63ef47ea066f14e5effb41bf9f4b7ebd8d79641604b69a10323837e09474
fold_06,00751,00800,50,B2_W50,brier,0.09837365890606123,0.09789163766,0.09885578835,True,False,EXP-001,ds_16b6be697acb,ds_aa8808303afa,1465af7161a9053ca7df7d4d04572789911a5480,e41f63ef47ea066f14e5effb41bf9f4b7ebd8d79641604b69a10323837e09474
fold_06,00751,00800,50,B2_W50,ece,0.028361587708066203,0.02405526248,0.03992440461,True,False,EXP-001,ds_16b6be697acb,ds_aa8808303afa,1465af7161a9053ca7df7d4d04572789911a5480,e41f63ef47ea066f14e5effb41bf9f4b7ebd8d79641604b69a10323837e09474
fold_06,00751,00800,50,B2_W50,ece_n_bins,7,,,True,False,EXP-001,ds_16b6be697acb,ds_aa8808303afa,1465af7161a9053ca7df7d4d04572789911a5480,e41f63ef47ea066f14e5effb41bf9f4b7ebd8d79641604b69a10323837e09474
fold_06,00751,00800,50,B2_W50,sum_p_mean,5.999999999999999,,,True,False,EXP-001,ds_16b6be697acb,ds_aa8808303afa,1465af7161a9053ca7df7d4d04572789911a5480,e41f63ef47ea066f14e5effb41bf9f4b7ebd8d79641604b69a10323837e09474
fold_06,00751,00800,50,B2_W50,sum_p_min,5.999999999999998,,,True,False,EXP-001,ds_16b6be697acb,ds_aa8808303afa,1465af7161a9053ca7df7d4d04572789911a5480,e41f63ef47ea066f14e5effb41bf9f4b7ebd8d79641604b69a10323837e09474
fold_06,00751,00800,50,B2_W50,sum_p_max,5.999999999999999,,,True,False,EXP-001,ds_16b6be697acb,ds_aa8808303afa,1465af7161a9053ca7df7d4d04572789911a5480,e41f63ef47ea066f14e5effb41bf9f4b7ebd8d79641604b69a10323837e09474
fold_06,00751,00800,50,B2_W50,n_clipped,0,0,0,True,False,EXP-001,ds_16b6be697acb,ds_aa8808303afa,1465af7161a9053ca7df7d4d04572789911a5480,e41f63ef47ea066f14e5effb41bf9f4b7ebd8d79641604b69a10323837e09474
fold_06,00751,00800,50,B2_W50,sum_mae,29.941239436619718,23.74943803,36.0823338,True,False,EXP-001,ds_16b6be697acb,ds_aa8808303afa,1465af7161a9053ca7df7d4d04572789911a5480,e41f63ef47ea066f14e5effb41bf9f4b7ebd8d79641604b69a10323837e09474
fold_06,00751,00800,50,B2_W50,sum_rmse,38.84302857700364,31.31076622,46.07625494,True,False,EXP-001,ds_16b6be697acb,ds_aa8808303afa,1465af7161a9053ca7df7d4d04572789911a5480,e41f63ef47ea066f14e5effb41bf9f4b7ebd8d79641604b69a10323837e09474
fold_06,00751,00800,50,B2_W50,set_level_ls,NA (marginal-only),,,True,False,EXP-001,ds_16b6be697acb,ds_aa8808303afa,1465af7161a9053ca7df7d4d04572789911a5480,e41f63ef47ea066f14e5effb41bf9f4b7ebd8d79641604b69a10323837e09474
fold_06,00751,00800,50,B2_W50,delta_ll_vs_b0,0.006522574879571481,0.003919328146,0.009077432619,True,False,EXP-001,ds_16b6be697acb,ds_aa8808303afa,1465af7161a9053ca7df7d4d04572789911a5480,e41f63ef47ea066f14e5effb41bf9f4b7ebd8d79641604b69a10323837e09474
fold_06,00751,00800,50,B2_W50,delta_brier_vs_b0,0.001183576261433131,0.0007015550175,0.001665705709,True,False,EXP-001,ds_16b6be697acb,ds_aa8808303afa,1465af7161a9053ca7df7d4d04572789911a5480,e41f63ef47ea066f14e5effb41bf9f4b7ebd8d79641604b69a10323837e09474
fold_06,00751,00800,50,B2_W50,delta_sum_mae_vs_b0,-0.4387605633802832,-2.974819718,1.592104225,True,False,EXP-001,ds_16b6be697acb,ds_aa8808303afa,1465af7161a9053ca7df7d4d04572789911a5480,e41f63ef47ea066f14e5effb41bf9f4b7ebd8d79641604b69a10323837e09474
fold_06,00751,00800,50,B2_W50,delta_sum_rmse_vs_b0,0.5716293342270617,-1.487841592,2.084146364,True,False,EXP-001,ds_16b6be697acb,ds_aa8808303afa,1465af7161a9053ca7df7d4d04572789911a5480,e41f63ef47ea066f14e5effb41bf9f4b7ebd8d79641604b69a10323837e09474
fold_06,00751,00800,50,B2_W100,ll,0.35022807854950805,0.3474672037,0.3533409277,True,False,EXP-001,ds_16b6be697acb,ds_aa8808303afa,1465af7161a9053ca7df7d4d04572789911a5480,e41f63ef47ea066f14e5effb41bf9f4b7ebd8d79641604b69a10323837e09474
fold_06,00751,00800,50,B2_W100,brier,0.098284662792484,0.09776363403,0.09884793982,True,False,EXP-001,ds_16b6be697acb,ds_aa8808303afa,1465af7161a9053ca7df7d4d04572789911a5480,e41f63ef47ea066f14e5effb41bf9f4b7ebd8d79641604b69a10323837e09474
fold_06,00751,00800,50,B2_W100,ece,0.026718112421929174,0.02146062457,0.03765643303,True,False,EXP-001,ds_16b6be697acb,ds_aa8808303afa,1465af7161a9053ca7df7d4d04572789911a5480,e41f63ef47ea066f14e5effb41bf9f4b7ebd8d79641604b69a10323837e09474
fold_06,00751,00800,50,B2_W100,ece_n_bins,9,,,True,False,EXP-001,ds_16b6be697acb,ds_aa8808303afa,1465af7161a9053ca7df7d4d04572789911a5480,e41f63ef47ea066f14e5effb41bf9f4b7ebd8d79641604b69a10323837e09474
fold_06,00751,00800,50,B2_W100,sum_p_mean,6.0,,,True,False,EXP-001,ds_16b6be697acb,ds_aa8808303afa,1465af7161a9053ca7df7d4d04572789911a5480,e41f63ef47ea066f14e5effb41bf9f4b7ebd8d79641604b69a10323837e09474
fold_06,00751,00800,50,B2_W100,sum_p_min,5.999999999999998,,,True,False,EXP-001,ds_16b6be697acb,ds_aa8808303afa,1465af7161a9053ca7df7d4d04572789911a5480,e41f63ef47ea066f14e5effb41bf9f4b7ebd8d79641604b69a10323837e09474
fold_06,00751,00800,50,B2_W100,sum_p_max,6.000000000000001,,,True,False,EXP-001,ds_16b6be697acb,ds_aa8808303afa,1465af7161a9053ca7df7d4d04572789911a5480,e41f63ef47ea066f14e5effb41bf9f4b7ebd8d79641604b69a10323837e09474
fold_06,00751,00800,50,B2_W100,n_clipped,0,0,0,True,False,EXP-001,ds_16b6be697acb,ds_aa8808303afa,1465af7161a9053ca7df7d4d04572789911a5480,e41f63ef47ea066f14e5effb41bf9f4b7ebd8d79641604b69a10323837e09474
fold_06,00751,00800,50,B2_W100,sum_mae,30.10793893129771,24.37126947,36.20380382,True,False,EXP-001,ds_16b6be697acb,ds_aa8808303afa,1465af7161a9053ca7df7d4d04572789911a5480,e41f63ef47ea066f14e5effb41bf9f4b7ebd8d79641604b69a10323837e09474
fold_06,00751,00800,50,B2_W100,sum_rmse,38.841564098151565,31.49937491,46.65305123,True,False,EXP-001,ds_16b6be697acb,ds_aa8808303afa,1465af7161a9053ca7df7d4d04572789911a5480,e41f63ef47ea066f14e5effb41bf9f4b7ebd8d79641604b69a10323837e09474
fold_06,00751,00800,50,B2_W100,set_level_ls,NA (marginal-only),,,True,False,EXP-001,ds_16b6be697acb,ds_aa8808303afa,1465af7161a9053ca7df7d4d04572789911a5480,e41f63ef47ea066f14e5effb41bf9f4b7ebd8d79641604b69a10323837e09474
fold_06,00751,00800,50,B2_W100,delta_ll_vs_b0,0.005617646458655922,0.00285677158,0.008730495603,True,False,EXP-001,ds_16b6be697acb,ds_aa8808303afa,1465af7161a9053ca7df7d4d04572789911a5480,e41f63ef47ea066f14e5effb41bf9f4b7ebd8d79641604b69a10323837e09474
fold_06,00751,00800,50,B2_W100,delta_brier_vs_b0,0.001094580147855926,0.0005735513881,0.001657857177,True,False,EXP-001,ds_16b6be697acb,ds_aa8808303afa,1465af7161a9053ca7df7d4d04572789911a5480,e41f63ef47ea066f14e5effb41bf9f4b7ebd8d79641604b69a10323837e09474
fold_06,00751,00800,50,B2_W100,delta_sum_mae_vs_b0,-0.2720610687022895,-1.642079389,1.078375573,True,False,EXP-001,ds_16b6be697acb,ds_aa8808303afa,1465af7161a9053ca7df7d4d04572789911a5480,e41f63ef47ea066f14e5effb41bf9f4b7ebd8d79641604b69a10323837e09474
fold_06,00751,00800,50,B2_W100,delta_sum_rmse_vs_b0,0.5701648553749834,-0.6259740009,1.542401161,True,False,EXP-001,ds_16b6be697acb,ds_aa8808303afa,1465af7161a9053ca7df7d4d04572789911a5480,e41f63ef47ea066f14e5effb41bf9f4b7ebd8d79641604b69a10323837e09474
fold_06,00751,00800,50,B2_W200,ll,0.34946818369625143,0.3472162384,0.3519154696,True,False,EXP-001,ds_16b6be697acb,ds_aa8808303afa,1465af7161a9053ca7df7d4d04572789911a5480,e41f63ef47ea066f14e5effb41bf9f4b7ebd8d79641604b69a10323837e09474
fold_06,00751,00800,50,B2_W200,brier,0.09812297374789143,0.097693762,0.09858515931,True,False,EXP-001,ds_16b6be697acb,ds_aa8808303afa,1465af7161a9053ca7df7d4d04572789911a5480,e41f63ef47ea066f14e5effb41bf9f4b7ebd8d79641604b69a10323837e09474
fold_06,00751,00800,50,B2_W200,ece,0.027875117710974437,0.02300934444,0.03819400217,True,False,EXP-001,ds_16b6be697acb,ds_aa8808303afa,1465af7161a9053ca7df7d4d04572789911a5480,e41f63ef47ea066f14e5effb41bf9f4b7ebd8d79641604b69a10323837e09474
fold_06,00751,00800,50,B2_W200,ece_n_bins,10,,,True,False,EXP-001,ds_16b6be697acb,ds_aa8808303afa,1465af7161a9053ca7df7d4d04572789911a5480,e41f63ef47ea066f14e5effb41bf9f4b7ebd8d79641604b69a10323837e09474
fold_06,00751,00800,50,B2_W200,sum_p_mean,6.0,,,True,False,EXP-001,ds_16b6be697acb,ds_aa8808303afa,1465af7161a9053ca7df7d4d04572789911a5480,e41f63ef47ea066f14e5effb41bf9f4b7ebd8d79641604b69a10323837e09474
fold_06,00751,00800,50,B2_W200,sum_p_min,5.999999999999999,,,True,False,EXP-001,ds_16b6be697acb,ds_aa8808303afa,1465af7161a9053ca7df7d4d04572789911a5480,e41f63ef47ea066f14e5effb41bf9f4b7ebd8d79641604b69a10323837e09474
fold_06,00751,00800,50,B2_W200,sum_p_max,6.000000000000002,,,True,False,EXP-001,ds_16b6be697acb,ds_aa8808303afa,1465af7161a9053ca7df7d4d04572789911a5480,e41f63ef47ea066f14e5effb41bf9f4b7ebd8d79641604b69a10323837e09474
fold_06,00751,00800,50,B2_W200,n_clipped,0,0,0,True,False,EXP-001,ds_16b6be697acb,ds_aa8808303afa,1465af7161a9053ca7df7d4d04572789911a5480,e41f63ef47ea066f14e5effb41bf9f4b7ebd8d79641604b69a10323837e09474
fold_06,00751,00800,50,B2_W200,sum_mae,30.14599203187251,24.60500518,36.05889641,True,False,EXP-001,ds_16b6be697acb,ds_aa8808303afa,1465af7161a9053ca7df7d4d04572789911a5480,e41f63ef47ea066f14e5effb41bf9f4b7ebd8d79641604b69a10323837e09474
fold_06,00751,00800,50,B2_W200,sum_rmse,38.47751522948521,31.52475561,45.86764701,True,False,EXP-001,ds_16b6be697acb,ds_aa8808303afa,1465af7161a9053ca7df7d4d04572789911a5480,e41f63ef47ea066f14e5effb41bf9f4b7ebd8d79641604b69a10323837e09474
fold_06,00751,00800,50,B2_W200,set_level_ls,NA (marginal-only),,,True,False,EXP-001,ds_16b6be697acb,ds_aa8808303afa,1465af7161a9053ca7df7d4d04572789911a5480,e41f63ef47ea066f14e5effb41bf9f4b7ebd8d79641604b69a10323837e09474
fold_06,00751,00800,50,B2_W200,delta_ll_vs_b0,0.004857751605399196,0.002605806269,0.007305037482,True,False,EXP-001,ds_16b6be697acb,ds_aa8808303afa,1465af7161a9053ca7df7d4d04572789911a5480,e41f63ef47ea066f14e5effb41bf9f4b7ebd8d79641604b69a10323837e09474
fold_06,00751,00800,50,B2_W200,delta_brier_vs_b0,0.0009328911032633711,0.0005036793534,0.001395076667,True,False,EXP-001,ds_16b6be697acb,ds_aa8808303afa,1465af7161a9053ca7df7d4d04572789911a5480,e41f63ef47ea066f14e5effb41bf9f4b7ebd8d79641604b69a10323837e09474
fold_06,00751,00800,50,B2_W200,delta_sum_mae_vs_b0,-0.2340079681274915,-1.066262151,0.5951625498,True,False,EXP-001,ds_16b6be697acb,ds_aa8808303afa,1465af7161a9053ca7df7d4d04572789911a5480,e41f63ef47ea066f14e5effb41bf9f4b7ebd8d79641604b69a10323837e09474
fold_06,00751,00800,50,B2_W200,delta_sum_rmse_vs_b0,0.20611598670863174,-0.464931357,0.7439491024,True,False,EXP-001,ds_16b6be697acb,ds_aa8808303afa,1465af7161a9053ca7df7d4d04572789911a5480,e41f63ef47ea066f14e5effb41bf9f4b7ebd8d79641604b69a10323837e09474
fold_07,00801,00850,50,B0,ll,0.3446104320908522,0.3446104321,0.3446104321,True,False,EXP-001,ds_16b6be697acb,ds_aa8808303afa,1465af7161a9053ca7df7d4d04572789911a5480,e41f63ef47ea066f14e5effb41bf9f4b7ebd8d79641604b69a10323837e09474
fold_07,00801,00850,50,B0,brier,0.09719008264462808,0.09719008264,0.09719008264,True,False,EXP-001,ds_16b6be697acb,ds_aa8808303afa,1465af7161a9053ca7df7d4d04572789911a5480,e41f63ef47ea066f14e5effb41bf9f4b7ebd8d79641604b69a10323837e09474
fold_07,00801,00850,50,B0,ece,3.7192471324942744e-15,3.719247132e-15,3.719247132e-15,True,False,EXP-001,ds_16b6be697acb,ds_aa8808303afa,1465af7161a9053ca7df7d4d04572789911a5480,e41f63ef47ea066f14e5effb41bf9f4b7ebd8d79641604b69a10323837e09474
fold_07,00801,00850,50,B0,ece_n_bins,1,,,True,False,EXP-001,ds_16b6be697acb,ds_aa8808303afa,1465af7161a9053ca7df7d4d04572789911a5480,e41f63ef47ea066f14e5effb41bf9f4b7ebd8d79641604b69a10323837e09474
fold_07,00801,00850,50,B0,sum_p_mean,6.000000000000001,,,True,False,EXP-001,ds_16b6be697acb,ds_aa8808303afa,1465af7161a9053ca7df7d4d04572789911a5480,e41f63ef47ea066f14e5effb41bf9f4b7ebd8d79641604b69a10323837e09474
fold_07,00801,00850,50,B0,sum_p_min,6.000000000000002,,,True,False,EXP-001,ds_16b6be697acb,ds_aa8808303afa,1465af7161a9053ca7df7d4d04572789911a5480,e41f63ef47ea066f14e5effb41bf9f4b7ebd8d79641604b69a10323837e09474
fold_07,00801,00850,50,B0,sum_p_max,6.000000000000002,,,True,False,EXP-001,ds_16b6be697acb,ds_aa8808303afa,1465af7161a9053ca7df7d4d04572789911a5480,e41f63ef47ea066f14e5effb41bf9f4b7ebd8d79641604b69a10323837e09474
fold_07,00801,00850,50,B0,n_clipped,0,0,0,True,False,EXP-001,ds_16b6be697acb,ds_aa8808303afa,1465af7161a9053ca7df7d4d04572789911a5480,e41f63ef47ea066f14e5effb41bf9f4b7ebd8d79641604b69a10323837e09474
fold_07,00801,00850,50,B0,sum_mae,26.86,21.9,31.8,True,False,EXP-001,ds_16b6be697acb,ds_aa8808303afa,1465af7161a9053ca7df7d4d04572789911a5480,e41f63ef47ea066f14e5effb41bf9f4b7ebd8d79641604b69a10323837e09474
fold_07,00801,00850,50,B0,sum_rmse,34.51984936235962,28.49192849,39.32802434,True,False,EXP-001,ds_16b6be697acb,ds_aa8808303afa,1465af7161a9053ca7df7d4d04572789911a5480,e41f63ef47ea066f14e5effb41bf9f4b7ebd8d79641604b69a10323837e09474
fold_07,00801,00850,50,B0,set_level_ls,17.182450290072666,,,True,False,EXP-001,ds_16b6be697acb,ds_aa8808303afa,1465af7161a9053ca7df7d4d04572789911a5480,e41f63ef47ea066f14e5effb41bf9f4b7ebd8d79641604b69a10323837e09474
fold_07,00801,00850,50,B0,delta_ll_vs_b0,0.0,0,0,True,False,EXP-001,ds_16b6be697acb,ds_aa8808303afa,1465af7161a9053ca7df7d4d04572789911a5480,e41f63ef47ea066f14e5effb41bf9f4b7ebd8d79641604b69a10323837e09474
fold_07,00801,00850,50,B0,delta_brier_vs_b0,0.0,0,0,True,False,EXP-001,ds_16b6be697acb,ds_aa8808303afa,1465af7161a9053ca7df7d4d04572789911a5480,e41f63ef47ea066f14e5effb41bf9f4b7ebd8d79641604b69a10323837e09474
fold_07,00801,00850,50,B0,delta_sum_mae_vs_b0,0.0,0,0,True,False,EXP-001,ds_16b6be697acb,ds_aa8808303afa,1465af7161a9053ca7df7d4d04572789911a5480,e41f63ef47ea066f14e5effb41bf9f4b7ebd8d79641604b69a10323837e09474
fold_07,00801,00850,50,B0,delta_sum_rmse_vs_b0,0.0,0,0,True,False,EXP-001,ds_16b6be697acb,ds_aa8808303afa,1465af7161a9053ca7df7d4d04572789911a5480,e41f63ef47ea066f14e5effb41bf9f4b7ebd8d79641604b69a10323837e09474
fold_07,00801,00850,50,B1,ll,0.34492142172746343,0.3438448436,0.3457661808,True,False,EXP-001,ds_16b6be697acb,ds_aa8808303afa,1465af7161a9053ca7df7d4d04572789911a5480,e41f63ef47ea066f14e5effb41bf9f4b7ebd8d79641604b69a10323837e09474
fold_07,00801,00850,50,B1,brier,0.09725048444532276,0.09703990228,0.0974148285,True,False,EXP-001,ds_16b6be697acb,ds_aa8808303afa,1465af7161a9053ca7df7d4d04572789911a5480,e41f63ef47ea066f14e5effb41bf9f4b7ebd8d79641604b69a10323837e09474
fold_07,00801,00850,50,B1,ece,0.013578430009652625,0.01089106118,0.0287521433,True,False,EXP-001,ds_16b6be697acb,ds_aa8808303afa,1465af7161a9053ca7df7d4d04572789911a5480,e41f63ef47ea066f14e5effb41bf9f4b7ebd8d79641604b69a10323837e09474
fold_07,00801,00850,50,B1,ece_n_bins,10,,,True,False,EXP-001,ds_16b6be697acb,ds_aa8808303afa,1465af7161a9053ca7df7d4d04572789911a5480,e41f63ef47ea066f14e5effb41bf9f4b7ebd8d79641604b69a10323837e09474
fold_07,00801,00850,50,B1,sum_p_mean,6.0,,,True,False,EXP-001,ds_16b6be697acb,ds_aa8808303afa,1465af7161a9053ca7df7d4d04572789911a5480,e41f63ef47ea066f14e5effb41bf9f4b7ebd8d79641604b69a10323837e09474
fold_07,00801,00850,50,B1,sum_p_min,5.999999999999998,,,True,False,EXP-001,ds_16b6be697acb,ds_aa8808303afa,1465af7161a9053ca7df7d4d04572789911a5480,e41f63ef47ea066f14e5effb41bf9f4b7ebd8d79641604b69a10323837e09474
fold_07,00801,00850,50,B1,sum_p_max,6.000000000000001,,,True,False,EXP-001,ds_16b6be697acb,ds_aa8808303afa,1465af7161a9053ca7df7d4d04572789911a5480,e41f63ef47ea066f14e5effb41bf9f4b7ebd8d79641604b69a10323837e09474
fold_07,00801,00850,50,B1,n_clipped,0,0,0,True,False,EXP-001,ds_16b6be697acb,ds_aa8808303afa,1465af7161a9053ca7df7d4d04572789911a5480,e41f63ef47ea066f14e5effb41bf9f4b7ebd8d79641604b69a10323837e09474
fold_07,00801,00850,50,B1,sum_mae,26.83610021048439,21.89805286,31.72869762,True,False,EXP-001,ds_16b6be697acb,ds_aa8808303afa,1465af7161a9053ca7df7d4d04572789911a5480,e41f63ef47ea066f14e5effb41bf9f4b7ebd8d79641604b69a10323837e09474
fold_07,00801,00850,50,B1,sum_rmse,34.67342546692429,28.67527859,39.47053187,True,False,EXP-001,ds_16b6be697acb,ds_aa8808303afa,1465af7161a9053ca7df7d4d04572789911a5480,e41f63ef47ea066f14e5effb41bf9f4b7ebd8d79641604b69a10323837e09474
fold_07,00801,00850,50,B1,set_level_ls,NA (marginal-only),,,True,False,EXP-001,ds_16b6be697acb,ds_aa8808303afa,1465af7161a9053ca7df7d4d04572789911a5480,e41f63ef47ea066f14e5effb41bf9f4b7ebd8d79641604b69a10323837e09474
fold_07,00801,00850,50,B1,delta_ll_vs_b0,0.000310989636611223,-0.000765588448,0.001155748675,True,False,EXP-001,ds_16b6be697acb,ds_aa8808303afa,1465af7161a9053ca7df7d4d04572789911a5480,e41f63ef47ea066f14e5effb41bf9f4b7ebd8d79641604b69a10323837e09474
fold_07,00801,00850,50,B1,delta_brier_vs_b0,6.040180069468604e-05,-0.0001501803647,0.0002247458533,True,False,EXP-001,ds_16b6be697acb,ds_aa8808303afa,1465af7161a9053ca7df7d4d04572789911a5480,e41f63ef47ea066f14e5effb41bf9f4b7ebd8d79641604b69a10323837e09474
fold_07,00801,00850,50,B1,delta_sum_mae_vs_b0,-0.023899789515613747,-0.1888520453,0.120388603,True,False,EXP-001,ds_16b6be697acb,ds_aa8808303afa,1465af7161a9053ca7df7d4d04572789911a5480,e41f63ef47ea066f14e5effb41bf9f4b7ebd8d79641604b69a10323837e09474
fold_07,00801,00850,50,B1,delta_sum_rmse_vs_b0,0.15357610456467086,-0.04111696779,0.3152388651,True,False,EXP-001,ds_16b6be697acb,ds_aa8808303afa,1465af7161a9053ca7df7d4d04572789911a5480,e41f63ef47ea066f14e5effb41bf9f4b7ebd8d79641604b69a10323837e09474
fold_07,00801,00850,50,B2_W50,ll,0.350444319985907,0.3464775754,0.3544956013,True,False,EXP-001,ds_16b6be697acb,ds_aa8808303afa,1465af7161a9053ca7df7d4d04572789911a5480,e41f63ef47ea066f14e5effb41bf9f4b7ebd8d79641604b69a10323837e09474
fold_07,00801,00850,50,B2_W50,brier,0.09821770716488432,0.09755999957,0.09889404743,True,False,EXP-001,ds_16b6be697acb,ds_aa8808303afa,1465af7161a9053ca7df7d4d04572789911a5480,e41f63ef47ea066f14e5effb41bf9f4b7ebd8d79641604b69a10323837e09474
fold_07,00801,00850,50,B2_W50,ece,0.025255825864277066,0.02069746479,0.04207339309,True,False,EXP-001,ds_16b6be697acb,ds_aa8808303afa,1465af7161a9053ca7df7d4d04572789911a5480,e41f63ef47ea066f14e5effb41bf9f4b7ebd8d79641604b69a10323837e09474
fold_07,00801,00850,50,B2_W50,ece_n_bins,7,,,True,False,EXP-001,ds_16b6be697acb,ds_aa8808303afa,1465af7161a9053ca7df7d4d04572789911a5480,e41f63ef47ea066f14e5effb41bf9f4b7ebd8d79641604b69a10323837e09474
fold_07,00801,00850,50,B2_W50,sum_p_mean,5.999999999999999,,,True,False,EXP-001,ds_16b6be697acb,ds_aa8808303afa,1465af7161a9053ca7df7d4d04572789911a5480,e41f63ef47ea066f14e5effb41bf9f4b7ebd8d79641604b69a10323837e09474
fold_07,00801,00850,50,B2_W50,sum_p_min,5.999999999999998,,,True,False,EXP-001,ds_16b6be697acb,ds_aa8808303afa,1465af7161a9053ca7df7d4d04572789911a5480,e41f63ef47ea066f14e5effb41bf9f4b7ebd8d79641604b69a10323837e09474
fold_07,00801,00850,50,B2_W50,sum_p_max,5.999999999999999,,,True,False,EXP-001,ds_16b6be697acb,ds_aa8808303afa,1465af7161a9053ca7df7d4d04572789911a5480,e41f63ef47ea066f14e5effb41bf9f4b7ebd8d79641604b69a10323837e09474
fold_07,00801,00850,50,B2_W50,n_clipped,0,0,0,True,False,EXP-001,ds_16b6be697acb,ds_aa8808303afa,1465af7161a9053ca7df7d4d04572789911a5480,e41f63ef47ea066f14e5effb41bf9f4b7ebd8d79641604b69a10323837e09474
fold_07,00801,00850,50,B2_W50,sum_mae,27.46811267605634,22.47353662,32.39843521,True,False,EXP-001,ds_16b6be697acb,ds_aa8808303afa,1465af7161a9053ca7df7d4d04572789911a5480,e41f63ef47ea066f14e5effb41bf9f4b7ebd8d79641604b69a10323837e09474
fold_07,00801,00850,50,B2_W50,sum_rmse,34.39226180594329,28.47739707,39.02972778,True,False,EXP-001,ds_16b6be697acb,ds_aa8808303afa,1465af7161a9053ca7df7d4d04572789911a5480,e41f63ef47ea066f14e5effb41bf9f4b7ebd8d79641604b69a10323837e09474
fold_07,00801,00850,50,B2_W50,set_level_ls,NA (marginal-only),,,True,False,EXP-001,ds_16b6be697acb,ds_aa8808303afa,1465af7161a9053ca7df7d4d04572789911a5480,e41f63ef47ea066f14e5effb41bf9f4b7ebd8d79641604b69a10323837e09474
fold_07,00801,00850,50,B2_W50,delta_ll_vs_b0,0.005833887895054821,0.001867143283,0.009885169172,True,False,EXP-001,ds_16b6be697acb,ds_aa8808303afa,1465af7161a9053ca7df7d4d04572789911a5480,e41f63ef47ea066f14e5effb41bf9f4b7ebd8d79641604b69a10323837e09474
fold_07,00801,00850,50,B2_W50,delta_brier_vs_b0,0.0010276245202562482,0.0003699169226,0.001703964785,True,False,EXP-001,ds_16b6be697acb,ds_aa8808303afa,1465af7161a9053ca7df7d4d04572789911a5480,e41f63ef47ea066f14e5effb41bf9f4b7ebd8d79641604b69a10323837e09474
fold_07,00801,00850,50,B2_W50,delta_sum_mae_vs_b0,0.6081126760563376,0.2815774648,0.9775943662,True,False,EXP-001,ds_16b6be697acb,ds_aa8808303afa,1465af7161a9053ca7df7d4d04572789911a5480,e41f63ef47ea066f14e5effb41bf9f4b7ebd8d79641604b69a10323837e09474
fold_07,00801,00850,50,B2_W50,delta_sum_rmse_vs_b0,-0.12758755641633002,-0.8298050739,0.4740576588,True,False,EXP-001,ds_16b6be697acb,ds_aa8808303afa,1465af7161a9053ca7df7d4d04572789911a5480,e41f63ef47ea066f14e5effb41bf9f4b7ebd8d79641604b69a10323837e09474
fold_07,00801,00850,50,B2_W100,ll,0.34780540169947427,0.3448543247,0.350385303,True,False,EXP-001,ds_16b6be697acb,ds_aa8808303afa,1465af7161a9053ca7df7d4d04572789911a5480,e41f63ef47ea066f14e5effb41bf9f4b7ebd8d79641604b69a10323837e09474
fold_07,00801,00850,50,B2_W100,brier,0.09780635881570791,0.09723127726,0.09832698607,True,False,EXP-001,ds_16b6be697acb,ds_aa8808303afa,1465af7161a9053ca7df7d4d04572789911a5480,e41f63ef47ea066f14e5effb41bf9f4b7ebd8d79641604b69a10323837e09474
fold_07,00801,00850,50,B2_W100,ece,0.023518112421929176,0.01728338654,0.03496258154,True,False,EXP-001,ds_16b6be697acb,ds_aa8808303afa,1465af7161a9053ca7df7d4d04572789911a5480,e41f63ef47ea066f14e5effb41bf9f4b7ebd8d79641604b69a10323837e09474
fold_07,00801,00850,50,B2_W100,ece_n_bins,8,,,True,False,EXP-001,ds_16b6be697acb,ds_aa8808303afa,1465af7161a9053ca7df7d4d04572789911a5480,e41f63ef47ea066f14e5effb41bf9f4b7ebd8d79641604b69a10323837e09474
fold_07,00801,00850,50,B2_W100,sum_p_mean,6.0,,,True,False,EXP-001,ds_16b6be697acb,ds_aa8808303afa,1465af7161a9053ca7df7d4d04572789911a5480,e41f63ef47ea066f14e5effb41bf9f4b7ebd8d79641604b69a10323837e09474
fold_07,00801,00850,50,B2_W100,sum_p_min,5.999999999999999,,,True,False,EXP-001,ds_16b6be697acb,ds_aa8808303afa,1465af7161a9053ca7df7d4d04572789911a5480,e41f63ef47ea066f14e5effb41bf9f4b7ebd8d79641604b69a10323837e09474
fold_07,00801,00850,50,B2_W100,sum_p_max,6.000000000000001,,,True,False,EXP-001,ds_16b6be697acb,ds_aa8808303afa,1465af7161a9053ca7df7d4d04572789911a5480,e41f63ef47ea066f14e5effb41bf9f4b7ebd8d79641604b69a10323837e09474
fold_07,00801,00850,50,B2_W100,n_clipped,0,0,0,True,False,EXP-001,ds_16b6be697acb,ds_aa8808303afa,1465af7161a9053ca7df7d4d04572789911a5480,e41f63ef47ea066f14e5effb41bf9f4b7ebd8d79641604b69a10323837e09474
fold_07,00801,00850,50,B2_W100,sum_mae,26.91825954198473,22.33426718,31.59867634,True,False,EXP-001,ds_16b6be697acb,ds_aa8808303afa,1465af7161a9053ca7df7d4d04572789911a5480,e41f63ef47ea066f14e5effb41bf9f4b7ebd8d79641604b69a10323837e09474
fold_07,00801,00850,50,B2_W100,sum_rmse,34.779314718833035,29.02620934,39.33397476,True,False,EXP-001,ds_16b6be697acb,ds_aa8808303afa,1465af7161a9053ca7df7d4d04572789911a5480,e41f63ef47ea066f14e5effb41bf9f4b7ebd8d79641604b69a10323837e09474
fold_07,00801,00850,50,B2_W100,set_level_ls,NA (marginal-only),,,True,False,EXP-001,ds_16b6be697acb,ds_aa8808303afa,1465af7161a9053ca7df7d4d04572789911a5480,e41f63ef47ea066f14e5effb41bf9f4b7ebd8d79641604b69a10323837e09474
fold_07,00801,00850,50,B2_W100,delta_ll_vs_b0,0.0031949696086220093,0.0002438926249,0.005774870881,True,False,EXP-001,ds_16b6be697acb,ds_aa8808303afa,1465af7161a9053ca7df7d4d04572789911a5480,e41f63ef47ea066f14e5effb41bf9f4b7ebd8d79641604b69a10323837e09474
fold_07,00801,00850,50,B2_W100,delta_brier_vs_b0,0.0006162761710798362,4.119461724e-05,0.001136903428,True,False,EXP-001,ds_16b6be697acb,ds_aa8808303afa,1465af7161a9053ca7df7d4d04572789911a5480,e41f63ef47ea066f14e5effb41bf9f4b7ebd8d79641604b69a10323837e09474
fold_07,00801,00850,50,B2_W100,delta_sum_mae_vs_b0,0.058259541984729706,-0.6141862595,0.7236030534,True,False,EXP-001,ds_16b6be697acb,ds_aa8808303afa,1465af7161a9053ca7df7d4d04572789911a5480,e41f63ef47ea066f14e5effb41bf9f4b7ebd8d79641604b69a10323837e09474
fold_07,00801,00850,50,B2_W100,delta_sum_rmse_vs_b0,0.25946535647341307,-0.4163770739,0.9877001009,True,False,EXP-001,ds_16b6be697acb,ds_aa8808303afa,1465af7161a9053ca7df7d4d04572789911a5480,e41f63ef47ea066f14e5effb41bf9f4b7ebd8d79641604b69a10323837e09474
fold_07,00801,00850,50,B2_W200,ll,0.34759555127836805,0.3455465877,0.3495826822,True,False,EXP-001,ds_16b6be697acb,ds_aa8808303afa,1465af7161a9053ca7df7d4d04572789911a5480,e41f63ef47ea066f14e5effb41bf9f4b7ebd8d79641604b69a10323837e09474
fold_07,00801,00850,50,B2_W200,brier,0.09775495465439941,0.09734194829,0.09815151813,True,False,EXP-001,ds_16b6be697acb,ds_aa8808303afa,1465af7161a9053ca7df7d4d04572789911a5480,e41f63ef47ea066f14e5effb41bf9f4b7ebd8d79641604b69a10323837e09474
fold_07,00801,00850,50,B2_W200,ece,0.023637232886635454,0.01857006882,0.03549328504,True,False,EXP-001,ds_16b6be697acb,ds_aa8808303afa,1465af7161a9053ca7df7d4d04572789911a5480,e41f63ef47ea066f14e5effb41bf9f4b7ebd8d79641604b69a10323837e09474
fold_07,00801,00850,50,B2_W200,ece_n_bins,9,,,True,False,EXP-001,ds_16b6be697acb,ds_aa8808303afa,1465af7161a9053ca7df7d4d04572789911a5480,e41f63ef47ea066f14e5effb41bf9f4b7ebd8d79641604b69a10323837e09474
fold_07,00801,00850,50,B2_W200,sum_p_mean,6.0,,,True,False,EXP-001,ds_16b6be697acb,ds_aa8808303afa,1465af7161a9053ca7df7d4d04572789911a5480,e41f63ef47ea066f14e5effb41bf9f4b7ebd8d79641604b69a10323837e09474
fold_07,00801,00850,50,B2_W200,sum_p_min,5.999999999999998,,,True,False,EXP-001,ds_16b6be697acb,ds_aa8808303afa,1465af7161a9053ca7df7d4d04572789911a5480,e41f63ef47ea066f14e5effb41bf9f4b7ebd8d79641604b69a10323837e09474
fold_07,00801,00850,50,B2_W200,sum_p_max,6.000000000000002,,,True,False,EXP-001,ds_16b6be697acb,ds_aa8808303afa,1465af7161a9053ca7df7d4d04572789911a5480,e41f63ef47ea066f14e5effb41bf9f4b7ebd8d79641604b69a10323837e09474
fold_07,00801,00850,50,B2_W200,n_clipped,0,0,0,True,False,EXP-001,ds_16b6be697acb,ds_aa8808303afa,1465af7161a9053ca7df7d4d04572789911a5480,e41f63ef47ea066f14e5effb41bf9f4b7ebd8d79641604b69a10323837e09474
fold_07,00801,00850,50,B2_W200,sum_mae,26.87956972111554,22.05197649,31.64836335,True,False,EXP-001,ds_16b6be697acb,ds_aa8808303afa,1465af7161a9053ca7df7d4d04572789911a5480,e41f63ef47ea066f14e5effb41bf9f4b7ebd8d79641604b69a10323837e09474
fold_07,00801,00850,50,B2_W200,sum_rmse,34.91377050178424,28.8555591,39.70443265,True,False,EXP-001,ds_16b6be697acb,ds_aa8808303afa,1465af7161a9053ca7df7d4d04572789911a5480,e41f63ef47ea066f14e5effb41bf9f4b7ebd8d79641604b69a10323837e09474
fold_07,00801,00850,50,B2_W200,set_level_ls,NA (marginal-only),,,True,False,EXP-001,ds_16b6be697acb,ds_aa8808303afa,1465af7161a9053ca7df7d4d04572789911a5480,e41f63ef47ea066f14e5effb41bf9f4b7ebd8d79641604b69a10323837e09474
fold_07,00801,00850,50,B2_W200,delta_ll_vs_b0,0.0029851191875158644,0.0009361555748,0.004972250132,True,False,EXP-001,ds_16b6be697acb,ds_aa8808303afa,1465af7161a9053ca7df7d4d04572789911a5480,e41f63ef47ea066f14e5effb41bf9f4b7ebd8d79641604b69a10323837e09474
fold_07,00801,00850,50,B2_W200,delta_brier_vs_b0,0.0005648720097713453,0.0001518656477,0.0009614354813,True,False,EXP-001,ds_16b6be697acb,ds_aa8808303afa,1465af7161a9053ca7df7d4d04572789911a5480,e41f63ef47ea066f14e5effb41bf9f4b7ebd8d79641604b69a10323837e09474
fold_07,00801,00850,50,B2_W200,delta_sum_mae_vs_b0,0.01956972111553853,-0.474459761,0.4265211155,True,False,EXP-001,ds_16b6be697acb,ds_aa8808303afa,1465af7161a9053ca7df7d4d04572789911a5480,e41f63ef47ea066f14e5effb41bf9f4b7ebd8d79641604b69a10323837e09474
fold_07,00801,00850,50,B2_W200,delta_sum_rmse_vs_b0,0.39392113942462004,-0.1032954852,0.8039689377,True,False,EXP-001,ds_16b6be697acb,ds_aa8808303afa,1465af7161a9053ca7df7d4d04572789911a5480,e41f63ef47ea066f14e5effb41bf9f4b7ebd8d79641604b69a10323837e09474
fold_08,00851,00900,50,B0,ll,0.3446104320908522,0.3446104321,0.3446104321,True,False,EXP-001,ds_16b6be697acb,ds_aa8808303afa,1465af7161a9053ca7df7d4d04572789911a5480,e41f63ef47ea066f14e5effb41bf9f4b7ebd8d79641604b69a10323837e09474
fold_08,00851,00900,50,B0,brier,0.09719008264462808,0.09719008264,0.09719008264,True,False,EXP-001,ds_16b6be697acb,ds_aa8808303afa,1465af7161a9053ca7df7d4d04572789911a5480,e41f63ef47ea066f14e5effb41bf9f4b7ebd8d79641604b69a10323837e09474
fold_08,00851,00900,50,B0,ece,3.7192471324942744e-15,3.719247132e-15,3.719247132e-15,True,False,EXP-001,ds_16b6be697acb,ds_aa8808303afa,1465af7161a9053ca7df7d4d04572789911a5480,e41f63ef47ea066f14e5effb41bf9f4b7ebd8d79641604b69a10323837e09474
fold_08,00851,00900,50,B0,ece_n_bins,1,,,True,False,EXP-001,ds_16b6be697acb,ds_aa8808303afa,1465af7161a9053ca7df7d4d04572789911a5480,e41f63ef47ea066f14e5effb41bf9f4b7ebd8d79641604b69a10323837e09474
fold_08,00851,00900,50,B0,sum_p_mean,6.000000000000001,,,True,False,EXP-001,ds_16b6be697acb,ds_aa8808303afa,1465af7161a9053ca7df7d4d04572789911a5480,e41f63ef47ea066f14e5effb41bf9f4b7ebd8d79641604b69a10323837e09474
fold_08,00851,00900,50,B0,sum_p_min,6.000000000000002,,,True,False,EXP-001,ds_16b6be697acb,ds_aa8808303afa,1465af7161a9053ca7df7d4d04572789911a5480,e41f63ef47ea066f14e5effb41bf9f4b7ebd8d79641604b69a10323837e09474
fold_08,00851,00900,50,B0,sum_p_max,6.000000000000002,,,True,False,EXP-001,ds_16b6be697acb,ds_aa8808303afa,1465af7161a9053ca7df7d4d04572789911a5480,e41f63ef47ea066f14e5effb41bf9f4b7ebd8d79641604b69a10323837e09474
fold_08,00851,00900,50,B0,n_clipped,0,0,0,True,False,EXP-001,ds_16b6be697acb,ds_aa8808303afa,1465af7161a9053ca7df7d4d04572789911a5480,e41f63ef47ea066f14e5effb41bf9f4b7ebd8d79641604b69a10323837e09474
fold_08,00851,00900,50,B0,sum_mae,29.52,24.5395,34.34,True,False,EXP-001,ds_16b6be697acb,ds_aa8808303afa,1465af7161a9053ca7df7d4d04572789911a5480,e41f63ef47ea066f14e5effb41bf9f4b7ebd8d79641604b69a10323837e09474
fold_08,00851,00900,50,B0,sum_rmse,34.888393485513205,30.35009882,39.2926965,True,False,EXP-001,ds_16b6be697acb,ds_aa8808303afa,1465af7161a9053ca7df7d4d04572789911a5480,e41f63ef47ea066f14e5effb41bf9f4b7ebd8d79641604b69a10323837e09474
fold_08,00851,00900,50,B0,set_level_ls,17.182450290072666,,,True,False,EXP-001,ds_16b6be697acb,ds_aa8808303afa,1465af7161a9053ca7df7d4d04572789911a5480,e41f63ef47ea066f14e5effb41bf9f4b7ebd8d79641604b69a10323837e09474
fold_08,00851,00900,50,B0,delta_ll_vs_b0,0.0,0,0,True,False,EXP-001,ds_16b6be697acb,ds_aa8808303afa,1465af7161a9053ca7df7d4d04572789911a5480,e41f63ef47ea066f14e5effb41bf9f4b7ebd8d79641604b69a10323837e09474
fold_08,00851,00900,50,B0,delta_brier_vs_b0,0.0,0,0,True,False,EXP-001,ds_16b6be697acb,ds_aa8808303afa,1465af7161a9053ca7df7d4d04572789911a5480,e41f63ef47ea066f14e5effb41bf9f4b7ebd8d79641604b69a10323837e09474
fold_08,00851,00900,50,B0,delta_sum_mae_vs_b0,0.0,0,0,True,False,EXP-001,ds_16b6be697acb,ds_aa8808303afa,1465af7161a9053ca7df7d4d04572789911a5480,e41f63ef47ea066f14e5effb41bf9f4b7ebd8d79641604b69a10323837e09474
fold_08,00851,00900,50,B0,delta_sum_rmse_vs_b0,0.0,0,0,True,False,EXP-001,ds_16b6be697acb,ds_aa8808303afa,1465af7161a9053ca7df7d4d04572789911a5480,e41f63ef47ea066f14e5effb41bf9f4b7ebd8d79641604b69a10323837e09474
fold_08,00851,00900,50,B1,ll,0.34567561820453074,0.3445704862,0.3467204658,True,False,EXP-001,ds_16b6be697acb,ds_aa8808303afa,1465af7161a9053ca7df7d4d04572789911a5480,e41f63ef47ea066f14e5effb41bf9f4b7ebd8d79641604b69a10323837e09474
fold_08,00851,00900,50,B1,brier,0.0973937084070311,0.09718185563,0.09759469269,True,False,EXP-001,ds_16b6be697acb,ds_aa8808303afa,1465af7161a9053ca7df7d4d04572789911a5480,e41f63ef47ea066f14e5effb41bf9f4b7ebd8d79641604b69a10323837e09474
fold_08,00851,00900,50,B1,ece,0.01663684253951912,0.01132702255,0.03227692832,True,False,EXP-001,ds_16b6be697acb,ds_aa8808303afa,1465af7161a9053ca7df7d4d04572789911a5480,e41f63ef47ea066f14e5effb41bf9f4b7ebd8d79641604b69a10323837e09474
fold_08,00851,00900,50,B1,ece_n_bins,10,,,True,False,EXP-001,ds_16b6be697acb,ds_aa8808303afa,1465af7161a9053ca7df7d4d04572789911a5480,e41f63ef47ea066f14e5effb41bf9f4b7ebd8d79641604b69a10323837e09474
fold_08,00851,00900,50,B1,sum_p_mean,6.0,,,True,False,EXP-001,ds_16b6be697acb,ds_aa8808303afa,1465af7161a9053ca7df7d4d04572789911a5480,e41f63ef47ea066f14e5effb41bf9f4b7ebd8d79641604b69a10323837e09474
fold_08,00851,00900,50,B1,sum_p_min,5.999999999999998,,,True,False,EXP-001,ds_16b6be697acb,ds_aa8808303afa,1465af7161a9053ca7df7d4d04572789911a5480,e41f63ef47ea066f14e5effb41bf9f4b7ebd8d79641604b69a10323837e09474
fold_08,00851,00900,50,B1,sum_p_max,6.000000000000002,,,True,False,EXP-001,ds_16b6be697acb,ds_aa8808303afa,1465af7161a9053ca7df7d4d04572789911a5480,e41f63ef47ea066f14e5effb41bf9f4b7ebd8d79641604b69a10323837e09474
fold_08,00851,00900,50,B1,n_clipped,0,0,0,True,False,EXP-001,ds_16b6be697acb,ds_aa8808303afa,1465af7161a9053ca7df7d4d04572789911a5480,e41f63ef47ea066f14e5effb41bf9f4b7ebd8d79641604b69a10323837e09474
fold_08,00851,00900,50,B1,sum_mae,29.514936671912032,24.675624,34.1694612,True,False,EXP-001,ds_16b6be697acb,ds_aa8808303afa,1465af7161a9053ca7df7d4d04572789911a5480,e41f63ef47ea066f14e5effb41bf9f4b7ebd8d79641604b69a10323837e09474
fold_08,00851,00900,50,B1,sum_rmse,34.7856820581367,30.34811611,39.04280662,True,False,EXP-001,ds_16b6be697acb,ds_aa8808303afa,1465af7161a9053ca7df7d4d04572789911a5480,e41f63ef47ea066f14e5effb41bf9f4b7ebd8d79641604b69a10323837e09474
fold_08,00851,00900,50,B1,set_level_ls,NA (marginal-only),,,True,False,EXP-001,ds_16b6be697acb,ds_aa8808303afa,1465af7161a9053ca7df7d4d04572789911a5480,e41f63ef47ea066f14e5effb41bf9f4b7ebd8d79641604b69a10323837e09474
fold_08,00851,00900,50,B1,delta_ll_vs_b0,0.001065186113678498,-3.994586884e-05,0.002110033687,True,False,EXP-001,ds_16b6be697acb,ds_aa8808303afa,1465af7161a9053ca7df7d4d04572789911a5480,e41f63ef47ea066f14e5effb41bf9f4b7ebd8d79641604b69a10323837e09474
fold_08,00851,00900,50,B1,delta_brier_vs_b0,0.0002036257624030108,-8.227013303e-06,0.0004046100496,True,False,EXP-001,ds_16b6be697acb,ds_aa8808303afa,1465af7161a9053ca7df7d4d04572789911a5480,e41f63ef47ea066f14e5effb41bf9f4b7ebd8d79641604b69a10323837e09474
fold_08,00851,00900,50,B1,delta_sum_mae_vs_b0,-0.005063328087973104,-0.2496763675,0.2283650504,True,False,EXP-001,ds_16b6be697acb,ds_aa8808303afa,1465af7161a9053ca7df7d4d04572789911a5480,e41f63ef47ea066f14e5effb41bf9f4b7ebd8d79641604b69a10323837e09474
fold_08,00851,00900,50,B1,delta_sum_rmse_vs_b0,-0.10271142737650507,-0.3275149515,0.1432137166,True,False,EXP-001,ds_16b6be697acb,ds_aa8808303afa,1465af7161a9053ca7df7d4d04572789911a5480,e41f63ef47ea066f14e5effb41bf9f4b7ebd8d79641604b69a10323837e09474
fold_08,00851,00900,50,B2_W50,ll,0.3541730038769515,0.3495095144,0.3590692596,True,False,EXP-001,ds_16b6be697acb,ds_aa8808303afa,1465af7161a9053ca7df7d4d04572789911a5480,e41f63ef47ea066f14e5effb41bf9f4b7ebd8d79641604b69a10323837e09474
fold_08,00851,00900,50,B2_W50,brier,0.09879130764098033,0.09804101235,0.09954031054,True,False,EXP-001,ds_16b6be697acb,ds_aa8808303afa,1465af7161a9053ca7df7d4d04572789911a5480,e41f63ef47ea066f14e5effb41bf9f4b7ebd8d79641604b69a10323837e09474
fold_08,00851,00900,50,B2_W50,ece,0.03324148527528813,0.02670007682,0.04640481434,True,False,EXP-001,ds_16b6be697acb,ds_aa8808303afa,1465af7161a9053ca7df7d4d04572789911a5480,e41f63ef47ea066f14e5effb41bf9f4b7ebd8d79641604b69a10323837e09474
fold_08,00851,00900,50,B2_W50,ece_n_bins,7,,,True,False,EXP-001,ds_16b6be697acb,ds_aa8808303afa,1465af7161a9053ca7df7d4d04572789911a5480,e41f63ef47ea066f14e5effb41bf9f4b7ebd8d79641604b69a10323837e09474
fold_08,00851,00900,50,B2_W50,sum_p_mean,5.999999999999999,,,True,False,EXP-001,ds_16b6be697acb,ds_aa8808303afa,1465af7161a9053ca7df7d4d04572789911a5480,e41f63ef47ea066f14e5effb41bf9f4b7ebd8d79641604b69a10323837e09474
fold_08,00851,00900,50,B2_W50,sum_p_min,5.999999999999997,,,True,False,EXP-001,ds_16b6be697acb,ds_aa8808303afa,1465af7161a9053ca7df7d4d04572789911a5480,e41f63ef47ea066f14e5effb41bf9f4b7ebd8d79641604b69a10323837e09474
fold_08,00851,00900,50,B2_W50,sum_p_max,5.999999999999999,,,True,False,EXP-001,ds_16b6be697acb,ds_aa8808303afa,1465af7161a9053ca7df7d4d04572789911a5480,e41f63ef47ea066f14e5effb41bf9f4b7ebd8d79641604b69a10323837e09474
fold_08,00851,00900,50,B2_W50,n_clipped,0,0,0,True,False,EXP-001,ds_16b6be697acb,ds_aa8808303afa,1465af7161a9053ca7df7d4d04572789911a5480,e41f63ef47ea066f14e5effb41bf9f4b7ebd8d79641604b69a10323837e09474
fold_08,00851,00900,50,B2_W50,sum_mae,30.50298591549296,25.49139577,35.41423803,True,False,EXP-001,ds_16b6be697acb,ds_aa8808303afa,1465af7161a9053ca7df7d4d04572789911a5480,e41f63ef47ea066f14e5effb41bf9f4b7ebd8d79641604b69a10323837e09474
fold_08,00851,00900,50,B2_W50,sum_rmse,35.75321876104921,30.83544135,40.38060959,True,False,EXP-001,ds_16b6be697acb,ds_aa8808303afa,1465af7161a9053ca7df7d4d04572789911a5480,e41f63ef47ea066f14e5effb41bf9f4b7ebd8d79641604b69a10323837e09474
fold_08,00851,00900,50,B2_W50,set_level_ls,NA (marginal-only),,,True,False,EXP-001,ds_16b6be697acb,ds_aa8808303afa,1465af7161a9053ca7df7d4d04572789911a5480,e41f63ef47ea066f14e5effb41bf9f4b7ebd8d79641604b69a10323837e09474
fold_08,00851,00900,50,B2_W50,delta_ll_vs_b0,0.009562571786099273,0.004899082337,0.01445882753,True,False,EXP-001,ds_16b6be697acb,ds_aa8808303afa,1465af7161a9053ca7df7d4d04572789911a5480,e41f63ef47ea066f14e5effb41bf9f4b7ebd8d79641604b69a10323837e09474
fold_08,00851,00900,50,B2_W50,delta_brier_vs_b0,0.0016012249963522531,0.0008509297086,0.0023502279,True,False,EXP-001,ds_16b6be697acb,ds_aa8808303afa,1465af7161a9053ca7df7d4d04572789911a5480,e41f63ef47ea066f14e5effb41bf9f4b7ebd8d79641604b69a10323837e09474
fold_08,00851,00900,50,B2_W50,delta_sum_mae_vs_b0,0.9829859154929586,0.347484507,1.78176338,True,False,EXP-001,ds_16b6be697acb,ds_aa8808303afa,1465af7161a9053ca7df7d4d04572789911a5480,e41f63ef47ea066f14e5effb41bf9f4b7ebd8d79641604b69a10323837e09474
fold_08,00851,00900,50,B2_W50,delta_sum_rmse_vs_b0,0.8648252755360062,0.1750494712,1.567676553,True,False,EXP-001,ds_16b6be697acb,ds_aa8808303afa,1465af7161a9053ca7df7d4d04572789911a5480,e41f63ef47ea066f14e5effb41bf9f4b7ebd8d79641604b69a10323837e09474
fold_08,00851,00900,50,B2_W100,ll,0.35089530305240985,0.3467921044,0.3555939133,True,False,EXP-001,ds_16b6be697acb,ds_aa8808303afa,1465af7161a9053ca7df7d4d04572789911a5480,e41f63ef47ea066f14e5effb41bf9f4b7ebd8d79641604b69a10323837e09474
fold_08,00851,00900,50,B2_W100,brier,0.09830031604430765,0.0975644937,0.09914069835,True,False,EXP-001,ds_16b6be697acb,ds_aa8808303afa,1465af7161a9053ca7df7d4d04572789911a5480,e41f63ef47ea066f14e5effb41bf9f4b7ebd8d79641604b69a10323837e09474
fold_08,00851,00900,50,B2_W100,ece,0.02508924358084659,0.01878356697,0.04011017349,True,False,EXP-001,ds_16b6be697acb,ds_aa8808303afa,1465af7161a9053ca7df7d4d04572789911a5480,e41f63ef47ea066f14e5effb41bf9f4b7ebd8d79641604b69a10323837e09474
fold_08,00851,00900,50,B2_W100,ece_n_bins,9,,,True,False,EXP-001,ds_16b6be697acb,ds_aa8808303afa,1465af7161a9053ca7df7d4d04572789911a5480,e41f63ef47ea066f14e5effb41bf9f4b7ebd8d79641604b69a10323837e09474
fold_08,00851,00900,50,B2_W100,sum_p_mean,6.0,,,True,False,EXP-001,ds_16b6be697acb,ds_aa8808303afa,1465af7161a9053ca7df7d4d04572789911a5480,e41f63ef47ea066f14e5effb41bf9f4b7ebd8d79641604b69a10323837e09474
fold_08,00851,00900,50,B2_W100,sum_p_min,5.999999999999998,,,True,False,EXP-001,ds_16b6be697acb,ds_aa8808303afa,1465af7161a9053ca7df7d4d04572789911a5480,e41f63ef47ea066f14e5effb41bf9f4b7ebd8d79641604b69a10323837e09474
fold_08,00851,00900,50,B2_W100,sum_p_max,6.000000000000001,,,True,False,EXP-001,ds_16b6be697acb,ds_aa8808303afa,1465af7161a9053ca7df7d4d04572789911a5480,e41f63ef47ea066f14e5effb41bf9f4b7ebd8d79641604b69a10323837e09474
fold_08,00851,00900,50,B2_W100,n_clipped,0,0,0,True,False,EXP-001,ds_16b6be697acb,ds_aa8808303afa,1465af7161a9053ca7df7d4d04572789911a5480,e41f63ef47ea066f14e5effb41bf9f4b7ebd8d79641604b69a10323837e09474
fold_08,00851,00900,50,B2_W100,sum_mae,29.962809160305348,24.80115344,35.04058626,True,False,EXP-001,ds_16b6be697acb,ds_aa8808303afa,1465af7161a9053ca7df7d4d04572789911a5480,e41f63ef47ea066f14e5effb41bf9f4b7ebd8d79641604b69a10323837e09474
fold_08,00851,00900,50,B2_W100,sum_rmse,35.36852659734408,30.57984893,40.02967824,True,False,EXP-001,ds_16b6be697acb,ds_aa8808303afa,1465af7161a9053ca7df7d4d04572789911a5480,e41f63ef47ea066f14e5effb41bf9f4b7ebd8d79641604b69a10323837e09474
fold_08,00851,00900,50,B2_W100,set_level_ls,NA (marginal-only),,,True,False,EXP-001,ds_16b6be697acb,ds_aa8808303afa,1465af7161a9053ca7df7d4d04572789911a5480,e41f63ef47ea066f14e5effb41bf9f4b7ebd8d79641604b69a10323837e09474
fold_08,00851,00900,50,B2_W100,delta_ll_vs_b0,0.006284870961557662,0.002181672293,0.01098348117,True,False,EXP-001,ds_16b6be697acb,ds_aa8808303afa,1465af7161a9053ca7df7d4d04572789911a5480,e41f63ef47ea066f14e5effb41bf9f4b7ebd8d79641604b69a10323837e09474
fold_08,00851,00900,50,B2_W100,delta_brier_vs_b0,0.0011102333996795683,0.0003744110541,0.001950615704,True,False,EXP-001,ds_16b6be697acb,ds_aa8808303afa,1465af7161a9053ca7df7d4d04572789911a5480,e41f63ef47ea066f14e5effb41bf9f4b7ebd8d79641604b69a10323837e09474
fold_08,00851,00900,50,B2_W100,delta_sum_mae_vs_b0,0.44280916030534284,0.09910076336,0.8084931298,True,False,EXP-001,ds_16b6be697acb,ds_aa8808303afa,1465af7161a9053ca7df7d4d04572789911a5480,e41f63ef47ea066f14e5effb41bf9f4b7ebd8d79641604b69a10323837e09474
fold_08,00851,00900,50,B2_W100,delta_sum_rmse_vs_b0,0.4801331118308738,0.1417145117,0.8191199657,True,False,EXP-001,ds_16b6be697acb,ds_aa8808303afa,1465af7161a9053ca7df7d4d04572789911a5480,e41f63ef47ea066f14e5effb41bf9f4b7ebd8d79641604b69a10323837e09474
fold_08,00851,00900,50,B2_W200,ll,0.3475099110550511,0.3447351977,0.3502515018,True,False,EXP-001,ds_16b6be697acb,ds_aa8808303afa,1465af7161a9053ca7df7d4d04572789911a5480,e41f63ef47ea066f14e5effb41bf9f4b7ebd8d79641604b69a10323837e09474
fold_08,00851,00900,50,B2_W200,brier,0.09773362997124145,0.09724897986,0.09820669363,True,False,EXP-001,ds_16b6be697acb,ds_aa8808303afa,1465af7161a9053ca7df7d4d04572789911a5480,e41f63ef47ea066f14e5effb41bf9f4b7ebd8d79641604b69a10323837e09474
fold_08,00851,00900,50,B2_W200,ece,0.023634335385729947,0.01933256067,0.03834149946,True,False,EXP-001,ds_16b6be697acb,ds_aa8808303afa,1465af7161a9053ca7df7d4d04572789911a5480,e41f63ef47ea066f14e5effb41bf9f4b7ebd8d79641604b69a10323837e09474
fold_08,00851,00900,50,B2_W200,ece_n_bins,10,,,True,False,EXP-001,ds_16b6be697acb,ds_aa8808303afa,1465af7161a9053ca7df7d4d04572789911a5480,e41f63ef47ea066f14e5effb41bf9f4b7ebd8d79641604b69a10323837e09474
fold_08,00851,00900,50,B2_W200,sum_p_mean,6.0,,,True,False,EXP-001,ds_16b6be697acb,ds_aa8808303afa,1465af7161a9053ca7df7d4d04572789911a5480,e41f63ef47ea066f14e5effb41bf9f4b7ebd8d79641604b69a10323837e09474
fold_08,00851,00900,50,B2_W200,sum_p_min,5.999999999999999,,,True,False,EXP-001,ds_16b6be697acb,ds_aa8808303afa,1465af7161a9053ca7df7d4d04572789911a5480,e41f63ef47ea066f14e5effb41bf9f4b7ebd8d79641604b69a10323837e09474
fold_08,00851,00900,50,B2_W200,sum_p_max,6.000000000000001,,,True,False,EXP-001,ds_16b6be697acb,ds_aa8808303afa,1465af7161a9053ca7df7d4d04572789911a5480,e41f63ef47ea066f14e5effb41bf9f4b7ebd8d79641604b69a10323837e09474
fold_08,00851,00900,50,B2_W200,n_clipped,0,0,0,True,False,EXP-001,ds_16b6be697acb,ds_aa8808303afa,1465af7161a9053ca7df7d4d04572789911a5480,e41f63ef47ea066f14e5effb41bf9f4b7ebd8d79641604b69a10323837e09474
fold_08,00851,00900,50,B2_W200,sum_mae,29.72729880478088,25.00470359,34.26303187,True,False,EXP-001,ds_16b6be697acb,ds_aa8808303afa,1465af7161a9053ca7df7d4d04572789911a5480,e41f63ef47ea066f14e5effb41bf9f4b7ebd8d79641604b69a10323837e09474
fold_08,00851,00900,50,B2_W200,sum_rmse,34.91161061760093,30.46256725,39.11481491,True,False,EXP-001,ds_16b6be697acb,ds_aa8808303afa,1465af7161a9053ca7df7d4d04572789911a5480,e41f63ef47ea066f14e5effb41bf9f4b7ebd8d79641604b69a10323837e09474
fold_08,00851,00900,50,B2_W200,set_level_ls,NA (marginal-only),,,True,False,EXP-001,ds_16b6be697acb,ds_aa8808303afa,1465af7161a9053ca7df7d4d04572789911a5480,e41f63ef47ea066f14e5effb41bf9f4b7ebd8d79641604b69a10323837e09474
fold_08,00851,00900,50,B2_W200,delta_ll_vs_b0,0.0028994789641988918,0.0001247656355,0.005641069708,True,False,EXP-001,ds_16b6be697acb,ds_aa8808303afa,1465af7161a9053ca7df7d4d04572789911a5480,e41f63ef47ea066f14e5effb41bf9f4b7ebd8d79641604b69a10323837e09474
fold_08,00851,00900,50,B2_W200,delta_brier_vs_b0,0.0005435473266133676,5.889721861e-05,0.001016610986,True,False,EXP-001,ds_16b6be697acb,ds_aa8808303afa,1465af7161a9053ca7df7d4d04572789911a5480,e41f63ef47ea066f14e5effb41bf9f4b7ebd8d79641604b69a10323837e09474
fold_08,00851,00900,50,B2_W200,delta_sum_mae_vs_b0,0.20729880478088092,-0.2513784861,0.7126422311,True,False,EXP-001,ds_16b6be697acb,ds_aa8808303afa,1465af7161a9053ca7df7d4d04572789911a5480,e41f63ef47ea066f14e5effb41bf9f4b7ebd8d79641604b69a10323837e09474
fold_08,00851,00900,50,B2_W200,delta_sum_rmse_vs_b0,0.023217132087722803,-0.3663126218,0.4958658863,True,False,EXP-001,ds_16b6be697acb,ds_aa8808303afa,1465af7161a9053ca7df7d4d04572789911a5480,e41f63ef47ea066f14e5effb41bf9f4b7ebd8d79641604b69a10323837e09474
fold_09,00901,00950,50,B0,ll,0.3446104320908522,0.3446104321,0.3446104321,True,False,EXP-001,ds_16b6be697acb,ds_aa8808303afa,1465af7161a9053ca7df7d4d04572789911a5480,e41f63ef47ea066f14e5effb41bf9f4b7ebd8d79641604b69a10323837e09474
fold_09,00901,00950,50,B0,brier,0.09719008264462808,0.09719008264,0.09719008264,True,False,EXP-001,ds_16b6be697acb,ds_aa8808303afa,1465af7161a9053ca7df7d4d04572789911a5480,e41f63ef47ea066f14e5effb41bf9f4b7ebd8d79641604b69a10323837e09474
fold_09,00901,00950,50,B0,ece,3.7192471324942744e-15,3.719247132e-15,3.719247132e-15,True,False,EXP-001,ds_16b6be697acb,ds_aa8808303afa,1465af7161a9053ca7df7d4d04572789911a5480,e41f63ef47ea066f14e5effb41bf9f4b7ebd8d79641604b69a10323837e09474
fold_09,00901,00950,50,B0,ece_n_bins,1,,,True,False,EXP-001,ds_16b6be697acb,ds_aa8808303afa,1465af7161a9053ca7df7d4d04572789911a5480,e41f63ef47ea066f14e5effb41bf9f4b7ebd8d79641604b69a10323837e09474
fold_09,00901,00950,50,B0,sum_p_mean,6.000000000000001,,,True,False,EXP-001,ds_16b6be697acb,ds_aa8808303afa,1465af7161a9053ca7df7d4d04572789911a5480,e41f63ef47ea066f14e5effb41bf9f4b7ebd8d79641604b69a10323837e09474
fold_09,00901,00950,50,B0,sum_p_min,6.000000000000002,,,True,False,EXP-001,ds_16b6be697acb,ds_aa8808303afa,1465af7161a9053ca7df7d4d04572789911a5480,e41f63ef47ea066f14e5effb41bf9f4b7ebd8d79641604b69a10323837e09474
fold_09,00901,00950,50,B0,sum_p_max,6.000000000000002,,,True,False,EXP-001,ds_16b6be697acb,ds_aa8808303afa,1465af7161a9053ca7df7d4d04572789911a5480,e41f63ef47ea066f14e5effb41bf9f4b7ebd8d79641604b69a10323837e09474
fold_09,00901,00950,50,B0,n_clipped,0,0,0,True,False,EXP-001,ds_16b6be697acb,ds_aa8808303afa,1465af7161a9053ca7df7d4d04572789911a5480,e41f63ef47ea066f14e5effb41bf9f4b7ebd8d79641604b69a10323837e09474
fold_09,00901,00950,50,B0,sum_mae,28.94,24.52,33.64,True,False,EXP-001,ds_16b6be697acb,ds_aa8808303afa,1465af7161a9053ca7df7d4d04572789911a5480,e41f63ef47ea066f14e5effb41bf9f4b7ebd8d79641604b69a10323837e09474
fold_09,00901,00950,50,B0,sum_rmse,35.61881525261614,29.92611735,40.72676638,True,False,EXP-001,ds_16b6be697acb,ds_aa8808303afa,1465af7161a9053ca7df7d4d04572789911a5480,e41f63ef47ea066f14e5effb41bf9f4b7ebd8d79641604b69a10323837e09474
fold_09,00901,00950,50,B0,set_level_ls,17.182450290072666,,,True,False,EXP-001,ds_16b6be697acb,ds_aa8808303afa,1465af7161a9053ca7df7d4d04572789911a5480,e41f63ef47ea066f14e5effb41bf9f4b7ebd8d79641604b69a10323837e09474
fold_09,00901,00950,50,B0,delta_ll_vs_b0,0.0,0,0,True,False,EXP-001,ds_16b6be697acb,ds_aa8808303afa,1465af7161a9053ca7df7d4d04572789911a5480,e41f63ef47ea066f14e5effb41bf9f4b7ebd8d79641604b69a10323837e09474
fold_09,00901,00950,50,B0,delta_brier_vs_b0,0.0,0,0,True,False,EXP-001,ds_16b6be697acb,ds_aa8808303afa,1465af7161a9053ca7df7d4d04572789911a5480,e41f63ef47ea066f14e5effb41bf9f4b7ebd8d79641604b69a10323837e09474
fold_09,00901,00950,50,B0,delta_sum_mae_vs_b0,0.0,0,0,True,False,EXP-001,ds_16b6be697acb,ds_aa8808303afa,1465af7161a9053ca7df7d4d04572789911a5480,e41f63ef47ea066f14e5effb41bf9f4b7ebd8d79641604b69a10323837e09474
fold_09,00901,00950,50,B0,delta_sum_rmse_vs_b0,0.0,0,0,True,False,EXP-001,ds_16b6be697acb,ds_aa8808303afa,1465af7161a9053ca7df7d4d04572789911a5480,e41f63ef47ea066f14e5effb41bf9f4b7ebd8d79641604b69a10323837e09474
fold_09,00901,00950,50,B1,ll,0.34421749950393093,0.343067486,0.3451488641,True,False,EXP-001,ds_16b6be697acb,ds_aa8808303afa,1465af7161a9053ca7df7d4d04572789911a5480,e41f63ef47ea066f14e5effb41bf9f4b7ebd8d79641604b69a10323837e09474
fold_09,00901,00950,50,B1,brier,0.09711417967449197,0.09688724461,0.09729795012,True,False,EXP-001,ds_16b6be697acb,ds_aa8808303afa,1465af7161a9053ca7df7d4d04572789911a5480,e41f63ef47ea066f14e5effb41bf9f4b7ebd8d79641604b69a10323837e09474
fold_09,00901,00950,50,B1,ece,0.017505980862737972,0.01191995243,0.03640137043,True,False,EXP-001,ds_16b6be697acb,ds_aa8808303afa,1465af7161a9053ca7df7d4d04572789911a5480,e41f63ef47ea066f14e5effb41bf9f4b7ebd8d79641604b69a10323837e09474
fold_09,00901,00950,50,B1,ece_n_bins,10,,,True,False,EXP-001,ds_16b6be697acb,ds_aa8808303afa,1465af7161a9053ca7df7d4d04572789911a5480,e41f63ef47ea066f14e5effb41bf9f4b7ebd8d79641604b69a10323837e09474
fold_09,00901,00950,50,B1,sum_p_mean,6.0,,,True,False,EXP-001,ds_16b6be697acb,ds_aa8808303afa,1465af7161a9053ca7df7d4d04572789911a5480,e41f63ef47ea066f14e5effb41bf9f4b7ebd8d79641604b69a10323837e09474
fold_09,00901,00950,50,B1,sum_p_min,5.999999999999998,,,True,False,EXP-001,ds_16b6be697acb,ds_aa8808303afa,1465af7161a9053ca7df7d4d04572789911a5480,e41f63ef47ea066f14e5effb41bf9f4b7ebd8d79641604b69a10323837e09474
fold_09,00901,00950,50,B1,sum_p_max,6.000000000000002,,,True,False,EXP-001,ds_16b6be697acb,ds_aa8808303afa,1465af7161a9053ca7df7d4d04572789911a5480,e41f63ef47ea066f14e5effb41bf9f4b7ebd8d79641604b69a10323837e09474
fold_09,00901,00950,50,B1,n_clipped,0,0,0,True,False,EXP-001,ds_16b6be697acb,ds_aa8808303afa,1465af7161a9053ca7df7d4d04572789911a5480,e41f63ef47ea066f14e5effb41bf9f4b7ebd8d79641604b69a10323837e09474
fold_09,00901,00950,50,B1,sum_mae,28.565814013800324,23.93815669,33.30221954,True,False,EXP-001,ds_16b6be697acb,ds_aa8808303afa,1465af7161a9053ca7df7d4d04572789911a5480,e41f63ef47ea066f14e5effb41bf9f4b7ebd8d79641604b69a10323837e09474
fold_09,00901,00950,50,B1,sum_rmse,35.222317971095535,29.49226927,40.21672732,True,False,EXP-001,ds_16b6be697acb,ds_aa8808303afa,1465af7161a9053ca7df7d4d04572789911a5480,e41f63ef47ea066f14e5effb41bf9f4b7ebd8d79641604b69a10323837e09474
fold_09,00901,00950,50,B1,set_level_ls,NA (marginal-only),,,True,False,EXP-001,ds_16b6be697acb,ds_aa8808303afa,1465af7161a9053ca7df7d4d04572789911a5480,e41f63ef47ea066f14e5effb41bf9f4b7ebd8d79641604b69a10323837e09474
fold_09,00901,00950,50,B1,delta_ll_vs_b0,-0.0003929325869212474,-0.001542946097,0.0005384320302,True,False,EXP-001,ds_16b6be697acb,ds_aa8808303afa,1465af7161a9053ca7df7d4d04572789911a5480,e41f63ef47ea066f14e5effb41bf9f4b7ebd8d79641604b69a10323837e09474
fold_09,00901,00950,50,B1,delta_brier_vs_b0,-7.590297013611802e-05,-0.0003028380385,0.0001078674748,True,False,EXP-001,ds_16b6be697acb,ds_aa8808303afa,1465af7161a9053ca7df7d4d04572789911a5480,e41f63ef47ea066f14e5effb41bf9f4b7ebd8d79641604b69a10323837e09474
fold_09,00901,00950,50,B1,delta_sum_mae_vs_b0,-0.37418598619967836,-0.8202547687,0.05399730898,True,False,EXP-001,ds_16b6be697acb,ds_aa8808303afa,1465af7161a9053ca7df7d4d04572789911a5480,e41f63ef47ea066f14e5effb41bf9f4b7ebd8d79641604b69a10323837e09474
fold_09,00901,00950,50,B1,delta_sum_rmse_vs_b0,-0.3964972815206025,-0.7201045556,-0.0693695536,True,False,EXP-001,ds_16b6be697acb,ds_aa8808303afa,1465af7161a9053ca7df7d4d04572789911a5480,e41f63ef47ea066f14e5effb41bf9f4b7ebd8d79641604b69a10323837e09474
fold_09,00901,00950,50,B2_W50,ll,0.3509698794260441,0.3457832408,0.3554468908,True,False,EXP-001,ds_16b6be697acb,ds_aa8808303afa,1465af7161a9053ca7df7d4d04572789911a5480,e41f63ef47ea066f14e5effb41bf9f4b7ebd8d79641604b69a10323837e09474
fold_09,00901,00950,50,B2_W50,brier,0.09834062649907124,0.09737982839,0.09920034943,True,False,EXP-001,ds_16b6be697acb,ds_aa8808303afa,1465af7161a9053ca7df7d4d04572789911a5480,e41f63ef47ea066f14e5effb41bf9f4b7ebd8d79641604b69a10323837e09474
fold_09,00901,00950,50,B2_W50,ece,0.02439539052496767,0.01973464789,0.0383509347,True,False,EXP-001,ds_16b6be697acb,ds_aa8808303afa,1465af7161a9053ca7df7d4d04572789911a5480,e41f63ef47ea066f14e5effb41bf9f4b7ebd8d79641604b69a10323837e09474
fold_09,00901,00950,50,B2_W50,ece_n_bins,7,,,True,False,EXP-001,ds_16b6be697acb,ds_aa8808303afa,1465af7161a9053ca7df7d4d04572789911a5480,e41f63ef47ea066f14e5effb41bf9f4b7ebd8d79641604b69a10323837e09474
fold_09,00901,00950,50,B2_W50,sum_p_mean,5.999999999999999,,,True,False,EXP-001,ds_16b6be697acb,ds_aa8808303afa,1465af7161a9053ca7df7d4d04572789911a5480,e41f63ef47ea066f14e5effb41bf9f4b7ebd8d79641604b69a10323837e09474
fold_09,00901,00950,50,B2_W50,sum_p_min,5.999999999999998,,,True,False,EXP-001,ds_16b6be697acb,ds_aa8808303afa,1465af7161a9053ca7df7d4d04572789911a5480,e41f63ef47ea066f14e5effb41bf9f4b7ebd8d79641604b69a10323837e09474
fold_09,00901,00950,50,B2_W50,sum_p_max,5.999999999999999,,,True,False,EXP-001,ds_16b6be697acb,ds_aa8808303afa,1465af7161a9053ca7df7d4d04572789911a5480,e41f63ef47ea066f14e5effb41bf9f4b7ebd8d79641604b69a10323837e09474
fold_09,00901,00950,50,B2_W50,n_clipped,0,0,0,True,False,EXP-001,ds_16b6be697acb,ds_aa8808303afa,1465af7161a9053ca7df7d4d04572789911a5480,e41f63ef47ea066f14e5effb41bf9f4b7ebd8d79641604b69a10323837e09474
fold_09,00901,00950,50,B2_W50,sum_mae,27.603323943661973,21.60693239,33.18350141,True,False,EXP-001,ds_16b6be697acb,ds_aa8808303afa,1465af7161a9053ca7df7d4d04572789911a5480,e41f63ef47ea066f14e5effb41bf9f4b7ebd8d79641604b69a10323837e09474
fold_09,00901,00950,50,B2_W50,sum_rmse,34.40398526252531,28.13059031,39.4627883,True,False,EXP-001,ds_16b6be697acb,ds_aa8808303afa,1465af7161a9053ca7df7d4d04572789911a5480,e41f63ef47ea066f14e5effb41bf9f4b7ebd8d79641604b69a10323837e09474
fold_09,00901,00950,50,B2_W50,set_level_ls,NA (marginal-only),,,True,False,EXP-001,ds_16b6be697acb,ds_aa8808303afa,1465af7161a9053ca7df7d4d04572789911a5480,e41f63ef47ea066f14e5effb41bf9f4b7ebd8d79641604b69a10323837e09474
fold_09,00901,00950,50,B2_W50,delta_ll_vs_b0,0.006359447335191875,0.001172808704,0.01083645871,True,False,EXP-001,ds_16b6be697acb,ds_aa8808303afa,1465af7161a9053ca7df7d4d04572789911a5480,e41f63ef47ea066f14e5effb41bf9f4b7ebd8d79641604b69a10323837e09474
fold_09,00901,00950,50,B2_W50,delta_brier_vs_b0,0.0011505438544431867,0.0001897457444,0.002010266781,True,False,EXP-001,ds_16b6be697acb,ds_aa8808303afa,1465af7161a9053ca7df7d4d04572789911a5480,e41f63ef47ea066f14e5effb41bf9f4b7ebd8d79641604b69a10323837e09474
fold_09,00901,00950,50,B2_W50,delta_sum_mae_vs_b0,-1.3366760563380309,-3.485746479,0.4607323944,True,False,EXP-001,ds_16b6be697acb,ds_aa8808303afa,1465af7161a9053ca7df7d4d04572789911a5480,e41f63ef47ea066f14e5effb41bf9f4b7ebd8d79641604b69a10323837e09474
fold_09,00901,00950,50,B2_W50,delta_sum_rmse_vs_b0,-1.214829990090827,-2.632245806,0.04353369054,True,False,EXP-001,ds_16b6be697acb,ds_aa8808303afa,1465af7161a9053ca7df7d4d04572789911a5480,e41f63ef47ea066f14e5effb41bf9f4b7ebd8d79641604b69a10323837e09474
fold_09,00901,00950,50,B2_W100,ll,0.3478592596944031,0.3451821997,0.35021454,True,False,EXP-001,ds_16b6be697acb,ds_aa8808303afa,1465af7161a9053ca7df7d4d04572789911a5480,e41f63ef47ea066f14e5effb41bf9f4b7ebd8d79641604b69a10323837e09474
fold_09,00901,00950,50,B2_W100,brier,0.0978006223413554,0.0972613785,0.09825380636,True,False,EXP-001,ds_16b6be697acb,ds_aa8808303afa,1465af7161a9053ca7df7d4d04572789911a5480,e41f63ef47ea066f14e5effb41bf9f4b7ebd8d79641604b69a10323837e09474
fold_09,00901,00950,50,B2_W100,ece,0.02540013879250529,0.01984730049,0.03889068702,True,False,EXP-001,ds_16b6be697acb,ds_aa8808303afa,1465af7161a9053ca7df7d4d04572789911a5480,e41f63ef47ea066f14e5effb41bf9f4b7ebd8d79641604b69a10323837e09474
fold_09,00901,00950,50,B2_W100,ece_n_bins,9,,,True,False,EXP-001,ds_16b6be697acb,ds_aa8808303afa,1465af7161a9053ca7df7d4d04572789911a5480,e41f63ef47ea066f14e5effb41bf9f4b7ebd8d79641604b69a10323837e09474
fold_09,00901,00950,50,B2_W100,sum_p_mean,6.0,,,True,False,EXP-001,ds_16b6be697acb,ds_aa8808303afa,1465af7161a9053ca7df7d4d04572789911a5480,e41f63ef47ea066f14e5effb41bf9f4b7ebd8d79641604b69a10323837e09474
fold_09,00901,00950,50,B2_W100,sum_p_min,5.999999999999997,,,True,False,EXP-001,ds_16b6be697acb,ds_aa8808303afa,1465af7161a9053ca7df7d4d04572789911a5480,e41f63ef47ea066f14e5effb41bf9f4b7ebd8d79641604b69a10323837e09474
fold_09,00901,00950,50,B2_W100,sum_p_max,6.000000000000002,,,True,False,EXP-001,ds_16b6be697acb,ds_aa8808303afa,1465af7161a9053ca7df7d4d04572789911a5480,e41f63ef47ea066f14e5effb41bf9f4b7ebd8d79641604b69a10323837e09474
fold_09,00901,00950,50,B2_W100,n_clipped,0,0,0,True,False,EXP-001,ds_16b6be697acb,ds_aa8808303afa,1465af7161a9053ca7df7d4d04572789911a5480,e41f63ef47ea066f14e5effb41bf9f4b7ebd8d79641604b69a10323837e09474
fold_09,00901,00950,50,B2_W100,sum_mae,27.67129770992367,22.04944962,32.98785878,True,False,EXP-001,ds_16b6be697acb,ds_aa8808303afa,1465af7161a9053ca7df7d4d04572789911a5480,e41f63ef47ea066f14e5effb41bf9f4b7ebd8d79641604b69a10323837e09474
fold_09,00901,00950,50,B2_W100,sum_rmse,34.67193428614764,28.59472828,39.64928607,True,False,EXP-001,ds_16b6be697acb,ds_aa8808303afa,1465af7161a9053ca7df7d4d04572789911a5480,e41f63ef47ea066f14e5effb41bf9f4b7ebd8d79641604b69a10323837e09474
fold_09,00901,00950,50,B2_W100,set_level_ls,NA (marginal-only),,,True,False,EXP-001,ds_16b6be697acb,ds_aa8808303afa,1465af7161a9053ca7df7d4d04572789911a5480,e41f63ef47ea066f14e5effb41bf9f4b7ebd8d79641604b69a10323837e09474
fold_09,00901,00950,50,B2_W100,delta_ll_vs_b0,0.0032488276035509346,0.0005717676192,0.00560410791,True,False,EXP-001,ds_16b6be697acb,ds_aa8808303afa,1465af7161a9053ca7df7d4d04572789911a5480,e41f63ef47ea066f14e5effb41bf9f4b7ebd8d79641604b69a10323837e09474
fold_09,00901,00950,50,B2_W100,delta_brier_vs_b0,0.0006105396967273052,7.129585101e-05,0.001063723713,True,False,EXP-001,ds_16b6be697acb,ds_aa8808303afa,1465af7161a9053ca7df7d4d04572789911a5480,e41f63ef47ea066f14e5effb41bf9f4b7ebd8d79641604b69a10323837e09474
fold_09,00901,00950,50,B2_W100,delta_sum_mae_vs_b0,-1.2687022900763356,-2.997192366,0.09198778626,True,False,EXP-001,ds_16b6be697acb,ds_aa8808303afa,1465af7161a9053ca7df7d4d04572789911a5480,e41f63ef47ea066f14e5effb41bf9f4b7ebd8d79641604b69a10323837e09474
fold_09,00901,00950,50,B2_W100,delta_sum_rmse_vs_b0,-0.9468809664684983,-1.960142783,-0.03244868729,True,False,EXP-001,ds_16b6be697acb,ds_aa8808303afa,1465af7161a9053ca7df7d4d04572789911a5480,e41f63ef47ea066f14e5effb41bf9f4b7ebd8d79641604b69a10323837e09474
fold_09,00901,00950,50,B2_W200,ll,0.34529065269818426,0.3423633414,0.3477185098,True,False,EXP-001,ds_16b6be697acb,ds_aa8808303afa,1465af7161a9053ca7df7d4d04572789911a5480,e41f63ef47ea066f14e5effb41bf9f4b7ebd8d79641604b69a10323837e09474
fold_09,00901,00950,50,B2_W200,brier,0.09730726098142745,0.09673275097,0.09777977268,True,False,EXP-001,ds_16b6be697acb,ds_aa8808303afa,1465af7161a9053ca7df7d4d04572789911a5480,e41f63ef47ea066f14e5effb41bf9f4b7ebd8d79641604b69a10323837e09474
fold_09,00901,00950,50,B2_W200,ece,0.013522636725824193,0.01052636001,0.02895204636,True,False,EXP-001,ds_16b6be697acb,ds_aa8808303afa,1465af7161a9053ca7df7d4d04572789911a5480,e41f63ef47ea066f14e5effb41bf9f4b7ebd8d79641604b69a10323837e09474
fold_09,00901,00950,50,B2_W200,ece_n_bins,10,,,True,False,EXP-001,ds_16b6be697acb,ds_aa8808303afa,1465af7161a9053ca7df7d4d04572789911a5480,e41f63ef47ea066f14e5effb41bf9f4b7ebd8d79641604b69a10323837e09474
fold_09,00901,00950,50,B2_W200,sum_p_mean,6.0,,,True,False,EXP-001,ds_16b6be697acb,ds_aa8808303afa,1465af7161a9053ca7df7d4d04572789911a5480,e41f63ef47ea066f14e5effb41bf9f4b7ebd8d79641604b69a10323837e09474
fold_09,00901,00950,50,B2_W200,sum_p_min,5.999999999999998,,,True,False,EXP-001,ds_16b6be697acb,ds_aa8808303afa,1465af7161a9053ca7df7d4d04572789911a5480,e41f63ef47ea066f14e5effb41bf9f4b7ebd8d79641604b69a10323837e09474
fold_09,00901,00950,50,B2_W200,sum_p_max,6.000000000000001,,,True,False,EXP-001,ds_16b6be697acb,ds_aa8808303afa,1465af7161a9053ca7df7d4d04572789911a5480,e41f63ef47ea066f14e5effb41bf9f4b7ebd8d79641604b69a10323837e09474
fold_09,00901,00950,50,B2_W200,n_clipped,0,0,0,True,False,EXP-001,ds_16b6be697acb,ds_aa8808303afa,1465af7161a9053ca7df7d4d04572789911a5480,e41f63ef47ea066f14e5effb41bf9f4b7ebd8d79641604b69a10323837e09474
fold_09,00901,00950,50,B2_W200,sum_mae,28.370916334661356,23.41221076,33.29187968,True,False,EXP-001,ds_16b6be697acb,ds_aa8808303afa,1465af7161a9053ca7df7d4d04572789911a5480,e41f63ef47ea066f14e5effb41bf9f4b7ebd8d79641604b69a10323837e09474
fold_09,00901,00950,50,B2_W200,sum_rmse,34.96327906317539,29.13058663,39.9519322,True,False,EXP-001,ds_16b6be697acb,ds_aa8808303afa,1465af7161a9053ca7df7d4d04572789911a5480,e41f63ef47ea066f14e5effb41bf9f4b7ebd8d79641604b69a10323837e09474
fold_09,00901,00950,50,B2_W200,set_level_ls,NA (marginal-only),,,True,False,EXP-001,ds_16b6be697acb,ds_aa8808303afa,1465af7161a9053ca7df7d4d04572789911a5480,e41f63ef47ea066f14e5effb41bf9f4b7ebd8d79641604b69a10323837e09474
fold_09,00901,00950,50,B2_W200,delta_ll_vs_b0,0.0006802206073320205,-0.002247090667,0.003108077664,True,False,EXP-001,ds_16b6be697acb,ds_aa8808303afa,1465af7161a9053ca7df7d4d04572789911a5480,e41f63ef47ea066f14e5effb41bf9f4b7ebd8d79641604b69a10323837e09474
fold_09,00901,00950,50,B2_W200,delta_brier_vs_b0,0.00011717833679935146,-0.0004573316782,0.0005896900401,True,False,EXP-001,ds_16b6be697acb,ds_aa8808303afa,1465af7161a9053ca7df7d4d04572789911a5480,e41f63ef47ea066f14e5effb41bf9f4b7ebd8d79641604b69a10323837e09474
fold_09,00901,00950,50,B2_W200,delta_sum_mae_vs_b0,-0.5690836653386441,-1.516586454,0.3560183267,True,False,EXP-001,ds_16b6be697acb,ds_aa8808303afa,1465af7161a9053ca7df7d4d04572789911a5480,e41f63ef47ea066f14e5effb41bf9f4b7ebd8d79641604b69a10323837e09474
fold_09,00901,00950,50,B2_W200,delta_sum_rmse_vs_b0,-0.6555361894407454,-1.298204644,-0.007776329094,True,False,EXP-001,ds_16b6be697acb,ds_aa8808303afa,1465af7161a9053ca7df7d4d04572789911a5480,e41f63ef47ea066f14e5effb41bf9f4b7ebd8d79641604b69a10323837e09474
fold_10,00951,01000,50,B0,ll,0.3446104320908522,0.3446104321,0.3446104321,True,False,EXP-001,ds_16b6be697acb,ds_aa8808303afa,1465af7161a9053ca7df7d4d04572789911a5480,e41f63ef47ea066f14e5effb41bf9f4b7ebd8d79641604b69a10323837e09474
fold_10,00951,01000,50,B0,brier,0.09719008264462808,0.09719008264,0.09719008264,True,False,EXP-001,ds_16b6be697acb,ds_aa8808303afa,1465af7161a9053ca7df7d4d04572789911a5480,e41f63ef47ea066f14e5effb41bf9f4b7ebd8d79641604b69a10323837e09474
fold_10,00951,01000,50,B0,ece,3.7192471324942744e-15,3.719247132e-15,3.719247132e-15,True,False,EXP-001,ds_16b6be697acb,ds_aa8808303afa,1465af7161a9053ca7df7d4d04572789911a5480,e41f63ef47ea066f14e5effb41bf9f4b7ebd8d79641604b69a10323837e09474
fold_10,00951,01000,50,B0,ece_n_bins,1,,,True,False,EXP-001,ds_16b6be697acb,ds_aa8808303afa,1465af7161a9053ca7df7d4d04572789911a5480,e41f63ef47ea066f14e5effb41bf9f4b7ebd8d79641604b69a10323837e09474
fold_10,00951,01000,50,B0,sum_p_mean,6.000000000000001,,,True,False,EXP-001,ds_16b6be697acb,ds_aa8808303afa,1465af7161a9053ca7df7d4d04572789911a5480,e41f63ef47ea066f14e5effb41bf9f4b7ebd8d79641604b69a10323837e09474
fold_10,00951,01000,50,B0,sum_p_min,6.000000000000002,,,True,False,EXP-001,ds_16b6be697acb,ds_aa8808303afa,1465af7161a9053ca7df7d4d04572789911a5480,e41f63ef47ea066f14e5effb41bf9f4b7ebd8d79641604b69a10323837e09474
fold_10,00951,01000,50,B0,sum_p_max,6.000000000000002,,,True,False,EXP-001,ds_16b6be697acb,ds_aa8808303afa,1465af7161a9053ca7df7d4d04572789911a5480,e41f63ef47ea066f14e5effb41bf9f4b7ebd8d79641604b69a10323837e09474
fold_10,00951,01000,50,B0,n_clipped,0,0,0,True,False,EXP-001,ds_16b6be697acb,ds_aa8808303afa,1465af7161a9053ca7df7d4d04572789911a5480,e41f63ef47ea066f14e5effb41bf9f4b7ebd8d79641604b69a10323837e09474
fold_10,00951,01000,50,B0,sum_mae,36.38,31.0195,40.8605,True,False,EXP-001,ds_16b6be697acb,ds_aa8808303afa,1465af7161a9053ca7df7d4d04572789911a5480,e41f63ef47ea066f14e5effb41bf9f4b7ebd8d79641604b69a10323837e09474
fold_10,00951,01000,50,B0,sum_rmse,45.24312102408498,38.16357557,52.03294629,True,False,EXP-001,ds_16b6be697acb,ds_aa8808303afa,1465af7161a9053ca7df7d4d04572789911a5480,e41f63ef47ea066f14e5effb41bf9f4b7ebd8d79641604b69a10323837e09474
fold_10,00951,01000,50,B0,set_level_ls,17.182450290072666,,,True,False,EXP-001,ds_16b6be697acb,ds_aa8808303afa,1465af7161a9053ca7df7d4d04572789911a5480,e41f63ef47ea066f14e5effb41bf9f4b7ebd8d79641604b69a10323837e09474
fold_10,00951,01000,50,B0,delta_ll_vs_b0,0.0,0,0,True,False,EXP-001,ds_16b6be697acb,ds_aa8808303afa,1465af7161a9053ca7df7d4d04572789911a5480,e41f63ef47ea066f14e5effb41bf9f4b7ebd8d79641604b69a10323837e09474
fold_10,00951,01000,50,B0,delta_brier_vs_b0,0.0,0,0,True,False,EXP-001,ds_16b6be697acb,ds_aa8808303afa,1465af7161a9053ca7df7d4d04572789911a5480,e41f63ef47ea066f14e5effb41bf9f4b7ebd8d79641604b69a10323837e09474
fold_10,00951,01000,50,B0,delta_sum_mae_vs_b0,0.0,0,0,True,False,EXP-001,ds_16b6be697acb,ds_aa8808303afa,1465af7161a9053ca7df7d4d04572789911a5480,e41f63ef47ea066f14e5effb41bf9f4b7ebd8d79641604b69a10323837e09474
fold_10,00951,01000,50,B0,delta_sum_rmse_vs_b0,0.0,0,0,True,False,EXP-001,ds_16b6be697acb,ds_aa8808303afa,1465af7161a9053ca7df7d4d04572789911a5480,e41f63ef47ea066f14e5effb41bf9f4b7ebd8d79641604b69a10323837e09474
fold_10,00951,01000,50,B1,ll,0.3461195342468821,0.3452088286,0.3470632081,True,False,EXP-001,ds_16b6be697acb,ds_aa8808303afa,1465af7161a9053ca7df7d4d04572789911a5480,e41f63ef47ea066f14e5effb41bf9f4b7ebd8d79641604b69a10323837e09474
fold_10,00951,01000,50,B1,brier,0.09748264786304511,0.09730746262,0.09766247121,True,False,EXP-001,ds_16b6be697acb,ds_aa8808303afa,1465af7161a9053ca7df7d4d04572789911a5480,e41f63ef47ea066f14e5effb41bf9f4b7ebd8d79641604b69a10323837e09474
fold_10,00951,01000,50,B1,ece,0.025591083777989496,0.02068538519,0.0349127701,True,False,EXP-001,ds_16b6be697acb,ds_aa8808303afa,1465af7161a9053ca7df7d4d04572789911a5480,e41f63ef47ea066f14e5effb41bf9f4b7ebd8d79641604b69a10323837e09474
fold_10,00951,01000,50,B1,ece_n_bins,10,,,True,False,EXP-001,ds_16b6be697acb,ds_aa8808303afa,1465af7161a9053ca7df7d4d04572789911a5480,e41f63ef47ea066f14e5effb41bf9f4b7ebd8d79641604b69a10323837e09474
fold_10,00951,01000,50,B1,sum_p_mean,6.0,,,True,False,EXP-001,ds_16b6be697acb,ds_aa8808303afa,1465af7161a9053ca7df7d4d04572789911a5480,e41f63ef47ea066f14e5effb41bf9f4b7ebd8d79641604b69a10323837e09474
fold_10,00951,01000,50,B1,sum_p_min,5.999999999999998,,,True,False,EXP-001,ds_16b6be697acb,ds_aa8808303afa,1465af7161a9053ca7df7d4d04572789911a5480,e41f63ef47ea066f14e5effb41bf9f4b7ebd8d79641604b69a10323837e09474
fold_10,00951,01000,50,B1,sum_p_max,6.000000000000002,,,True,False,EXP-001,ds_16b6be697acb,ds_aa8808303afa,1465af7161a9053ca7df7d4d04572789911a5480,e41f63ef47ea066f14e5effb41bf9f4b7ebd8d79641604b69a10323837e09474
fold_10,00951,01000,50,B1,n_clipped,0,0,0,True,False,EXP-001,ds_16b6be697acb,ds_aa8808303afa,1465af7161a9053ca7df7d4d04572789911a5480,e41f63ef47ea066f14e5effb41bf9f4b7ebd8d79641604b69a10323837e09474
fold_10,00951,01000,50,B1,sum_mae,36.51156633534579,31.21421416,40.98215145,True,False,EXP-001,ds_16b6be697acb,ds_aa8808303afa,1465af7161a9053ca7df7d4d04572789911a5480,e41f63ef47ea066f14e5effb41bf9f4b7ebd8d79641604b69a10323837e09474
fold_10,00951,01000,50,B1,sum_rmse,45.351059841434825,38.17661887,52.21868075,True,False,EXP-001,ds_16b6be697acb,ds_aa8808303afa,1465af7161a9053ca7df7d4d04572789911a5480,e41f63ef47ea066f14e5effb41bf9f4b7ebd8d79641604b69a10323837e09474
fold_10,00951,01000,50,B1,set_level_ls,NA (marginal-only),,,True,False,EXP-001,ds_16b6be697acb,ds_aa8808303afa,1465af7161a9053ca7df7d4d04572789911a5480,e41f63ef47ea066f14e5effb41bf9f4b7ebd8d79641604b69a10323837e09474
fold_10,00951,01000,50,B1,delta_ll_vs_b0,0.0015091021560298967,0.0005983965118,0.00245277596,True,False,EXP-001,ds_16b6be697acb,ds_aa8808303afa,1465af7161a9053ca7df7d4d04572789911a5480,e41f63ef47ea066f14e5effb41bf9f4b7ebd8d79641604b69a10323837e09474
fold_10,00951,01000,50,B1,delta_brier_vs_b0,0.00029256521841705354,0.0001173799717,0.0004723885647,True,False,EXP-001,ds_16b6be697acb,ds_aa8808303afa,1465af7161a9053ca7df7d4d04572789911a5480,e41f63ef47ea066f14e5effb41bf9f4b7ebd8d79641604b69a10323837e09474
fold_10,00951,01000,50,B1,delta_sum_mae_vs_b0,0.13156633534579498,-0.2062369219,0.4584618018,True,False,EXP-001,ds_16b6be697acb,ds_aa8808303afa,1465af7161a9053ca7df7d4d04572789911a5480,e41f63ef47ea066f14e5effb41bf9f4b7ebd8d79641604b69a10323837e09474
fold_10,00951,01000,50,B1,delta_sum_rmse_vs_b0,0.10793881734984723,-0.2706389964,0.4662912347,True,False,EXP-001,ds_16b6be697acb,ds_aa8808303afa,1465af7161a9053ca7df7d4d04572789911a5480,e41f63ef47ea066f14e5effb41bf9f4b7ebd8d79641604b69a10323837e09474
fold_10,00951,01000,50,B2_W50,ll,0.35533535422595103,0.3504910746,0.3609587623,True,False,EXP-001,ds_16b6be697acb,ds_aa8808303afa,1465af7161a9053ca7df7d4d04572789911a5480,e41f63ef47ea066f14e5effb41bf9f4b7ebd8d79641604b69a10323837e09474
fold_10,00951,01000,50,B2_W50,brier,0.09902942489765743,0.09821029392,0.099987891,True,False,EXP-001,ds_16b6be697acb,ds_aa8808303afa,1465af7161a9053ca7df7d4d04572789911a5480,e41f63ef47ea066f14e5effb41bf9f4b7ebd8d79641604b69a10323837e09474
fold_10,00951,01000,50,B2_W50,ece,0.03796363636363598,0.02784507042,0.0512022023,True,False,EXP-001,ds_16b6be697acb,ds_aa8808303afa,1465af7161a9053ca7df7d4d04572789911a5480,e41f63ef47ea066f14e5effb41bf9f4b7ebd8d79641604b69a10323837e09474
fold_10,00951,01000,50,B2_W50,ece_n_bins,7,,,True,False,EXP-001,ds_16b6be697acb,ds_aa8808303afa,1465af7161a9053ca7df7d4d04572789911a5480,e41f63ef47ea066f14e5effb41bf9f4b7ebd8d79641604b69a10323837e09474
fold_10,00951,01000,50,B2_W50,sum_p_mean,5.999999999999999,,,True,False,EXP-001,ds_16b6be697acb,ds_aa8808303afa,1465af7161a9053ca7df7d4d04572789911a5480,e41f63ef47ea066f14e5effb41bf9f4b7ebd8d79641604b69a10323837e09474
fold_10,00951,01000,50,B2_W50,sum_p_min,5.999999999999998,,,True,False,EXP-001,ds_16b6be697acb,ds_aa8808303afa,1465af7161a9053ca7df7d4d04572789911a5480,e41f63ef47ea066f14e5effb41bf9f4b7ebd8d79641604b69a10323837e09474
fold_10,00951,01000,50,B2_W50,sum_p_max,5.999999999999999,,,True,False,EXP-001,ds_16b6be697acb,ds_aa8808303afa,1465af7161a9053ca7df7d4d04572789911a5480,e41f63ef47ea066f14e5effb41bf9f4b7ebd8d79641604b69a10323837e09474
fold_10,00951,01000,50,B2_W50,n_clipped,0,0,0,True,False,EXP-001,ds_16b6be697acb,ds_aa8808303afa,1465af7161a9053ca7df7d4d04572789911a5480,e41f63ef47ea066f14e5effb41bf9f4b7ebd8d79641604b69a10323837e09474
fold_10,00951,01000,50,B2_W50,sum_mae,37.49459154929578,31.78316056,42.36795775,True,False,EXP-001,ds_16b6be697acb,ds_aa8808303afa,1465af7161a9053ca7df7d4d04572789911a5480,e41f63ef47ea066f14e5effb41bf9f4b7ebd8d79641604b69a10323837e09474
fold_10,00951,01000,50,B2_W50,sum_rmse,46.183090456124255,38.64995467,53.27817814,True,False,EXP-001,ds_16b6be697acb,ds_aa8808303afa,1465af7161a9053ca7df7d4d04572789911a5480,e41f63ef47ea066f14e5effb41bf9f4b7ebd8d79641604b69a10323837e09474
fold_10,00951,01000,50,B2_W50,set_level_ls,NA (marginal-only),,,True,False,EXP-001,ds_16b6be697acb,ds_aa8808303afa,1465af7161a9053ca7df7d4d04572789911a5480,e41f63ef47ea066f14e5effb41bf9f4b7ebd8d79641604b69a10323837e09474
fold_10,00951,01000,50,B2_W50,delta_ll_vs_b0,0.010724922135098782,0.005880642529,0.01634833016,True,False,EXP-001,ds_16b6be697acb,ds_aa8808303afa,1465af7161a9053ca7df7d4d04572789911a5480,e41f63ef47ea066f14e5effb41bf9f4b7ebd8d79641604b69a10323837e09474
fold_10,00951,01000,50,B2_W50,delta_brier_vs_b0,0.0018393422530293283,0.001020211273,0.002797808358,True,False,EXP-001,ds_16b6be697acb,ds_aa8808303afa,1465af7161a9053ca7df7d4d04572789911a5480,e41f63ef47ea066f14e5effb41bf9f4b7ebd8d79641604b69a10323837e09474
fold_10,00951,01000,50,B2_W50,delta_sum_mae_vs_b0,1.114591549295772,-0.1460450704,2.749588732,True,False,EXP-001,ds_16b6be697acb,ds_aa8808303afa,1465af7161a9053ca7df7d4d04572789911a5480,e41f63ef47ea066f14e5effb41bf9f4b7ebd8d79641604b69a10323837e09474
fold_10,00951,01000,50,B2_W50,delta_sum_rmse_vs_b0,0.9399694320392769,-0.443977593,2.430449274,True,False,EXP-001,ds_16b6be697acb,ds_aa8808303afa,1465af7161a9053ca7df7d4d04572789911a5480,e41f63ef47ea066f14e5effb41bf9f4b7ebd8d79641604b69a10323837e09474
fold_10,00951,01000,50,B2_W100,ll,0.35096121515618356,0.347434666,0.354396524,True,False,EXP-001,ds_16b6be697acb,ds_aa8808303afa,1465af7161a9053ca7df7d4d04572789911a5480,e41f63ef47ea066f14e5effb41bf9f4b7ebd8d79641604b69a10323837e09474
fold_10,00951,01000,50,B2_W100,brier,0.09840558645130873,0.09774085519,0.09906618928,True,False,EXP-001,ds_16b6be697acb,ds_aa8808303afa,1465af7161a9053ca7df7d4d04572789911a5480,e41f63ef47ea066f14e5effb41bf9f4b7ebd8d79641604b69a10323837e09474
fold_10,00951,01000,50,B2_W100,ece,0.03546981263011808,0.0245384594,0.04822703678,True,False,EXP-001,ds_16b6be697acb,ds_aa8808303afa,1465af7161a9053ca7df7d4d04572789911a5480,e41f63ef47ea066f14e5effb41bf9f4b7ebd8d79641604b69a10323837e09474
fold_10,00951,01000,50,B2_W100,ece_n_bins,9,,,True,False,EXP-001,ds_16b6be697acb,ds_aa8808303afa,1465af7161a9053ca7df7d4d04572789911a5480,e41f63ef47ea066f14e5effb41bf9f4b7ebd8d79641604b69a10323837e09474
fold_10,00951,01000,50,B2_W100,sum_p_mean,6.0,,,True,False,EXP-001,ds_16b6be697acb,ds_aa8808303afa,1465af7161a9053ca7df7d4d04572789911a5480,e41f63ef47ea066f14e5effb41bf9f4b7ebd8d79641604b69a10323837e09474
fold_10,00951,01000,50,B2_W100,sum_p_min,5.999999999999998,,,True,False,EXP-001,ds_16b6be697acb,ds_aa8808303afa,1465af7161a9053ca7df7d4d04572789911a5480,e41f63ef47ea066f14e5effb41bf9f4b7ebd8d79641604b69a10323837e09474
fold_10,00951,01000,50,B2_W100,sum_p_max,6.000000000000001,,,True,False,EXP-001,ds_16b6be697acb,ds_aa8808303afa,1465af7161a9053ca7df7d4d04572789911a5480,e41f63ef47ea066f14e5effb41bf9f4b7ebd8d79641604b69a10323837e09474
fold_10,00951,01000,50,B2_W100,n_clipped,0,0,0,True,False,EXP-001,ds_16b6be697acb,ds_aa8808303afa,1465af7161a9053ca7df7d4d04572789911a5480,e41f63ef47ea066f14e5effb41bf9f4b7ebd8d79641604b69a10323837e09474
fold_10,00951,01000,50,B2_W100,sum_mae,37.25242748091603,31.54555878,42.20586565,True,False,EXP-001,ds_16b6be697acb,ds_aa8808303afa,1465af7161a9053ca7df7d4d04572789911a5480,e41f63ef47ea066f14e5effb41bf9f4b7ebd8d79641604b69a10323837e09474
fold_10,00951,01000,50,B2_W100,sum_rmse,45.97771469158282,38.4929277,53.06682494,True,False,EXP-001,ds_16b6be697acb,ds_aa8808303afa,1465af7161a9053ca7df7d4d04572789911a5480,e41f63ef47ea066f14e5effb41bf9f4b7ebd8d79641604b69a10323837e09474
fold_10,00951,01000,50,B2_W100,set_level_ls,NA (marginal-only),,,True,False,EXP-001,ds_16b6be697acb,ds_aa8808303afa,1465af7161a9053ca7df7d4d04572789911a5480,e41f63ef47ea066f14e5effb41bf9f4b7ebd8d79641604b69a10323837e09474
fold_10,00951,01000,50,B2_W100,delta_ll_vs_b0,0.006350783065331335,0.002824233911,0.009786091879,True,False,EXP-001,ds_16b6be697acb,ds_aa8808303afa,1465af7161a9053ca7df7d4d04572789911a5480,e41f63ef47ea066f14e5effb41bf9f4b7ebd8d79641604b69a10323837e09474
fold_10,00951,01000,50,B2_W100,delta_brier_vs_b0,0.0012155038066806482,0.0005507725503,0.001876106632,True,False,EXP-001,ds_16b6be697acb,ds_aa8808303afa,1465af7161a9053ca7df7d4d04572789911a5480,e41f63ef47ea066f14e5effb41bf9f4b7ebd8d79641604b69a10323837e09474
fold_10,00951,01000,50,B2_W100,delta_sum_mae_vs_b0,0.8724274809160317,-0.5763984733,2.50181374,True,False,EXP-001,ds_16b6be697acb,ds_aa8808303afa,1465af7161a9053ca7df7d4d04572789911a5480,e41f63ef47ea066f14e5effb41bf9f4b7ebd8d79641604b69a10323837e09474
fold_10,00951,01000,50,B2_W100,delta_sum_rmse_vs_b0,0.7345936674978404,-0.6073268025,2.162701976,True,False,EXP-001,ds_16b6be697acb,ds_aa8808303afa,1465af7161a9053ca7df7d4d04572789911a5480,e41f63ef47ea066f14e5effb41bf9f4b7ebd8d79641604b69a10323837e09474
fold_10,00951,01000,50,B2_W200,ll,0.348828137376856,0.3458726319,0.3517525524,True,False,EXP-001,ds_16b6be697acb,ds_aa8808303afa,1465af7161a9053ca7df7d4d04572789911a5480,e41f63ef47ea066f14e5effb41bf9f4b7ebd8d79641604b69a10323837e09474
fold_10,00951,01000,50,B2_W200,brier,0.09794428359723004,0.09735838294,0.09852179644,True,False,EXP-001,ds_16b6be697acb,ds_aa8808303afa,1465af7161a9053ca7df7d4d04572789911a5480,e41f63ef47ea066f14e5effb41bf9f4b7ebd8d79641604b69a10323837e09474
fold_10,00951,01000,50,B2_W200,ece,0.027465411082940996,0.02236281058,0.04043685621,True,False,EXP-001,ds_16b6be697acb,ds_aa8808303afa,1465af7161a9053ca7df7d4d04572789911a5480,e41f63ef47ea066f14e5effb41bf9f4b7ebd8d79641604b69a10323837e09474
fold_10,00951,01000,50,B2_W200,ece_n_bins,10,,,True,False,EXP-001,ds_16b6be697acb,ds_aa8808303afa,1465af7161a9053ca7df7d4d04572789911a5480,e41f63ef47ea066f14e5effb41bf9f4b7ebd8d79641604b69a10323837e09474
fold_10,00951,01000,50,B2_W200,sum_p_mean,6.0,,,True,False,EXP-001,ds_16b6be697acb,ds_aa8808303afa,1465af7161a9053ca7df7d4d04572789911a5480,e41f63ef47ea066f14e5effb41bf9f4b7ebd8d79641604b69a10323837e09474
fold_10,00951,01000,50,B2_W200,sum_p_min,5.999999999999999,,,True,False,EXP-001,ds_16b6be697acb,ds_aa8808303afa,1465af7161a9053ca7df7d4d04572789911a5480,e41f63ef47ea066f14e5effb41bf9f4b7ebd8d79641604b69a10323837e09474
fold_10,00951,01000,50,B2_W200,sum_p_max,6.000000000000002,,,True,False,EXP-001,ds_16b6be697acb,ds_aa8808303afa,1465af7161a9053ca7df7d4d04572789911a5480,e41f63ef47ea066f14e5effb41bf9f4b7ebd8d79641604b69a10323837e09474
fold_10,00951,01000,50,B2_W200,n_clipped,0,0,0,True,False,EXP-001,ds_16b6be697acb,ds_aa8808303afa,1465af7161a9053ca7df7d4d04572789911a5480,e41f63ef47ea066f14e5effb41bf9f4b7ebd8d79641604b69a10323837e09474
fold_10,00951,01000,50,B2_W200,sum_mae,36.65942629482072,31.27728526,41.22604064,True,False,EXP-001,ds_16b6be697acb,ds_aa8808303afa,1465af7161a9053ca7df7d4d04572789911a5480,e41f63ef47ea066f14e5effb41bf9f4b7ebd8d79641604b69a10323837e09474
fold_10,00951,01000,50,B2_W200,sum_rmse,45.512242813484335,38.23354494,52.42758931,True,False,EXP-001,ds_16b6be697acb,ds_aa8808303afa,1465af7161a9053ca7df7d4d04572789911a5480,e41f63ef47ea066f14e5effb41bf9f4b7ebd8d79641604b69a10323837e09474
fold_10,00951,01000,50,B2_W200,set_level_ls,NA (marginal-only),,,True,False,EXP-001,ds_16b6be697acb,ds_aa8808303afa,1465af7161a9053ca7df7d4d04572789911a5480,e41f63ef47ea066f14e5effb41bf9f4b7ebd8d79641604b69a10323837e09474
fold_10,00951,01000,50,B2_W200,delta_ll_vs_b0,0.00421770528600376,0.001262199841,0.007142120351,True,False,EXP-001,ds_16b6be697acb,ds_aa8808303afa,1465af7161a9053ca7df7d4d04572789911a5480,e41f63ef47ea066f14e5effb41bf9f4b7ebd8d79641604b69a10323837e09474
fold_10,00951,01000,50,B2_W200,delta_brier_vs_b0,0.0007542009526019744,0.0001683002959,0.001331713794,True,False,EXP-001,ds_16b6be697acb,ds_aa8808303afa,1465af7161a9053ca7df7d4d04572789911a5480,e41f63ef47ea066f14e5effb41bf9f4b7ebd8d79641604b69a10323837e09474
fold_10,00951,01000,50,B2_W200,delta_sum_mae_vs_b0,0.2794262948207165,-0.2848517928,0.8635912351,True,False,EXP-001,ds_16b6be697acb,ds_aa8808303afa,1465af7161a9053ca7df7d4d04572789911a5480,e41f63ef47ea066f14e5effb41bf9f4b7ebd8d79641604b69a10323837e09474
fold_10,00951,01000,50,B2_W200,delta_sum_rmse_vs_b0,0.2691217893993567,-0.2986677153,0.8673983956,True,False,EXP-001,ds_16b6be697acb,ds_aa8808303afa,1465af7161a9053ca7df7d4d04572789911a5480,e41f63ef47ea066f14e5effb41bf9f4b7ebd8d79641604b69a10323837e09474
fold_11,01001,01050,50,B0,ll,0.3446104320908522,0.3446104321,0.3446104321,True,False,EXP-001,ds_16b6be697acb,ds_aa8808303afa,1465af7161a9053ca7df7d4d04572789911a5480,e41f63ef47ea066f14e5effb41bf9f4b7ebd8d79641604b69a10323837e09474
fold_11,01001,01050,50,B0,brier,0.09719008264462808,0.09719008264,0.09719008264,True,False,EXP-001,ds_16b6be697acb,ds_aa8808303afa,1465af7161a9053ca7df7d4d04572789911a5480,e41f63ef47ea066f14e5effb41bf9f4b7ebd8d79641604b69a10323837e09474
fold_11,01001,01050,50,B0,ece,3.7192471324942744e-15,3.719247132e-15,3.719247132e-15,True,False,EXP-001,ds_16b6be697acb,ds_aa8808303afa,1465af7161a9053ca7df7d4d04572789911a5480,e41f63ef47ea066f14e5effb41bf9f4b7ebd8d79641604b69a10323837e09474
fold_11,01001,01050,50,B0,ece_n_bins,1,,,True,False,EXP-001,ds_16b6be697acb,ds_aa8808303afa,1465af7161a9053ca7df7d4d04572789911a5480,e41f63ef47ea066f14e5effb41bf9f4b7ebd8d79641604b69a10323837e09474
fold_11,01001,01050,50,B0,sum_p_mean,6.000000000000001,,,True,False,EXP-001,ds_16b6be697acb,ds_aa8808303afa,1465af7161a9053ca7df7d4d04572789911a5480,e41f63ef47ea066f14e5effb41bf9f4b7ebd8d79641604b69a10323837e09474
fold_11,01001,01050,50,B0,sum_p_min,6.000000000000002,,,True,False,EXP-001,ds_16b6be697acb,ds_aa8808303afa,1465af7161a9053ca7df7d4d04572789911a5480,e41f63ef47ea066f14e5effb41bf9f4b7ebd8d79641604b69a10323837e09474
fold_11,01001,01050,50,B0,sum_p_max,6.000000000000002,,,True,False,EXP-001,ds_16b6be697acb,ds_aa8808303afa,1465af7161a9053ca7df7d4d04572789911a5480,e41f63ef47ea066f14e5effb41bf9f4b7ebd8d79641604b69a10323837e09474
fold_11,01001,01050,50,B0,n_clipped,0,0,0,True,False,EXP-001,ds_16b6be697acb,ds_aa8808303afa,1465af7161a9053ca7df7d4d04572789911a5480,e41f63ef47ea066f14e5effb41bf9f4b7ebd8d79641604b69a10323837e09474
fold_11,01001,01050,50,B0,sum_mae,34.54,29.02,40.34,True,False,EXP-001,ds_16b6be697acb,ds_aa8808303afa,1465af7161a9053ca7df7d4d04572789911a5480,e41f63ef47ea066f14e5effb41bf9f4b7ebd8d79641604b69a10323837e09474
fold_11,01001,01050,50,B0,sum_rmse,41.78636141135048,34.73636423,49.60038809,True,False,EXP-001,ds_16b6be697acb,ds_aa8808303afa,1465af7161a9053ca7df7d4d04572789911a5480,e41f63ef47ea066f14e5effb41bf9f4b7ebd8d79641604b69a10323837e09474
fold_11,01001,01050,50,B0,set_level_ls,17.182450290072666,,,True,False,EXP-001,ds_16b6be697acb,ds_aa8808303afa,1465af7161a9053ca7df7d4d04572789911a5480,e41f63ef47ea066f14e5effb41bf9f4b7ebd8d79641604b69a10323837e09474
fold_11,01001,01050,50,B0,delta_ll_vs_b0,0.0,0,0,True,False,EXP-001,ds_16b6be697acb,ds_aa8808303afa,1465af7161a9053ca7df7d4d04572789911a5480,e41f63ef47ea066f14e5effb41bf9f4b7ebd8d79641604b69a10323837e09474
fold_11,01001,01050,50,B0,delta_brier_vs_b0,0.0,0,0,True,False,EXP-001,ds_16b6be697acb,ds_aa8808303afa,1465af7161a9053ca7df7d4d04572789911a5480,e41f63ef47ea066f14e5effb41bf9f4b7ebd8d79641604b69a10323837e09474
fold_11,01001,01050,50,B0,delta_sum_mae_vs_b0,0.0,0,0,True,False,EXP-001,ds_16b6be697acb,ds_aa8808303afa,1465af7161a9053ca7df7d4d04572789911a5480,e41f63ef47ea066f14e5effb41bf9f4b7ebd8d79641604b69a10323837e09474
fold_11,01001,01050,50,B0,delta_sum_rmse_vs_b0,0.0,0,0,True,False,EXP-001,ds_16b6be697acb,ds_aa8808303afa,1465af7161a9053ca7df7d4d04572789911a5480,e41f63ef47ea066f14e5effb41bf9f4b7ebd8d79641604b69a10323837e09474
fold_11,01001,01050,50,B1,ll,0.34480447430899375,0.3443249184,0.345291251,True,False,EXP-001,ds_16b6be697acb,ds_aa8808303afa,1465af7161a9053ca7df7d4d04572789911a5480,e41f63ef47ea066f14e5effb41bf9f4b7ebd8d79641604b69a10323837e09474
fold_11,01001,01050,50,B1,brier,0.09723437389085833,0.09714316656,0.09732802864,True,False,EXP-001,ds_16b6be697acb,ds_aa8808303afa,1465af7161a9053ca7df7d4d04572789911a5480,e41f63ef47ea066f14e5effb41bf9f4b7ebd8d79641604b69a10323837e09474
fold_11,01001,01050,50,B1,ece,0.021361845894478988,0.01619587965,0.02884707613,True,False,EXP-001,ds_16b6be697acb,ds_aa8808303afa,1465af7161a9053ca7df7d4d04572789911a5480,e41f63ef47ea066f14e5effb41bf9f4b7ebd8d79641604b69a10323837e09474
fold_11,01001,01050,50,B1,ece_n_bins,10,,,True,False,EXP-001,ds_16b6be697acb,ds_aa8808303afa,1465af7161a9053ca7df7d4d04572789911a5480,e41f63ef47ea066f14e5effb41bf9f4b7ebd8d79641604b69a10323837e09474
fold_11,01001,01050,50,B1,sum_p_mean,6.0,,,True,False,EXP-001,ds_16b6be697acb,ds_aa8808303afa,1465af7161a9053ca7df7d4d04572789911a5480,e41f63ef47ea066f14e5effb41bf9f4b7ebd8d79641604b69a10323837e09474
fold_11,01001,01050,50,B1,sum_p_min,5.999999999999998,,,True,False,EXP-001,ds_16b6be697acb,ds_aa8808303afa,1465af7161a9053ca7df7d4d04572789911a5480,e41f63ef47ea066f14e5effb41bf9f4b7ebd8d79641604b69a10323837e09474
fold_11,01001,01050,50,B1,sum_p_max,6.000000000000002,,,True,False,EXP-001,ds_16b6be697acb,ds_aa8808303afa,1465af7161a9053ca7df7d4d04572789911a5480,e41f63ef47ea066f14e5effb41bf9f4b7ebd8d79641604b69a10323837e09474
fold_11,01001,01050,50,B1,n_clipped,0,0,0,True,False,EXP-001,ds_16b6be697acb,ds_aa8808303afa,1465af7161a9053ca7df7d4d04572789911a5480,e41f63ef47ea066f14e5effb41bf9f4b7ebd8d79641604b69a10323837e09474
fold_11,01001,01050,50,B1,sum_mae,34.05532583834027,28.6407093,39.85943888,True,False,EXP-001,ds_16b6be697acb,ds_aa8808303afa,1465af7161a9053ca7df7d4d04572789911a5480,e41f63ef47ea066f14e5effb41bf9f4b7ebd8d79641604b69a10323837e09474
fold_11,01001,01050,50,B1,sum_rmse,41.52285880521173,34.27605525,49.56555584,True,False,EXP-001,ds_16b6be697acb,ds_aa8808303afa,1465af7161a9053ca7df7d4d04572789911a5480,e41f63ef47ea066f14e5effb41bf9f4b7ebd8d79641604b69a10323837e09474
fold_11,01001,01050,50,B1,set_level_ls,NA (marginal-only),,,True,False,EXP-001,ds_16b6be697acb,ds_aa8808303afa,1465af7161a9053ca7df7d4d04572789911a5480,e41f63ef47ea066f14e5effb41bf9f4b7ebd8d79641604b69a10323837e09474
fold_11,01001,01050,50,B1,delta_ll_vs_b0,0.00019404221814152024,-0.0002855136631,0.0006808189007,True,False,EXP-001,ds_16b6be697acb,ds_aa8808303afa,1465af7161a9053ca7df7d4d04572789911a5480,e41f63ef47ea066f14e5effb41bf9f4b7ebd8d79641604b69a10323837e09474
fold_11,01001,01050,50,B1,delta_brier_vs_b0,4.429124623024833e-05,-4.691608504e-05,0.0001379459967,True,False,EXP-001,ds_16b6be697acb,ds_aa8808303afa,1465af7161a9053ca7df7d4d04572789911a5480,e41f63ef47ea066f14e5effb41bf9f4b7ebd8d79641604b69a10323837e09474
fold_11,01001,01050,50,B1,delta_sum_mae_vs_b0,-0.4846741616597262,-0.9129404361,-0.06647683458,True,False,EXP-001,ds_16b6be697acb,ds_aa8808303afa,1465af7161a9053ca7df7d4d04572789911a5480,e41f63ef47ea066f14e5effb41bf9f4b7ebd8d79641604b69a10323837e09474
fold_11,01001,01050,50,B1,delta_sum_rmse_vs_b0,-0.26350260613874354,-0.8277367158,0.1474870967,True,False,EXP-001,ds_16b6be697acb,ds_aa8808303afa,1465af7161a9053ca7df7d4d04572789911a5480,e41f63ef47ea066f14e5effb41bf9f4b7ebd8d79641604b69a10323837e09474
fold_11,01001,01050,50,B2_W50,ll,0.35235191206271155,0.3484420854,0.3571419418,True,False,EXP-001,ds_16b6be697acb,ds_aa8808303afa,1465af7161a9053ca7df7d4d04572789911a5480,e41f63ef47ea066f14e5effb41bf9f4b7ebd8d79641604b69a10323837e09474
fold_11,01001,01050,50,B2_W50,brier,0.09856600169519035,0.09783755402,0.09940650419,True,False,EXP-001,ds_16b6be697acb,ds_aa8808303afa,1465af7161a9053ca7df7d4d04572789911a5480,e41f63ef47ea066f14e5effb41bf9f4b7ebd8d79641604b69a10323837e09474
fold_11,01001,01050,50,B2_W50,ece,0.03230320102432781,0.02565700384,0.04495702945,True,False,EXP-001,ds_16b6be697acb,ds_aa8808303afa,1465af7161a9053ca7df7d4d04572789911a5480,e41f63ef47ea066f14e5effb41bf9f4b7ebd8d79641604b69a10323837e09474
fold_11,01001,01050,50,B2_W50,ece_n_bins,7,,,True,False,EXP-001,ds_16b6be697acb,ds_aa8808303afa,1465af7161a9053ca7df7d4d04572789911a5480,e41f63ef47ea066f14e5effb41bf9f4b7ebd8d79641604b69a10323837e09474
fold_11,01001,01050,50,B2_W50,sum_p_mean,5.999999999999999,,,True,False,EXP-001,ds_16b6be697acb,ds_aa8808303afa,1465af7161a9053ca7df7d4d04572789911a5480,e41f63ef47ea066f14e5effb41bf9f4b7ebd8d79641604b69a10323837e09474
fold_11,01001,01050,50,B2_W50,sum_p_min,5.999999999999998,,,True,False,EXP-001,ds_16b6be697acb,ds_aa8808303afa,1465af7161a9053ca7df7d4d04572789911a5480,e41f63ef47ea066f14e5effb41bf9f4b7ebd8d79641604b69a10323837e09474
fold_11,01001,01050,50,B2_W50,sum_p_max,5.999999999999999,,,True,False,EXP-001,ds_16b6be697acb,ds_aa8808303afa,1465af7161a9053ca7df7d4d04572789911a5480,e41f63ef47ea066f14e5effb41bf9f4b7ebd8d79641604b69a10323837e09474
fold_11,01001,01050,50,B2_W50,n_clipped,0,0,0,True,False,EXP-001,ds_16b6be697acb,ds_aa8808303afa,1465af7161a9053ca7df7d4d04572789911a5480,e41f63ef47ea066f14e5effb41bf9f4b7ebd8d79641604b69a10323837e09474
fold_11,01001,01050,50,B2_W50,sum_mae,33.5790985915493,27.95991268,39.49952113,True,False,EXP-001,ds_16b6be697acb,ds_aa8808303afa,1465af7161a9053ca7df7d4d04572789911a5480,e41f63ef47ea066f14e5effb41bf9f4b7ebd8d79641604b69a10323837e09474
fold_11,01001,01050,50,B2_W50,sum_rmse,41.395655704531286,33.55215302,50.16295382,True,False,EXP-001,ds_16b6be697acb,ds_aa8808303afa,1465af7161a9053ca7df7d4d04572789911a5480,e41f63ef47ea066f14e5effb41bf9f4b7ebd8d79641604b69a10323837e09474
fold_11,01001,01050,50,B2_W50,set_level_ls,NA (marginal-only),,,True,False,EXP-001,ds_16b6be697acb,ds_aa8808303afa,1465af7161a9053ca7df7d4d04572789911a5480,e41f63ef47ea066f14e5effb41bf9f4b7ebd8d79641604b69a10323837e09474
fold_11,01001,01050,50,B2_W50,delta_ll_vs_b0,0.007741479971859302,0.003831653265,0.01253150974,True,False,EXP-001,ds_16b6be697acb,ds_aa8808303afa,1465af7161a9053ca7df7d4d04572789911a5480,e41f63ef47ea066f14e5effb41bf9f4b7ebd8d79641604b69a10323837e09474
fold_11,01001,01050,50,B2_W50,delta_brier_vs_b0,0.0013759190505622761,0.000647471376,0.002216421548,True,False,EXP-001,ds_16b6be697acb,ds_aa8808303afa,1465af7161a9053ca7df7d4d04572789911a5480,e41f63ef47ea066f14e5effb41bf9f4b7ebd8d79641604b69a10323837e09474
fold_11,01001,01050,50,B2_W50,delta_sum_mae_vs_b0,-0.9609014084507049,-2.58364507,0.3971859155,True,False,EXP-001,ds_16b6be697acb,ds_aa8808303afa,1465af7161a9053ca7df7d4d04572789911a5480,e41f63ef47ea066f14e5effb41bf9f4b7ebd8d79641604b69a10323837e09474
fold_11,01001,01050,50,B2_W50,delta_sum_rmse_vs_b0,-0.39070570681919037,-2.356675015,0.9998224428,True,False,EXP-001,ds_16b6be697acb,ds_aa8808303afa,1465af7161a9053ca7df7d4d04572789911a5480,e41f63ef47ea066f14e5effb41bf9f4b7ebd8d79641604b69a10323837e09474
fold_11,01001,01050,50,B2_W100,ll,0.34749923614056216,0.3452588997,0.3501408477,True,False,EXP-001,ds_16b6be697acb,ds_aa8808303afa,1465af7161a9053ca7df7d4d04572789911a5480,e41f63ef47ea066f14e5effb41bf9f4b7ebd8d79641604b69a10323837e09474
fold_11,01001,01050,50,B2_W100,brier,0.09772249847699062,0.09728835442,0.09821797857,True,False,EXP-001,ds_16b6be697acb,ds_aa8808303afa,1465af7161a9053ca7df7d4d04572789911a5480,e41f63ef47ea066f14e5effb41bf9f4b7ebd8d79641604b69a10323837e09474
fold_11,01001,01050,50,B2_W100,ece,0.018536016655100445,0.01498262318,0.0342729771,True,False,EXP-001,ds_16b6be697acb,ds_aa8808303afa,1465af7161a9053ca7df7d4d04572789911a5480,e41f63ef47ea066f14e5effb41bf9f4b7ebd8d79641604b69a10323837e09474
fold_11,01001,01050,50,B2_W100,ece_n_bins,9,,,True,False,EXP-001,ds_16b6be697acb,ds_aa8808303afa,1465af7161a9053ca7df7d4d04572789911a5480,e41f63ef47ea066f14e5effb41bf9f4b7ebd8d79641604b69a10323837e09474
fold_11,01001,01050,50,B2_W100,sum_p_mean,6.0,,,True,False,EXP-001,ds_16b6be697acb,ds_aa8808303afa,1465af7161a9053ca7df7d4d04572789911a5480,e41f63ef47ea066f14e5effb41bf9f4b7ebd8d79641604b69a10323837e09474
fold_11,01001,01050,50,B2_W100,sum_p_min,5.999999999999998,,,True,False,EXP-001,ds_16b6be697acb,ds_aa8808303afa,1465af7161a9053ca7df7d4d04572789911a5480,e41f63ef47ea066f14e5effb41bf9f4b7ebd8d79641604b69a10323837e09474
fold_11,01001,01050,50,B2_W100,sum_p_max,6.000000000000001,,,True,False,EXP-001,ds_16b6be697acb,ds_aa8808303afa,1465af7161a9053ca7df7d4d04572789911a5480,e41f63ef47ea066f14e5effb41bf9f4b7ebd8d79641604b69a10323837e09474
fold_11,01001,01050,50,B2_W100,n_clipped,0,0,0,True,False,EXP-001,ds_16b6be697acb,ds_aa8808303afa,1465af7161a9053ca7df7d4d04572789911a5480,e41f63ef47ea066f14e5effb41bf9f4b7ebd8d79641604b69a10323837e09474
fold_11,01001,01050,50,B2_W100,sum_mae,33.23374045801527,27.63907328,39.23568855,True,False,EXP-001,ds_16b6be697acb,ds_aa8808303afa,1465af7161a9053ca7df7d4d04572789911a5480,e41f63ef47ea066f14e5effb41bf9f4b7ebd8d79641604b69a10323837e09474
fold_11,01001,01050,50,B2_W100,sum_rmse,41.19849707795699,33.39240504,49.73488156,True,False,EXP-001,ds_16b6be697acb,ds_aa8808303afa,1465af7161a9053ca7df7d4d04572789911a5480,e41f63ef47ea066f14e5effb41bf9f4b7ebd8d79641604b69a10323837e09474
fold_11,01001,01050,50,B2_W100,set_level_ls,NA (marginal-only),,,True,False,EXP-001,ds_16b6be697acb,ds_aa8808303afa,1465af7161a9053ca7df7d4d04572789911a5480,e41f63ef47ea066f14e5effb41bf9f4b7ebd8d79641604b69a10323837e09474
fold_11,01001,01050,50,B2_W100,delta_ll_vs_b0,0.0028888040497099987,0.0006484676527,0.005530415619,True,False,EXP-001,ds_16b6be697acb,ds_aa8808303afa,1465af7161a9053ca7df7d4d04572789911a5480,e41f63ef47ea066f14e5effb41bf9f4b7ebd8d79641604b69a10323837e09474
fold_11,01001,01050,50,B2_W100,delta_brier_vs_b0,0.0005324158323625594,9.827177422e-05,0.001027895922,True,False,EXP-001,ds_16b6be697acb,ds_aa8808303afa,1465af7161a9053ca7df7d4d04572789911a5480,e41f63ef47ea066f14e5effb41bf9f4b7ebd8d79641604b69a10323837e09474
fold_11,01001,01050,50,B2_W100,delta_sum_mae_vs_b0,-1.3062595419847327,-2.791708397,0.03170381679,True,False,EXP-001,ds_16b6be697acb,ds_aa8808303afa,1465af7161a9053ca7df7d4d04572789911a5480,e41f63ef47ea066f14e5effb41bf9f4b7ebd8d79641604b69a10323837e09474
fold_11,01001,01050,50,B2_W100,delta_sum_rmse_vs_b0,-0.5878643333934832,-2.437333345,0.6764181813,True,False,EXP-001,ds_16b6be697acb,ds_aa8808303afa,1465af7161a9053ca7df7d4d04572789911a5480,e41f63ef47ea066f14e5effb41bf9f4b7ebd8d79641604b69a10323837e09474
fold_11,01001,01050,50,B2_W200,ll,0.34486297762339796,0.3432258442,0.3464083668,True,False,EXP-001,ds_16b6be697acb,ds_aa8808303afa,1465af7161a9053ca7df7d4d04572789911a5480,e41f63ef47ea066f14e5effb41bf9f4b7ebd8d79641604b69a10323837e09474
fold_11,01001,01050,50,B2_W200,brier,0.0972142823706983,0.09690690931,0.09751324711,True,False,EXP-001,ds_16b6be697acb,ds_aa8808303afa,1465af7161a9053ca7df7d4d04572789911a5480,e41f63ef47ea066f14e5effb41bf9f4b7ebd8d79641604b69a10323837e09474
fold_11,01001,01050,50,B2_W200,ece,0.010515030785947259,0.00754333937,0.02482484607,True,False,EXP-001,ds_16b6be697acb,ds_aa8808303afa,1465af7161a9053ca7df7d4d04572789911a5480,e41f63ef47ea066f14e5effb41bf9f4b7ebd8d79641604b69a10323837e09474
fold_11,01001,01050,50,B2_W200,ece_n_bins,10,,,True,False,EXP-001,ds_16b6be697acb,ds_aa8808303afa,1465af7161a9053ca7df7d4d04572789911a5480,e41f63ef47ea066f14e5effb41bf9f4b7ebd8d79641604b69a10323837e09474
fold_11,01001,01050,50,B2_W200,sum_p_mean,6.0,,,True,False,EXP-001,ds_16b6be697acb,ds_aa8808303afa,1465af7161a9053ca7df7d4d04572789911a5480,e41f63ef47ea066f14e5effb41bf9f4b7ebd8d79641604b69a10323837e09474
fold_11,01001,01050,50,B2_W200,sum_p_min,5.999999999999998,,,True,False,EXP-001,ds_16b6be697acb,ds_aa8808303afa,1465af7161a9053ca7df7d4d04572789911a5480,e41f63ef47ea066f14e5effb41bf9f4b7ebd8d79641604b69a10323837e09474
fold_11,01001,01050,50,B2_W200,sum_p_max,6.000000000000003,,,True,False,EXP-001,ds_16b6be697acb,ds_aa8808303afa,1465af7161a9053ca7df7d4d04572789911a5480,e41f63ef47ea066f14e5effb41bf9f4b7ebd8d79641604b69a10323837e09474
fold_11,01001,01050,50,B2_W200,n_clipped,0,0,0,True,False,EXP-001,ds_16b6be697acb,ds_aa8808303afa,1465af7161a9053ca7df7d4d04572789911a5480,e41f63ef47ea066f14e5effb41bf9f4b7ebd8d79641604b69a10323837e09474
fold_11,01001,01050,50,B2_W200,sum_mae,33.47418326693227,28.08861195,39.28332988,True,False,EXP-001,ds_16b6be697acb,ds_aa8808303afa,1465af7161a9053ca7df7d4d04572789911a5480,e41f63ef47ea066f14e5effb41bf9f4b7ebd8d79641604b69a10323837e09474
fold_11,01001,01050,50,B2_W200,sum_rmse,41.313237716063355,33.67907653,49.79270304,True,False,EXP-001,ds_16b6be697acb,ds_aa8808303afa,1465af7161a9053ca7df7d4d04572789911a5480,e41f63ef47ea066f14e5effb41bf9f4b7ebd8d79641604b69a10323837e09474
fold_11,01001,01050,50,B2_W200,set_level_ls,NA (marginal-only),,,True,False,EXP-001,ds_16b6be697acb,ds_aa8808303afa,1465af7161a9053ca7df7d4d04572789911a5480,e41f63ef47ea066f14e5effb41bf9f4b7ebd8d79641604b69a10323837e09474
fold_11,01001,01050,50,B2_W200,delta_ll_vs_b0,0.0002525455325457948,-0.0013845879,0.001797934749,True,False,EXP-001,ds_16b6be697acb,ds_aa8808303afa,1465af7161a9053ca7df7d4d04572789911a5480,e41f63ef47ea066f14e5effb41bf9f4b7ebd8d79641604b69a10323837e09474
fold_11,01001,01050,50,B2_W200,delta_brier_vs_b0,2.4199726070225912e-05,-0.0002831733344,0.0003231644698,True,False,EXP-001,ds_16b6be697acb,ds_aa8808303afa,1465af7161a9053ca7df7d4d04572789911a5480,e41f63ef47ea066f14e5effb41bf9f4b7ebd8d79641604b69a10323837e09474
fold_11,01001,01050,50,B2_W200,delta_sum_mae_vs_b0,-1.0658167330677275,-2.027857371,-0.1691243028,True,False,EXP-001,ds_16b6be697acb,ds_aa8808303afa,1465af7161a9053ca7df7d4d04572789911a5480,e41f63ef47ea066f14e5effb41bf9f4b7ebd8d79641604b69a10323837e09474
fold_11,01001,01050,50,B2_W200,delta_sum_rmse_vs_b0,-0.4731236952871214,-1.845333424,0.5405814724,True,False,EXP-001,ds_16b6be697acb,ds_aa8808303afa,1465af7161a9053ca7df7d4d04572789911a5480,e41f63ef47ea066f14e5effb41bf9f4b7ebd8d79641604b69a10323837e09474
fold_12,01051,01100,50,B0,ll,0.34461043209085224,0.3446104321,0.3446104321,True,False,EXP-001,ds_16b6be697acb,ds_aa8808303afa,1465af7161a9053ca7df7d4d04572789911a5480,e41f63ef47ea066f14e5effb41bf9f4b7ebd8d79641604b69a10323837e09474
fold_12,01051,01100,50,B0,brier,0.09719008264462808,0.09719008264,0.09719008264,True,False,EXP-001,ds_16b6be697acb,ds_aa8808303afa,1465af7161a9053ca7df7d4d04572789911a5480,e41f63ef47ea066f14e5effb41bf9f4b7ebd8d79641604b69a10323837e09474
fold_12,01051,01100,50,B0,ece,3.7192471324942744e-15,3.719247132e-15,3.719247132e-15,True,False,EXP-001,ds_16b6be697acb,ds_aa8808303afa,1465af7161a9053ca7df7d4d04572789911a5480,e41f63ef47ea066f14e5effb41bf9f4b7ebd8d79641604b69a10323837e09474
fold_12,01051,01100,50,B0,ece_n_bins,1,,,True,False,EXP-001,ds_16b6be697acb,ds_aa8808303afa,1465af7161a9053ca7df7d4d04572789911a5480,e41f63ef47ea066f14e5effb41bf9f4b7ebd8d79641604b69a10323837e09474
fold_12,01051,01100,50,B0,sum_p_mean,6.000000000000001,,,True,False,EXP-001,ds_16b6be697acb,ds_aa8808303afa,1465af7161a9053ca7df7d4d04572789911a5480,e41f63ef47ea066f14e5effb41bf9f4b7ebd8d79641604b69a10323837e09474
fold_12,01051,01100,50,B0,sum_p_min,6.000000000000002,,,True,False,EXP-001,ds_16b6be697acb,ds_aa8808303afa,1465af7161a9053ca7df7d4d04572789911a5480,e41f63ef47ea066f14e5effb41bf9f4b7ebd8d79641604b69a10323837e09474
fold_12,01051,01100,50,B0,sum_p_max,6.000000000000002,,,True,False,EXP-001,ds_16b6be697acb,ds_aa8808303afa,1465af7161a9053ca7df7d4d04572789911a5480,e41f63ef47ea066f14e5effb41bf9f4b7ebd8d79641604b69a10323837e09474
fold_12,01051,01100,50,B0,n_clipped,0,0,0,True,False,EXP-001,ds_16b6be697acb,ds_aa8808303afa,1465af7161a9053ca7df7d4d04572789911a5480,e41f63ef47ea066f14e5effb41bf9f4b7ebd8d79641604b69a10323837e09474
fold_12,01051,01100,50,B0,sum_mae,32.32,26.7595,37.8605,True,False,EXP-001,ds_16b6be697acb,ds_aa8808303afa,1465af7161a9053ca7df7d4d04572789911a5480,e41f63ef47ea066f14e5effb41bf9f4b7ebd8d79641604b69a10323837e09474
fold_12,01051,01100,50,B0,sum_rmse,41.46998914878083,35.59492941,46.73904683,True,False,EXP-001,ds_16b6be697acb,ds_aa8808303afa,1465af7161a9053ca7df7d4d04572789911a5480,e41f63ef47ea066f14e5effb41bf9f4b7ebd8d79641604b69a10323837e09474
fold_12,01051,01100,50,B0,set_level_ls,17.182450290072666,,,True,False,EXP-001,ds_16b6be697acb,ds_aa8808303afa,1465af7161a9053ca7df7d4d04572789911a5480,e41f63ef47ea066f14e5effb41bf9f4b7ebd8d79641604b69a10323837e09474
fold_12,01051,01100,50,B0,delta_ll_vs_b0,0.0,0,0,True,False,EXP-001,ds_16b6be697acb,ds_aa8808303afa,1465af7161a9053ca7df7d4d04572789911a5480,e41f63ef47ea066f14e5effb41bf9f4b7ebd8d79641604b69a10323837e09474
fold_12,01051,01100,50,B0,delta_brier_vs_b0,0.0,0,0,True,False,EXP-001,ds_16b6be697acb,ds_aa8808303afa,1465af7161a9053ca7df7d4d04572789911a5480,e41f63ef47ea066f14e5effb41bf9f4b7ebd8d79641604b69a10323837e09474
fold_12,01051,01100,50,B0,delta_sum_mae_vs_b0,0.0,0,0,True,False,EXP-001,ds_16b6be697acb,ds_aa8808303afa,1465af7161a9053ca7df7d4d04572789911a5480,e41f63ef47ea066f14e5effb41bf9f4b7ebd8d79641604b69a10323837e09474
fold_12,01051,01100,50,B0,delta_sum_rmse_vs_b0,0.0,0,0,True,False,EXP-001,ds_16b6be697acb,ds_aa8808303afa,1465af7161a9053ca7df7d4d04572789911a5480,e41f63ef47ea066f14e5effb41bf9f4b7ebd8d79641604b69a10323837e09474
fold_12,01051,01100,50,B1,ll,0.34352026665549806,0.3428930752,0.3441955248,True,False,EXP-001,ds_16b6be697acb,ds_aa8808303afa,1465af7161a9053ca7df7d4d04572789911a5480,e41f63ef47ea066f14e5effb41bf9f4b7ebd8d79641604b69a10323837e09474
fold_12,01051,01100,50,B1,brier,0.09698339730692322,0.0968622883,0.09711305737,True,False,EXP-001,ds_16b6be697acb,ds_aa8808303afa,1465af7161a9053ca7df7d4d04572789911a5480,e41f63ef47ea066f14e5effb41bf9f4b7ebd8d79641604b69a10323837e09474
fold_12,01051,01100,50,B1,ece,0.010937127163191259,0.009751450017,0.02341017271,True,False,EXP-001,ds_16b6be697acb,ds_aa8808303afa,1465af7161a9053ca7df7d4d04572789911a5480,e41f63ef47ea066f14e5effb41bf9f4b7ebd8d79641604b69a10323837e09474
fold_12,01051,01100,50,B1,ece_n_bins,10,,,True,False,EXP-001,ds_16b6be697acb,ds_aa8808303afa,1465af7161a9053ca7df7d4d04572789911a5480,e41f63ef47ea066f14e5effb41bf9f4b7ebd8d79641604b69a10323837e09474
fold_12,01051,01100,50,B1,sum_p_mean,6.0,,,True,False,EXP-001,ds_16b6be697acb,ds_aa8808303afa,1465af7161a9053ca7df7d4d04572789911a5480,e41f63ef47ea066f14e5effb41bf9f4b7ebd8d79641604b69a10323837e09474
fold_12,01051,01100,50,B1,sum_p_min,5.999999999999999,,,True,False,EXP-001,ds_16b6be697acb,ds_aa8808303afa,1465af7161a9053ca7df7d4d04572789911a5480,e41f63ef47ea066f14e5effb41bf9f4b7ebd8d79641604b69a10323837e09474
fold_12,01051,01100,50,B1,sum_p_max,6.000000000000003,,,True,False,EXP-001,ds_16b6be697acb,ds_aa8808303afa,1465af7161a9053ca7df7d4d04572789911a5480,e41f63ef47ea066f14e5effb41bf9f4b7ebd8d79641604b69a10323837e09474
fold_12,01051,01100,50,B1,n_clipped,0,0,0,True,False,EXP-001,ds_16b6be697acb,ds_aa8808303afa,1465af7161a9053ca7df7d4d04572789911a5480,e41f63ef47ea066f14e5effb41bf9f4b7ebd8d79641604b69a10323837e09474
fold_12,01051,01100,50,B1,sum_mae,32.34037329208921,26.96340651,37.74907661,True,False,EXP-001,ds_16b6be697acb,ds_aa8808303afa,1465af7161a9053ca7df7d4d04572789911a5480,e41f63ef47ea066f14e5effb41bf9f4b7ebd8d79641604b69a10323837e09474
fold_12,01051,01100,50,B1,sum_rmse,41.35739233001927,35.48737332,46.6879431,True,False,EXP-001,ds_16b6be697acb,ds_aa8808303afa,1465af7161a9053ca7df7d4d04572789911a5480,e41f63ef47ea066f14e5effb41bf9f4b7ebd8d79641604b69a10323837e09474
fold_12,01051,01100,50,B1,set_level_ls,NA (marginal-only),,,True,False,EXP-001,ds_16b6be697acb,ds_aa8808303afa,1465af7161a9053ca7df7d4d04572789911a5480,e41f63ef47ea066f14e5effb41bf9f4b7ebd8d79641604b69a10323837e09474
fold_12,01051,01100,50,B1,delta_ll_vs_b0,-0.0010901654353542211,-0.001717356864,-0.000414907274,True,False,EXP-001,ds_16b6be697acb,ds_aa8808303afa,1465af7161a9053ca7df7d4d04572789911a5480,e41f63ef47ea066f14e5effb41bf9f4b7ebd8d79641604b69a10323837e09474
fold_12,01051,01100,50,B1,delta_brier_vs_b0,-0.00020668533770484666,-0.0003277943425,-7.70252775e-05,True,False,EXP-001,ds_16b6be697acb,ds_aa8808303afa,1465af7161a9053ca7df7d4d04572789911a5480,e41f63ef47ea066f14e5effb41bf9f4b7ebd8d79641604b69a10323837e09474
fold_12,01051,01100,50,B1,delta_sum_mae_vs_b0,0.020373292089208236,-0.409979826,0.4512954964,True,False,EXP-001,ds_16b6be697acb,ds_aa8808303afa,1465af7161a9053ca7df7d4d04572789911a5480,e41f63ef47ea066f14e5effb41bf9f4b7ebd8d79641604b69a10323837e09474
fold_12,01051,01100,50,B1,delta_sum_rmse_vs_b0,-0.1125968187615598,-0.5799156021,0.2940257075,True,False,EXP-001,ds_16b6be697acb,ds_aa8808303afa,1465af7161a9053ca7df7d4d04572789911a5480,e41f63ef47ea066f14e5effb41bf9f4b7ebd8d79641604b69a10323837e09474
fold_12,01051,01100,50,B2_W50,ll,0.3517087145250465,0.3468153334,0.3564335416,True,False,EXP-001,ds_16b6be697acb,ds_aa8808303afa,1465af7161a9053ca7df7d4d04572789911a5480,e41f63ef47ea066f14e5effb41bf9f4b7ebd8d79641604b69a10323837e09474
fold_12,01051,01100,50,B2_W50,brier,0.09835939333826263,0.09753399174,0.09916313257,True,False,EXP-001,ds_16b6be697acb,ds_aa8808303afa,1465af7161a9053ca7df7d4d04572789911a5480,e41f63ef47ea066f14e5effb41bf9f4b7ebd8d79641604b69a10323837e09474
fold_12,01051,01100,50,B2_W50,ece,0.027929321382842223,0.02127728553,0.03991605634,True,False,EXP-001,ds_16b6be697acb,ds_aa8808303afa,1465af7161a9053ca7df7d4d04572789911a5480,e41f63ef47ea066f14e5effb41bf9f4b7ebd8d79641604b69a10323837e09474
fold_12,01051,01100,50,B2_W50,ece_n_bins,7,,,True,False,EXP-001,ds_16b6be697acb,ds_aa8808303afa,1465af7161a9053ca7df7d4d04572789911a5480,e41f63ef47ea066f14e5effb41bf9f4b7ebd8d79641604b69a10323837e09474
fold_12,01051,01100,50,B2_W50,sum_p_mean,5.999999999999999,,,True,False,EXP-001,ds_16b6be697acb,ds_aa8808303afa,1465af7161a9053ca7df7d4d04572789911a5480,e41f63ef47ea066f14e5effb41bf9f4b7ebd8d79641604b69a10323837e09474
fold_12,01051,01100,50,B2_W50,sum_p_min,5.999999999999998,,,True,False,EXP-001,ds_16b6be697acb,ds_aa8808303afa,1465af7161a9053ca7df7d4d04572789911a5480,e41f63ef47ea066f14e5effb41bf9f4b7ebd8d79641604b69a10323837e09474
fold_12,01051,01100,50,B2_W50,sum_p_max,5.999999999999999,,,True,False,EXP-001,ds_16b6be697acb,ds_aa8808303afa,1465af7161a9053ca7df7d4d04572789911a5480,e41f63ef47ea066f14e5effb41bf9f4b7ebd8d79641604b69a10323837e09474
fold_12,01051,01100,50,B2_W50,n_clipped,0,0,0,True,False,EXP-001,ds_16b6be697acb,ds_aa8808303afa,1465af7161a9053ca7df7d4d04572789911a5480,e41f63ef47ea066f14e5effb41bf9f4b7ebd8d79641604b69a10323837e09474
fold_12,01051,01100,50,B2_W50,sum_mae,32.40687323943662,27.29992113,37.85636761,True,False,EXP-001,ds_16b6be697acb,ds_aa8808303afa,1465af7161a9053ca7df7d4d04572789911a5480,e41f63ef47ea066f14e5effb41bf9f4b7ebd8d79641604b69a10323837e09474
fold_12,01051,01100,50,B2_W50,sum_rmse,41.52496185013811,35.35759192,47.40653554,True,False,EXP-001,ds_16b6be697acb,ds_aa8808303afa,1465af7161a9053ca7df7d4d04572789911a5480,e41f63ef47ea066f14e5effb41bf9f4b7ebd8d79641604b69a10323837e09474
fold_12,01051,01100,50,B2_W50,set_level_ls,NA (marginal-only),,,True,False,EXP-001,ds_16b6be697acb,ds_aa8808303afa,1465af7161a9053ca7df7d4d04572789911a5480,e41f63ef47ea066f14e5effb41bf9f4b7ebd8d79641604b69a10323837e09474
fold_12,01051,01100,50,B2_W50,delta_ll_vs_b0,0.007098282434194312,0.002204901275,0.01182310953,True,False,EXP-001,ds_16b6be697acb,ds_aa8808303afa,1465af7161a9053ca7df7d4d04572789911a5480,e41f63ef47ea066f14e5effb41bf9f4b7ebd8d79641604b69a10323837e09474
fold_12,01051,01100,50,B2_W50,delta_brier_vs_b0,0.0011693106936345372,0.0003439090958,0.001973049923,True,False,EXP-001,ds_16b6be697acb,ds_aa8808303afa,1465af7161a9053ca7df7d4d04572789911a5480,e41f63ef47ea066f14e5effb41bf9f4b7ebd8d79641604b69a10323837e09474
fold_12,01051,01100,50,B2_W50,delta_sum_mae_vs_b0,0.08687323943662136,-1.74456338,1.771309859,True,False,EXP-001,ds_16b6be697acb,ds_aa8808303afa,1465af7161a9053ca7df7d4d04572789911a5480,e41f63ef47ea066f14e5effb41bf9f4b7ebd8d79641604b69a10323837e09474
fold_12,01051,01100,50,B2_W50,delta_sum_rmse_vs_b0,0.05497270135727916,-1.810934546,1.529173258,True,False,EXP-001,ds_16b6be697acb,ds_aa8808303afa,1465af7161a9053ca7df7d4d04572789911a5480,e41f63ef47ea066f14e5effb41bf9f4b7ebd8d79641604b69a10323837e09474
fold_12,01051,01100,50,B2_W100,ll,0.34851481570864246,0.3438489214,0.3525464325,True,False,EXP-001,ds_16b6be697acb,ds_aa8808303afa,1465af7161a9053ca7df7d4d04572789911a5480,e41f63ef47ea066f14e5effb41bf9f4b7ebd8d79641604b69a10323837e09474
fold_12,01051,01100,50,B2_W100,brier,0.09795629032001738,0.09711788578,0.0987356997,True,False,EXP-001,ds_16b6be697acb,ds_aa8808303afa,1465af7161a9053ca7df7d4d04572789911a5480,e41f63ef47ea066f14e5effb41bf9f4b7ebd8d79641604b69a10323837e09474
fold_12,01051,01100,50,B2_W100,ece,0.025218043025676675,0.02035358779,0.03637149202,True,False,EXP-001,ds_16b6be697acb,ds_aa8808303afa,1465af7161a9053ca7df7d4d04572789911a5480,e41f63ef47ea066f14e5effb41bf9f4b7ebd8d79641604b69a10323837e09474
fold_12,01051,01100,50,B2_W100,ece_n_bins,10,,,True,False,EXP-001,ds_16b6be697acb,ds_aa8808303afa,1465af7161a9053ca7df7d4d04572789911a5480,e41f63ef47ea066f14e5effb41bf9f4b7ebd8d79641604b69a10323837e09474
fold_12,01051,01100,50,B2_W100,sum_p_mean,6.0,,,True,False,EXP-001,ds_16b6be697acb,ds_aa8808303afa,1465af7161a9053ca7df7d4d04572789911a5480,e41f63ef47ea066f14e5effb41bf9f4b7ebd8d79641604b69a10323837e09474
fold_12,01051,01100,50,B2_W100,sum_p_min,5.999999999999998,,,True,False,EXP-001,ds_16b6be697acb,ds_aa8808303afa,1465af7161a9053ca7df7d4d04572789911a5480,e41f63ef47ea066f14e5effb41bf9f4b7ebd8d79641604b69a10323837e09474
fold_12,01051,01100,50,B2_W100,sum_p_max,6.000000000000002,,,True,False,EXP-001,ds_16b6be697acb,ds_aa8808303afa,1465af7161a9053ca7df7d4d04572789911a5480,e41f63ef47ea066f14e5effb41bf9f4b7ebd8d79641604b69a10323837e09474
fold_12,01051,01100,50,B2_W100,n_clipped,0,0,0,True,False,EXP-001,ds_16b6be697acb,ds_aa8808303afa,1465af7161a9053ca7df7d4d04572789911a5480,e41f63ef47ea066f14e5effb41bf9f4b7ebd8d79641604b69a10323837e09474
fold_12,01051,01100,50,B2_W100,sum_mae,32.53453435114504,27.3791916,37.79929924,True,False,EXP-001,ds_16b6be697acb,ds_aa8808303afa,1465af7161a9053ca7df7d4d04572789911a5480,e41f63ef47ea066f14e5effb41bf9f4b7ebd8d79641604b69a10323837e09474
fold_12,01051,01100,50,B2_W100,sum_rmse,41.27661772445671,35.45643849,46.63192324,True,False,EXP-001,ds_16b6be697acb,ds_aa8808303afa,1465af7161a9053ca7df7d4d04572789911a5480,e41f63ef47ea066f14e5effb41bf9f4b7ebd8d79641604b69a10323837e09474
fold_12,01051,01100,50,B2_W100,set_level_ls,NA (marginal-only),,,True,False,EXP-001,ds_16b6be697acb,ds_aa8808303afa,1465af7161a9053ca7df7d4d04572789911a5480,e41f63ef47ea066f14e5effb41bf9f4b7ebd8d79641604b69a10323837e09474
fold_12,01051,01100,50,B2_W100,delta_ll_vs_b0,0.0039043836177903414,-0.0007615107058,0.007936000441,True,False,EXP-001,ds_16b6be697acb,ds_aa8808303afa,1465af7161a9053ca7df7d4d04572789911a5480,e41f63ef47ea066f14e5effb41bf9f4b7ebd8d79641604b69a10323837e09474
fold_12,01051,01100,50,B2_W100,delta_brier_vs_b0,0.000766207675389299,-7.219686768e-05,0.001545617055,True,False,EXP-001,ds_16b6be697acb,ds_aa8808303afa,1465af7161a9053ca7df7d4d04572789911a5480,e41f63ef47ea066f14e5effb41bf9f4b7ebd8d79641604b69a10323837e09474
fold_12,01051,01100,50,B2_W100,delta_sum_mae_vs_b0,0.21453435114504202,-1.290705344,1.597745038,True,False,EXP-001,ds_16b6be697acb,ds_aa8808303afa,1465af7161a9053ca7df7d4d04572789911a5480,e41f63ef47ea066f14e5effb41bf9f4b7ebd8d79641604b69a10323837e09474
fold_12,01051,01100,50,B2_W100,delta_sum_rmse_vs_b0,-0.1933714243241198,-1.675881075,1.047002141,True,False,EXP-001,ds_16b6be697acb,ds_aa8808303afa,1465af7161a9053ca7df7d4d04572789911a5480,e41f63ef47ea066f14e5effb41bf9f4b7ebd8d79641604b69a10323837e09474
fold_12,01051,01100,50,B2_W200,ll,0.3459458014583086,0.3427233437,0.3490053355,True,False,EXP-001,ds_16b6be697acb,ds_aa8808303afa,1465af7161a9053ca7df7d4d04572789911a5480,e41f63ef47ea066f14e5effb41bf9f4b7ebd8d79641604b69a10323837e09474
fold_12,01051,01100,50,B2_W200,brier,0.09748504240192435,0.09685210755,0.09810402825,True,False,EXP-001,ds_16b6be697acb,ds_aa8808303afa,1465af7161a9053ca7df7d4d04572789911a5480,e41f63ef47ea066f14e5effb41bf9f4b7ebd8d79641604b69a10323837e09474
fold_12,01051,01100,50,B2_W200,ece,0.01977254617892078,0.01245745744,0.03800553423,True,False,EXP-001,ds_16b6be697acb,ds_aa8808303afa,1465af7161a9053ca7df7d4d04572789911a5480,e41f63ef47ea066f14e5effb41bf9f4b7ebd8d79641604b69a10323837e09474
fold_12,01051,01100,50,B2_W200,ece_n_bins,10,,,True,False,EXP-001,ds_16b6be697acb,ds_aa8808303afa,1465af7161a9053ca7df7d4d04572789911a5480,e41f63ef47ea066f14e5effb41bf9f4b7ebd8d79641604b69a10323837e09474
fold_12,01051,01100,50,B2_W200,sum_p_mean,6.0,,,True,False,EXP-001,ds_16b6be697acb,ds_aa8808303afa,1465af7161a9053ca7df7d4d04572789911a5480,e41f63ef47ea066f14e5effb41bf9f4b7ebd8d79641604b69a10323837e09474
fold_12,01051,01100,50,B2_W200,sum_p_min,5.999999999999998,,,True,False,EXP-001,ds_16b6be697acb,ds_aa8808303afa,1465af7161a9053ca7df7d4d04572789911a5480,e41f63ef47ea066f14e5effb41bf9f4b7ebd8d79641604b69a10323837e09474
fold_12,01051,01100,50,B2_W200,sum_p_max,6.000000000000003,,,True,False,EXP-001,ds_16b6be697acb,ds_aa8808303afa,1465af7161a9053ca7df7d4d04572789911a5480,e41f63ef47ea066f14e5effb41bf9f4b7ebd8d79641604b69a10323837e09474
fold_12,01051,01100,50,B2_W200,n_clipped,0,0,0,True,False,EXP-001,ds_16b6be697acb,ds_aa8808303afa,1465af7161a9053ca7df7d4d04572789911a5480,e41f63ef47ea066f14e5effb41bf9f4b7ebd8d79641604b69a10323837e09474
fold_12,01051,01100,50,B2_W200,sum_mae,32.52299601593626,27.38300239,37.73993705,True,False,EXP-001,ds_16b6be697acb,ds_aa8808303afa,1465af7161a9053ca7df7d4d04572789911a5480,e41f63ef47ea066f14e5effb41bf9f4b7ebd8d79641604b69a10323837e09474
fold_12,01051,01100,50,B2_W200,sum_rmse,41.47068070363553,35.61046403,46.92249696,True,False,EXP-001,ds_16b6be697acb,ds_aa8808303afa,1465af7161a9053ca7df7d4d04572789911a5480,e41f63ef47ea066f14e5effb41bf9f4b7ebd8d79641604b69a10323837e09474
fold_12,01051,01100,50,B2_W200,set_level_ls,NA (marginal-only),,,True,False,EXP-001,ds_16b6be697acb,ds_aa8808303afa,1465af7161a9053ca7df7d4d04572789911a5480,e41f63ef47ea066f14e5effb41bf9f4b7ebd8d79641604b69a10323837e09474
fold_12,01051,01100,50,B2_W200,delta_ll_vs_b0,0.0013353693674564172,-0.001887088356,0.00439490338,True,False,EXP-001,ds_16b6be697acb,ds_aa8808303afa,1465af7161a9053ca7df7d4d04572789911a5480,e41f63ef47ea066f14e5effb41bf9f4b7ebd8d79641604b69a10323837e09474
fold_12,01051,01100,50,B2_W200,delta_brier_vs_b0,0.00029495975729627947,-0.0003379750966,0.0009139456031,True,False,EXP-001,ds_16b6be697acb,ds_aa8808303afa,1465af7161a9053ca7df7d4d04572789911a5480,e41f63ef47ea066f14e5effb41bf9f4b7ebd8d79641604b69a10323837e09474
fold_12,01051,01100,50,B2_W200,delta_sum_mae_vs_b0,0.2029960159362537,-1.022918725,1.422891633,True,False,EXP-001,ds_16b6be697acb,ds_aa8808303afa,1465af7161a9053ca7df7d4d04572789911a5480,e41f63ef47ea066f14e5effb41bf9f4b7ebd8d79641604b69a10323837e09474
fold_12,01051,01100,50,B2_W200,delta_sum_rmse_vs_b0,0.000691554854697074,-1.272329265,1.100604305,True,False,EXP-001,ds_16b6be697acb,ds_aa8808303afa,1465af7161a9053ca7df7d4d04572789911a5480,e41f63ef47ea066f14e5effb41bf9f4b7ebd8d79641604b69a10323837e09474
fold_13,01101,01150,50,B0,ll,0.3446104320908522,0.3446104321,0.3446104321,True,False,EXP-001,ds_16b6be697acb,ds_aa8808303afa,1465af7161a9053ca7df7d4d04572789911a5480,e41f63ef47ea066f14e5effb41bf9f4b7ebd8d79641604b69a10323837e09474
fold_13,01101,01150,50,B0,brier,0.09719008264462808,0.09719008264,0.09719008264,True,False,EXP-001,ds_16b6be697acb,ds_aa8808303afa,1465af7161a9053ca7df7d4d04572789911a5480,e41f63ef47ea066f14e5effb41bf9f4b7ebd8d79641604b69a10323837e09474
fold_13,01101,01150,50,B0,ece,3.7192471324942744e-15,3.719247132e-15,3.719247132e-15,True,False,EXP-001,ds_16b6be697acb,ds_aa8808303afa,1465af7161a9053ca7df7d4d04572789911a5480,e41f63ef47ea066f14e5effb41bf9f4b7ebd8d79641604b69a10323837e09474
fold_13,01101,01150,50,B0,ece_n_bins,1,,,True,False,EXP-001,ds_16b6be697acb,ds_aa8808303afa,1465af7161a9053ca7df7d4d04572789911a5480,e41f63ef47ea066f14e5effb41bf9f4b7ebd8d79641604b69a10323837e09474
fold_13,01101,01150,50,B0,sum_p_mean,6.000000000000001,,,True,False,EXP-001,ds_16b6be697acb,ds_aa8808303afa,1465af7161a9053ca7df7d4d04572789911a5480,e41f63ef47ea066f14e5effb41bf9f4b7ebd8d79641604b69a10323837e09474
fold_13,01101,01150,50,B0,sum_p_min,6.000000000000002,,,True,False,EXP-001,ds_16b6be697acb,ds_aa8808303afa,1465af7161a9053ca7df7d4d04572789911a5480,e41f63ef47ea066f14e5effb41bf9f4b7ebd8d79641604b69a10323837e09474
fold_13,01101,01150,50,B0,sum_p_max,6.000000000000002,,,True,False,EXP-001,ds_16b6be697acb,ds_aa8808303afa,1465af7161a9053ca7df7d4d04572789911a5480,e41f63ef47ea066f14e5effb41bf9f4b7ebd8d79641604b69a10323837e09474
fold_13,01101,01150,50,B0,n_clipped,0,0,0,True,False,EXP-001,ds_16b6be697acb,ds_aa8808303afa,1465af7161a9053ca7df7d4d04572789911a5480,e41f63ef47ea066f14e5effb41bf9f4b7ebd8d79641604b69a10323837e09474
fold_13,01101,01150,50,B0,sum_mae,26.36,23.2,29.3,True,False,EXP-001,ds_16b6be697acb,ds_aa8808303afa,1465af7161a9053ca7df7d4d04572789911a5480,e41f63ef47ea066f14e5effb41bf9f4b7ebd8d79641604b69a10323837e09474
fold_13,01101,01150,50,B0,sum_rmse,31.301757139176708,27.54501766,34.58094851,True,False,EXP-001,ds_16b6be697acb,ds_aa8808303afa,1465af7161a9053ca7df7d4d04572789911a5480,e41f63ef47ea066f14e5effb41bf9f4b7ebd8d79641604b69a10323837e09474
fold_13,01101,01150,50,B0,set_level_ls,17.182450290072666,,,True,False,EXP-001,ds_16b6be697acb,ds_aa8808303afa,1465af7161a9053ca7df7d4d04572789911a5480,e41f63ef47ea066f14e5effb41bf9f4b7ebd8d79641604b69a10323837e09474
fold_13,01101,01150,50,B0,delta_ll_vs_b0,0.0,0,0,True,False,EXP-001,ds_16b6be697acb,ds_aa8808303afa,1465af7161a9053ca7df7d4d04572789911a5480,e41f63ef47ea066f14e5effb41bf9f4b7ebd8d79641604b69a10323837e09474
fold_13,01101,01150,50,B0,delta_brier_vs_b0,0.0,0,0,True,False,EXP-001,ds_16b6be697acb,ds_aa8808303afa,1465af7161a9053ca7df7d4d04572789911a5480,e41f63ef47ea066f14e5effb41bf9f4b7ebd8d79641604b69a10323837e09474
fold_13,01101,01150,50,B0,delta_sum_mae_vs_b0,0.0,0,0,True,False,EXP-001,ds_16b6be697acb,ds_aa8808303afa,1465af7161a9053ca7df7d4d04572789911a5480,e41f63ef47ea066f14e5effb41bf9f4b7ebd8d79641604b69a10323837e09474
fold_13,01101,01150,50,B0,delta_sum_rmse_vs_b0,0.0,0,0,True,False,EXP-001,ds_16b6be697acb,ds_aa8808303afa,1465af7161a9053ca7df7d4d04572789911a5480,e41f63ef47ea066f14e5effb41bf9f4b7ebd8d79641604b69a10323837e09474
fold_13,01101,01150,50,B1,ll,0.3444368600166793,0.343439055,0.3452970227,True,False,EXP-001,ds_16b6be697acb,ds_aa8808303afa,1465af7161a9053ca7df7d4d04572789911a5480,e41f63ef47ea066f14e5effb41bf9f4b7ebd8d79641604b69a10323837e09474
fold_13,01101,01150,50,B1,brier,0.09715156516237722,0.09695370914,0.09732106773,True,False,EXP-001,ds_16b6be697acb,ds_aa8808303afa,1465af7161a9053ca7df7d4d04572789911a5480,e41f63ef47ea066f14e5effb41bf9f4b7ebd8d79641604b69a10323837e09474
fold_13,01101,01150,50,B1,ece,0.019906428305168786,0.01481105324,0.03165245749,True,False,EXP-001,ds_16b6be697acb,ds_aa8808303afa,1465af7161a9053ca7df7d4d04572789911a5480,e41f63ef47ea066f14e5effb41bf9f4b7ebd8d79641604b69a10323837e09474
fold_13,01101,01150,50,B1,ece_n_bins,10,,,True,False,EXP-001,ds_16b6be697acb,ds_aa8808303afa,1465af7161a9053ca7df7d4d04572789911a5480,e41f63ef47ea066f14e5effb41bf9f4b7ebd8d79641604b69a10323837e09474
fold_13,01101,01150,50,B1,sum_p_mean,6.0,,,True,False,EXP-001,ds_16b6be697acb,ds_aa8808303afa,1465af7161a9053ca7df7d4d04572789911a5480,e41f63ef47ea066f14e5effb41bf9f4b7ebd8d79641604b69a10323837e09474
fold_13,01101,01150,50,B1,sum_p_min,5.999999999999998,,,True,False,EXP-001,ds_16b6be697acb,ds_aa8808303afa,1465af7161a9053ca7df7d4d04572789911a5480,e41f63ef47ea066f14e5effb41bf9f4b7ebd8d79641604b69a10323837e09474
fold_13,01101,01150,50,B1,sum_p_max,6.000000000000002,,,True,False,EXP-001,ds_16b6be697acb,ds_aa8808303afa,1465af7161a9053ca7df7d4d04572789911a5480,e41f63ef47ea066f14e5effb41bf9f4b7ebd8d79641604b69a10323837e09474
fold_13,01101,01150,50,B1,n_clipped,0,0,0,True,False,EXP-001,ds_16b6be697acb,ds_aa8808303afa,1465af7161a9053ca7df7d4d04572789911a5480,e41f63ef47ea066f14e5effb41bf9f4b7ebd8d79641604b69a10323837e09474
fold_13,01101,01150,50,B1,sum_mae,25.953126651475248,22.84535986,28.89180789,True,False,EXP-001,ds_16b6be697acb,ds_aa8808303afa,1465af7161a9053ca7df7d4d04572789911a5480,e41f63ef47ea066f14e5effb41bf9f4b7ebd8d79641604b69a10323837e09474
fold_13,01101,01150,50,B1,sum_rmse,31.09186187440656,27.14416328,34.5660816,True,False,EXP-001,ds_16b6be697acb,ds_aa8808303afa,1465af7161a9053ca7df7d4d04572789911a5480,e41f63ef47ea066f14e5effb41bf9f4b7ebd8d79641604b69a10323837e09474
fold_13,01101,01150,50,B1,set_level_ls,NA (marginal-only),,,True,False,EXP-001,ds_16b6be697acb,ds_aa8808303afa,1465af7161a9053ca7df7d4d04572789911a5480,e41f63ef47ea066f14e5effb41bf9f4b7ebd8d79641604b69a10323837e09474
fold_13,01101,01150,50,B1,delta_ll_vs_b0,-0.00017357207417293964,-0.001171377123,0.00068659056,True,False,EXP-001,ds_16b6be697acb,ds_aa8808303afa,1465af7161a9053ca7df7d4d04572789911a5480,e41f63ef47ea066f14e5effb41bf9f4b7ebd8d79641604b69a10323837e09474
fold_13,01101,01150,50,B1,delta_brier_vs_b0,-3.8517482250853e-05,-0.000236373507,0.0001309850884,True,False,EXP-001,ds_16b6be697acb,ds_aa8808303afa,1465af7161a9053ca7df7d4d04572789911a5480,e41f63ef47ea066f14e5effb41bf9f4b7ebd8d79641604b69a10323837e09474
fold_13,01101,01150,50,B1,delta_sum_mae_vs_b0,-0.4068733485247509,-0.6739051088,-0.1038680432,True,False,EXP-001,ds_16b6be697acb,ds_aa8808303afa,1465af7161a9053ca7df7d4d04572789911a5480,e41f63ef47ea066f14e5effb41bf9f4b7ebd8d79641604b69a10323837e09474
fold_13,01101,01150,50,B1,delta_sum_rmse_vs_b0,-0.20989526477014664,-0.5852015891,0.1281774935,True,False,EXP-001,ds_16b6be697acb,ds_aa8808303afa,1465af7161a9053ca7df7d4d04572789911a5480,e41f63ef47ea066f14e5effb41bf9f4b7ebd8d79641604b69a10323837e09474
fold_13,01101,01150,50,B2_W50,ll,0.35092823610591956,0.3464942057,0.3552526466,True,False,EXP-001,ds_16b6be697acb,ds_aa8808303afa,1465af7161a9053ca7df7d4d04572789911a5480,e41f63ef47ea066f14e5effb41bf9f4b7ebd8d79641604b69a10323837e09474
fold_13,01101,01150,50,B2_W50,brier,0.09821078213197237,0.09745764931,0.0989374293,True,False,EXP-001,ds_16b6be697acb,ds_aa8808303afa,1465af7161a9053ca7df7d4d04572789911a5480,e41f63ef47ea066f14e5effb41bf9f4b7ebd8d79641604b69a10323837e09474
fold_13,01101,01150,50,B2_W50,ece,0.025835595390525327,0.02111692702,0.0381053009,True,False,EXP-001,ds_16b6be697acb,ds_aa8808303afa,1465af7161a9053ca7df7d4d04572789911a5480,e41f63ef47ea066f14e5effb41bf9f4b7ebd8d79641604b69a10323837e09474
fold_13,01101,01150,50,B2_W50,ece_n_bins,7,,,True,False,EXP-001,ds_16b6be697acb,ds_aa8808303afa,1465af7161a9053ca7df7d4d04572789911a5480,e41f63ef47ea066f14e5effb41bf9f4b7ebd8d79641604b69a10323837e09474
fold_13,01101,01150,50,B2_W50,sum_p_mean,5.999999999999999,,,True,False,EXP-001,ds_16b6be697acb,ds_aa8808303afa,1465af7161a9053ca7df7d4d04572789911a5480,e41f63ef47ea066f14e5effb41bf9f4b7ebd8d79641604b69a10323837e09474
fold_13,01101,01150,50,B2_W50,sum_p_min,5.999999999999998,,,True,False,EXP-001,ds_16b6be697acb,ds_aa8808303afa,1465af7161a9053ca7df7d4d04572789911a5480,e41f63ef47ea066f14e5effb41bf9f4b7ebd8d79641604b69a10323837e09474
fold_13,01101,01150,50,B2_W50,sum_p_max,5.999999999999999,,,True,False,EXP-001,ds_16b6be697acb,ds_aa8808303afa,1465af7161a9053ca7df7d4d04572789911a5480,e41f63ef47ea066f14e5effb41bf9f4b7ebd8d79641604b69a10323837e09474
fold_13,01101,01150,50,B2_W50,n_clipped,0,0,0,True,False,EXP-001,ds_16b6be697acb,ds_aa8808303afa,1465af7161a9053ca7df7d4d04572789911a5480,e41f63ef47ea066f14e5effb41bf9f4b7ebd8d79641604b69a10323837e09474
fold_13,01101,01150,50,B2_W50,sum_mae,25.906140845070425,22.79090986,28.99946479,True,False,EXP-001,ds_16b6be697acb,ds_aa8808303afa,1465af7161a9053ca7df7d4d04572789911a5480,e41f63ef47ea066f14e5effb41bf9f4b7ebd8d79641604b69a10323837e09474
fold_13,01101,01150,50,B2_W50,sum_rmse,30.96816453905002,26.83573071,34.65846586,True,False,EXP-001,ds_16b6be697acb,ds_aa8808303afa,1465af7161a9053ca7df7d4d04572789911a5480,e41f63ef47ea066f14e5effb41bf9f4b7ebd8d79641604b69a10323837e09474
fold_13,01101,01150,50,B2_W50,set_level_ls,NA (marginal-only),,,True,False,EXP-001,ds_16b6be697acb,ds_aa8808303afa,1465af7161a9053ca7df7d4d04572789911a5480,e41f63ef47ea066f14e5effb41bf9f4b7ebd8d79641604b69a10323837e09474
fold_13,01101,01150,50,B2_W50,delta_ll_vs_b0,0.006317804015067391,0.001883773643,0.01064221452,True,False,EXP-001,ds_16b6be697acb,ds_aa8808303afa,1465af7161a9053ca7df7d4d04572789911a5480,e41f63ef47ea066f14e5effb41bf9f4b7ebd8d79641604b69a10323837e09474
fold_13,01101,01150,50,B2_W50,delta_brier_vs_b0,0.0010206994873443076,0.0002675666674,0.001747346653,True,False,EXP-001,ds_16b6be697acb,ds_aa8808303afa,1465af7161a9053ca7df7d4d04572789911a5480,e41f63ef47ea066f14e5effb41bf9f4b7ebd8d79641604b69a10323837e09474
fold_13,01101,01150,50,B2_W50,delta_sum_mae_vs_b0,-0.4538591549295756,-1.08811831,0.2042084507,True,False,EXP-001,ds_16b6be697acb,ds_aa8808303afa,1465af7161a9053ca7df7d4d04572789911a5480,e41f63ef47ea066f14e5effb41bf9f4b7ebd8d79641604b69a10323837e09474
fold_13,01101,01150,50,B2_W50,delta_sum_rmse_vs_b0,-0.3335926001266891,-1.169504328,0.338973705,True,False,EXP-001,ds_16b6be697acb,ds_aa8808303afa,1465af7161a9053ca7df7d4d04572789911a5480,e41f63ef47ea066f14e5effb41bf9f4b7ebd8d79641604b69a10323837e09474
fold_13,01101,01150,50,B2_W100,ll,0.34789833038885315,0.3444193111,0.351583542,True,False,EXP-001,ds_16b6be697acb,ds_aa8808303afa,1465af7161a9053ca7df7d4d04572789911a5480,e41f63ef47ea066f14e5effb41bf9f4b7ebd8d79641604b69a10323837e09474
fold_13,01101,01150,50,B2_W100,brier,0.09768345180138897,0.09699813433,0.0983739916,True,False,EXP-001,ds_16b6be697acb,ds_aa8808303afa,1465af7161a9053ca7df7d4d04572789911a5480,e41f63ef47ea066f14e5effb41bf9f4b7ebd8d79641604b69a10323837e09474
fold_13,01101,01150,50,B2_W100,ece,0.022421096460791167,0.01534909091,0.03663056211,True,False,EXP-001,ds_16b6be697acb,ds_aa8808303afa,1465af7161a9053ca7df7d4d04572789911a5480,e41f63ef47ea066f14e5effb41bf9f4b7ebd8d79641604b69a10323837e09474
fold_13,01101,01150,50,B2_W100,ece_n_bins,9,,,True,False,EXP-001,ds_16b6be697acb,ds_aa8808303afa,1465af7161a9053ca7df7d4d04572789911a5480,e41f63ef47ea066f14e5effb41bf9f4b7ebd8d79641604b69a10323837e09474
fold_13,01101,01150,50,B2_W100,sum_p_mean,6.0,,,True,False,EXP-001,ds_16b6be697acb,ds_aa8808303afa,1465af7161a9053ca7df7d4d04572789911a5480,e41f63ef47ea066f14e5effb41bf9f4b7ebd8d79641604b69a10323837e09474
fold_13,01101,01150,50,B2_W100,sum_p_min,5.999999999999998,,,True,False,EXP-001,ds_16b6be697acb,ds_aa8808303afa,1465af7161a9053ca7df7d4d04572789911a5480,e41f63ef47ea066f14e5effb41bf9f4b7ebd8d79641604b69a10323837e09474
fold_13,01101,01150,50,B2_W100,sum_p_max,6.000000000000001,,,True,False,EXP-001,ds_16b6be697acb,ds_aa8808303afa,1465af7161a9053ca7df7d4d04572789911a5480,e41f63ef47ea066f14e5effb41bf9f4b7ebd8d79641604b69a10323837e09474
fold_13,01101,01150,50,B2_W100,n_clipped,0,0,0,True,False,EXP-001,ds_16b6be697acb,ds_aa8808303afa,1465af7161a9053ca7df7d4d04572789911a5480,e41f63ef47ea066f14e5effb41bf9f4b7ebd8d79641604b69a10323837e09474
fold_13,01101,01150,50,B2_W100,sum_mae,25.756396946564884,22.68042977,28.7552374,True,False,EXP-001,ds_16b6be697acb,ds_aa8808303afa,1465af7161a9053ca7df7d4d04572789911a5480,e41f63ef47ea066f14e5effb41bf9f4b7ebd8d79641604b69a10323837e09474
fold_13,01101,01150,50,B2_W100,sum_rmse,31.103262557434117,26.87515179,34.91129585,True,False,EXP-001,ds_16b6be697acb,ds_aa8808303afa,1465af7161a9053ca7df7d4d04572789911a5480,e41f63ef47ea066f14e5effb41bf9f4b7ebd8d79641604b69a10323837e09474
fold_13,01101,01150,50,B2_W100,set_level_ls,NA (marginal-only),,,True,False,EXP-001,ds_16b6be697acb,ds_aa8808303afa,1465af7161a9053ca7df7d4d04572789911a5480,e41f63ef47ea066f14e5effb41bf9f4b7ebd8d79641604b69a10323837e09474
fold_13,01101,01150,50,B2_W100,delta_ll_vs_b0,0.0032878982980009187,-0.0001911209963,0.006973109898,True,False,EXP-001,ds_16b6be697acb,ds_aa8808303afa,1465af7161a9053ca7df7d4d04572789911a5480,e41f63ef47ea066f14e5effb41bf9f4b7ebd8d79641604b69a10323837e09474
fold_13,01101,01150,50,B2_W100,delta_brier_vs_b0,0.0004933691567608944,-0.0001919483126,0.001183908954,True,False,EXP-001,ds_16b6be697acb,ds_aa8808303afa,1465af7161a9053ca7df7d4d04572789911a5480,e41f63ef47ea066f14e5effb41bf9f4b7ebd8d79641604b69a10323837e09474
fold_13,01101,01150,50,B2_W100,delta_sum_mae_vs_b0,-0.603603053435117,-1.236225954,0.1182122137,True,False,EXP-001,ds_16b6be697acb,ds_aa8808303afa,1465af7161a9053ca7df7d4d04572789911a5480,e41f63ef47ea066f14e5effb41bf9f4b7ebd8d79641604b69a10323837e09474
fold_13,01101,01150,50,B2_W100,delta_sum_rmse_vs_b0,-0.19849458174259027,-1.142295344,0.6644081607,True,False,EXP-001,ds_16b6be697acb,ds_aa8808303afa,1465af7161a9053ca7df7d4d04572789911a5480,e41f63ef47ea066f14e5effb41bf9f4b7ebd8d79641604b69a10323837e09474
fold_13,01101,01150,50,B2_W200,ll,0.3467541426275559,0.3437931716,0.3496290087,True,False,EXP-001,ds_16b6be697acb,ds_aa8808303afa,1465af7161a9053ca7df7d4d04572789911a5480,e41f63ef47ea066f14e5effb41bf9f4b7ebd8d79641604b69a10323837e09474
fold_13,01101,01150,50,B2_W200,brier,0.09756604683042548,0.09699428718,0.09810485601,True,False,EXP-001,ds_16b6be697acb,ds_aa8808303afa,1465af7161a9053ca7df7d4d04572789911a5480,e41f63ef47ea066f14e5effb41bf9f4b7ebd8d79641604b69a10323837e09474
fold_13,01101,01150,50,B2_W200,ece,0.01883085838464319,0.01518345527,0.03551882651,True,False,EXP-001,ds_16b6be697acb,ds_aa8808303afa,1465af7161a9053ca7df7d4d04572789911a5480,e41f63ef47ea066f14e5effb41bf9f4b7ebd8d79641604b69a10323837e09474
fold_13,01101,01150,50,B2_W200,ece_n_bins,10,,,True,False,EXP-001,ds_16b6be697acb,ds_aa8808303afa,1465af7161a9053ca7df7d4d04572789911a5480,e41f63ef47ea066f14e5effb41bf9f4b7ebd8d79641604b69a10323837e09474
fold_13,01101,01150,50,B2_W200,sum_p_mean,6.0,,,True,False,EXP-001,ds_16b6be697acb,ds_aa8808303afa,1465af7161a9053ca7df7d4d04572789911a5480,e41f63ef47ea066f14e5effb41bf9f4b7ebd8d79641604b69a10323837e09474
fold_13,01101,01150,50,B2_W200,sum_p_min,5.999999999999999,,,True,False,EXP-001,ds_16b6be697acb,ds_aa8808303afa,1465af7161a9053ca7df7d4d04572789911a5480,e41f63ef47ea066f14e5effb41bf9f4b7ebd8d79641604b69a10323837e09474
fold_13,01101,01150,50,B2_W200,sum_p_max,6.000000000000002,,,True,False,EXP-001,ds_16b6be697acb,ds_aa8808303afa,1465af7161a9053ca7df7d4d04572789911a5480,e41f63ef47ea066f14e5effb41bf9f4b7ebd8d79641604b69a10323837e09474
fold_13,01101,01150,50,B2_W200,n_clipped,0,0,0,True,False,EXP-001,ds_16b6be697acb,ds_aa8808303afa,1465af7161a9053ca7df7d4d04572789911a5480,e41f63ef47ea066f14e5effb41bf9f4b7ebd8d79641604b69a10323837e09474
fold_13,01101,01150,50,B2_W200,sum_mae,25.612589641434262,22.52840199,28.58731554,True,False,EXP-001,ds_16b6be697acb,ds_aa8808303afa,1465af7161a9053ca7df7d4d04572789911a5480,e41f63ef47ea066f14e5effb41bf9f4b7ebd8d79641604b69a10323837e09474
fold_13,01101,01150,50,B2_W200,sum_rmse,31.03616499291849,26.78293342,34.8312024,True,False,EXP-001,ds_16b6be697acb,ds_aa8808303afa,1465af7161a9053ca7df7d4d04572789911a5480,e41f63ef47ea066f14e5effb41bf9f4b7ebd8d79641604b69a10323837e09474
fold_13,01101,01150,50,B2_W200,set_level_ls,NA (marginal-only),,,True,False,EXP-001,ds_16b6be697acb,ds_aa8808303afa,1465af7161a9053ca7df7d4d04572789911a5480,e41f63ef47ea066f14e5effb41bf9f4b7ebd8d79641604b69a10323837e09474
fold_13,01101,01150,50,B2_W200,delta_ll_vs_b0,0.0021437105367037267,-0.0008172604668,0.005018576567,True,False,EXP-001,ds_16b6be697acb,ds_aa8808303afa,1465af7161a9053ca7df7d4d04572789911a5480,e41f63ef47ea066f14e5effb41bf9f4b7ebd8d79641604b69a10323837e09474
fold_13,01101,01150,50,B2_W200,delta_brier_vs_b0,0.0003759641857974175,-0.0001957954659,0.0009147733649,True,False,EXP-001,ds_16b6be697acb,ds_aa8808303afa,1465af7161a9053ca7df7d4d04572789911a5480,e41f63ef47ea066f14e5effb41bf9f4b7ebd8d79641604b69a10323837e09474
fold_13,01101,01150,50,B2_W200,delta_sum_mae_vs_b0,-0.7474103585657355,-1.378303586,-0.0437561753,True,False,EXP-001,ds_16b6be697acb,ds_aa8808303afa,1465af7161a9053ca7df7d4d04572789911a5480,e41f63ef47ea066f14e5effb41bf9f4b7ebd8d79641604b69a10323837e09474
fold_13,01101,01150,50,B2_W200,delta_sum_rmse_vs_b0,-0.2655921462582178,-1.189012911,0.5633745915,True,False,EXP-001,ds_16b6be697acb,ds_aa8808303afa,1465af7161a9053ca7df7d4d04572789911a5480,e41f63ef47ea066f14e5effb41bf9f4b7ebd8d79641604b69a10323837e09474
fold_14,01151,01190,40,B0,ll,0.3446104320908522,0.3446104321,0.3446104321,True,False,EXP-001,ds_16b6be697acb,ds_aa8808303afa,1465af7161a9053ca7df7d4d04572789911a5480,e41f63ef47ea066f14e5effb41bf9f4b7ebd8d79641604b69a10323837e09474
fold_14,01151,01190,40,B0,brier,0.09719008264462807,0.09719008264,0.09719008264,True,False,EXP-001,ds_16b6be697acb,ds_aa8808303afa,1465af7161a9053ca7df7d4d04572789911a5480,e41f63ef47ea066f14e5effb41bf9f4b7ebd8d79641604b69a10323837e09474
fold_14,01151,01190,40,B0,ece,6.369904603786836e-15,6.369904604e-15,6.369904604e-15,True,False,EXP-001,ds_16b6be697acb,ds_aa8808303afa,1465af7161a9053ca7df7d4d04572789911a5480,e41f63ef47ea066f14e5effb41bf9f4b7ebd8d79641604b69a10323837e09474
fold_14,01151,01190,40,B0,ece_n_bins,1,,,True,False,EXP-001,ds_16b6be697acb,ds_aa8808303afa,1465af7161a9053ca7df7d4d04572789911a5480,e41f63ef47ea066f14e5effb41bf9f4b7ebd8d79641604b69a10323837e09474
fold_14,01151,01190,40,B0,sum_p_mean,6.000000000000002,,,True,False,EXP-001,ds_16b6be697acb,ds_aa8808303afa,1465af7161a9053ca7df7d4d04572789911a5480,e41f63ef47ea066f14e5effb41bf9f4b7ebd8d79641604b69a10323837e09474
fold_14,01151,01190,40,B0,sum_p_min,6.000000000000002,,,True,False,EXP-001,ds_16b6be697acb,ds_aa8808303afa,1465af7161a9053ca7df7d4d04572789911a5480,e41f63ef47ea066f14e5effb41bf9f4b7ebd8d79641604b69a10323837e09474
fold_14,01151,01190,40,B0,sum_p_max,6.000000000000002,,,True,False,EXP-001,ds_16b6be697acb,ds_aa8808303afa,1465af7161a9053ca7df7d4d04572789911a5480,e41f63ef47ea066f14e5effb41bf9f4b7ebd8d79641604b69a10323837e09474
fold_14,01151,01190,40,B0,n_clipped,0,0,0,True,False,EXP-001,ds_16b6be697acb,ds_aa8808303afa,1465af7161a9053ca7df7d4d04572789911a5480,e41f63ef47ea066f14e5effb41bf9f4b7ebd8d79641604b69a10323837e09474
fold_14,01151,01190,40,B0,sum_mae,21.7,15.549375,28.075625,True,False,EXP-001,ds_16b6be697acb,ds_aa8808303afa,1465af7161a9053ca7df7d4d04572789911a5480,e41f63ef47ea066f14e5effb41bf9f4b7ebd8d79641604b69a10323837e09474
fold_14,01151,01190,40,B0,sum_rmse,29.852135601996718,21.45145678,37.29376624,True,False,EXP-001,ds_16b6be697acb,ds_aa8808303afa,1465af7161a9053ca7df7d4d04572789911a5480,e41f63ef47ea066f14e5effb41bf9f4b7ebd8d79641604b69a10323837e09474
fold_14,01151,01190,40,B0,set_level_ls,17.182450290072666,,,True,False,EXP-001,ds_16b6be697acb,ds_aa8808303afa,1465af7161a9053ca7df7d4d04572789911a5480,e41f63ef47ea066f14e5effb41bf9f4b7ebd8d79641604b69a10323837e09474
fold_14,01151,01190,40,B0,delta_ll_vs_b0,0.0,0,0,True,False,EXP-001,ds_16b6be697acb,ds_aa8808303afa,1465af7161a9053ca7df7d4d04572789911a5480,e41f63ef47ea066f14e5effb41bf9f4b7ebd8d79641604b69a10323837e09474
fold_14,01151,01190,40,B0,delta_brier_vs_b0,0.0,0,0,True,False,EXP-001,ds_16b6be697acb,ds_aa8808303afa,1465af7161a9053ca7df7d4d04572789911a5480,e41f63ef47ea066f14e5effb41bf9f4b7ebd8d79641604b69a10323837e09474
fold_14,01151,01190,40,B0,delta_sum_mae_vs_b0,0.0,0,0,True,False,EXP-001,ds_16b6be697acb,ds_aa8808303afa,1465af7161a9053ca7df7d4d04572789911a5480,e41f63ef47ea066f14e5effb41bf9f4b7ebd8d79641604b69a10323837e09474
fold_14,01151,01190,40,B0,delta_sum_rmse_vs_b0,0.0,0,0,True,False,EXP-001,ds_16b6be697acb,ds_aa8808303afa,1465af7161a9053ca7df7d4d04572789911a5480,e41f63ef47ea066f14e5effb41bf9f4b7ebd8d79641604b69a10323837e09474
fold_14,01151,01190,40,B1,ll,0.34527975311203035,0.343899727,0.34666029,True,False,EXP-001,ds_16b6be697acb,ds_aa8808303afa,1465af7161a9053ca7df7d4d04572789911a5480,e41f63ef47ea066f14e5effb41bf9f4b7ebd8d79641604b69a10323837e09474
fold_14,01151,01190,40,B1,brier,0.09731663256556791,0.09705043184,0.09757806466,True,False,EXP-001,ds_16b6be697acb,ds_aa8808303afa,1465af7161a9053ca7df7d4d04572789911a5480,e41f63ef47ea066f14e5effb41bf9f4b7ebd8d79641604b69a10323837e09474
fold_14,01151,01190,40,B1,ece,0.01695684123145708,0.01236883431,0.03308386538,True,False,EXP-001,ds_16b6be697acb,ds_aa8808303afa,1465af7161a9053ca7df7d4d04572789911a5480,e41f63ef47ea066f14e5effb41bf9f4b7ebd8d79641604b69a10323837e09474
fold_14,01151,01190,40,B1,ece_n_bins,10,,,True,False,EXP-001,ds_16b6be697acb,ds_aa8808303afa,1465af7161a9053ca7df7d4d04572789911a5480,e41f63ef47ea066f14e5effb41bf9f4b7ebd8d79641604b69a10323837e09474
fold_14,01151,01190,40,B1,sum_p_mean,6.0,,,True,False,EXP-001,ds_16b6be697acb,ds_aa8808303afa,1465af7161a9053ca7df7d4d04572789911a5480,e41f63ef47ea066f14e5effb41bf9f4b7ebd8d79641604b69a10323837e09474
fold_14,01151,01190,40,B1,sum_p_min,5.999999999999997,,,True,False,EXP-001,ds_16b6be697acb,ds_aa8808303afa,1465af7161a9053ca7df7d4d04572789911a5480,e41f63ef47ea066f14e5effb41bf9f4b7ebd8d79641604b69a10323837e09474
fold_14,01151,01190,40,B1,sum_p_max,6.000000000000001,,,True,False,EXP-001,ds_16b6be697acb,ds_aa8808303afa,1465af7161a9053ca7df7d4d04572789911a5480,e41f63ef47ea066f14e5effb41bf9f4b7ebd8d79641604b69a10323837e09474
fold_14,01151,01190,40,B1,n_clipped,0,0,0,True,False,EXP-001,ds_16b6be697acb,ds_aa8808303afa,1465af7161a9053ca7df7d4d04572789911a5480,e41f63ef47ea066f14e5effb41bf9f4b7ebd8d79641604b69a10323837e09474
fold_14,01151,01190,40,B1,sum_mae,21.259806920913075,15.06062646,27.80501764,True,False,EXP-001,ds_16b6be697acb,ds_aa8808303afa,1465af7161a9053ca7df7d4d04572789911a5480,e41f63ef47ea066f14e5effb41bf9f4b7ebd8d79641604b69a10323837e09474
fold_14,01151,01190,40,B1,sum_rmse,29.6165331667708,21.24101628,37.26163385,True,False,EXP-001,ds_16b6be697acb,ds_aa8808303afa,1465af7161a9053ca7df7d4d04572789911a5480,e41f63ef47ea066f14e5effb41bf9f4b7ebd8d79641604b69a10323837e09474
fold_14,01151,01190,40,B1,set_level_ls,NA (marginal-only),,,True,False,EXP-001,ds_16b6be697acb,ds_aa8808303afa,1465af7161a9053ca7df7d4d04572789911a5480,e41f63ef47ea066f14e5effb41bf9f4b7ebd8d79641604b69a10323837e09474
fold_14,01151,01190,40,B1,delta_ll_vs_b0,0.0006693210211781584,-0.0007107050601,0.002049857924,True,False,EXP-001,ds_16b6be697acb,ds_aa8808303afa,1465af7161a9053ca7df7d4d04572789911a5480,e41f63ef47ea066f14e5effb41bf9f4b7ebd8d79641604b69a10323837e09474
fold_14,01151,01190,40,B1,delta_brier_vs_b0,0.00012654992093984706,-0.0001396508059,0.0003879820126,True,False,EXP-001,ds_16b6be697acb,ds_aa8808303afa,1465af7161a9053ca7df7d4d04572789911a5480,e41f63ef47ea066f14e5effb41bf9f4b7ebd8d79641604b69a10323837e09474
fold_14,01151,01190,40,B1,delta_sum_mae_vs_b0,-0.4401930790869265,-1.055551195,0.1138560768,True,False,EXP-001,ds_16b6be697acb,ds_aa8808303afa,1465af7161a9053ca7df7d4d04572789911a5480,e41f63ef47ea066f14e5effb41bf9f4b7ebd8d79641604b69a10323837e09474
fold_14,01151,01190,40,B1,delta_sum_rmse_vs_b0,-0.23560243522591762,-0.8780812162,0.3190433662,True,False,EXP-001,ds_16b6be697acb,ds_aa8808303afa,1465af7161a9053ca7df7d4d04572789911a5480,e41f63ef47ea066f14e5effb41bf9f4b7ebd8d79641604b69a10323837e09474
fold_14,01151,01190,40,B2_W50,ll,0.3527884220073295,0.347624392,0.3592902055,True,False,EXP-001,ds_16b6be697acb,ds_aa8808303afa,1465af7161a9053ca7df7d4d04572789911a5480,e41f63ef47ea066f14e5effb41bf9f4b7ebd8d79641604b69a10323837e09474
fold_14,01151,01190,40,B2_W50,brier,0.09865514418134931,0.09783680655,0.09960044688,True,False,EXP-001,ds_16b6be697acb,ds_aa8808303afa,1465af7161a9053ca7df7d4d04572789911a5480,e41f63ef47ea066f14e5effb41bf9f4b7ebd8d79641604b69a10323837e09474
fold_14,01151,01190,40,B2_W50,ece,0.03510627400768267,0.02723681178,0.04852285531,True,False,EXP-001,ds_16b6be697acb,ds_aa8808303afa,1465af7161a9053ca7df7d4d04572789911a5480,e41f63ef47ea066f14e5effb41bf9f4b7ebd8d79641604b69a10323837e09474
fold_14,01151,01190,40,B2_W50,ece_n_bins,7,,,True,False,EXP-001,ds_16b6be697acb,ds_aa8808303afa,1465af7161a9053ca7df7d4d04572789911a5480,e41f63ef47ea066f14e5effb41bf9f4b7ebd8d79641604b69a10323837e09474
fold_14,01151,01190,40,B2_W50,sum_p_mean,5.999999999999998,,,True,False,EXP-001,ds_16b6be697acb,ds_aa8808303afa,1465af7161a9053ca7df7d4d04572789911a5480,e41f63ef47ea066f14e5effb41bf9f4b7ebd8d79641604b69a10323837e09474
fold_14,01151,01190,40,B2_W50,sum_p_min,5.999999999999998,,,True,False,EXP-001,ds_16b6be697acb,ds_aa8808303afa,1465af7161a9053ca7df7d4d04572789911a5480,e41f63ef47ea066f14e5effb41bf9f4b7ebd8d79641604b69a10323837e09474
fold_14,01151,01190,40,B2_W50,sum_p_max,5.999999999999999,,,True,False,EXP-001,ds_16b6be697acb,ds_aa8808303afa,1465af7161a9053ca7df7d4d04572789911a5480,e41f63ef47ea066f14e5effb41bf9f4b7ebd8d79641604b69a10323837e09474
fold_14,01151,01190,40,B2_W50,n_clipped,0,0,0,True,False,EXP-001,ds_16b6be697acb,ds_aa8808303afa,1465af7161a9053ca7df7d4d04572789911a5480,e41f63ef47ea066f14e5effb41bf9f4b7ebd8d79641604b69a10323837e09474
fold_14,01151,01190,40,B2_W50,sum_mae,21.36056338028169,15.38044718,27.80650704,True,False,EXP-001,ds_16b6be697acb,ds_aa8808303afa,1465af7161a9053ca7df7d4d04572789911a5480,e41f63ef47ea066f14e5effb41bf9f4b7ebd8d79641604b69a10323837e09474
fold_14,01151,01190,40,B2_W50,sum_rmse,29.784928075924547,21.50743848,37.54793928,True,False,EXP-001,ds_16b6be697acb,ds_aa8808303afa,1465af7161a9053ca7df7d4d04572789911a5480,e41f63ef47ea066f14e5effb41bf9f4b7ebd8d79641604b69a10323837e09474
fold_14,01151,01190,40,B2_W50,set_level_ls,NA (marginal-only),,,True,False,EXP-001,ds_16b6be697acb,ds_aa8808303afa,1465af7161a9053ca7df7d4d04572789911a5480,e41f63ef47ea066f14e5effb41bf9f4b7ebd8d79641604b69a10323837e09474
fold_14,01151,01190,40,B2_W50,delta_ll_vs_b0,0.008177989916477266,0.003013959946,0.01467977337,True,False,EXP-001,ds_16b6be697acb,ds_aa8808303afa,1465af7161a9053ca7df7d4d04572789911a5480,e41f63ef47ea066f14e5effb41bf9f4b7ebd8d79641604b69a10323837e09474
fold_14,01151,01190,40,B2_W50,delta_brier_vs_b0,0.0014650615367212331,0.0006467239053,0.002410364236,True,False,EXP-001,ds_16b6be697acb,ds_aa8808303afa,1465af7161a9053ca7df7d4d04572789911a5480,e41f63ef47ea066f14e5effb41bf9f4b7ebd8d79641604b69a10323837e09474
fold_14,01151,01190,40,B2_W50,delta_sum_mae_vs_b0,-0.33943661971831035,-1.526658451,0.8245070423,True,False,EXP-001,ds_16b6be697acb,ds_aa8808303afa,1465af7161a9053ca7df7d4d04572789911a5480,e41f63ef47ea066f14e5effb41bf9f4b7ebd8d79641604b69a10323837e09474
fold_14,01151,01190,40,B2_W50,delta_sum_rmse_vs_b0,-0.06720752607217051,-1.273871693,1.016255199,True,False,EXP-001,ds_16b6be697acb,ds_aa8808303afa,1465af7161a9053ca7df7d4d04572789911a5480,e41f63ef47ea066f14e5effb41bf9f4b7ebd8d79641604b69a10323837e09474
fold_14,01151,01190,40,B2_W100,ll,0.34929641260002,0.345801436,0.3528210958,True,False,EXP-001,ds_16b6be697acb,ds_aa8808303afa,1465af7161a9053ca7df7d4d04572789911a5480,e41f63ef47ea066f14e5effb41bf9f4b7ebd8d79641604b69a10323837e09474
fold_14,01151,01190,40,B2_W100,brier,0.09808682053917178,0.09747080463,0.09868571952,True,False,EXP-001,ds_16b6be697acb,ds_aa8808303afa,1465af7161a9053ca7df7d4d04572789911a5480,e41f63ef47ea066f14e5effb41bf9f4b7ebd8d79641604b69a10323837e09474
fold_14,01151,01190,40,B2_W100,ece,0.028892435808466246,0.02287290076,0.03859840389,True,False,EXP-001,ds_16b6be697acb,ds_aa8808303afa,1465af7161a9053ca7df7d4d04572789911a5480,e41f63ef47ea066f14e5effb41bf9f4b7ebd8d79641604b69a10323837e09474
fold_14,01151,01190,40,B2_W100,ece_n_bins,10,,,True,False,EXP-001,ds_16b6be697acb,ds_aa8808303afa,1465af7161a9053ca7df7d4d04572789911a5480,e41f63ef47ea066f14e5effb41bf9f4b7ebd8d79641604b69a10323837e09474
fold_14,01151,01190,40,B2_W100,sum_p_mean,6.0,,,True,False,EXP-001,ds_16b6be697acb,ds_aa8808303afa,1465af7161a9053ca7df7d4d04572789911a5480,e41f63ef47ea066f14e5effb41bf9f4b7ebd8d79641604b69a10323837e09474
fold_14,01151,01190,40,B2_W100,sum_p_min,5.999999999999998,,,True,False,EXP-001,ds_16b6be697acb,ds_aa8808303afa,1465af7161a9053ca7df7d4d04572789911a5480,e41f63ef47ea066f14e5effb41bf9f4b7ebd8d79641604b69a10323837e09474
fold_14,01151,01190,40,B2_W100,sum_p_max,6.000000000000001,,,True,False,EXP-001,ds_16b6be697acb,ds_aa8808303afa,1465af7161a9053ca7df7d4d04572789911a5480,e41f63ef47ea066f14e5effb41bf9f4b7ebd8d79641604b69a10323837e09474
fold_14,01151,01190,40,B2_W100,n_clipped,0,0,0,True,False,EXP-001,ds_16b6be697acb,ds_aa8808303afa,1465af7161a9053ca7df7d4d04572789911a5480,e41f63ef47ea066f14e5effb41bf9f4b7ebd8d79641604b69a10323837e09474
fold_14,01151,01190,40,B2_W100,sum_mae,21.229007633587788,15.17671088,27.75927958,True,False,EXP-001,ds_16b6be697acb,ds_aa8808303afa,1465af7161a9053ca7df7d4d04572789911a5480,e41f63ef47ea066f14e5effb41bf9f4b7ebd8d79641604b69a10323837e09474
fold_14,01151,01190,40,B2_W100,sum_rmse,29.57635515835446,21.29777316,37.54009898,True,False,EXP-001,ds_16b6be697acb,ds_aa8808303afa,1465af7161a9053ca7df7d4d04572789911a5480,e41f63ef47ea066f14e5effb41bf9f4b7ebd8d79641604b69a10323837e09474
fold_14,01151,01190,40,B2_W100,set_level_ls,NA (marginal-only),,,True,False,EXP-001,ds_16b6be697acb,ds_aa8808303afa,1465af7161a9053ca7df7d4d04572789911a5480,e41f63ef47ea066f14e5effb41bf9f4b7ebd8d79641604b69a10323837e09474
fold_14,01151,01190,40,B2_W100,delta_ll_vs_b0,0.0046859805091677715,0.001191003867,0.008210663717,True,False,EXP-001,ds_16b6be697acb,ds_aa8808303afa,1465af7161a9053ca7df7d4d04572789911a5480,e41f63ef47ea066f14e5effb41bf9f4b7ebd8d79641604b69a10323837e09474
fold_14,01151,01190,40,B2_W100,delta_brier_vs_b0,0.0008967378945437105,0.0002807219811,0.001495636878,True,False,EXP-001,ds_16b6be697acb,ds_aa8808303afa,1465af7161a9053ca7df7d4d04572789911a5480,e41f63ef47ea066f14e5effb41bf9f4b7ebd8d79641604b69a10323837e09474
fold_14,01151,01190,40,B2_W100,delta_sum_mae_vs_b0,-0.470992366412213,-1.641984733,0.6370343511,True,False,EXP-001,ds_16b6be697acb,ds_aa8808303afa,1465af7161a9053ca7df7d4d04572789911a5480,e41f63ef47ea066f14e5effb41bf9f4b7ebd8d79641604b69a10323837e09474
fold_14,01151,01190,40,B2_W100,delta_sum_rmse_vs_b0,-0.2757804436422582,-1.671462212,0.912264521,True,False,EXP-001,ds_16b6be697acb,ds_aa8808303afa,1465af7161a9053ca7df7d4d04572789911a5480,e41f63ef47ea066f14e5effb41bf9f4b7ebd8d79641604b69a10323837e09474
fold_14,01151,01190,40,B2_W200,ll,0.34829634829741424,0.3451643103,0.352022405,True,False,EXP-001,ds_16b6be697acb,ds_aa8808303afa,1465af7161a9053ca7df7d4d04572789911a5480,e41f63ef47ea066f14e5effb41bf9f4b7ebd8d79641604b69a10323837e09474
fold_14,01151,01190,40,B2_W200,brier,0.09784923125318358,0.09728190511,0.09851990104,True,False,EXP-001,ds_16b6be697acb,ds_aa8808303afa,1465af7161a9053ca7df7d4d04572789911a5480,e41f63ef47ea066f14e5effb41bf9f4b7ebd8d79641604b69a10323837e09474
fold_14,01151,01190,40,B2_W200,ece,0.024847519014849724,0.01684022093,0.04070635639,True,False,EXP-001,ds_16b6be697acb,ds_aa8808303afa,1465af7161a9053ca7df7d4d04572789911a5480,e41f63ef47ea066f14e5effb41bf9f4b7ebd8d79641604b69a10323837e09474
fold_14,01151,01190,40,B2_W200,ece_n_bins,10,,,True,False,EXP-001,ds_16b6be697acb,ds_aa8808303afa,1465af7161a9053ca7df7d4d04572789911a5480,e41f63ef47ea066f14e5effb41bf9f4b7ebd8d79641604b69a10323837e09474
fold_14,01151,01190,40,B2_W200,sum_p_mean,6.0,,,True,False,EXP-001,ds_16b6be697acb,ds_aa8808303afa,1465af7161a9053ca7df7d4d04572789911a5480,e41f63ef47ea066f14e5effb41bf9f4b7ebd8d79641604b69a10323837e09474
fold_14,01151,01190,40,B2_W200,sum_p_min,5.999999999999999,,,True,False,EXP-001,ds_16b6be697acb,ds_aa8808303afa,1465af7161a9053ca7df7d4d04572789911a5480,e41f63ef47ea066f14e5effb41bf9f4b7ebd8d79641604b69a10323837e09474
fold_14,01151,01190,40,B2_W200,sum_p_max,6.000000000000002,,,True,False,EXP-001,ds_16b6be697acb,ds_aa8808303afa,1465af7161a9053ca7df7d4d04572789911a5480,e41f63ef47ea066f14e5effb41bf9f4b7ebd8d79641604b69a10323837e09474
fold_14,01151,01190,40,B2_W200,n_clipped,0,0,0,True,False,EXP-001,ds_16b6be697acb,ds_aa8808303afa,1465af7161a9053ca7df7d4d04572789911a5480,e41f63ef47ea066f14e5effb41bf9f4b7ebd8d79641604b69a10323837e09474
fold_14,01151,01190,40,B2_W200,sum_mae,21.024780876494027,15.03334014,27.53307769,True,False,EXP-001,ds_16b6be697acb,ds_aa8808303afa,1465af7161a9053ca7df7d4d04572789911a5480,e41f63ef47ea066f14e5effb41bf9f4b7ebd8d79641604b69a10323837e09474
fold_14,01151,01190,40,B2_W200,sum_rmse,29.403989693493656,21.22843768,37.31234655,True,False,EXP-001,ds_16b6be697acb,ds_aa8808303afa,1465af7161a9053ca7df7d4d04572789911a5480,e41f63ef47ea066f14e5effb41bf9f4b7ebd8d79641604b69a10323837e09474
fold_14,01151,01190,40,B2_W200,set_level_ls,NA (marginal-only),,,True,False,EXP-001,ds_16b6be697acb,ds_aa8808303afa,1465af7161a9053ca7df7d4d04572789911a5480,e41f63ef47ea066f14e5effb41bf9f4b7ebd8d79641604b69a10323837e09474
fold_14,01151,01190,40,B2_W200,delta_ll_vs_b0,0.0036859162065620123,0.0005538782306,0.007411972877,True,False,EXP-001,ds_16b6be697acb,ds_aa8808303afa,1465af7161a9053ca7df7d4d04572789911a5480,e41f63ef47ea066f14e5effb41bf9f4b7ebd8d79641604b69a10323837e09474
fold_14,01151,01190,40,B2_W200,delta_brier_vs_b0,0.0006591486085555032,9.182246222e-05,0.001329818396,True,False,EXP-001,ds_16b6be697acb,ds_aa8808303afa,1465af7161a9053ca7df7d4d04572789911a5480,e41f63ef47ea066f14e5effb41bf9f4b7ebd8d79641604b69a10323837e09474
fold_14,01151,01190,40,B2_W200,delta_sum_mae_vs_b0,-0.6752191235059761,-2.143673307,0.6944223108,True,False,EXP-001,ds_16b6be697acb,ds_aa8808303afa,1465af7161a9053ca7df7d4d04572789911a5480,e41f63ef47ea066f14e5effb41bf9f4b7ebd8d79641604b69a10323837e09474
fold_14,01151,01190,40,B2_W200,delta_sum_rmse_vs_b0,-0.44814590850306146,-2.027580149,0.9177000523,True,False,EXP-001,ds_16b6be697acb,ds_aa8808303afa,1465af7161a9053ca7df7d4d04572789911a5480,e41f63ef47ea066f14e5effb41bf9f4b7ebd8d79641604b69a10323837e09474
dev_pooled,00501,01190,690,B0,ll,0.34461043209085224,0.3446104321,0.3446104321,True,False,EXP-001,ds_16b6be697acb,ds_aa8808303afa,1465af7161a9053ca7df7d4d04572789911a5480,e41f63ef47ea066f14e5effb41bf9f4b7ebd8d79641604b69a10323837e09474
dev_pooled,00501,01190,690,B0,brier,0.09719008264462808,0.09719008264,0.09719008264,True,False,EXP-001,ds_16b6be697acb,ds_aa8808303afa,1465af7161a9053ca7df7d4d04572789911a5480,e41f63ef47ea066f14e5effb41bf9f4b7ebd8d79641604b69a10323837e09474
dev_pooled,00501,01190,690,B0,ece,7.240041899336802e-14,7.240041899e-14,7.240041899e-14,True,False,EXP-001,ds_16b6be697acb,ds_aa8808303afa,1465af7161a9053ca7df7d4d04572789911a5480,e41f63ef47ea066f14e5effb41bf9f4b7ebd8d79641604b69a10323837e09474
dev_pooled,00501,01190,690,B0,ece_n_bins,1,,,True,False,EXP-001,ds_16b6be697acb,ds_aa8808303afa,1465af7161a9053ca7df7d4d04572789911a5480,e41f63ef47ea066f14e5effb41bf9f4b7ebd8d79641604b69a10323837e09474
dev_pooled,00501,01190,690,B0,sum_p_mean,6.000000000000001,,,True,False,EXP-001,ds_16b6be697acb,ds_aa8808303afa,1465af7161a9053ca7df7d4d04572789911a5480,e41f63ef47ea066f14e5effb41bf9f4b7ebd8d79641604b69a10323837e09474
dev_pooled,00501,01190,690,B0,sum_p_min,6.000000000000002,,,True,False,EXP-001,ds_16b6be697acb,ds_aa8808303afa,1465af7161a9053ca7df7d4d04572789911a5480,e41f63ef47ea066f14e5effb41bf9f4b7ebd8d79641604b69a10323837e09474
dev_pooled,00501,01190,690,B0,sum_p_max,6.000000000000002,,,True,False,EXP-001,ds_16b6be697acb,ds_aa8808303afa,1465af7161a9053ca7df7d4d04572789911a5480,e41f63ef47ea066f14e5effb41bf9f4b7ebd8d79641604b69a10323837e09474
dev_pooled,00501,01190,690,B0,n_clipped,0,0,0,True,False,EXP-001,ds_16b6be697acb,ds_aa8808303afa,1465af7161a9053ca7df7d4d04572789911a5480,e41f63ef47ea066f14e5effb41bf9f4b7ebd8d79641604b69a10323837e09474
dev_pooled,00501,01190,690,B0,sum_mae,29.668115942028987,27.94199275,31.42608696,True,False,EXP-001,ds_16b6be697acb,ds_aa8808303afa,1465af7161a9053ca7df7d4d04572789911a5480,e41f63ef47ea066f14e5effb41bf9f4b7ebd8d79641604b69a10323837e09474
dev_pooled,00501,01190,690,B0,sum_rmse,37.12682923810438,35.0803374,39.2159397,True,False,EXP-001,ds_16b6be697acb,ds_aa8808303afa,1465af7161a9053ca7df7d4d04572789911a5480,e41f63ef47ea066f14e5effb41bf9f4b7ebd8d79641604b69a10323837e09474
dev_pooled,00501,01190,690,B0,set_level_ls,17.182450290072666,,,True,False,EXP-001,ds_16b6be697acb,ds_aa8808303afa,1465af7161a9053ca7df7d4d04572789911a5480,e41f63ef47ea066f14e5effb41bf9f4b7ebd8d79641604b69a10323837e09474
dev_pooled,00501,01190,690,B0,delta_ll_vs_b0,0.0,0,0,True,False,EXP-001,ds_16b6be697acb,ds_aa8808303afa,1465af7161a9053ca7df7d4d04572789911a5480,e41f63ef47ea066f14e5effb41bf9f4b7ebd8d79641604b69a10323837e09474
dev_pooled,00501,01190,690,B0,delta_brier_vs_b0,0.0,0,0,True,False,EXP-001,ds_16b6be697acb,ds_aa8808303afa,1465af7161a9053ca7df7d4d04572789911a5480,e41f63ef47ea066f14e5effb41bf9f4b7ebd8d79641604b69a10323837e09474
dev_pooled,00501,01190,690,B0,delta_sum_mae_vs_b0,0.0,0,0,True,False,EXP-001,ds_16b6be697acb,ds_aa8808303afa,1465af7161a9053ca7df7d4d04572789911a5480,e41f63ef47ea066f14e5effb41bf9f4b7ebd8d79641604b69a10323837e09474
dev_pooled,00501,01190,690,B0,delta_sum_rmse_vs_b0,0.0,0,0,True,False,EXP-001,ds_16b6be697acb,ds_aa8808303afa,1465af7161a9053ca7df7d4d04572789911a5480,e41f63ef47ea066f14e5effb41bf9f4b7ebd8d79641604b69a10323837e09474
dev_pooled,00501,01190,690,B1,ll,0.34512103893811213,0.3447955988,0.3454520218,True,False,EXP-001,ds_16b6be697acb,ds_aa8808303afa,1465af7161a9053ca7df7d4d04572789911a5480,e41f63ef47ea066f14e5effb41bf9f4b7ebd8d79641604b69a10323837e09474
dev_pooled,00501,01190,690,B1,brier,0.09728873393487412,0.09722602124,0.09735260225,True,False,EXP-001,ds_16b6be697acb,ds_aa8808303afa,1465af7161a9053ca7df7d4d04572789911a5480,e41f63ef47ea066f14e5effb41bf9f4b7ebd8d79641604b69a10323837e09474
dev_pooled,00501,01190,690,B1,ece,0.007798296563640575,0.006478140412,0.01157593025,True,False,EXP-001,ds_16b6be697acb,ds_aa8808303afa,1465af7161a9053ca7df7d4d04572789911a5480,e41f63ef47ea066f14e5effb41bf9f4b7ebd8d79641604b69a10323837e09474
dev_pooled,00501,01190,690,B1,ece_n_bins,10,,,True,False,EXP-001,ds_16b6be697acb,ds_aa8808303afa,1465af7161a9053ca7df7d4d04572789911a5480,e41f63ef47ea066f14e5effb41bf9f4b7ebd8d79641604b69a10323837e09474
dev_pooled,00501,01190,690,B1,sum_p_mean,6.0,,,True,False,EXP-001,ds_16b6be697acb,ds_aa8808303afa,1465af7161a9053ca7df7d4d04572789911a5480,e41f63ef47ea066f14e5effb41bf9f4b7ebd8d79641604b69a10323837e09474
dev_pooled,00501,01190,690,B1,sum_p_min,5.999999999999997,,,True,False,EXP-001,ds_16b6be697acb,ds_aa8808303afa,1465af7161a9053ca7df7d4d04572789911a5480,e41f63ef47ea066f14e5effb41bf9f4b7ebd8d79641604b69a10323837e09474
dev_pooled,00501,01190,690,B1,sum_p_max,6.000000000000003,,,True,False,EXP-001,ds_16b6be697acb,ds_aa8808303afa,1465af7161a9053ca7df7d4d04572789911a5480,e41f63ef47ea066f14e5effb41bf9f4b7ebd8d79641604b69a10323837e09474
dev_pooled,00501,01190,690,B1,n_clipped,0,0,0,True,False,EXP-001,ds_16b6be697acb,ds_aa8808303afa,1465af7161a9053ca7df7d4d04572789911a5480,e41f63ef47ea066f14e5effb41bf9f4b7ebd8d79641604b69a10323837e09474
dev_pooled,00501,01190,690,B1,sum_mae,29.547704453540444,27.80055674,31.30591347,True,False,EXP-001,ds_16b6be697acb,ds_aa8808303afa,1465af7161a9053ca7df7d4d04572789911a5480,e41f63ef47ea066f14e5effb41bf9f4b7ebd8d79641604b69a10323837e09474
dev_pooled,00501,01190,690,B1,sum_rmse,37.05957196341241,35.00975291,39.16629142,True,False,EXP-001,ds_16b6be697acb,ds_aa8808303afa,1465af7161a9053ca7df7d4d04572789911a5480,e41f63ef47ea066f14e5effb41bf9f4b7ebd8d79641604b69a10323837e09474
dev_pooled,00501,01190,690,B1,set_level_ls,NA (marginal-only),,,True,False,EXP-001,ds_16b6be697acb,ds_aa8808303afa,1465af7161a9053ca7df7d4d04572789911a5480,e41f63ef47ea066f14e5effb41bf9f4b7ebd8d79641604b69a10323837e09474
dev_pooled,00501,01190,690,B1,delta_ll_vs_b0,0.0005106068472598937,0.0001851666783,0.0008415897477,True,False,EXP-001,ds_16b6be697acb,ds_aa8808303afa,1465af7161a9053ca7df7d4d04572789911a5480,e41f63ef47ea066f14e5effb41bf9f4b7ebd8d79641604b69a10323837e09474
dev_pooled,00501,01190,690,B1,delta_brier_vs_b0,9.865129024604833e-05,3.593859322e-05,0.0001625196073,True,False,EXP-001,ds_16b6be697acb,ds_aa8808303afa,1465af7161a9053ca7df7d4d04572789911a5480,e41f63ef47ea066f14e5effb41bf9f4b7ebd8d79641604b69a10323837e09474
dev_pooled,00501,01190,690,B1,delta_sum_mae_vs_b0,-0.12041148848854166,-0.2193731591,-0.02553229119,True,False,EXP-001,ds_16b6be697acb,ds_aa8808303afa,1465af7161a9053ca7df7d4d04572789911a5480,e41f63ef47ea066f14e5effb41bf9f4b7ebd8d79641604b69a10323837e09474
dev_pooled,00501,01190,690,B1,delta_sum_rmse_vs_b0,-0.0672572746919684,-0.163399305,0.02479757492,True,False,EXP-001,ds_16b6be697acb,ds_aa8808303afa,1465af7161a9053ca7df7d4d04572789911a5480,e41f63ef47ea066f14e5effb41bf9f4b7ebd8d79641604b69a10323837e09474
dev_pooled,00501,01190,690,B2_W50,ll,0.3523179889683706,0.3509770289,0.3536743612,True,False,EXP-001,ds_16b6be697acb,ds_aa8808303afa,1465af7161a9053ca7df7d4d04572789911a5480,e41f63ef47ea066f14e5effb41bf9f4b7ebd8d79641604b69a10323837e09474
dev_pooled,00501,01190,690,B2_W50,brier,0.09852879118501019,0.09829486226,0.09876595224,True,False,EXP-001,ds_16b6be697acb,ds_aa8808303afa,1465af7161a9053ca7df7d4d04572789911a5480,e41f63ef47ea066f14e5effb41bf9f4b7ebd8d79641604b69a10323837e09474
dev_pooled,00501,01190,690,B2_W50,ece,0.02817331923027273,0.02487627902,0.03170136391,True,False,EXP-001,ds_16b6be697acb,ds_aa8808303afa,1465af7161a9053ca7df7d4d04572789911a5480,e41f63ef47ea066f14e5effb41bf9f4b7ebd8d79641604b69a10323837e09474
dev_pooled,00501,01190,690,B2_W50,ece_n_bins,7,,,True,False,EXP-001,ds_16b6be697acb,ds_aa8808303afa,1465af7161a9053ca7df7d4d04572789911a5480,e41f63ef47ea066f14e5effb41bf9f4b7ebd8d79641604b69a10323837e09474
dev_pooled,00501,01190,690,B2_W50,sum_p_mean,5.999999999999999,,,True,False,EXP-001,ds_16b6be697acb,ds_aa8808303afa,1465af7161a9053ca7df7d4d04572789911a5480,e41f63ef47ea066f14e5effb41bf9f4b7ebd8d79641604b69a10323837e09474
dev_pooled,00501,01190,690,B2_W50,sum_p_min,5.999999999999997,,,True,False,EXP-001,ds_16b6be697acb,ds_aa8808303afa,1465af7161a9053ca7df7d4d04572789911a5480,e41f63ef47ea066f14e5effb41bf9f4b7ebd8d79641604b69a10323837e09474
dev_pooled,00501,01190,690,B2_W50,sum_p_max,5.999999999999999,,,True,False,EXP-001,ds_16b6be697acb,ds_aa8808303afa,1465af7161a9053ca7df7d4d04572789911a5480,e41f63ef47ea066f14e5effb41bf9f4b7ebd8d79641604b69a10323837e09474
dev_pooled,00501,01190,690,B2_W50,n_clipped,0,0,0,True,False,EXP-001,ds_16b6be697acb,ds_aa8808303afa,1465af7161a9053ca7df7d4d04572789911a5480,e41f63ef47ea066f14e5effb41bf9f4b7ebd8d79641604b69a10323837e09474
dev_pooled,00501,01190,690,B2_W50,sum_mae,29.747854664217183,27.99482629,31.54001858,True,False,EXP-001,ds_16b6be697acb,ds_aa8808303afa,1465af7161a9053ca7df7d4d04572789911a5480,e41f63ef47ea066f14e5effb41bf9f4b7ebd8d79641604b69a10323837e09474
dev_pooled,00501,01190,690,B2_W50,sum_rmse,37.30699385959356,35.19690083,39.47240777,True,False,EXP-001,ds_16b6be697acb,ds_aa8808303afa,1465af7161a9053ca7df7d4d04572789911a5480,e41f63ef47ea066f14e5effb41bf9f4b7ebd8d79641604b69a10323837e09474
dev_pooled,00501,01190,690,B2_W50,set_level_ls,NA (marginal-only),,,True,False,EXP-001,ds_16b6be697acb,ds_aa8808303afa,1465af7161a9053ca7df7d4d04572789911a5480,e41f63ef47ea066f14e5effb41bf9f4b7ebd8d79641604b69a10323837e09474
dev_pooled,00501,01190,690,B2_W50,delta_ll_vs_b0,0.007707556877518359,0.006366596811,0.009063929106,True,False,EXP-001,ds_16b6be697acb,ds_aa8808303afa,1465af7161a9053ca7df7d4d04572789911a5480,e41f63ef47ea066f14e5effb41bf9f4b7ebd8d79641604b69a10323837e09474
dev_pooled,00501,01190,690,B2_W50,delta_brier_vs_b0,0.0013387085403821209,0.001104779611,0.001575869591,True,False,EXP-001,ds_16b6be697acb,ds_aa8808303afa,1465af7161a9053ca7df7d4d04572789911a5480,e41f63ef47ea066f14e5effb41bf9f4b7ebd8d79641604b69a10323837e09474
dev_pooled,00501,01190,690,B2_W50,delta_sum_mae_vs_b0,0.0797387221882015,-0.2942729128,0.4260089814,True,False,EXP-001,ds_16b6be697acb,ds_aa8808303afa,1465af7161a9053ca7df7d4d04572789911a5480,e41f63ef47ea066f14e5effb41bf9f4b7ebd8d79641604b69a10323837e09474
dev_pooled,00501,01190,690,B2_W50,delta_sum_rmse_vs_b0,0.18016462148918322,-0.1702519438,0.5204350819,True,False,EXP-001,ds_16b6be697acb,ds_aa8808303afa,1465af7161a9053ca7df7d4d04572789911a5480,e41f63ef47ea066f14e5effb41bf9f4b7ebd8d79641604b69a10323837e09474
dev_pooled,00501,01190,690,B2_W100,ll,0.3491680788355451,0.3481835347,0.350120254,True,False,EXP-001,ds_16b6be697acb,ds_aa8808303afa,1465af7161a9053ca7df7d4d04572789911a5480,e41f63ef47ea066f14e5effb41bf9f4b7ebd8d79641604b69a10323837e09474
dev_pooled,00501,01190,690,B2_W100,brier,0.09802926822077729,0.0978460923,0.09820973745,True,False,EXP-001,ds_16b6be697acb,ds_aa8808303afa,1465af7161a9053ca7df7d4d04572789911a5480,e41f63ef47ea066f14e5effb41bf9f4b7ebd8d79641604b69a10323837e09474
dev_pooled,00501,01190,690,B2_W100,ece,0.023914471633024063,0.02106714138,0.02736401653,True,False,EXP-001,ds_16b6be697acb,ds_aa8808303afa,1465af7161a9053ca7df7d4d04572789911a5480,e41f63ef47ea066f14e5effb41bf9f4b7ebd8d79641604b69a10323837e09474
dev_pooled,00501,01190,690,B2_W100,ece_n_bins,9,,,True,False,EXP-001,ds_16b6be697acb,ds_aa8808303afa,1465af7161a9053ca7df7d4d04572789911a5480,e41f63ef47ea066f14e5effb41bf9f4b7ebd8d79641604b69a10323837e09474
dev_pooled,00501,01190,690,B2_W100,sum_p_mean,6.0,,,True,False,EXP-001,ds_16b6be697acb,ds_aa8808303afa,1465af7161a9053ca7df7d4d04572789911a5480,e41f63ef47ea066f14e5effb41bf9f4b7ebd8d79641604b69a10323837e09474
dev_pooled,00501,01190,690,B2_W100,sum_p_min,5.999999999999997,,,True,False,EXP-001,ds_16b6be697acb,ds_aa8808303afa,1465af7161a9053ca7df7d4d04572789911a5480,e41f63ef47ea066f14e5effb41bf9f4b7ebd8d79641604b69a10323837e09474
dev_pooled,00501,01190,690,B2_W100,sum_p_max,6.000000000000002,,,True,False,EXP-001,ds_16b6be697acb,ds_aa8808303afa,1465af7161a9053ca7df7d4d04572789911a5480,e41f63ef47ea066f14e5effb41bf9f4b7ebd8d79641604b69a10323837e09474
dev_pooled,00501,01190,690,B2_W100,n_clipped,0,0,0,True,False,EXP-001,ds_16b6be697acb,ds_aa8808303afa,1465af7161a9053ca7df7d4d04572789911a5480,e41f63ef47ea066f14e5effb41bf9f4b7ebd8d79641604b69a10323837e09474
dev_pooled,00501,01190,690,B2_W100,sum_mae,29.555541542205997,27.79827652,31.33647245,True,False,EXP-001,ds_16b6be697acb,ds_aa8808303afa,1465af7161a9053ca7df7d4d04572789911a5480,e41f63ef47ea066f14e5effb41bf9f4b7ebd8d79641604b69a10323837e09474
dev_pooled,00501,01190,690,B2_W100,sum_rmse,37.15448127428,35.05899914,39.31534827,True,False,EXP-001,ds_16b6be697acb,ds_aa8808303afa,1465af7161a9053ca7df7d4d04572789911a5480,e41f63ef47ea066f14e5effb41bf9f4b7ebd8d79641604b69a10323837e09474
dev_pooled,00501,01190,690,B2_W100,set_level_ls,NA (marginal-only),,,True,False,EXP-001,ds_16b6be697acb,ds_aa8808303afa,1465af7161a9053ca7df7d4d04572789911a5480,e41f63ef47ea066f14e5effb41bf9f4b7ebd8d79641604b69a10323837e09474
dev_pooled,00501,01190,690,B2_W100,delta_ll_vs_b0,0.004557646744692918,0.003573102656,0.005509821871,True,False,EXP-001,ds_16b6be697acb,ds_aa8808303afa,1465af7161a9053ca7df7d4d04572789911a5480,e41f63ef47ea066f14e5effb41bf9f4b7ebd8d79641604b69a10323837e09474
dev_pooled,00501,01190,690,B2_W100,delta_brier_vs_b0,0.0008391855761491954,0.0006560096508,0.001019654804,True,False,EXP-001,ds_16b6be697acb,ds_aa8808303afa,1465af7161a9053ca7df7d4d04572789911a5480,e41f63ef47ea066f14e5effb41bf9f4b7ebd8d79641604b69a10323837e09474
dev_pooled,00501,01190,690,B2_W100,delta_sum_mae_vs_b0,-0.11257439982298946,-0.4080205775,0.1765177564,True,False,EXP-001,ds_16b6be697acb,ds_aa8808303afa,1465af7161a9053ca7df7d4d04572789911a5480,e41f63ef47ea066f14e5effb41bf9f4b7ebd8d79641604b69a10323837e09474
dev_pooled,00501,01190,690,B2_W100,delta_sum_rmse_vs_b0,0.027652036175624062,-0.2562108746,0.3174452323,True,False,EXP-001,ds_16b6be697acb,ds_aa8808303afa,1465af7161a9053ca7df7d4d04572789911a5480,e41f63ef47ea066f14e5effb41bf9f4b7ebd8d79641604b69a10323837e09474
dev_pooled,00501,01190,690,B2_W200,ll,0.3471435698961086,0.3464036258,0.3479019746,True,False,EXP-001,ds_16b6be697acb,ds_aa8808303afa,1465af7161a9053ca7df7d4d04572789911a5480,e41f63ef47ea066f14e5effb41bf9f4b7ebd8d79641604b69a10323837e09474
dev_pooled,00501,01190,690,B2_W200,brier,0.09765976962659417,0.09751788731,0.09780339322,True,False,EXP-001,ds_16b6be697acb,ds_aa8808303afa,1465af7161a9053ca7df7d4d04572789911a5480,e41f63ef47ea066f14e5effb41bf9f4b7ebd8d79641604b69a10323837e09474
dev_pooled,00501,01190,690,B2_W200,ece,0.01747932118692535,0.01466741939,0.02088305749,True,False,EXP-001,ds_16b6be697acb,ds_aa8808303afa,1465af7161a9053ca7df7d4d04572789911a5480,e41f63ef47ea066f14e5effb41bf9f4b7ebd8d79641604b69a10323837e09474
dev_pooled,00501,01190,690,B2_W200,ece_n_bins,10,,,True,False,EXP-001,ds_16b6be697acb,ds_aa8808303afa,1465af7161a9053ca7df7d4d04572789911a5480,e41f63ef47ea066f14e5effb41bf9f4b7ebd8d79641604b69a10323837e09474
dev_pooled,00501,01190,690,B2_W200,sum_p_mean,6.0,,,True,False,EXP-001,ds_16b6be697acb,ds_aa8808303afa,1465af7161a9053ca7df7d4d04572789911a5480,e41f63ef47ea066f14e5effb41bf9f4b7ebd8d79641604b69a10323837e09474
dev_pooled,00501,01190,690,B2_W200,sum_p_min,5.999999999999997,,,True,False,EXP-001,ds_16b6be697acb,ds_aa8808303afa,1465af7161a9053ca7df7d4d04572789911a5480,e41f63ef47ea066f14e5effb41bf9f4b7ebd8d79641604b69a10323837e09474
dev_pooled,00501,01190,690,B2_W200,sum_p_max,6.000000000000003,,,True,False,EXP-001,ds_16b6be697acb,ds_aa8808303afa,1465af7161a9053ca7df7d4d04572789911a5480,e41f63ef47ea066f14e5effb41bf9f4b7ebd8d79641604b69a10323837e09474
dev_pooled,00501,01190,690,B2_W200,n_clipped,0,0,0,True,False,EXP-001,ds_16b6be697acb,ds_aa8808303afa,1465af7161a9053ca7df7d4d04572789911a5480,e41f63ef47ea066f14e5effb41bf9f4b7ebd8d79641604b69a10323837e09474
dev_pooled,00501,01190,690,B2_W200,sum_mae,29.50593336797737,27.76675253,31.2633256,True,False,EXP-001,ds_16b6be697acb,ds_aa8808303afa,1465af7161a9053ca7df7d4d04572789911a5480,e41f63ef47ea066f14e5effb41bf9f4b7ebd8d79641604b69a10323837e09474
dev_pooled,00501,01190,690,B2_W200,sum_rmse,37.0964103521337,35.02349972,39.24857704,True,False,EXP-001,ds_16b6be697acb,ds_aa8808303afa,1465af7161a9053ca7df7d4d04572789911a5480,e41f63ef47ea066f14e5effb41bf9f4b7ebd8d79641604b69a10323837e09474
dev_pooled,00501,01190,690,B2_W200,set_level_ls,NA (marginal-only),,,True,False,EXP-001,ds_16b6be697acb,ds_aa8808303afa,1465af7161a9053ca7df7d4d04572789911a5480,e41f63ef47ea066f14e5effb41bf9f4b7ebd8d79641604b69a10323837e09474
dev_pooled,00501,01190,690,B2_W200,delta_ll_vs_b0,0.002533137805256454,0.001793193689,0.003291542516,True,False,EXP-001,ds_16b6be697acb,ds_aa8808303afa,1465af7161a9053ca7df7d4d04572789911a5480,e41f63ef47ea066f14e5effb41bf9f4b7ebd8d79641604b69a10323837e09474
dev_pooled,00501,01190,690,B2_W200,delta_brier_vs_b0,0.00046968698196609435,0.0003278046692,0.0006133105709,True,False,EXP-001,ds_16b6be697acb,ds_aa8808303afa,1465af7161a9053ca7df7d4d04572789911a5480,e41f63ef47ea066f14e5effb41bf9f4b7ebd8d79641604b69a10323837e09474
dev_pooled,00501,01190,690,B2_W200,delta_sum_mae_vs_b0,-0.16218257405161918,-0.373747214,0.04338397136,True,False,EXP-001,ds_16b6be697acb,ds_aa8808303afa,1465af7161a9053ca7df7d4d04572789911a5480,e41f63ef47ea066f14e5effb41bf9f4b7ebd8d79641604b69a10323837e09474
dev_pooled,00501,01190,690,B2_W200,delta_sum_rmse_vs_b0,-0.030418885970675547,-0.2343586299,0.1658903164,True,False,EXP-001,ds_16b6be697acb,ds_aa8808303afa,1465af7161a9053ca7df7d4d04572789911a5480,e41f63ef47ea066f14e5effb41bf9f4b7ebd8d79641604b69a10323837e09474
validation,00981,01190,210,B0,ll,0.34461043209085224,0.3446104321,0.3446104321,True,False,EXP-001,ds_16b6be697acb,ds_aa8808303afa,1465af7161a9053ca7df7d4d04572789911a5480,e41f63ef47ea066f14e5effb41bf9f4b7ebd8d79641604b69a10323837e09474
validation,00981,01190,210,B0,brier,0.09719008264462808,0.09719008264,0.09719008264,True,False,EXP-001,ds_16b6be697acb,ds_aa8808303afa,1465af7161a9053ca7df7d4d04572789911a5480,e41f63ef47ea066f14e5effb41bf9f4b7ebd8d79641604b69a10323837e09474
validation,00981,01190,210,B0,ece,1.1157741397482823e-14,1.11577414e-14,1.11577414e-14,True,False,EXP-001,ds_16b6be697acb,ds_aa8808303afa,1465af7161a9053ca7df7d4d04572789911a5480,e41f63ef47ea066f14e5effb41bf9f4b7ebd8d79641604b69a10323837e09474
validation,00981,01190,210,B0,ece_n_bins,1,,,True,False,EXP-001,ds_16b6be697acb,ds_aa8808303afa,1465af7161a9053ca7df7d4d04572789911a5480,e41f63ef47ea066f14e5effb41bf9f4b7ebd8d79641604b69a10323837e09474
validation,00981,01190,210,B0,sum_p_mean,6.000000000000001,,,True,False,EXP-001,ds_16b6be697acb,ds_aa8808303afa,1465af7161a9053ca7df7d4d04572789911a5480,e41f63ef47ea066f14e5effb41bf9f4b7ebd8d79641604b69a10323837e09474
validation,00981,01190,210,B0,sum_p_min,6.000000000000002,,,True,False,EXP-001,ds_16b6be697acb,ds_aa8808303afa,1465af7161a9053ca7df7d4d04572789911a5480,e41f63ef47ea066f14e5effb41bf9f4b7ebd8d79641604b69a10323837e09474
validation,00981,01190,210,B0,sum_p_max,6.000000000000002,,,True,False,EXP-001,ds_16b6be697acb,ds_aa8808303afa,1465af7161a9053ca7df7d4d04572789911a5480,e41f63ef47ea066f14e5effb41bf9f4b7ebd8d79641604b69a10323837e09474
validation,00981,01190,210,B0,n_clipped,0,0,0,True,False,EXP-001,ds_16b6be697acb,ds_aa8808303afa,1465af7161a9053ca7df7d4d04572789911a5480,e41f63ef47ea066f14e5effb41bf9f4b7ebd8d79641604b69a10323837e09474
validation,00981,01190,210,B0,sum_mae,30.31904761904762,27.05714286,33.62857143,True,False,EXP-001,ds_16b6be697acb,ds_aa8808303afa,1465af7161a9053ca7df7d4d04572789911a5480,e41f63ef47ea066f14e5effb41bf9f4b7ebd8d79641604b69a10323837e09474
validation,00981,01190,210,B0,sum_rmse,38.572442667445024,34.48945145,42.76086746,True,False,EXP-001,ds_16b6be697acb,ds_aa8808303afa,1465af7161a9053ca7df7d4d04572789911a5480,e41f63ef47ea066f14e5effb41bf9f4b7ebd8d79641604b69a10323837e09474
validation,00981,01190,210,B0,set_level_ls,17.182450290072666,,,True,False,EXP-001,ds_16b6be697acb,ds_aa8808303afa,1465af7161a9053ca7df7d4d04572789911a5480,e41f63ef47ea066f14e5effb41bf9f4b7ebd8d79641604b69a10323837e09474
validation,00981,01190,210,B0,delta_ll_vs_b0,0.0,0,0,True,False,EXP-001,ds_16b6be697acb,ds_aa8808303afa,1465af7161a9053ca7df7d4d04572789911a5480,e41f63ef47ea066f14e5effb41bf9f4b7ebd8d79641604b69a10323837e09474
validation,00981,01190,210,B0,delta_brier_vs_b0,0.0,0,0,True,False,EXP-001,ds_16b6be697acb,ds_aa8808303afa,1465af7161a9053ca7df7d4d04572789911a5480,e41f63ef47ea066f14e5effb41bf9f4b7ebd8d79641604b69a10323837e09474
validation,00981,01190,210,B0,delta_sum_mae_vs_b0,0.0,0,0,True,False,EXP-001,ds_16b6be697acb,ds_aa8808303afa,1465af7161a9053ca7df7d4d04572789911a5480,e41f63ef47ea066f14e5effb41bf9f4b7ebd8d79641604b69a10323837e09474
validation,00981,01190,210,B0,delta_sum_rmse_vs_b0,0.0,0,0,True,False,EXP-001,ds_16b6be697acb,ds_aa8808303afa,1465af7161a9053ca7df7d4d04572789911a5480,e41f63ef47ea066f14e5effb41bf9f4b7ebd8d79641604b69a10323837e09474
validation,00981,01190,210,B1,ll,0.34448424949314116,0.3440032206,0.3449740731,True,True,EXP-001,ds_16b6be697acb,ds_aa8808303afa,1465af7161a9053ca7df7d4d04572789911a5480,e41f63ef47ea066f14e5effb41bf9f4b7ebd8d79641604b69a10323837e09474
validation,00981,01190,210,B1,brier,0.0971669047610371,0.09707300417,0.09726137684,True,True,EXP-001,ds_16b6be697acb,ds_aa8808303afa,1465af7161a9053ca7df7d4d04572789911a5480,e41f63ef47ea066f14e5effb41bf9f4b7ebd8d79641604b69a10323837e09474
validation,00981,01190,210,B1,ece,0.00595810037121259,0.005162486574,0.01301198177,True,True,EXP-001,ds_16b6be697acb,ds_aa8808303afa,1465af7161a9053ca7df7d4d04572789911a5480,e41f63ef47ea066f14e5effb41bf9f4b7ebd8d79641604b69a10323837e09474
validation,00981,01190,210,B1,ece_n_bins,10,,,True,True,EXP-001,ds_16b6be697acb,ds_aa8808303afa,1465af7161a9053ca7df7d4d04572789911a5480,e41f63ef47ea066f14e5effb41bf9f4b7ebd8d79641604b69a10323837e09474
validation,00981,01190,210,B1,sum_p_mean,6.0,,,True,True,EXP-001,ds_16b6be697acb,ds_aa8808303afa,1465af7161a9053ca7df7d4d04572789911a5480,e41f63ef47ea066f14e5effb41bf9f4b7ebd8d79641604b69a10323837e09474
validation,00981,01190,210,B1,sum_p_min,5.999999999999997,,,True,True,EXP-001,ds_16b6be697acb,ds_aa8808303afa,1465af7161a9053ca7df7d4d04572789911a5480,e41f63ef47ea066f14e5effb41bf9f4b7ebd8d79641604b69a10323837e09474
validation,00981,01190,210,B1,sum_p_max,6.000000000000003,,,True,True,EXP-001,ds_16b6be697acb,ds_aa8808303afa,1465af7161a9053ca7df7d4d04572789911a5480,e41f63ef47ea066f14e5effb41bf9f4b7ebd8d79641604b69a10323837e09474
validation,00981,01190,210,B1,n_clipped,0,0,0,True,True,EXP-001,ds_16b6be697acb,ds_aa8808303afa,1465af7161a9053ca7df7d4d04572789911a5480,e41f63ef47ea066f14e5effb41bf9f4b7ebd8d79641604b69a10323837e09474
validation,00981,01190,210,B1,sum_mae,30.01607830265397,26.73573738,33.29674327,True,True,EXP-001,ds_16b6be697acb,ds_aa8808303afa,1465af7161a9053ca7df7d4d04572789911a5480,e41f63ef47ea066f14e5effb41bf9f4b7ebd8d79641604b69a10323837e09474
validation,00981,01190,210,B1,sum_rmse,38.39361928355991,34.25036646,42.68496512,True,True,EXP-001,ds_16b6be697acb,ds_aa8808303afa,1465af7161a9053ca7df7d4d04572789911a5480,e41f63ef47ea066f14e5effb41bf9f4b7ebd8d79641604b69a10323837e09474
validation,00981,01190,210,B1,set_level_ls,NA (marginal-only),,,True,True,EXP-001,ds_16b6be697acb,ds_aa8808303afa,1465af7161a9053ca7df7d4d04572789911a5480,e41f63ef47ea066f14e5effb41bf9f4b7ebd8d79641604b69a10323837e09474
validation,00981,01190,210,B1,delta_ll_vs_b0,-0.00012618259771107092,-0.0006072115078,0.0003636409711,True,True,EXP-001,ds_16b6be697acb,ds_aa8808303afa,1465af7161a9053ca7df7d4d04572789911a5480,e41f63ef47ea066f14e5effb41bf9f4b7ebd8d79641604b69a10323837e09474
validation,00981,01190,210,B1,delta_brier_vs_b0,-2.3177883590978778e-05,-0.000117078473,7.129419447e-05,True,True,EXP-001,ds_16b6be697acb,ds_aa8808303afa,1465af7161a9053ca7df7d4d04572789911a5480,e41f63ef47ea066f14e5effb41bf9f4b7ebd8d79641604b69a10323837e09474
validation,00981,01190,210,B1,delta_sum_mae_vs_b0,-0.30296931639364844,-0.5267582931,-0.0736802999,True,True,EXP-001,ds_16b6be697acb,ds_aa8808303afa,1465af7161a9053ca7df7d4d04572789911a5480,e41f63ef47ea066f14e5effb41bf9f4b7ebd8d79641604b69a10323837e09474
validation,00981,01190,210,B1,delta_sum_rmse_vs_b0,-0.17882338388511698,-0.406095874,0.02142026992,True,True,EXP-001,ds_16b6be697acb,ds_aa8808303afa,1465af7161a9053ca7df7d4d04572789911a5480,e41f63ef47ea066f14e5effb41bf9f4b7ebd8d79641604b69a10323837e09474
validation,00981,01190,210,B2_W50,ll,0.35201023337685006,0.3498674005,0.3541450688,True,False,EXP-001,ds_16b6be697acb,ds_aa8808303afa,1465af7161a9053ca7df7d4d04572789911a5480,e41f63ef47ea066f14e5effb41bf9f4b7ebd8d79641604b69a10323837e09474
validation,00981,01190,210,B2_W50,brier,0.0984705631999423,0.09809623199,0.09883514887,True,False,EXP-001,ds_16b6be697acb,ds_aa8808303afa,1465af7161a9053ca7df7d4d04572789911a5480,e41f63ef47ea066f14e5effb41bf9f4b7ebd8d79641604b69a10323837e09474
validation,00981,01190,210,B2_W50,ece,0.027342235229558812,0.02373949149,0.03309383574,True,False,EXP-001,ds_16b6be697acb,ds_aa8808303afa,1465af7161a9053ca7df7d4d04572789911a5480,e41f63ef47ea066f14e5effb41bf9f4b7ebd8d79641604b69a10323837e09474
validation,00981,01190,210,B2_W50,ece_n_bins,7,,,True,False,EXP-001,ds_16b6be697acb,ds_aa8808303afa,1465af7161a9053ca7df7d4d04572789911a5480,e41f63ef47ea066f14e5effb41bf9f4b7ebd8d79641604b69a10323837e09474
validation,00981,01190,210,B2_W50,sum_p_mean,5.999999999999999,,,True,False,EXP-001,ds_16b6be697acb,ds_aa8808303afa,1465af7161a9053ca7df7d4d04572789911a5480,e41f63ef47ea066f14e5effb41bf9f4b7ebd8d79641604b69a10323837e09474
validation,00981,01190,210,B2_W50,sum_p_min,5.999999999999998,,,True,False,EXP-001,ds_16b6be697acb,ds_aa8808303afa,1465af7161a9053ca7df7d4d04572789911a5480,e41f63ef47ea066f14e5effb41bf9f4b7ebd8d79641604b69a10323837e09474
validation,00981,01190,210,B2_W50,sum_p_max,5.999999999999999,,,True,False,EXP-001,ds_16b6be697acb,ds_aa8808303afa,1465af7161a9053ca7df7d4d04572789911a5480,e41f63ef47ea066f14e5effb41bf9f4b7ebd8d79641604b69a10323837e09474
validation,00981,01190,210,B2_W50,n_clipped,0,0,0,True,False,EXP-001,ds_16b6be697acb,ds_aa8808303afa,1465af7161a9053ca7df7d4d04572789911a5480,e41f63ef47ea066f14e5effb41bf9f4b7ebd8d79641604b69a10323837e09474
validation,00981,01190,210,B2_W50,sum_mae,29.92808853118712,26.70472803,33.2194165,True,False,EXP-001,ds_16b6be697acb,ds_aa8808303afa,1465af7161a9053ca7df7d4d04572789911a5480,e41f63ef47ea066f14e5effb41bf9f4b7ebd8d79641604b69a10323837e09474
validation,00981,01190,210,B2_W50,sum_rmse,38.42902400458248,34.1506579,42.88430835,True,False,EXP-001,ds_16b6be697acb,ds_aa8808303afa,1465af7161a9053ca7df7d4d04572789911a5480,e41f63ef47ea066f14e5effb41bf9f4b7ebd8d79641604b69a10323837e09474
validation,00981,01190,210,B2_W50,set_level_ls,NA (marginal-only),,,True,False,EXP-001,ds_16b6be697acb,ds_aa8808303afa,1465af7161a9053ca7df7d4d04572789911a5480,e41f63ef47ea066f14e5effb41bf9f4b7ebd8d79641604b69a10323837e09474
validation,00981,01190,210,B2_W50,delta_ll_vs_b0,0.007399801285997788,0.005256968368,0.009534636662,True,False,EXP-001,ds_16b6be697acb,ds_aa8808303afa,1465af7161a9053ca7df7d4d04572789911a5480,e41f63ef47ea066f14e5effb41bf9f4b7ebd8d79641604b69a10323837e09474
validation,00981,01190,210,B2_W50,delta_brier_vs_b0,0.0012804805553142235,0.000906149344,0.001645066226,True,False,EXP-001,ds_16b6be697acb,ds_aa8808303afa,1465af7161a9053ca7df7d4d04572789911a5480,e41f63ef47ea066f14e5effb41bf9f4b7ebd8d79641604b69a10323837e09474
validation,00981,01190,210,B2_W50,delta_sum_mae_vs_b0,-0.390959087860496,-1.059915493,0.2629953052,True,False,EXP-001,ds_16b6be697acb,ds_aa8808303afa,1465af7161a9053ca7df7d4d04572789911a5480,e41f63ef47ea066f14e5effb41bf9f4b7ebd8d79641604b69a10323837e09474
validation,00981,01190,210,B2_W50,delta_sum_rmse_vs_b0,-0.143418662862544,-0.8605630771,0.4799870454,True,False,EXP-001,ds_16b6be697acb,ds_aa8808303afa,1465af7161a9053ca7df7d4d04572789911a5480,e41f63ef47ea066f14e5effb41bf9f4b7ebd8d79641604b69a10323837e09474
validation,00981,01190,210,B2_W100,ll,0.3481582044573008,0.3464204036,0.3498191039,True,False,EXP-001,ds_16b6be697acb,ds_aa8808303afa,1465af7161a9053ca7df7d4d04572789911a5480,e41f63ef47ea066f14e5effb41bf9f4b7ebd8d79641604b69a10323837e09474
validation,00981,01190,210,B2_W100,brier,0.097842939252927,0.09751824132,0.09815466383,True,False,EXP-001,ds_16b6be697acb,ds_aa8808303afa,1465af7161a9053ca7df7d4d04572789911a5480,e41f63ef47ea066f14e5effb41bf9f4b7ebd8d79641604b69a10323837e09474
validation,00981,01190,210,B2_W100,ece,0.020635140940484412,0.01645145897,0.02717961072,True,False,EXP-001,ds_16b6be697acb,ds_aa8808303afa,1465af7161a9053ca7df7d4d04572789911a5480,e41f63ef47ea066f14e5effb41bf9f4b7ebd8d79641604b69a10323837e09474
validation,00981,01190,210,B2_W100,ece_n_bins,9,,,True,False,EXP-001,ds_16b6be697acb,ds_aa8808303afa,1465af7161a9053ca7df7d4d04572789911a5480,e41f63ef47ea066f14e5effb41bf9f4b7ebd8d79641604b69a10323837e09474
validation,00981,01190,210,B2_W100,sum_p_mean,6.0,,,True,False,EXP-001,ds_16b6be697acb,ds_aa8808303afa,1465af7161a9053ca7df7d4d04572789911a5480,e41f63ef47ea066f14e5effb41bf9f4b7ebd8d79641604b69a10323837e09474
validation,00981,01190,210,B2_W100,sum_p_min,5.999999999999998,,,True,False,EXP-001,ds_16b6be697acb,ds_aa8808303afa,1465af7161a9053ca7df7d4d04572789911a5480,e41f63ef47ea066f14e5effb41bf9f4b7ebd8d79641604b69a10323837e09474
validation,00981,01190,210,B2_W100,sum_p_max,6.000000000000002,,,True,False,EXP-001,ds_16b6be697acb,ds_aa8808303afa,1465af7161a9053ca7df7d4d04572789911a5480,e41f63ef47ea066f14e5effb41bf9f4b7ebd8d79641604b69a10323837e09474
validation,00981,01190,210,B2_W100,n_clipped,0,0,0,True,False,EXP-001,ds_16b6be697acb,ds_aa8808303afa,1465af7161a9053ca7df7d4d04572789911a5480,e41f63ef47ea066f14e5effb41bf9f4b7ebd8d79641604b69a10323837e09474
validation,00981,01190,210,B2_W100,sum_mae,29.793217011995633,26.57839077,33.07878299,True,False,EXP-001,ds_16b6be697acb,ds_aa8808303afa,1465af7161a9053ca7df7d4d04572789911a5480,e41f63ef47ea066f14e5effb41bf9f4b7ebd8d79641604b69a10323837e09474
validation,00981,01190,210,B2_W100,sum_rmse,38.2861111975656,34.0442044,42.72896024,True,False,EXP-001,ds_16b6be697acb,ds_aa8808303afa,1465af7161a9053ca7df7d4d04572789911a5480,e41f63ef47ea066f14e5effb41bf9f4b7ebd8d79641604b69a10323837e09474
validation,00981,01190,210,B2_W100,set_level_ls,NA (marginal-only),,,True,False,EXP-001,ds_16b6be697acb,ds_aa8808303afa,1465af7161a9053ca7df7d4d04572789911a5480,e41f63ef47ea066f14e5effb41bf9f4b7ebd8d79641604b69a10323837e09474
validation,00981,01190,210,B2_W100,delta_ll_vs_b0,0.003547772366448642,0.001809971487,0.005208671854,True,False,EXP-001,ds_16b6be697acb,ds_aa8808303afa,1465af7161a9053ca7df7d4d04572789911a5480,e41f63ef47ea066f14e5effb41bf9f4b7ebd8d79641604b69a10323837e09474
validation,00981,01190,210,B2_W100,delta_brier_vs_b0,0.0006528566082989323,0.0003281586712,0.0009645811846,True,False,EXP-001,ds_16b6be697acb,ds_aa8808303afa,1465af7161a9053ca7df7d4d04572789911a5480,e41f63ef47ea066f14e5effb41bf9f4b7ebd8d79641604b69a10323837e09474
validation,00981,01190,210,B2_W100,delta_sum_mae_vs_b0,-0.5258306070519811,-1.160760814,0.09703089786,True,False,EXP-001,ds_16b6be697acb,ds_aa8808303afa,1465af7161a9053ca7df7d4d04572789911a5480,e41f63ef47ea066f14e5effb41bf9f4b7ebd8d79641604b69a10323837e09474
validation,00981,01190,210,B2_W100,delta_sum_rmse_vs_b0,-0.28633146987942126,-0.9556699911,0.2799445948,True,False,EXP-001,ds_16b6be697acb,ds_aa8808303afa,1465af7161a9053ca7df7d4d04572789911a5480,e41f63ef47ea066f14e5effb41bf9f4b7ebd8d79641604b69a10323837e09474
validation,00981,01190,210,B2_W200,ll,0.3463085348411914,0.3448765832,0.3477325218,True,True,EXP-001,ds_16b6be697acb,ds_aa8808303afa,1465af7161a9053ca7df7d4d04572789911a5480,e41f63ef47ea066f14e5effb41bf9f4b7ebd8d79641604b69a10323837e09474
validation,00981,01190,210,B2_W200,brier,0.09749791792626669,0.09722376652,0.09777188373,True,True,EXP-001,ds_16b6be697acb,ds_aa8808303afa,1465af7161a9053ca7df7d4d04572789911a5480,e41f63ef47ea066f14e5effb41bf9f4b7ebd8d79641604b69a10323837e09474
validation,00981,01190,210,B2_W200,ece,0.016461806453838143,0.01297139408,0.02280938238,True,True,EXP-001,ds_16b6be697acb,ds_aa8808303afa,1465af7161a9053ca7df7d4d04572789911a5480,e41f63ef47ea066f14e5effb41bf9f4b7ebd8d79641604b69a10323837e09474
validation,00981,01190,210,B2_W200,ece_n_bins,10,,,True,True,EXP-001,ds_16b6be697acb,ds_aa8808303afa,1465af7161a9053ca7df7d4d04572789911a5480,e41f63ef47ea066f14e5effb41bf9f4b7ebd8d79641604b69a10323837e09474
validation,00981,01190,210,B2_W200,sum_p_mean,6.0,,,True,True,EXP-001,ds_16b6be697acb,ds_aa8808303afa,1465af7161a9053ca7df7d4d04572789911a5480,e41f63ef47ea066f14e5effb41bf9f4b7ebd8d79641604b69a10323837e09474
validation,00981,01190,210,B2_W200,sum_p_min,5.999999999999998,,,True,True,EXP-001,ds_16b6be697acb,ds_aa8808303afa,1465af7161a9053ca7df7d4d04572789911a5480,e41f63ef47ea066f14e5effb41bf9f4b7ebd8d79641604b69a10323837e09474
validation,00981,01190,210,B2_W200,sum_p_max,6.000000000000003,,,True,True,EXP-001,ds_16b6be697acb,ds_aa8808303afa,1465af7161a9053ca7df7d4d04572789911a5480,e41f63ef47ea066f14e5effb41bf9f4b7ebd8d79641604b69a10323837e09474
validation,00981,01190,210,B2_W200,n_clipped,0,0,0,True,True,EXP-001,ds_16b6be697acb,ds_aa8808303afa,1465af7161a9053ca7df7d4d04572789911a5480,e41f63ef47ea066f14e5effb41bf9f4b7ebd8d79641604b69a10323837e09474
validation,00981,01190,210,B2_W200,sum_mae,29.79126920887877,26.55193787,33.06794754,True,True,EXP-001,ds_16b6be697acb,ds_aa8808303afa,1465af7161a9053ca7df7d4d04572789911a5480,e41f63ef47ea066f14e5effb41bf9f4b7ebd8d79641604b69a10323837e09474
validation,00981,01190,210,B2_W200,sum_rmse,38.326361070499054,34.08284399,42.72782482,True,True,EXP-001,ds_16b6be697acb,ds_aa8808303afa,1465af7161a9053ca7df7d4d04572789911a5480,e41f63ef47ea066f14e5effb41bf9f4b7ebd8d79641604b69a10323837e09474
validation,00981,01190,210,B2_W200,set_level_ls,NA (marginal-only),,,True,True,EXP-001,ds_16b6be697acb,ds_aa8808303afa,1465af7161a9053ca7df7d4d04572789911a5480,e41f63ef47ea066f14e5effb41bf9f4b7ebd8d79641604b69a10323837e09474
validation,00981,01190,210,B2_W200,delta_ll_vs_b0,0.0016981027503392599,0.0002661510615,0.003122089736,True,True,EXP-001,ds_16b6be697acb,ds_aa8808303afa,1465af7161a9053ca7df7d4d04572789911a5480,e41f63ef47ea066f14e5effb41bf9f4b7ebd8d79641604b69a10323837e09474
validation,00981,01190,210,B2_W200,delta_brier_vs_b0,0.0003078352816386082,3.368387155e-05,0.0005818010835,True,True,EXP-001,ds_16b6be697acb,ds_aa8808303afa,1465af7161a9053ca7df7d4d04572789911a5480,e41f63ef47ea066f14e5effb41bf9f4b7ebd8d79641604b69a10323837e09474
validation,00981,01190,210,B2_W200,delta_sum_mae_vs_b0,-0.5277784101688479,-1.064140201,0.0180153671,True,True,EXP-001,ds_16b6be697acb,ds_aa8808303afa,1465af7161a9053ca7df7d4d04572789911a5480,e41f63ef47ea066f14e5effb41bf9f4b7ebd8d79641604b69a10323837e09474
validation,00981,01190,210,B2_W200,delta_sum_rmse_vs_b0,-0.2460815969459702,-0.8121381375,0.2513571259,True,True,EXP-001,ds_16b6be697acb,ds_aa8808303afa,1465af7161a9053ca7df7d4d04572789911a5480,e41f63ef47ea066f14e5effb41bf9f4b7ebd8d79641604b69a10323837e09474
